2024-05-10 21:40:23,733 [INFO] Activator:177 - 


2024-05-10 21:40:23,733 [INFO] Activator:178 - !SESSION log4j initialized
2024-05-10 21:40:31,353 [ERROR] AnalyticsContext:980 - The ST intranet updater server is unknown: mcucrossselector.codex.cro.st.com
2024-05-10 21:40:35,468 [INFO] McuFinderGlobals:39 - Set McuFinder mode to 2 (CubeIDE integrated)
2024-05-10 21:40:36,011 [INFO] ApplicationProperties:181 - Using Application install path: C:\ST\STM32CubeIDE_1.9.0\STM32CubeIDE\plugins\com.st.stm32cube.common.mx_6.5.0.202202251913
2024-05-10 21:40:36,058 [INFO] DbMcusXml:72 - Set database path to: C:\ST\STM32CubeIDE_1.9.0\STM32CubeIDE\plugins\com.st.stm32cube.common.mx_6.5.0.202202251913\\db\/mcu/
2024-05-10 21:40:36,058 [INFO] ApiDb:260 - Set plugin database path to: C:\ST\STM32CubeIDE_1.9.0\STM32CubeIDE\plugins\com.st.stm32cube.common.mx_6.5.0.202202251913\\db\/plugins/boardmanager/
2024-05-10 21:40:36,069 [WARN] ApiDb:245 - Overriding images path with different value:  => C:\ST\STM32CubeIDE_1.9.0\STM32CubeIDE\plugins\com.st.stm32cube.common.mx_6.5.0.202202251913\\db\/plugins/mcufinder/images/
2024-05-10 21:40:36,089 [INFO] ApiDb:226 - Set database path to: C:\Users\hoatt\.stmcufinder\plugins\mcufinder//mcu/
2024-05-10 21:40:36,105 [INFO] DbMcusAds:119 - Set database path to: C:\Users\hoatt\.stmcufinder\plugins\mcufinder//mcu/
2024-05-10 21:40:36,105 [INFO] CrossReferenceDbSqlite:196 - Set database path to: C:\Users\hoatt\.stmcufinder\plugins\mcufinder//mcu/cs/
2024-05-10 21:40:36,340 [INFO] RulesReader:57 - Compatibility file has been processed (281 Rules)
2024-05-10 21:40:36,607 [INFO] DbMcusXml:72 - Set database path to: C:\ST\STM32CubeIDE_1.9.0\STM32CubeIDE\plugins\com.st.stm32cube.common.mx_6.5.0.202202251913\\db\/mcu/
2024-05-10 21:40:36,607 [INFO] ApiDb:260 - Set plugin database path to: C:\ST\STM32CubeIDE_1.9.0\STM32CubeIDE\plugins\com.st.stm32cube.common.mx_6.5.0.202202251913\\db\/plugins/boardmanager/
2024-05-10 21:40:36,607 [INFO] ApiDb:247 - Set plugin images path to: C:\ST\STM32CubeIDE_1.9.0\STM32CubeIDE\plugins\com.st.stm32cube.common.mx_6.5.0.202202251913\\db\/plugins/mcufinder/images/
2024-05-10 21:40:36,607 [WARN] DbFile:35 - Overriding database path with different value: C:\Users\hoatt\.stmcufinder\plugins\mcufinder/ => C:\Users\hoatt\.stmcufinder\plugins\mcufinder
2024-05-10 21:40:36,607 [INFO] ApiDb:226 - Set database path to: C:\Users\hoatt\.stmcufinder\plugins\mcufinder//mcu/
2024-05-10 21:40:36,607 [WARN] DbFile:35 - Overriding database path with different value: C:\Users\hoatt\.stmcufinder\plugins\mcufinder/ => C:\Users\hoatt\.stmcufinder\plugins\mcufinder
2024-05-10 21:40:36,607 [INFO] DbMcusAds:119 - Set database path to: C:\Users\hoatt\.stmcufinder\plugins\mcufinder//mcu/
2024-05-10 21:40:36,607 [WARN] DbFile:35 - Overriding database path with different value: C:\Users\hoatt\.stmcufinder\plugins\mcufinder/ => C:\Users\hoatt\.stmcufinder\plugins\mcufinder
2024-05-10 21:40:36,607 [WARN] DbFile:35 - Overriding database path with different value: C:\Users\hoatt\.stmcufinder\plugins\mcufinder/ => C:\Users\hoatt\.stmcufinder\plugins\mcufinder
2024-05-10 21:40:36,607 [INFO] CrossReferenceDbSqlite:196 - Set database path to: C:\Users\hoatt\.stmcufinder\plugins\mcufinder//mcu/cs/
2024-05-10 21:40:36,811 [INFO] MainPanel:230 - HeapMemory: 268435456
2024-05-10 21:40:37,062 [INFO] DbMcusXml:72 - Set database path to: C:\ST\STM32CubeIDE_1.9.0\STM32CubeIDE\plugins\com.st.stm32cube.common.mx_6.5.0.202202251913\\db\/mcu/
2024-05-10 21:40:37,062 [INFO] ApiDb:260 - Set plugin database path to: C:\ST\STM32CubeIDE_1.9.0\STM32CubeIDE\plugins\com.st.stm32cube.common.mx_6.5.0.202202251913\\db\/plugins/boardmanager/
2024-05-10 21:40:37,062 [INFO] ApiDb:247 - Set plugin images path to: C:\ST\STM32CubeIDE_1.9.0\STM32CubeIDE\plugins\com.st.stm32cube.common.mx_6.5.0.202202251913\\db\/plugins/mcufinder/images/
2024-05-10 21:40:37,062 [WARN] DbFile:35 - Overriding database path with different value: C:\Users\hoatt\.stmcufinder\plugins\mcufinder/ => C:\Users\hoatt\.stmcufinder\plugins\mcufinder
2024-05-10 21:40:37,062 [INFO] ApiDb:226 - Set database path to: C:\Users\hoatt\.stmcufinder\plugins\mcufinder//mcu/
2024-05-10 21:40:37,062 [WARN] DbFile:35 - Overriding database path with different value: C:\Users\hoatt\.stmcufinder\plugins\mcufinder/ => C:\Users\hoatt\.stmcufinder\plugins\mcufinder
2024-05-10 21:40:37,062 [INFO] DbMcusAds:119 - Set database path to: C:\Users\hoatt\.stmcufinder\plugins\mcufinder//mcu/
2024-05-10 21:40:37,062 [WARN] DbFile:35 - Overriding database path with different value: C:\Users\hoatt\.stmcufinder\plugins\mcufinder/ => C:\Users\hoatt\.stmcufinder\plugins\mcufinder
2024-05-10 21:40:37,062 [WARN] DbFile:35 - Overriding database path with different value: C:\Users\hoatt\.stmcufinder\plugins\mcufinder/ => C:\Users\hoatt\.stmcufinder\plugins\mcufinder
2024-05-10 21:40:37,062 [INFO] CrossReferenceDbSqlite:196 - Set database path to: C:\Users\hoatt\.stmcufinder\plugins\mcufinder//mcu/cs/
2024-05-10 21:40:37,109 [INFO] ApplicationProperties:181 - Using Application install path: C:\ST\STM32CubeIDE_1.9.0\STM32CubeIDE\plugins\com.st.stm32cube.common.mx_6.5.0.202202251913
2024-05-10 21:40:37,125 [INFO] PluginManage:188 - Search for loadable plugins [exclusion list=, ]
2024-05-10 21:40:37,125 [INFO] PluginManage:302 - Check plugin analytics
2024-05-10 21:40:37,423 [ERROR] AnalyticsContext:980 - The ST intranet updater server is unknown: mcucrossselector.codex.cro.st.com
2024-05-10 21:40:37,611 [INFO] AnalyticsPlugin:257 - Accepted Software Licenses: 
2024-05-10 21:40:37,611 [INFO] AnalyticsPlugin:259 - Accepted CMSIS Pack Licenses: 
2024-05-10 21:40:37,611 [INFO] AnalyticsPlugin:261 - Accepted Firmware Licenses: 
2024-05-10 21:40:37,627 [INFO] PluginManage:352 - Loaded plugin analytics (category:tool,tabindex:-1)
2024-05-10 21:40:37,643 [INFO] PluginManage:302 - Check plugin clock
2024-05-10 21:40:37,674 [INFO] PluginManage:352 - Loaded plugin clock (category:base,tabindex:2)
2024-05-10 21:40:37,674 [INFO] PluginManage:302 - Check plugin ddr
2024-05-10 21:40:37,674 [INFO] PluginManage:352 - Loaded plugin ddr (category:tool,tabindex:6)
2024-05-10 21:40:37,674 [INFO] PluginManage:302 - Check plugin filemanager
2024-05-10 21:40:38,051 [INFO] PluginManage:352 - Loaded plugin filemanager (category:base,tabindex:10)
2024-05-10 21:40:38,051 [INFO] PluginManage:302 - Check plugin ipmanager
2024-05-10 21:40:38,082 [INFO] PluginManage:352 - Loaded plugin ipmanager (category:base,tabindex:5)
2024-05-10 21:40:38,082 [INFO] PluginManage:302 - Check plugin lpbam
2024-05-10 21:40:38,098 [INFO] PluginManage:352 - Loaded plugin lpbam (category:base,tabindex:0)
2024-05-10 21:40:38,098 [INFO] PluginManage:302 - Check plugin pinoutandconfiguration
2024-05-10 21:40:38,114 [INFO] PluginManage:352 - Loaded plugin pinoutandconfiguration (category:base,tabindex:1)
2024-05-10 21:40:38,114 [INFO] PluginManage:302 - Check plugin pinoutconfig
2024-05-10 21:40:38,192 [INFO] PluginManage:352 - Loaded plugin pinoutconfig (category:base,tabindex:0)
2024-05-10 21:40:38,192 [INFO] PluginManage:302 - Check plugin power
2024-05-10 21:40:38,223 [INFO] PluginManage:352 - Loaded plugin power (category:power,tabindex:4)
2024-05-10 21:40:38,223 [INFO] PluginManage:302 - Check plugin projectmanager
2024-05-10 21:40:38,255 [INFO] PluginManage:352 - Loaded plugin projectmanager (category:projectmanager,tabindex:3)
2024-05-10 21:40:38,255 [INFO] PluginManage:302 - Check plugin thirdparty
2024-05-10 21:40:38,574 [WARN] IntegrityCheckThread:78 - waiting for thirdparty lock release [integrity check]
2024-05-10 21:40:38,574 [INFO] PluginManage:352 - Loaded plugin thirdparty (category:base,tabindex:-1)
2024-05-10 21:40:38,574 [INFO] IntegrityCheckThread:80 - entering critical section [integrity check]
2024-05-10 21:40:38,574 [INFO] PluginManage:302 - Check plugin tools
2024-05-10 21:40:38,584 [INFO] ThirdPartyUpdaterWithRetryManager:66 - Updater plugin not ready yet. [1/15]
2024-05-10 21:40:38,584 [INFO] PluginManage:352 - Loaded plugin tools (category:base,tabindex:7)
2024-05-10 21:40:38,584 [INFO] PluginManage:302 - Check plugin tutovideos
2024-05-10 21:40:39,055 [INFO] PluginManage:352 - Loaded plugin tutovideos (category:base,tabindex:-1)
2024-05-10 21:40:39,055 [INFO] PluginManage:302 - Check plugin updater
2024-05-10 21:40:39,086 [INFO] PluginManage:352 - Loaded plugin updater (category:base,tabindex:12)
2024-05-10 21:40:39,086 [INFO] PluginManage:275 - PluginManage : Loaded plugins [14]
2024-05-10 21:40:39,745 [INFO] PinOutPanel:1465 - setPackage(No Configuration,No Configuration)
2024-05-10 21:40:39,981 [INFO] IPUIPlugin:75 - create IPUIPlugin
2024-05-10 21:40:39,981 [INFO] PluginManager:213 - loadIPPluginJar : add adc
2024-05-10 21:40:39,996 [INFO] IPUIPlugin:75 - create IPUIPlugin
2024-05-10 21:40:39,996 [INFO] PluginManager:213 - loadIPPluginJar : add aes
2024-05-10 21:40:39,996 [INFO] IPUIPlugin:75 - create IPUIPlugin
2024-05-10 21:40:40,012 [INFO] PluginManager:213 - loadIPPluginJar : add can
2024-05-10 21:40:40,012 [INFO] IPUIPlugin:75 - create IPUIPlugin
2024-05-10 21:40:40,012 [INFO] PluginManager:213 - loadIPPluginJar : add comp
2024-05-10 21:40:40,012 [INFO] IPUIPlugin:75 - create IPUIPlugin
2024-05-10 21:40:40,012 [INFO] PluginManager:213 - loadIPPluginJar : add cryp
2024-05-10 21:40:40,028 [INFO] IPUIPlugin:75 - create IPUIPlugin
2024-05-10 21:40:40,028 [INFO] PluginManager:213 - loadIPPluginJar : add dfsdm
2024-05-10 21:40:40,043 [INFO] IPUIPlugin:75 - create IPUIPlugin
2024-05-10 21:40:40,043 [INFO] PluginManager:213 - loadIPPluginJar : add dma
2024-05-10 21:40:40,059 [INFO] IPUIPlugin:75 - create IPUIPlugin
2024-05-10 21:40:40,059 [INFO] PluginManager:213 - loadIPPluginJar : add dma3
2024-05-10 21:40:40,059 [INFO] IPUIPlugin:75 - create IPUIPlugin
2024-05-10 21:40:40,059 [INFO] PluginManager:213 - loadIPPluginJar : add fatfs
2024-05-10 21:40:40,078 [INFO] IPUIPlugin:75 - create IPUIPlugin
2024-05-10 21:40:40,078 [INFO] PluginManager:213 - loadIPPluginJar : add fmc
2024-05-10 21:40:40,091 [INFO] IPUIPlugin:75 - create IPUIPlugin
2024-05-10 21:40:40,091 [INFO] PluginManager:213 - loadIPPluginJar : add freertos
2024-05-10 21:40:40,091 [INFO] IPUIPlugin:75 - create IPUIPlugin
2024-05-10 21:40:40,091 [INFO] PluginManager:213 - loadIPPluginJar : add genericplugin
2024-05-10 21:40:40,106 [INFO] IPUIPlugin:75 - create IPUIPlugin
2024-05-10 21:40:40,106 [INFO] PluginManager:213 - loadIPPluginJar : add gfxmmu
2024-05-10 21:40:40,122 [INFO] IPUIPlugin:75 - create IPUIPlugin
2024-05-10 21:40:40,122 [INFO] PluginManager:213 - loadIPPluginJar : add gic
2024-05-10 21:40:40,137 [INFO] IPUIPlugin:75 - create IPUIPlugin
2024-05-10 21:40:40,137 [INFO] PluginManager:213 - loadIPPluginJar : add gpio
2024-05-10 21:40:40,137 [INFO] IPUIPlugin:75 - create IPUIPlugin
2024-05-10 21:40:40,137 [INFO] PluginManager:213 - loadIPPluginJar : add gtzc
2024-05-10 21:40:40,153 [INFO] IPUIPlugin:75 - create IPUIPlugin
2024-05-10 21:40:40,153 [INFO] PluginManager:213 - loadIPPluginJar : add hash
2024-05-10 21:40:40,153 [INFO] IPUIPlugin:75 - create IPUIPlugin
2024-05-10 21:40:40,153 [INFO] PluginManager:213 - loadIPPluginJar : add i2c
2024-05-10 21:40:40,169 [INFO] IPUIPlugin:75 - create IPUIPlugin
2024-05-10 21:40:40,169 [INFO] PluginManager:213 - loadIPPluginJar : add i2s
2024-05-10 21:40:40,178 [INFO] IPUIPlugin:75 - create IPUIPlugin
2024-05-10 21:40:40,178 [INFO] PluginManager:213 - loadIPPluginJar : add ipddr
2024-05-10 21:40:40,200 [INFO] IPUIPlugin:75 - create IPUIPlugin
2024-05-10 21:40:40,200 [INFO] PluginManager:213 - loadIPPluginJar : add linkedlist
2024-05-10 21:40:40,200 [INFO] IPUIPlugin:75 - create IPUIPlugin
2024-05-10 21:40:40,200 [INFO] PluginManager:213 - loadIPPluginJar : add lorawan
2024-05-10 21:40:40,200 [INFO] IPUIPlugin:75 - create IPUIPlugin
2024-05-10 21:40:40,200 [INFO] PluginManager:213 - loadIPPluginJar : add ltdc
2024-05-10 21:40:40,216 [INFO] IPUIPlugin:75 - create IPUIPlugin
2024-05-10 21:40:40,216 [INFO] PluginManager:213 - loadIPPluginJar : add mdma
2024-05-10 21:40:40,232 [INFO] IPUIPlugin:75 - create IPUIPlugin
2024-05-10 21:40:40,232 [INFO] PluginManager:213 - loadIPPluginJar : add nvic
2024-05-10 21:40:40,247 [INFO] IPUIPlugin:75 - create IPUIPlugin
2024-05-10 21:40:40,247 [INFO] PluginManager:213 - loadIPPluginJar : add opamp
2024-05-10 21:40:40,247 [INFO] IPUIPlugin:75 - create IPUIPlugin
2024-05-10 21:40:40,247 [INFO] PluginManager:213 - loadIPPluginJar : add openamp
2024-05-10 21:40:40,263 [INFO] IPUIPlugin:75 - create IPUIPlugin
2024-05-10 21:40:40,263 [INFO] PluginManager:213 - loadIPPluginJar : add pdm2pcm
2024-05-10 21:40:40,278 [INFO] IPUIPlugin:75 - create IPUIPlugin
2024-05-10 21:40:40,278 [INFO] PluginManager:213 - loadIPPluginJar : add plateformsettings
2024-05-10 21:40:40,294 [INFO] IPUIPlugin:75 - create IPUIPlugin
2024-05-10 21:40:40,294 [INFO] PluginManager:213 - loadIPPluginJar : add quadspi
2024-05-10 21:40:40,294 [INFO] IPUIPlugin:75 - create IPUIPlugin
2024-05-10 21:40:40,294 [INFO] PluginManager:213 - loadIPPluginJar : add resmgrutility
2024-05-10 21:40:40,310 [INFO] IPUIPlugin:75 - create IPUIPlugin
2024-05-10 21:40:40,310 [INFO] PluginManager:213 - loadIPPluginJar : add sai
2024-05-10 21:40:40,310 [INFO] IPUIPlugin:75 - create IPUIPlugin
2024-05-10 21:40:40,310 [INFO] PluginManager:213 - loadIPPluginJar : add spi
2024-05-10 21:40:40,325 [INFO] IPUIPlugin:75 - create IPUIPlugin
2024-05-10 21:40:40,325 [INFO] PluginManager:213 - loadIPPluginJar : add stm32_wpan
2024-05-10 21:40:40,341 [INFO] IPUIPlugin:75 - create IPUIPlugin
2024-05-10 21:40:40,341 [INFO] PluginManager:213 - loadIPPluginJar : add tim
2024-05-10 21:40:40,341 [INFO] IPUIPlugin:75 - create IPUIPlugin
2024-05-10 21:40:40,341 [INFO] PluginManager:213 - loadIPPluginJar : add touchsensing
2024-05-10 21:40:40,357 [INFO] IPUIPlugin:75 - create IPUIPlugin
2024-05-10 21:40:40,357 [INFO] PluginManager:213 - loadIPPluginJar : add tracer_emb
2024-05-10 21:40:40,357 [INFO] IPUIPlugin:75 - create IPUIPlugin
2024-05-10 21:40:40,357 [INFO] PluginManager:213 - loadIPPluginJar : add ts
2024-05-10 21:40:40,357 [INFO] IPUIPlugin:75 - create IPUIPlugin
2024-05-10 21:40:40,357 [INFO] PluginManager:213 - loadIPPluginJar : add tsc
2024-05-10 21:40:40,372 [INFO] IPUIPlugin:75 - create IPUIPlugin
2024-05-10 21:40:40,372 [INFO] PluginManager:213 - loadIPPluginJar : add ucpd
2024-05-10 21:40:40,379 [INFO] IPUIPlugin:75 - create IPUIPlugin
2024-05-10 21:40:40,379 [INFO] PluginManager:213 - loadIPPluginJar : add usart
2024-05-10 21:40:40,388 [INFO] IPUIPlugin:75 - create IPUIPlugin
2024-05-10 21:40:40,388 [INFO] PluginManager:213 - loadIPPluginJar : add usbx
2024-05-10 21:40:41,001 [FATAL] Updater:297 - Updater called before beeing initialized
2024-05-10 21:40:41,361 [FATAL] Updater:297 - Updater called before beeing initialized
2024-05-10 21:40:41,381 [INFO] DbMcusAds:47 - JSON generation date=Thu May 02 15:37:29 ICT 2024 (1714639049318)
2024-05-10 21:40:41,381 [FATAL] Updater:297 - Updater called before beeing initialized
2024-05-10 21:40:41,456 [WARN] DetailPanel:320 - Failed to get advertising image, set to default
2024-05-10 21:40:41,597 [INFO] ThirdPartyUpdaterWithRetryManager:66 - Updater plugin not ready yet. [2/15]
2024-05-10 21:40:41,681 [FATAL] Updater:297 - Updater called before beeing initialized
2024-05-10 21:40:41,681 [FATAL] Updater:297 - Updater called before beeing initialized
2024-05-10 21:40:41,681 [FATAL] Updater:297 - Updater called before beeing initialized
2024-05-10 21:40:41,681 [WARN] DetailPanel:320 - Failed to get advertising image, set to default
2024-05-10 21:40:41,681 [FATAL] Updater:297 - Updater called before beeing initialized
2024-05-10 21:40:41,801 [INFO] Updater:1026 - Updater Version found : 6.5.0
2024-05-10 21:40:41,832 [INFO] ApplicationProperties:181 - Using Application install path: C:\ST\STM32CubeIDE_1.9.0\STM32CubeIDE\plugins\com.st.stm32cube.common.mx_6.5.0.202202251913
2024-05-10 21:40:42,130 [INFO] MainUpdater:2729 - connection check result : 10
2024-05-10 21:40:42,130 [INFO] MainUpdater:276 - Updater Check For Update Now.
2024-05-10 21:40:42,130 [INFO] MicroXplorer:477 - Change Database Version : DB.6.0.50
2024-05-10 21:40:42,398 [INFO] CheckServerUpdateThread:115 - End of CheckServer Thread
2024-05-10 21:40:42,570 [INFO] MainUpdater:2729 - connection check result : 10
2024-05-10 21:40:43,308 [INFO] McuFinderGlobals:52 - Set McuFinderConnectedMode to true
2024-05-10 21:40:43,339 [INFO] MultiScanPanel:195 - Auto-refresh data requested => check proxy status ongoing
2024-05-10 21:40:43,355 [INFO] FinderPluginLoader:87 - Searching for filters in installed packs
2024-05-10 21:40:43,842 [INFO] ApiDb:567 - Connected to CubeFinder SQLite database (C:\Users\hoatt\.stmcufinder\plugins\mcufinder\mcu\cube-finder-db.db)
2024-05-10 21:40:44,077 [INFO] ApiDb:654 - CubeFinder database Data Model version=2.1
2024-05-10 21:40:44,077 [INFO] ApiDb:655 - CubeFinder database Configuration version=3.0.39
2024-05-10 21:40:44,077 [INFO] ApiDb:656 - CubeFinder database generation date=2024-04-15 (1713193726)
2024-05-10 21:40:44,077 [INFO] ApiDb:657 - CubeFinder database FW Pack versions=[FP-ATR-ASTRA1_V2.0.0, FP-SNS-FLIGHT1_V5.0.1, FP-SNS-FLIGHT1_V5.0.2, FP-SNS-MOTENV1_V4.3.1, FP-SNS-MOTENV1_V4.3.2, FP-SNS-MOTENVWB1_V1.3.1, FP-SNS-SMARTAG2_V1.2.0, STM32Cube_FW_C0_V1.1.0, STM32Cube_FW_F4_V1.28.0, STM32Cube_FW_F7_V1.17.0, STM32Cube_FW_G0_V1.6.2, STM32Cube_FW_G4_V1.5.2, STM32Cube_FW_H5_V0.5.1, STM32Cube_FW_H5_V1.1.1, STM32Cube_FW_H5_V1.2.0, STM32Cube_FW_H5_V1.2.0RC4, STM32Cube_FW_H7RS_V1.0.0, STM32Cube_FW_H7RS_V1.0.0RC4, STM32Cube_FW_H7_V1.11.0, STM32Cube_FW_L0_V1.12.2, STM32Cube_FW_L5_V1.5.1, STM32Cube_FW_U0_V1.0.0, STM32Cube_FW_U0_V1.0.0RC1, STM32Cube_FW_U5_V1.3.0RC4, STM32Cube_FW_U5_V1.5.0, STM32Cube_FW_U5_V1.5.0RC1, STM32Cube_FW_WBA_V1.0.0RC1, STM32Cube_FW_WBA_V1.2.0, STM32Cube_FW_WBA_V1.2.0RC2, STM32Cube_FW_WBA_V1.3.0, STM32Cube_FW_WBA_V1.3.0RC1, STM32Cube_FW_WB_V1.15.0RC1, STM32Cube_FW_WB_V1.16.0, STM32Cube_FW_WB_V1.16.0RC2, STM32Cube_FW_WB_V1.18.0, STM32Cube_FW_WB_V1.19.0, STM32Cube_FW_WL_V1.3.0, X-CUBE-ALGOBUILD_V1.3.0, X-CUBE-ALS_V1.0.1, X-CUBE-AZRTOS-F4_V1.1.0, X-CUBE-AZRTOS-F7_V1.1.0, X-CUBE-AZRTOS-G0_V1.1.0, X-CUBE-AZRTOS-G4_V2.0.0, X-CUBE-AZRTOS-H7_V3.2.0, X-CUBE-AZRTOS-L4_V1.0.0, X-CUBE-AZRTOS-L4_V2.0.0, X-CUBE-AZRTOS-L5_V1.1.0, X-CUBE-AZRTOS-WB_V2.0.0, X-CUBE-AZRTOS-WL_V2.0.0, X-CUBE-BLE1_V7.0.0, X-CUBE-BLE2_V3.3.0, X-CUBE-BLEMGR_V3.1.0, X-CUBE-EEPRMA1_V4.1.0, X-CUBE-EEPRMA1_V5.1.0, X-CUBE-FREERTOS_V1.1.0, X-CUBE-GNSS1_V6.0.0, X-CUBE-MEMS1_V10.0.0, X-CUBE-MEMS1_V9.1.0, X-CUBE-MEMS1_V9.4.0, X-CUBE-MEMS1_V9.6.0, X-CUBE-NFC4_V3.0.0, X-CUBE-NFC7_V1.0.1, X-CUBE-SFXS2LP1_V4.0.0, X-CUBE-SUBG2_V5.0.0, X-CUBE-TOF1_V3.4.0]
2024-05-10 21:40:45,302 [WARN] PackLoader:238 - Cannot read IP mode file for STMicroelectronics.FP-SNS-MOTENVWB1.1.4.0
2024-05-10 21:40:45,333 [WARN] PackLoader:238 - Cannot read IP mode file for STMicroelectronics.X-CUBE-SMBUS.2.1.0
2024-05-10 21:40:45,349 [WARN] PackLoader:238 - Cannot read IP mode file for STMicroelectronics.X-CUBE-TOUCHGFX.4.23.2
2024-05-10 21:40:45,412 [WARN] PackLoader:238 - Cannot read IP mode file for STMicroelectronics.X-CUBE-AZRTOS-F7.1.1.0
2024-05-10 21:40:45,443 [WARN] PackLoader:238 - Cannot read IP mode file for STMicroelectronics.FP-SNS-FLIGHT1.5.0.2
2024-05-10 21:40:45,474 [WARN] PackLoader:238 - Cannot read IP mode file for STMicroelectronics.X-CUBE-DISPLAY.3.0.0
2024-05-10 21:40:45,506 [WARN] PackLoader:238 - Cannot read IP mode file for STMicroelectronics.X-CUBE-BLE1.7.0.0
2024-05-10 21:40:45,521 [WARN] PackLoader:238 - Cannot read IP mode file for emotas.I-CUBE-CANOPEN.1.3.0
2024-05-10 21:40:45,537 [WARN] PackLoader:238 - Cannot read IP mode file for STMicroelectronics.X-CUBE-BLEMGR.3.1.0
2024-05-10 21:40:45,568 [WARN] PackLoader:238 - Cannot read IP mode file for STMicroelectronics.FP-SNS-SMARTAG2.1.2.0
2024-05-10 21:40:45,589 [INFO] LogOutputStream:76 - [STDOUT_REDIRECT] 1 : Invalid condition id : UX_CORESTACK_Condition cause : null
2024-05-10 21:40:45,589 [INFO] LogOutputStream:76 - [STDOUT_REDIRECT] 1 : Invalid condition id : UX_CORESTACK_Condition cause : null
2024-05-10 21:40:45,600 [INFO] LogOutputStream:76 - [STDOUT_REDIRECT] 1 : Invalid condition id : UX_CORESTACK_Condition cause : null
2024-05-10 21:40:45,600 [INFO] LogOutputStream:76 - [STDOUT_REDIRECT] 1 : Invalid condition id : UX_CORESTACK_Condition cause : null
2024-05-10 21:40:45,600 [INFO] LogOutputStream:76 - [STDOUT_REDIRECT] 1 : Invalid condition id : UX_CORESTACK_Condition cause : null
2024-05-10 21:40:45,616 [WARN] PackLoader:238 - Cannot read IP mode file for STMicroelectronics.X-CUBE-AZRTOS-WL.2.0.0
2024-05-10 21:40:45,631 [WARN] PackLoader:238 - Cannot read IP mode file for STMicroelectronics.FP-SNS-MOTENV1.5.0.0
2024-05-10 21:40:45,662 [WARN] PackLoader:238 - Cannot read IP mode file for WES.I-CUBE-Cesium.1.3.0
2024-05-10 21:40:45,678 [WARN] PackLoader:238 - Cannot read IP mode file for STMicroelectronics.X-CUBE-BLE2.3.3.0
2024-05-10 21:40:45,694 [WARN] PackLoader:238 - Cannot read IP mode file for STMicroelectronics.X-CUBE-TCPP.4.1.0
2024-05-10 21:40:45,725 [WARN] PackLoader:238 - Cannot read IP mode file for STMicroelectronics.X-CUBE-ALGOBUILD.1.3.0
2024-05-10 21:40:45,757 [WARN] PackLoader:238 - Cannot read IP mode file for STMicroelectronics.X-CUBE-AZRTOS-G0.1.1.0
2024-05-10 21:40:45,772 [WARN] PackLoader:238 - Cannot read IP mode file for STMicroelectronics.X-CUBE-SAFEA1.1.2.2
2024-05-10 21:40:45,790 [WARN] PackLoader:238 - Cannot read IP mode file for STMicroelectronics.X-CUBE-NFC4.3.0.0
2024-05-10 21:40:45,804 [WARN] PackLoader:238 - Cannot read IP mode file for wolfSSL.I-CUBE-wolfSSL.5.7.0
2024-05-10 21:40:45,820 [WARN] PackLoader:238 - Cannot read IP mode file for STMicroelectronics.FP-ATR-SIGFOX1.3.2.0
2024-05-10 21:40:45,835 [WARN] PackLoader:238 - Cannot read IP mode file for STMicroelectronics.X-CUBE-EEPRMA1.5.1.0
2024-05-10 21:40:45,851 [WARN] PackLoader:238 - Cannot read IP mode file for ITTIA_DB.I-CUBE-ITTIADB.8.9.0
2024-05-10 21:40:45,914 [WARN] PackLoader:238 - Cannot read IP mode file for SEGGER.I-CUBE-embOS.1.3.1
2024-05-10 21:40:46,070 [WARN] PackLoader:238 - Cannot read IP mode file for STMicroelectronics.X-CUBE-ALGOBUILD.1.4.0
2024-05-10 21:40:46,091 [WARN] PackLoader:238 - Cannot read IP mode file for STMicroelectronics.X-CUBE-GNSS1.6.0.0
2024-05-10 21:40:46,118 [WARN] PackLoader:238 - Cannot read IP mode file for STMicroelectronics.X-CUBE-AZRTOS-F4.1.1.0
2024-05-10 21:40:46,149 [WARN] PackLoader:238 - Cannot read IP mode file for STMicroelectronics.X-CUBE-FREERTOS.1.2.0
2024-05-10 21:40:46,196 [WARN] PackLoader:238 - Cannot read IP mode file for STMicroelectronics.X-CUBE-AZRTOS-L5.2.0.0
2024-05-10 21:40:46,212 [WARN] PackLoader:238 - Cannot read IP mode file for STMicroelectronics.X-CUBE-NFC6.3.1.0
2024-05-10 21:40:46,228 [WARN] PackLoader:238 - Cannot read IP mode file for STMicroelectronics.X-CUBE-AI.9.0.0
2024-05-10 21:40:46,243 [WARN] PackLoader:238 - Cannot read IP mode file for STMicroelectronics.X-CUBE-NFC7.1.0.1
2024-05-10 21:40:46,291 [WARN] ConditionMgr:437 - getConditionDescription Invalid condition id : LAN8742 Phy interface Condition cause : null
2024-05-10 21:40:46,291 [WARN] PackLoader:238 - Cannot read IP mode file for STMicroelectronics.X-CUBE-AZRTOS-L4.2.0.0
2024-05-10 21:40:46,291 [WARN] ConditionMgr:1038 - genDependencies : Invalid condition id : LAN8742 Phy interface Condition cause : null
2024-05-10 21:40:46,291 [WARN] ConditionMgr:1038 - genDependencies : Invalid condition id : LAN8742 Phy interface Condition cause : null
2024-05-10 21:40:46,291 [WARN] ConditionMgr:1038 - genDependencies : Invalid condition id : LAN8742 Phy interface Condition cause : null
2024-05-10 21:40:46,322 [WARN] PackLoader:238 - Cannot read IP mode file for STMicroelectronics.X-CUBE-SFXS2LP1.4.0.0
2024-05-10 21:40:46,353 [WARN] ConditionMgr:437 - getConditionDescription Invalid condition id : UX DEVICE CLASS RTOS Condition cause : null
2024-05-10 21:40:46,353 [WARN] ConditionMgr:437 - getConditionDescription Invalid condition id : UX DEVICE CLASS RTOS Condition cause : null
2024-05-10 21:40:46,369 [WARN] PackLoader:238 - Cannot read IP mode file for STMicroelectronics.X-CUBE-AZRTOS-WB.2.0.0
2024-05-10 21:40:46,369 [WARN] ConditionMgr:1038 - genDependencies : Invalid condition id : UX DEVICE CLASS RTOS Condition cause : null
2024-05-10 21:40:46,369 [WARN] ConditionMgr:1038 - genDependencies : Invalid condition id : UX DEVICE CLASS RTOS Condition cause : null
2024-05-10 21:40:46,369 [WARN] ConditionMgr:1038 - genDependencies : Invalid condition id : UX DEVICE CLASS RTOS Condition cause : null
2024-05-10 21:40:46,369 [WARN] ConditionMgr:1038 - genDependencies : Invalid condition id : UX DEVICE CLASS RTOS Condition cause : null
2024-05-10 21:40:46,369 [WARN] ConditionMgr:1038 - genDependencies : Invalid condition id : UX DEVICE CLASS RTOS Condition cause : null
2024-05-10 21:40:46,400 [WARN] PackLoader:238 - Cannot read IP mode file for STMicroelectronics.X-CUBE-SUBG2.5.0.0
2024-05-10 21:40:46,432 [WARN] PackLoader:238 - Cannot read IP mode file for STMicroelectronics.X-CUBE-AZRTOS-G4.2.0.0
2024-05-10 21:40:46,447 [WARN] PackLoader:238 - Cannot read IP mode file for STMicroelectronics.X-CUBE-ISPU.2.0.0
2024-05-10 21:40:46,557 [WARN] PackLoader:238 - Cannot read IP mode file for STMicroelectronics.X-CUBE-MEMS1.10.0.0
2024-05-10 21:40:46,792 [WARN] PackLoader:238 - Cannot read IP mode file for portGmbH.I-Cube-SoM-uGOAL.1.1.0
2024-05-10 21:40:46,792 [WARN] PackLoader:238 - Cannot read IP mode file for STMicroelectronics.X-CUBE-ALS.1.0.1
2024-05-10 21:40:46,824 [WARN] PackLoader:238 - Cannot read IP mode file for STMicroelectronics.X-CUBE-AZRTOS-H7RS.1.0.0
2024-05-10 21:40:46,840 [WARN] PackLoader:238 - Cannot read IP mode file for STMicroelectronics.FP-ATR-ASTRA1.2.0.0
2024-05-10 21:40:46,871 [WARN] PackLoader:238 - Cannot read IP mode file for STMicroelectronics.X-CUBE-TOF1.3.4.1
2024-05-10 21:40:46,918 [WARN] PackLoader:238 - Cannot read IP mode file for STMicroelectronics.X-CUBE-AZRTOS-H7.3.2.0
2024-05-10 21:40:46,949 [WARN] PackLoader:238 - Cannot read IP mode file for Infineon.AIROC-Wi-Fi-Bluetooth-STM32.1.6.0
2024-05-10 21:40:46,981 [INFO] ThirdParty:925 - Integrity check success = true
2024-05-10 21:40:46,981 [INFO] IntegrityCheckThread:94 - exiting critical section [integrity check]
2024-05-10 21:40:46,981 [INFO] IntegrityCheckThread:97 - End integrity checks thread
2024-05-10 21:40:50,261 [INFO] ApiDb:212 - Found 97 in-development CPN: [NUCLEO-C031C6, STM32C0116-DK, STM32C011D6Y3TR, STM32C011D6Y6TR, STM32C011F4P3, STM32C011F4P6, STM32C011F4U3, STM32C011F4U6TR, STM32C011F6P3, STM32C011F6P6, STM32C011F6U3, STM32C011F6U6TR, STM32C011J4M3, STM32C011J4M6, STM32C011J6M3, STM32C011J6M6, STM32C0316-DK, STM32C031C4T3, STM32C031C4T6, STM32C031C4U3, STM32C031C4U6, STM32C031C6T3, STM32C031C6T6, STM32C031C6U3, STM32C031C6U6, STM32C031F4P3, STM32C031F4P6, STM32C031F6P3, STM32C031F6P6, STM32C031G4U3, STM32C031G4U6, STM32C031G6U3, STM32C031G6U6, STM32C031K4T3, STM32C031K4T6, STM32C031K4U3, STM32C031K4U6, STM32C031K6T3, STM32C031K6T6, STM32C031K6U3, STM32C031K6U6, STM32G071K8TXN, STM32G071K8UXN, STM32G081GBU6N, STM32G081KBT6N, STM32G081KBUXN, STM32G0B1CCT6N, STM32G0B1KCT6, STM32G0B1NEY6, STM32G0B1NEY6TR, STM32G0B1RCT6N, STM32G0C1CCT6, STM32G0C1CCT6N, STM32G0C1CCU6N, STM32G0C1CET6N, STM32G0C1CEU6N, STM32G0C1KCT6, STM32G0C1NEY6TR, STM32G0C1RCI6N, STM32G0C1RCT6N, STM32G0C1REI6N, STM32G0C1RET6N, STM32G0C1VCI6, STM32G0C1VEI6, STM32G471CCT6, STM32G471CCU6, STM32G471CET3, STM32G471CET6, STM32G471CEU3, STM32G471CEU6, STM32G471MCT6, STM32G471MET3, STM32G471MET6, STM32G471MEY6TR, STM32G471QCT6, STM32G471QET3, STM32G471RCT6, STM32G471RET3, STM32G471RET6, STM32G471VCH6, STM32G471VCI6, STM32G471VCT6, STM32G471VEH3, STM32G471VEH6, STM32G471VEI3, STM32G471VEI6, STM32G471VET3, STM32G471VET6, STM32G474CCT6, STM32L4R5QGI6STR, STM32U595ZJT6Q, STM32U599BJY6QTR, STM32U599NIH6Q, STM32U599NJH6Q, STM32U5A5ZJT6Q, STM32U5A9BJY6QTR, STM32U5A9NJH6Q]
2024-05-10 21:40:50,277 [INFO] DbMcus:201 - Found 4063 MCUs, 4063 are supported
2024-05-10 21:40:50,301 [INFO] ApiDb:407 - Load user favorites file C:\Users\hoatt/.stm32cubeide/favorites.mcus.txt: 1 item(s)
2024-05-10 21:40:50,301 [INFO] ApiDb:411 - User favorites MCUs=[STM32F103C8T6]
2024-05-10 21:40:50,301 [INFO] DbMcus:207 - Set 1 / 1 favorites MCUs
2024-05-10 21:40:53,779 [INFO] LoadUrlFilesThread:173 - End of LoadServerUrlFiles without Thread
2024-05-10 21:40:53,936 [INFO] DetailPanel:315 - Set advertising image to C:/Users/hoatt/STM32Cube/Repository/\en.prom-stm32h7rs-mcu-finder.png
2024-05-10 21:40:56,056 [INFO] MultiScanPanel:787 - Auto Refresh Data is not needed
2024-05-10 21:40:56,087 [INFO] ApiDb:654 - CubeFinder database Data Model version=2.1
2024-05-10 21:40:56,087 [INFO] ApiDb:655 - CubeFinder database Configuration version=3.0.39
2024-05-10 21:40:56,087 [INFO] ApiDb:656 - CubeFinder database generation date=2024-04-15 (1713193726)
2024-05-10 21:40:56,087 [INFO] ApiDb:657 - CubeFinder database FW Pack versions=[FP-ATR-ASTRA1_V2.0.0, FP-SNS-FLIGHT1_V5.0.1, FP-SNS-FLIGHT1_V5.0.2, FP-SNS-MOTENV1_V4.3.1, FP-SNS-MOTENV1_V4.3.2, FP-SNS-MOTENVWB1_V1.3.1, FP-SNS-SMARTAG2_V1.2.0, STM32Cube_FW_C0_V1.1.0, STM32Cube_FW_F4_V1.28.0, STM32Cube_FW_F7_V1.17.0, STM32Cube_FW_G0_V1.6.2, STM32Cube_FW_G4_V1.5.2, STM32Cube_FW_H5_V0.5.1, STM32Cube_FW_H5_V1.1.1, STM32Cube_FW_H5_V1.2.0, STM32Cube_FW_H5_V1.2.0RC4, STM32Cube_FW_H7RS_V1.0.0, STM32Cube_FW_H7RS_V1.0.0RC4, STM32Cube_FW_H7_V1.11.0, STM32Cube_FW_L0_V1.12.2, STM32Cube_FW_L5_V1.5.1, STM32Cube_FW_U0_V1.0.0, STM32Cube_FW_U0_V1.0.0RC1, STM32Cube_FW_U5_V1.3.0RC4, STM32Cube_FW_U5_V1.5.0, STM32Cube_FW_U5_V1.5.0RC1, STM32Cube_FW_WBA_V1.0.0RC1, STM32Cube_FW_WBA_V1.2.0, STM32Cube_FW_WBA_V1.2.0RC2, STM32Cube_FW_WBA_V1.3.0, STM32Cube_FW_WBA_V1.3.0RC1, STM32Cube_FW_WB_V1.15.0RC1, STM32Cube_FW_WB_V1.16.0, STM32Cube_FW_WB_V1.16.0RC2, STM32Cube_FW_WB_V1.18.0, STM32Cube_FW_WB_V1.19.0, STM32Cube_FW_WL_V1.3.0, X-CUBE-ALGOBUILD_V1.3.0, X-CUBE-ALS_V1.0.1, X-CUBE-AZRTOS-F4_V1.1.0, X-CUBE-AZRTOS-F7_V1.1.0, X-CUBE-AZRTOS-G0_V1.1.0, X-CUBE-AZRTOS-G4_V2.0.0, X-CUBE-AZRTOS-H7_V3.2.0, X-CUBE-AZRTOS-L4_V1.0.0, X-CUBE-AZRTOS-L4_V2.0.0, X-CUBE-AZRTOS-L5_V1.1.0, X-CUBE-AZRTOS-WB_V2.0.0, X-CUBE-AZRTOS-WL_V2.0.0, X-CUBE-BLE1_V7.0.0, X-CUBE-BLE2_V3.3.0, X-CUBE-BLEMGR_V3.1.0, X-CUBE-EEPRMA1_V4.1.0, X-CUBE-EEPRMA1_V5.1.0, X-CUBE-FREERTOS_V1.1.0, X-CUBE-GNSS1_V6.0.0, X-CUBE-MEMS1_V10.0.0, X-CUBE-MEMS1_V9.1.0, X-CUBE-MEMS1_V9.4.0, X-CUBE-MEMS1_V9.6.0, X-CUBE-NFC4_V3.0.0, X-CUBE-NFC7_V1.0.1, X-CUBE-SFXS2LP1_V4.0.0, X-CUBE-SUBG2_V5.0.0, X-CUBE-TOF1_V3.4.0]
2024-05-10 21:40:56,421 [INFO] DbBoardsSqlite:220 - include board P-NUCLEO-WB55-NUCLEO as a kit item of type 'Nucleo-64'
2024-05-10 21:40:56,424 [INFO] DbBoardsSqlite:220 - include board P-NUCLEO-WB55-USBDONGLE as a kit item of type 'Nucleo USB Dongle'
2024-05-10 21:40:56,424 [INFO] DbBoardsSqlite:220 - include board STEVAL-IDP005V1 as a kit item of type 'Evaluation Board'
2024-05-10 21:40:56,427 [INFO] DbBoardsSqlite:220 - include board STEVAL-IDP005V2 as a kit item of type 'Evaluation Board'
2024-05-10 21:40:56,726 [INFO] ApiDb:212 - Found 97 in-development CPN: [NUCLEO-C031C6, STM32C0116-DK, STM32C011D6Y3TR, STM32C011D6Y6TR, STM32C011F4P3, STM32C011F4P6, STM32C011F4U3, STM32C011F4U6TR, STM32C011F6P3, STM32C011F6P6, STM32C011F6U3, STM32C011F6U6TR, STM32C011J4M3, STM32C011J4M6, STM32C011J6M3, STM32C011J6M6, STM32C0316-DK, STM32C031C4T3, STM32C031C4T6, STM32C031C4U3, STM32C031C4U6, STM32C031C6T3, STM32C031C6T6, STM32C031C6U3, STM32C031C6U6, STM32C031F4P3, STM32C031F4P6, STM32C031F6P3, STM32C031F6P6, STM32C031G4U3, STM32C031G4U6, STM32C031G6U3, STM32C031G6U6, STM32C031K4T3, STM32C031K4T6, STM32C031K4U3, STM32C031K4U6, STM32C031K6T3, STM32C031K6T6, STM32C031K6U3, STM32C031K6U6, STM32G071K8TXN, STM32G071K8UXN, STM32G081GBU6N, STM32G081KBT6N, STM32G081KBUXN, STM32G0B1CCT6N, STM32G0B1KCT6, STM32G0B1NEY6, STM32G0B1NEY6TR, STM32G0B1RCT6N, STM32G0C1CCT6, STM32G0C1CCT6N, STM32G0C1CCU6N, STM32G0C1CET6N, STM32G0C1CEU6N, STM32G0C1KCT6, STM32G0C1NEY6TR, STM32G0C1RCI6N, STM32G0C1RCT6N, STM32G0C1REI6N, STM32G0C1RET6N, STM32G0C1VCI6, STM32G0C1VEI6, STM32G471CCT6, STM32G471CCU6, STM32G471CET3, STM32G471CET6, STM32G471CEU3, STM32G471CEU6, STM32G471MCT6, STM32G471MET3, STM32G471MET6, STM32G471MEY6TR, STM32G471QCT6, STM32G471QET3, STM32G471RCT6, STM32G471RET3, STM32G471RET6, STM32G471VCH6, STM32G471VCI6, STM32G471VCT6, STM32G471VEH3, STM32G471VEH6, STM32G471VEI3, STM32G471VEI6, STM32G471VET3, STM32G471VET6, STM32G474CCT6, STM32L4R5QGI6STR, STM32U595ZJT6Q, STM32U599BJY6QTR, STM32U599NIH6Q, STM32U599NJH6Q, STM32U5A5ZJT6Q, STM32U5A9BJY6QTR, STM32U5A9NJH6Q]
2024-05-10 21:40:56,790 [INFO] BoardInfo:872 - No configuration file found for board B-G473E-ZEST1S
2024-05-10 21:40:56,792 [INFO] DbBoards:144 - Board is not supported: B-G473E-ZEST1S
2024-05-10 21:40:56,907 [INFO] BoardInfo:872 - No configuration file found for board B-WB1M-WPAN1
2024-05-10 21:40:56,907 [INFO] DbBoards:144 - Board is not supported: B-WB1M-WPAN1
2024-05-10 21:40:56,918 [INFO] BoardInfo:872 - No configuration file found for board B-WL5M-SUBG1
2024-05-10 21:40:56,918 [INFO] DbBoards:144 - Board is not supported: B-WL5M-SUBG1
2024-05-10 21:40:57,136 [INFO] BoardInfo:872 - No configuration file found for board NUCLEO-H503RB
2024-05-10 21:40:57,138 [INFO] DbBoards:144 - Board is not supported: NUCLEO-H503RB
2024-05-10 21:40:57,144 [INFO] BoardInfo:872 - No configuration file found for board NUCLEO-H533RE
2024-05-10 21:40:57,144 [INFO] DbBoards:144 - Board is not supported: NUCLEO-H533RE
2024-05-10 21:40:57,152 [INFO] BoardInfo:872 - No configuration file found for board NUCLEO-H563ZI
2024-05-10 21:40:57,153 [INFO] DbBoards:144 - Board is not supported: NUCLEO-H563ZI
2024-05-10 21:40:57,195 [INFO] BoardInfo:872 - No configuration file found for board NUCLEO-H7S3L8
2024-05-10 21:40:57,195 [INFO] DbBoards:144 - Board is not supported: NUCLEO-H7S3L8
2024-05-10 21:40:57,315 [INFO] BoardInfo:872 - No configuration file found for board NUCLEO-U031R8
2024-05-10 21:40:57,315 [INFO] DbBoards:144 - Board is not supported: NUCLEO-U031R8
2024-05-10 21:40:57,315 [INFO] BoardInfo:872 - No configuration file found for board NUCLEO-U083RC
2024-05-10 21:40:57,330 [INFO] DbBoards:144 - Board is not supported: NUCLEO-U083RC
2024-05-10 21:40:57,330 [INFO] BoardInfo:872 - No configuration file found for board NUCLEO-U545RE-Q
2024-05-10 21:40:57,330 [INFO] DbBoards:144 - Board is not supported: NUCLEO-U545RE-Q
2024-05-10 21:40:57,346 [INFO] BoardInfo:872 - No configuration file found for board NUCLEO-U5A5ZJ-Q
2024-05-10 21:40:57,346 [INFO] DbBoards:144 - Board is not supported: NUCLEO-U5A5ZJ-Q
2024-05-10 21:40:57,362 [INFO] BoardInfo:872 - No configuration file found for board NUCLEO-WBA52CG
2024-05-10 21:40:57,362 [INFO] DbBoards:144 - Board is not supported: NUCLEO-WBA52CG
2024-05-10 21:40:57,362 [INFO] BoardInfo:872 - No configuration file found for board NUCLEO-WBA55CG
2024-05-10 21:40:57,362 [INFO] DbBoards:144 - Board is not supported: NUCLEO-WBA55CG
2024-05-10 21:40:57,393 [INFO] BoardInfo:872 - No configuration file found for board P-NUCLEO-WB55
2024-05-10 21:40:57,393 [INFO] DbBoards:144 - Kit is not supported: P-NUCLEO-WB55
2024-05-10 21:40:57,425 [INFO] BoardInfo:872 - No configuration file found for board STEVAL-ASTRA1B
2024-05-10 21:40:57,425 [INFO] DbBoards:144 - Board is not supported: STEVAL-ASTRA1B
2024-05-10 21:40:57,425 [INFO] BoardInfo:872 - No configuration file found for board STEVAL-BFA001V1B
2024-05-10 21:40:57,425 [INFO] DbBoards:144 - Kit is not supported: STEVAL-BFA001V1B
2024-05-10 21:40:57,425 [INFO] BoardInfo:872 - No configuration file found for board STEVAL-BFA001V2B
2024-05-10 21:40:57,440 [INFO] DbBoards:144 - Kit is not supported: STEVAL-BFA001V2B
2024-05-10 21:40:57,456 [INFO] BoardInfo:872 - No configuration file found for board STEVAL-MKBOXPRO
2024-05-10 21:40:57,456 [INFO] DbBoards:144 - Board is not supported: STEVAL-MKBOXPRO
2024-05-10 21:40:57,472 [INFO] BoardInfo:872 - No configuration file found for board STEVAL-PROTEUS1
2024-05-10 21:40:57,472 [INFO] DbBoards:144 - Board is not supported: STEVAL-PROTEUS1
2024-05-10 21:40:57,472 [INFO] BoardInfo:872 - No configuration file found for board STEVAL-SMARTAG2
2024-05-10 21:40:57,472 [INFO] DbBoards:144 - Board is not supported: STEVAL-SMARTAG2
2024-05-10 21:40:57,488 [INFO] BoardInfo:872 - No configuration file found for board STEVAL-STWINBX1
2024-05-10 21:40:57,488 [INFO] DbBoards:144 - Board is not supported: STEVAL-STWINBX1
2024-05-10 21:40:57,503 [INFO] BoardInfo:872 - No configuration file found for board STM320518-EVAL
2024-05-10 21:40:57,503 [INFO] DbBoards:144 - Board is not supported: STM320518-EVAL
2024-05-10 21:40:57,833 [INFO] BoardInfo:872 - No configuration file found for board STM32H573I-DK
2024-05-10 21:40:57,833 [INFO] DbBoards:144 - Board is not supported: STM32H573I-DK
2024-05-10 21:40:57,927 [INFO] BoardInfo:872 - No configuration file found for board STM32H7S78-DK
2024-05-10 21:40:57,927 [INFO] DbBoards:144 - Board is not supported: STM32H7S78-DK
2024-05-10 21:40:58,021 [INFO] BoardInfo:872 - No configuration file found for board STM32MP135F-DK
2024-05-10 21:40:58,021 [INFO] DbBoards:144 - Board is not supported: STM32MP135F-DK
2024-05-10 21:40:58,068 [INFO] BoardInfo:872 - No configuration file found for board STM32U083C-DK
2024-05-10 21:40:58,068 [INFO] DbBoards:144 - Board is not supported: STM32U083C-DK
2024-05-10 21:40:58,084 [INFO] BoardInfo:872 - No configuration file found for board STM32U5A9J-DK
2024-05-10 21:40:58,084 [INFO] DbBoards:144 - Board is not supported: STM32U5A9J-DK
2024-05-10 21:40:58,084 [INFO] BoardInfo:872 - No configuration file found for board STM32U5G9J-DK1
2024-05-10 21:40:58,084 [INFO] DbBoards:144 - Board is not supported: STM32U5G9J-DK1
2024-05-10 21:40:58,100 [INFO] BoardInfo:872 - No configuration file found for board STM32U5G9J-DK2
2024-05-10 21:40:58,100 [INFO] DbBoards:144 - Board is not supported: STM32U5G9J-DK2
2024-05-10 21:40:58,131 [INFO] BoardInfo:872 - No configuration file found for board STM32WBA55G-DK1
2024-05-10 21:40:58,147 [INFO] DbBoards:144 - Board is not supported: STM32WBA55G-DK1
2024-05-10 21:40:58,147 [INFO] DbBoards:148 - Found 199 boards, 169 are supported
2024-05-10 21:40:58,225 [INFO] ApiDb:407 - Load user favorites file C:\Users\hoatt/.stm32cubeide/favorites.boards.txt: 0 item(s)
2024-05-10 21:40:58,225 [INFO] ApiDb:411 - User favorites Boards=[]
2024-05-10 21:40:58,225 [INFO] DbBoards:174 - Set 0 / 0 favorites Boards
2024-05-10 21:43:40,954 [INFO] MainUpdater:2729 - connection check result : 10
2024-05-10 21:43:40,954 [INFO] MainUpdater:2729 - connection check result : 10
2024-05-10 21:43:41,032 [INFO] MicroXplorer:447 - Change Database Path : 
2024-05-10 21:43:41,032 [INFO] MicroXplorer:477 - Change Database Version : DB.6.0.50
2024-05-10 21:43:41,036 [WARN] ThirdParty:823 - waiting for thirdparty lock release [close project]
2024-05-10 21:43:41,036 [INFO] ThirdParty:825 - entering critical section [close project]
2024-05-10 21:43:41,036 [INFO] ThirdParty:835 - exiting critical section [close project]
2024-05-10 21:43:41,048 [INFO] PinOutPanel:1465 - setPackage(No Configuration,No Configuration)
2024-05-10 21:43:41,064 [INFO] UtilMem:74 - Begin LoadConfig() Used Memory: 590296768 Bytes (693108736)
2024-05-10 21:43:41,064 [INFO] MicroXplorer:447 - Change Database Path : 
2024-05-10 21:43:41,064 [INFO] MicroXplorer:477 - Change Database Version : DB.6.0.50
2024-05-10 21:43:41,064 [INFO] OpenFileManager:303 - Change cursor
2024-05-10 21:43:41,198 [INFO] Mcu:1893 - Initializing MCU STM32F103C8Tx STM32F103C8Tx 
2024-05-10 21:43:41,198 [INFO] Mcu:1906 - No CPN specified => set CPN to STM32F103C8T6
2024-05-10 21:43:43,787 [INFO] Context:599 - Trying to add GPIOservice into a context  which must be forbidden
2024-05-10 21:43:44,352 [INFO] ImportTextPane:183 - (OptionalMessage_ERROR) Unable to find key (Mcu.ThirdPartyNb) in loaded IOC file
2024-05-10 21:43:44,352 [INFO] ImportTextPane:183 - (OptionalMessage_ERROR) Unable to find key (Mcu.PinsNb) in loaded IOC file
2024-05-10 21:43:44,352 [INFO] ImportTextPane:183 - (OptionalMessage_ERROR) Unable to find key (Mcu.IPNb) in loaded IOC file
2024-05-10 21:43:44,509 [WARN] ApiManager:304 - Cannot register API 'Board Extension:GNSS1A1' from pack STMicroelectronics.X-CUBE-GNSS1.6.0.0: no header file found
2024-05-10 21:43:44,524 [WARN] ApiManager:304 - Cannot register API 'Board Support:Custom' from pack STMicroelectronics.X-CUBE-GNSS1.6.0.0: no header file found
2024-05-10 21:43:44,524 [WARN] ApiManager:304 - Cannot register API 'Data Exchange:lib_gnss' from pack STMicroelectronics.X-CUBE-GNSS1.6.0.0: no header file found
2024-05-10 21:43:44,571 [WARN] ApiManager:304 - Cannot register API 'Board Extension:NFC06A1' from pack STMicroelectronics.X-CUBE-NFC6.3.1.0: no header file found
2024-05-10 21:43:44,571 [WARN] ApiManager:304 - Cannot register API 'Board Extension:NFC08A1' from pack STMicroelectronics.X-CUBE-NFC6.3.1.0: no header file found
2024-05-10 21:43:44,571 [INFO] RtosManager:484 - Registered RTOS mode: class=CMSIS, group=RTOS, mode=CMSIS_V1, owner=FREERTOS
2024-05-10 21:43:44,587 [INFO] RtosManager:484 - Registered RTOS mode: class=CMSIS, group=RTOS2, mode=CMSIS_V2, owner=FREERTOS
2024-05-10 21:43:44,587 [INFO] RtosManager:484 - Registered RTOS mode: class=RTOS, group=Core, mode=CMSIS_V1, owner=FREERTOS
2024-05-10 21:43:44,587 [INFO] RtosManager:484 - Registered RTOS mode: class=RTOS, group=Core, mode=CMSIS_V2, owner=FREERTOS
2024-05-10 21:43:44,587 [WARN] ModelIntegratedComponent:181 - Missing modes for component STMicroelectronics:FreeRTOS:0.0.1:STMicroelectronics:RTOS:FreeRTOS:Core:::10.2.0:
2024-05-10 21:43:44,587 [WARN] ApiManager:304 - Cannot register API 'Board Extension:STSAFEA1' from pack STMicroelectronics.X-CUBE-SAFEA1.1.2.2: no header file found
2024-05-10 21:43:44,587 [WARN] ApiManager:304 - Cannot register API 'Board Part:STSAFEA110' from pack STMicroelectronics.X-CUBE-SAFEA1.1.2.2: no header file found
2024-05-10 21:43:44,587 [WARN] ApiManager:304 - Cannot register API 'Security:ST_Cryptolib' from pack STMicroelectronics.X-CUBE-SAFEA1.1.2.2: no header file found
2024-05-10 21:43:44,587 [WARN] ApiManager:304 - Cannot register API 'Security:MbedTLS' from pack STMicroelectronics.X-CUBE-SAFEA1.1.2.2: no header file found
2024-05-10 21:43:44,587 [WARN] ApiManager:304 - Cannot register API 'Board Extension:NFC04A1' from pack STMicroelectronics.X-CUBE-NFC4.3.0.0: no header file found
2024-05-10 21:43:44,603 [WARN] ApiManager:304 - Cannot register API 'Board Extension:S2868A1' from pack STMicroelectronics.X-CUBE-SUBG2.5.0.0: no header file found
2024-05-10 21:43:44,603 [WARN] ApiManager:304 - Cannot register API 'Board Extension:S2868A2' from pack STMicroelectronics.X-CUBE-SUBG2.5.0.0: no header file found
2024-05-10 21:43:44,603 [WARN] ApiManager:304 - Cannot register API 'Board Extension:S2915A1' from pack STMicroelectronics.X-CUBE-SUBG2.5.0.0: no header file found
2024-05-10 21:43:44,618 [WARN] ApiManager:304 - Cannot register API 'Wireless:BlueNRG-MS' from pack STMicroelectronics.X-CUBE-BLE1.7.0.0: no header file found
2024-05-10 21:43:44,618 [WARN] ApiManager:304 - Cannot register API 'Board Extension:EEPRMA2' from pack STMicroelectronics.X-CUBE-EEPRMA1.5.1.0: no header file found
2024-05-10 21:43:44,618 [WARN] ApiManager:304 - Cannot register API 'Board Extension:PGEEZ1' from pack STMicroelectronics.X-CUBE-EEPRMA1.5.1.0: no header file found
2024-05-10 21:43:44,618 [WARN] ApiManager:304 - Cannot register API 'Board Extension:EEICA1' from pack STMicroelectronics.X-CUBE-EEPRMA1.5.1.0: no header file found
2024-05-10 21:43:44,618 [WARN] ApiManager:304 - Cannot register API 'Board Part:M24' from pack STMicroelectronics.X-CUBE-EEPRMA1.5.1.0: no header file found
2024-05-10 21:43:44,618 [WARN] ApiManager:304 - Cannot register API 'Board Part:M95' from pack STMicroelectronics.X-CUBE-EEPRMA1.5.1.0: no header file found
2024-05-10 21:43:44,618 [WARN] ApiManager:304 - Cannot register API 'Board Part:M95P32' from pack STMicroelectronics.X-CUBE-EEPRMA1.5.1.0: no header file found
2024-05-10 21:43:44,618 [WARN] ApiManager:304 - Cannot register API 'Board Part:M24256E-F' from pack STMicroelectronics.X-CUBE-EEPRMA1.5.1.0: no header file found
2024-05-10 21:43:44,618 [WARN] ApiManager:304 - Cannot register API 'Board Part:M24M01E-F' from pack STMicroelectronics.X-CUBE-EEPRMA1.5.1.0: no header file found
2024-05-10 21:43:44,618 [WARN] ApiManager:304 - Cannot register API 'PGEEZ1:SPI' from pack STMicroelectronics.X-CUBE-EEPRMA1.5.1.0: no header file found
2024-05-10 21:43:44,634 [WARN] ApiManager:304 - Cannot register API 'PGEEZ1:QDSPI' from pack STMicroelectronics.X-CUBE-EEPRMA1.5.1.0: no header file found
2024-05-10 21:43:44,634 [WARN] ModelIntegratedComponent:60 - No mode defined for component null
2024-05-10 21:43:44,634 [WARN] ModelIntegratedComponent:60 - No mode defined for component null
2024-05-10 21:43:44,634 [WARN] ModelIntegratedComponent:60 - No mode defined for component null
2024-05-10 21:43:44,634 [WARN] ModelIntegratedComponent:60 - No mode defined for component null
2024-05-10 21:43:44,634 [WARN] ModelIntegratedComponent:60 - No mode defined for component null
2024-05-10 21:43:44,634 [WARN] ModelIntegratedComponent:60 - No mode defined for component null
2024-05-10 21:43:44,634 [WARN] ModelIntegratedComponent:60 - No mode defined for component null
2024-05-10 21:43:44,634 [WARN] ModelIntegratedComponent:60 - No mode defined for component null
2024-05-10 21:43:44,634 [WARN] ModelIntegratedComponent:60 - No mode defined for component null
2024-05-10 21:43:44,634 [WARN] ModelIntegratedComponent:60 - No mode defined for component null
2024-05-10 21:43:44,634 [WARN] ModelIntegratedComponent:60 - No mode defined for component null
2024-05-10 21:43:44,634 [WARN] ModelIntegratedComponent:60 - No mode defined for component null
2024-05-10 21:43:44,634 [WARN] ModelIntegratedComponent:60 - No mode defined for component null
2024-05-10 21:43:44,634 [WARN] ModelIntegratedComponent:60 - No mode defined for component null
2024-05-10 21:43:44,634 [WARN] ModelIntegratedComponent:60 - No mode defined for component null
2024-05-10 21:43:44,634 [WARN] ModelIntegratedComponent:60 - No mode defined for component null
2024-05-10 21:43:44,634 [WARN] ModelIntegratedComponent:60 - No mode defined for component null
2024-05-10 21:43:44,634 [WARN] ModelIntegratedComponent:60 - No mode defined for component null
2024-05-10 21:43:44,634 [WARN] ModelIntegratedComponent:60 - No mode defined for component null
2024-05-10 21:43:44,634 [WARN] ModelIntegratedComponent:60 - No mode defined for component null
2024-05-10 21:43:44,634 [WARN] ModelIntegratedComponent:60 - No mode defined for component null
2024-05-10 21:43:44,634 [WARN] ModelIntegratedComponent:60 - No mode defined for component null
2024-05-10 21:43:44,634 [WARN] ModelIntegratedComponent:60 - No mode defined for component null
2024-05-10 21:43:44,634 [WARN] ModelIntegratedComponent:60 - No mode defined for component null
2024-05-10 21:43:44,634 [WARN] ModelIntegratedComponent:60 - No mode defined for component null
2024-05-10 21:43:44,634 [WARN] ModelIntegratedComponent:60 - No mode defined for component null
2024-05-10 21:43:44,634 [WARN] ModelIntegratedComponent:60 - No mode defined for component null
2024-05-10 21:43:44,634 [WARN] ModelIntegratedComponent:60 - No mode defined for component null
2024-05-10 21:43:44,634 [WARN] ModelIntegratedComponent:60 - No mode defined for component null
2024-05-10 21:43:44,634 [WARN] ModelIntegratedComponent:60 - No mode defined for component null
2024-05-10 21:43:44,634 [WARN] ModelIntegratedComponent:60 - No mode defined for component null
2024-05-10 21:43:44,634 [WARN] ModelIntegratedComponent:60 - No mode defined for component null
2024-05-10 21:43:44,634 [WARN] ModelIntegratedComponent:60 - No mode defined for component null
2024-05-10 21:43:45,089 [WARN] ApiManager:304 - Cannot register API 'Board Extension:IKS01A3' from pack STMicroelectronics.X-CUBE-MEMS1.10.0.0: no header file found
2024-05-10 21:43:45,089 [WARN] ApiManager:304 - Cannot register API 'Board Extension:IKS02A1' from pack STMicroelectronics.X-CUBE-MEMS1.10.0.0: no header file found
2024-05-10 21:43:45,089 [WARN] ApiManager:304 - Cannot register API 'Board Extension:IKS4A1' from pack STMicroelectronics.X-CUBE-MEMS1.10.0.0: no header file found
2024-05-10 21:43:45,105 [WARN] ApiManager:304 - Cannot register API 'Board Extension:NFC07A1' from pack STMicroelectronics.X-CUBE-NFC7.1.0.1: no header file found
2024-05-10 21:43:45,136 [WARN] ApiManager:304 - Cannot register API 'Board Extension:S2868A1' from pack STMicroelectronics.X-CUBE-SFXS2LP1.4.0.0: no header file found
2024-05-10 21:43:45,136 [WARN] ApiManager:304 - Cannot register API 'Board Extension:S2868A2' from pack STMicroelectronics.X-CUBE-SFXS2LP1.4.0.0: no header file found
2024-05-10 21:43:45,136 [WARN] ApiManager:304 - Cannot register API 'Board Extension:S2915A1' from pack STMicroelectronics.X-CUBE-SFXS2LP1.4.0.0: no header file found
2024-05-10 21:43:45,136 [WARN] ApiManager:304 - Cannot register API 'Wireless:BlueNRG-2' from pack STMicroelectronics.X-CUBE-BLE2.3.3.0: no header file found
2024-05-10 21:43:45,184 [INFO] ThirdPartyModel:282 - Start build external matchings
2024-05-10 21:43:46,156 [INFO] ThirdPartyModel:295 - End build external matchings
2024-05-10 21:43:46,887 [INFO] UtilMem:74 - End LoadConfig() Used Memory: 567648920 Bytes (693108736)
2024-05-10 21:43:46,979 [WARN] ThirdParty:785 - waiting for thirdparty lock release [change project]
2024-05-10 21:43:46,979 [INFO] ThirdParty:787 - entering critical section [change project]
2024-05-10 21:43:46,979 [INFO] ThirdParty:977 - CMSIS Pack Vendor :STMicroelectronics X-CUBE-GNSS1 6.0.0
2024-05-10 21:43:46,979 [INFO] ThirdParty:977 - CMSIS Pack Vendor :STMicroelectronics USB_HOST 2.0.0
2024-05-10 21:43:46,979 [INFO] ThirdParty:977 - CMSIS Pack Vendor :STMicroelectronics FP-SNS-MOTENVWB1 1.4.0
2024-05-10 21:43:46,979 [INFO] ThirdParty:977 - CMSIS Pack Vendor :STMicroelectronics X-CUBE-AZRTOS-F4 1.1.0
2024-05-10 21:43:46,979 [INFO] ThirdParty:977 - CMSIS Pack Vendor :STMicroelectronics LIBJPEG 8.0.0
2024-05-10 21:43:46,979 [INFO] ThirdParty:977 - CMSIS Pack Vendor :STMicroelectronics X-CUBE-SMBUS 2.1.0
2024-05-10 21:43:46,979 [INFO] ThirdParty:977 - CMSIS Pack Vendor :STMicroelectronics USB_DEVICE 3.0.0
2024-05-10 21:43:46,979 [INFO] ThirdParty:977 - CMSIS Pack Vendor :STMicroelectronics X-CUBE-TCPP 4.1.0
2024-05-10 21:43:46,979 [INFO] ThirdParty:977 - CMSIS Pack Vendor :STMicroelectronics X-CUBE-FREERTOS 1.2.0
2024-05-10 21:43:46,979 [INFO] ThirdParty:977 - CMSIS Pack Vendor :STMicroelectronics X-CUBE-AZRTOS-WB 2.0.0
2024-05-10 21:43:46,995 [INFO] ThirdParty:977 - CMSIS Pack Vendor :STMicroelectronics X-CUBE-TOUCHGFX 4.23.2
2024-05-10 21:43:46,995 [INFO] ThirdParty:977 - CMSIS Pack Vendor :STMicroelectronics X-CUBE-AZRTOS-F7 1.1.0
2024-05-10 21:43:46,995 [INFO] ThirdParty:977 - CMSIS Pack Vendor :STMicroelectronics X-CUBE-AZRTOS-L5 2.0.0
2024-05-10 21:43:46,995 [INFO] ThirdParty:977 - CMSIS Pack Vendor :STMicroelectronics USB_DEVICE 2.0.0
2024-05-10 21:43:46,995 [INFO] ThirdParty:977 - CMSIS Pack Vendor :STMicroelectronics X-CUBE-NFC6 3.1.0
2024-05-10 21:43:46,995 [INFO] ThirdParty:977 - CMSIS Pack Vendor :STMicroelectronics X-CUBE-ALGOBUILD 1.3.0
2024-05-10 21:43:46,995 [INFO] ThirdParty:977 - CMSIS Pack Vendor :STMicroelectronics FreeRTOS 0.0.1
2024-05-10 21:43:46,995 [INFO] ThirdParty:977 - CMSIS Pack Vendor :STMicroelectronics X-CUBE-AZRTOS-G0 1.1.0
2024-05-10 21:43:46,995 [INFO] ThirdParty:977 - CMSIS Pack Vendor :STMicroelectronics X-CUBE-SAFEA1 1.2.2
2024-05-10 21:43:46,995 [INFO] ThirdParty:977 - CMSIS Pack Vendor :STMicroelectronics X-CUBE-NFC4 3.0.0
2024-05-10 21:43:46,995 [INFO] ThirdParty:977 - CMSIS Pack Vendor :STMicroelectronics X-CUBE-SUBG2 5.0.0
2024-05-10 21:43:46,995 [INFO] ThirdParty:977 - CMSIS Pack Vendor :STMicroelectronics STM32_WPAN 1.0.0
2024-05-10 21:43:46,995 [INFO] ThirdParty:977 - CMSIS Pack Vendor :STMicroelectronics lwIP 2.0.3
2024-05-10 21:43:46,995 [INFO] ThirdParty:977 - CMSIS Pack Vendor :STMicroelectronics FP-SNS-FLIGHT1 5.0.2
2024-05-10 21:43:46,995 [INFO] ThirdParty:977 - CMSIS Pack Vendor :STMicroelectronics USB_HOST 1.0.0
2024-05-10 21:43:46,995 [INFO] ThirdParty:977 - CMSIS Pack Vendor :STMicroelectronics X-CUBE-AI 9.0.0
2024-05-10 21:43:46,995 [INFO] ThirdParty:977 - CMSIS Pack Vendor :STMicroelectronics X-CUBE-AZRTOS-G4 2.0.0
2024-05-10 21:43:46,995 [INFO] ThirdParty:977 - CMSIS Pack Vendor :STMicroelectronics PDM2PCM 3.1.0
2024-05-10 21:43:46,995 [INFO] ThirdParty:977 - CMSIS Pack Vendor :STMicroelectronics PDM2PCM 3.3.0
2024-05-10 21:43:46,995 [INFO] ThirdParty:977 - CMSIS Pack Vendor :STMicroelectronics X-CUBE-DISPLAY 3.0.0
2024-05-10 21:43:46,995 [INFO] ThirdParty:977 - CMSIS Pack Vendor :wolfSSL I-CUBE-wolfSSL 5.7.0
2024-05-10 21:43:46,995 [INFO] ThirdParty:977 - CMSIS Pack Vendor :STMicroelectronics X-CUBE-BLE1 7.0.0
2024-05-10 21:43:46,995 [INFO] ThirdParty:977 - CMSIS Pack Vendor :STMicroelectronics FP-ATR-SIGFOX1 3.2.0
2024-05-10 21:43:46,995 [INFO] ThirdParty:977 - CMSIS Pack Vendor :STMicroelectronics X-CUBE-ISPU 2.0.0
2024-05-10 21:43:46,995 [INFO] ThirdParty:977 - CMSIS Pack Vendor :STMicroelectronics X-CUBE-EEPRMA1 5.1.0
2024-05-10 21:43:46,995 [INFO] ThirdParty:977 - CMSIS Pack Vendor :STMicroelectronics HAL Drivers 0.0.0
2024-05-10 21:43:46,995 [INFO] ThirdParty:977 - CMSIS Pack Vendor :STMicroelectronics MBEDTLS 2.16.2
2024-05-10 21:43:46,995 [INFO] ThirdParty:977 - CMSIS Pack Vendor :emotas I-CUBE-CANOPEN 1.3.0
2024-05-10 21:43:46,995 [INFO] ThirdParty:977 - CMSIS Pack Vendor :STMicroelectronics X-CUBE-MEMS1 10.0.0
2024-05-10 21:43:46,995 [INFO] ThirdParty:977 - CMSIS Pack Vendor :STMicroelectronics X-CUBE-NFC7 1.0.1
2024-05-10 21:43:46,995 [INFO] ThirdParty:977 - CMSIS Pack Vendor :STMicroelectronics MBEDTLS 2.14.1
2024-05-10 21:43:46,995 [INFO] ThirdParty:977 - CMSIS Pack Vendor :ITTIA_DB I-CUBE-ITTIADB 8.9.0
2024-05-10 21:43:46,995 [INFO] ThirdParty:977 - CMSIS Pack Vendor :portGmbH I-Cube-SoM-uGOAL 1.1.0
2024-05-10 21:43:46,995 [INFO] ThirdParty:977 - CMSIS Pack Vendor :STMicroelectronics X-CUBE-ALS 1.0.1
2024-05-10 21:43:46,995 [INFO] ThirdParty:977 - CMSIS Pack Vendor :STMicroelectronics X-CUBE-BLEMGR 3.1.0
2024-05-10 21:43:46,995 [INFO] ThirdParty:977 - CMSIS Pack Vendor :STMicroelectronics ThreadX 1.0.0
2024-05-10 21:43:46,995 [INFO] ThirdParty:977 - CMSIS Pack Vendor :STMicroelectronics FP-SNS-SMARTAG2 1.2.0
2024-05-10 21:43:46,995 [INFO] ThirdParty:977 - CMSIS Pack Vendor :STMicroelectronics X-CUBE-AZRTOS-WL 2.0.0
2024-05-10 21:43:46,995 [INFO] ThirdParty:977 - CMSIS Pack Vendor :SEGGER I-CUBE-embOS 1.3.1
2024-05-10 21:43:46,995 [INFO] ThirdParty:977 - CMSIS Pack Vendor :STMicroelectronics X-CUBE-ALGOBUILD 1.4.0
2024-05-10 21:43:46,995 [INFO] ThirdParty:977 - CMSIS Pack Vendor :STMicroelectronics FP-SNS-MOTENV1 5.0.0
2024-05-10 21:43:46,995 [INFO] ThirdParty:977 - CMSIS Pack Vendor :STMicroelectronics USB_DEVICE 1.0.0
2024-05-10 21:43:46,995 [INFO] ThirdParty:977 - CMSIS Pack Vendor :STMicroelectronics X-CUBE-AZRTOS-H7RS 1.0.0
2024-05-10 21:43:46,995 [INFO] ThirdParty:977 - CMSIS Pack Vendor :STMicroelectronics X-CUBE-AZRTOS-L4 2.0.0
2024-05-10 21:43:46,995 [INFO] ThirdParty:977 - CMSIS Pack Vendor :STMicroelectronics ThreadX 0.0.2
2024-05-10 21:43:46,995 [INFO] ThirdParty:977 - CMSIS Pack Vendor :WES I-CUBE-Cesium 1.3.0
2024-05-10 21:43:46,995 [INFO] ThirdParty:977 - CMSIS Pack Vendor :STMicroelectronics FP-ATR-ASTRA1 2.0.0
2024-05-10 21:43:46,995 [INFO] ThirdParty:977 - CMSIS Pack Vendor :STMicroelectronics lwIP 2.1.2
2024-05-10 21:43:46,995 [INFO] ThirdParty:977 - CMSIS Pack Vendor :STMicroelectronics X-CUBE-SFXS2LP1 4.0.0
2024-05-10 21:43:46,995 [INFO] ThirdParty:977 - CMSIS Pack Vendor :STMicroelectronics X-CUBE-BLE2 3.3.0
2024-05-10 21:43:46,995 [INFO] ThirdParty:977 - CMSIS Pack Vendor :STMicroelectronics X-CUBE-TOF1 3.4.1
2024-05-10 21:43:46,995 [INFO] ThirdParty:977 - CMSIS Pack Vendor :STMicroelectronics X-CUBE-AZRTOS-H7 3.2.0
2024-05-10 21:43:46,995 [INFO] ThirdParty:977 - CMSIS Pack Vendor :Infineon AIROC-Wi-Fi-Bluetooth-STM32 1.6.0
2024-05-10 21:43:46,995 [INFO] ThirdParty:977 - CMSIS Pack Vendor :STMicroelectronics PDM2PCM 3.2.0
2024-05-10 21:43:46,995 [INFO] ThirdParty:793 - exiting critical section [change project]
2024-05-10 21:43:47,779 [INFO] PinOutPanel:1465 - setPackage(No Configuration,No Configuration)
2024-05-10 21:43:47,779 [INFO] PinOutPanel:1465 - setPackage(STM32F103C8Tx,LQFP48)
2024-05-10 21:43:48,956 [INFO] UtilMem:74 - Before build in PCC Used Memory: 582412888 Bytes (693108736)
2024-05-10 21:43:50,635 [INFO] UtilMem:74 - After build in PCC Used Memory: 568629000 Bytes (693108736)
2024-05-10 21:43:50,713 [INFO] IPUIPlugin:75 - create IPUIPlugin
2024-05-10 21:43:50,713 [INFO] IPUIPlugin:75 - create IPUIPlugin
2024-05-10 21:43:50,713 [INFO] IPUIPlugin:75 - create IPUIPlugin
2024-05-10 21:43:50,713 [INFO] IPUIPlugin:75 - create IPUIPlugin
2024-05-10 21:43:50,713 [INFO] IPUIPlugin:75 - create IPUIPlugin
2024-05-10 21:43:50,713 [INFO] IPUIPlugin:75 - create IPUIPlugin
2024-05-10 21:43:50,713 [INFO] IPUIPlugin:75 - create IPUIPlugin
2024-05-10 21:43:50,713 [INFO] IPUIPlugin:75 - create IPUIPlugin
2024-05-10 21:43:50,713 [INFO] IPUIPlugin:75 - create IPUIPlugin
2024-05-10 21:43:50,713 [INFO] IPUIPlugin:75 - create IPUIPlugin
2024-05-10 21:43:50,713 [INFO] IPUIPlugin:75 - create IPUIPlugin
2024-05-10 21:43:50,713 [INFO] IPUIPlugin:75 - create IPUIPlugin
2024-05-10 21:43:50,713 [INFO] IPUIPlugin:75 - create IPUIPlugin
2024-05-10 21:43:50,729 [INFO] IPUIPlugin:75 - create IPUIPlugin
2024-05-10 21:43:50,729 [INFO] IPUIPlugin:75 - create IPUIPlugin
2024-05-10 21:43:50,729 [INFO] IPUIPlugin:75 - create IPUIPlugin
2024-05-10 21:43:50,729 [INFO] IPUIPlugin:75 - create IPUIPlugin
2024-05-10 21:43:50,729 [INFO] IPUIPlugin:75 - create IPUIPlugin
2024-05-10 21:43:50,729 [INFO] IPUIPlugin:75 - create IPUIPlugin
2024-05-10 21:43:50,729 [INFO] IPUIPlugin:75 - create IPUIPlugin
2024-05-10 21:43:50,729 [INFO] IPUIPlugin:75 - create IPUIPlugin
2024-05-10 21:43:50,729 [INFO] IPUIPlugin:75 - create IPUIPlugin
2024-05-10 21:43:50,729 [INFO] IPUIPlugin:75 - create IPUIPlugin
2024-05-10 21:43:50,729 [INFO] IPUIPlugin:75 - create IPUIPlugin
2024-05-10 21:43:50,729 [INFO] IPUIPlugin:75 - create IPUIPlugin
2024-05-10 21:43:50,729 [INFO] IPUIPlugin:75 - create IPUIPlugin
2024-05-10 21:43:50,729 [INFO] IPUIPlugin:75 - create IPUIPlugin
2024-05-10 21:43:51,397 [INFO] OpenFileManager:323 - Restore cursor
2024-05-10 21:43:53,547 [INFO] UtilMem:74 - End SaveConfig() Used Memory: 607123696 Bytes (693108736)
2024-05-10 21:43:53,719 [INFO] UtilMem:74 - End SaveConfig() Used Memory: 561172800 Bytes (693108736)
2024-05-10 21:43:54,928 [INFO] BlockDiagram:2740 - set Specific Code input for plugin: NVIC
2024-05-10 21:43:54,928 [INFO] BlockDiagram:2740 - set Specific Code input for plugin: SYS
2024-05-10 21:43:54,928 [INFO] BlockDiagram:2740 - set Specific Code input for plugin: RCC
2024-05-10 21:43:54,944 [INFO] CodeGenerator:681 - code generatio: config db path: C:\ST\STM32CubeIDE_1.9.0\STM32CubeIDE\plugins\com.st.stm32cube.common.mx_6.5.0.202202251913\\db\
2024-05-10 21:43:55,932 [INFO] CodeEngine:237 - oldGeneratedFile, C:\Users\hoatt\STM32CubeIDE\wsp_boot_use_uart\boot_uart\MXTmpFiles\license.tmp_save
2024-05-10 21:43:57,125 [INFO] CodeEngine:261 - Generated code: C:\Users\hoatt\STM32CubeIDE\wsp_boot_use_uart\boot_uart\MXTmpFiles\license.tmp
2024-05-10 21:43:57,344 [INFO] CodeEngine:237 - oldGeneratedFile, C:\Users\hoatt\STM32CubeIDE\wsp_boot_use_uart\boot_uart\Core\Src\stm32f1xx_it.c_save
2024-05-10 21:43:57,752 [INFO] CodeEngine:261 - Generated code: C:\Users\hoatt\STM32CubeIDE\wsp_boot_use_uart\boot_uart\Core\Src\stm32f1xx_it.c
2024-05-10 21:43:57,773 [INFO] CodeEngine:237 - oldGeneratedFile, C:\Users\hoatt\STM32CubeIDE\wsp_boot_use_uart\boot_uart\Core\Inc\stm32f1xx_it.h_save
2024-05-10 21:43:57,940 [INFO] CodeEngine:261 - Generated code: C:\Users\hoatt\STM32CubeIDE\wsp_boot_use_uart\boot_uart\Core\Inc\stm32f1xx_it.h
2024-05-10 21:43:57,988 [INFO] CodeEngine:237 - oldGeneratedFile, C:\Users\hoatt\STM32CubeIDE\wsp_boot_use_uart\boot_uart\Core\Src\stm32f1xx_hal_msp.c_save
2024-05-10 21:43:58,317 [INFO] CodeEngine:261 - Generated code: C:\Users\hoatt\STM32CubeIDE\wsp_boot_use_uart\boot_uart\Core\Src\stm32f1xx_hal_msp.c
2024-05-10 21:43:58,333 [INFO] CodeEngine:237 - oldGeneratedFile, C:\Users\hoatt\STM32CubeIDE\wsp_boot_use_uart\boot_uart\MXTmpFiles\system.tmp_save
2024-05-10 21:43:58,584 [INFO] CodeEngine:261 - Generated code: C:\Users\hoatt\STM32CubeIDE\wsp_boot_use_uart\boot_uart\MXTmpFiles\system.tmp
2024-05-10 21:43:58,631 [INFO] CodeEngine:237 - oldGeneratedFile, C:\Users\hoatt\STM32CubeIDE\wsp_boot_use_uart\boot_uart\Core\Inc\stm32f1xx_hal_conf.h_save
2024-05-10 21:43:58,898 [INFO] CodeEngine:261 - Generated code: C:\Users\hoatt\STM32CubeIDE\wsp_boot_use_uart\boot_uart\Core\Inc\stm32f1xx_hal_conf.h
2024-05-10 21:43:59,054 [INFO] CodeEngine:237 - oldGeneratedFile, C:\Users\hoatt\STM32CubeIDE\wsp_boot_use_uart\boot_uart\Core\Inc\main.h_save
2024-05-10 21:43:59,384 [INFO] CodeEngine:261 - Generated code: C:\Users\hoatt\STM32CubeIDE\wsp_boot_use_uart\boot_uart\Core\Inc\main.h
2024-05-10 21:43:59,400 [INFO] CodeEngine:237 - oldGeneratedFile, C:\Users\hoatt\STM32CubeIDE\wsp_boot_use_uart\boot_uart\Core\Src\main.c_save
2024-05-10 21:43:59,808 [INFO] CodeEngine:261 - Generated code: C:\Users\hoatt\STM32CubeIDE\wsp_boot_use_uart\boot_uart\Core\Src\main.c
2024-05-10 21:44:05,019 [INFO] ProjectBuilder:2913 - Time for Copy HAL[1] : 377mS.
2024-05-10 21:44:05,113 [INFO] ProjectBuilder:4015 - Project Generator version: 3.16.0
2024-05-10 21:44:05,944 [INFO] ConfigFileManager:1287 - The Die is : DIE410
2024-05-10 21:44:05,994 [INFO] ApiDbMcu:488 - Load IP Config File for FATFS
2024-05-10 21:44:06,069 [INFO] ApiDbMcu:488 - Load IP Config File for FREERTOS
2024-05-10 21:44:06,211 [INFO] ApiDbMcu:488 - Load IP Config File for USB_DEVICE
2024-05-10 21:44:15,832 [INFO] ProjectBuilder:4183 - Time for Generating toolchain IDE Files: 10719mS.
2024-05-10 21:44:15,832 [INFO] ProjectBuilder:2785 - Time for Copy CMSIS : 0mS.
2024-05-10 21:44:15,848 [INFO] ProjectBuilder:2785 - Time for Copy CMSIS : 0mS.
2024-05-10 21:44:17,123 [INFO] McuFinderGlobals:52 - Set McuFinderConnectedMode to true
2024-05-10 21:44:17,123 [INFO] ApiDb:432 - Save user favorites file C:\Users\hoatt/.stm32cubeide/favorites.mcus.txt: 1 item(s)
2024-05-10 21:44:17,123 [INFO] ApiDb:436 - User favorites MCUs=[STM32F103C8T6]
2024-05-10 21:44:53,478 [INFO] UtilMem:74 - End SaveConfig() Used Memory: 591453608 Bytes (922746880)
2024-05-10 21:44:54,992 [INFO] UtilMem:74 - End SaveConfig() Used Memory: 607528720 Bytes (922746880)
2024-05-10 21:45:40,610 [INFO] UtilMem:74 - End SaveConfig() Used Memory: 748848200 Bytes (922746880)
2024-05-10 21:45:41,725 [INFO] BlockDiagram:2740 - set Specific Code input for plugin: NVIC
2024-05-10 21:45:41,725 [INFO] BlockDiagram:2740 - set Specific Code input for plugin: SYS
2024-05-10 21:45:41,725 [INFO] BlockDiagram:2740 - set Specific Code input for plugin: GPIO
2024-05-10 21:45:41,725 [INFO] BlockDiagram:2740 - set Specific Code input for plugin: RCC
2024-05-10 21:45:41,725 [INFO] CodeGenerator:681 - code generatio: config db path: C:\ST\STM32CubeIDE_1.9.0\STM32CubeIDE\plugins\com.st.stm32cube.common.mx_6.5.0.202202251913\\db\
2024-05-10 21:45:42,148 [INFO] CodeEngine:237 - oldGeneratedFile, C:\Users\hoatt\STM32CubeIDE\wsp_boot_use_uart\boot_uart\MXTmpFiles\license.tmp_save
2024-05-10 21:45:42,352 [INFO] CodeEngine:261 - Generated code: C:\Users\hoatt\STM32CubeIDE\wsp_boot_use_uart\boot_uart\MXTmpFiles\license.tmp
2024-05-10 21:45:42,415 [INFO] CodeEngine:237 - oldGeneratedFile, C:\Users\hoatt\STM32CubeIDE\wsp_boot_use_uart\boot_uart\MXTmpFiles\gpio.tmp_save
2024-05-10 21:45:42,666 [INFO] CodeEngine:261 - Generated code: C:\Users\hoatt\STM32CubeIDE\wsp_boot_use_uart\boot_uart\MXTmpFiles\gpio.tmp
2024-05-10 21:45:42,713 [INFO] CodeEngine:237 - oldGeneratedFile, C:\Users\hoatt\STM32CubeIDE\wsp_boot_use_uart\boot_uart\Core\Src\stm32f1xx_it.c_save
2024-05-10 21:45:42,964 [INFO] CodeEngine:261 - Generated code: C:\Users\hoatt\STM32CubeIDE\wsp_boot_use_uart\boot_uart\Core\Src\stm32f1xx_it.c
2024-05-10 21:45:43,012 [INFO] CodeEngine:237 - oldGeneratedFile, C:\Users\hoatt\STM32CubeIDE\wsp_boot_use_uart\boot_uart\Core\Inc\stm32f1xx_it.h_save
2024-05-10 21:45:43,263 [INFO] CodeEngine:261 - Generated code: C:\Users\hoatt\STM32CubeIDE\wsp_boot_use_uart\boot_uart\Core\Inc\stm32f1xx_it.h
2024-05-10 21:45:43,326 [INFO] CodeEngine:237 - oldGeneratedFile, C:\Users\hoatt\STM32CubeIDE\wsp_boot_use_uart\boot_uart\Core\Src\stm32f1xx_hal_msp.c_save
2024-05-10 21:45:43,608 [INFO] CodeEngine:261 - Generated code: C:\Users\hoatt\STM32CubeIDE\wsp_boot_use_uart\boot_uart\Core\Src\stm32f1xx_hal_msp.c
2024-05-10 21:45:43,639 [INFO] CodeEngine:237 - oldGeneratedFile, C:\Users\hoatt\STM32CubeIDE\wsp_boot_use_uart\boot_uart\MXTmpFiles\system.tmp_save
2024-05-10 21:45:43,796 [INFO] CodeEngine:261 - Generated code: C:\Users\hoatt\STM32CubeIDE\wsp_boot_use_uart\boot_uart\MXTmpFiles\system.tmp
2024-05-10 21:45:43,828 [INFO] CodeEngine:237 - oldGeneratedFile, C:\Users\hoatt\STM32CubeIDE\wsp_boot_use_uart\boot_uart\Core\Inc\stm32f1xx_hal_conf.h_save
2024-05-10 21:45:44,079 [INFO] CodeEngine:261 - Generated code: C:\Users\hoatt\STM32CubeIDE\wsp_boot_use_uart\boot_uart\Core\Inc\stm32f1xx_hal_conf.h
2024-05-10 21:45:44,173 [INFO] CodeEngine:237 - oldGeneratedFile, C:\Users\hoatt\STM32CubeIDE\wsp_boot_use_uart\boot_uart\Core\Inc\main.h_save
2024-05-10 21:45:44,315 [INFO] CodeEngine:261 - Generated code: C:\Users\hoatt\STM32CubeIDE\wsp_boot_use_uart\boot_uart\Core\Inc\main.h
2024-05-10 21:45:44,330 [INFO] CodeEngine:237 - oldGeneratedFile, C:\Users\hoatt\STM32CubeIDE\wsp_boot_use_uart\boot_uart\Core\Src\main.c_save
2024-05-10 21:45:44,646 [INFO] CodeEngine:261 - Generated code: C:\Users\hoatt\STM32CubeIDE\wsp_boot_use_uart\boot_uart\Core\Src\main.c
2024-05-10 21:45:46,610 [INFO] ProjectBuilder:2913 - Time for Copy HAL[1] : 553mS.
2024-05-10 21:45:46,622 [INFO] ProjectBuilder:4015 - Project Generator version: 3.16.0
2024-05-10 21:45:47,328 [INFO] ConfigFileManager:1287 - The Die is : DIE410
2024-05-10 21:45:51,788 [INFO] ProjectBuilder:4183 - Time for Generating toolchain IDE Files: 5166mS.
2024-05-10 21:45:51,788 [INFO] ProjectBuilder:2785 - Time for Copy CMSIS : 0mS.
2024-05-10 21:45:51,804 [INFO] ProjectBuilder:2785 - Time for Copy CMSIS : 0mS.
2024-05-10 21:46:49,137 [INFO] MainUpdater:2729 - connection check result : 10
2024-05-10 21:46:49,508 [INFO] McuFinderGlobals:52 - Set McuFinderConnectedMode to true
2024-05-10 21:46:49,524 [INFO] MultiScanPanel:195 - Auto-refresh data requested => check proxy status ongoing
2024-05-10 21:46:49,524 [INFO] FinderPluginLoader:87 - Searching for filters in installed packs
2024-05-10 21:46:51,344 [INFO] LoadUrlFilesThread:173 - End of LoadServerUrlFiles without Thread
2024-05-10 21:46:51,344 [INFO] DetailPanel:315 - Set advertising image to C:/Users/hoatt/STM32Cube/Repository/\en.prom-stm32h7rs-mcu-finder.png
2024-05-10 21:46:52,585 [INFO] MultiScanPanel:787 - Auto Refresh Data is not needed
2024-05-10 21:47:38,707 [INFO] MainUpdater:2729 - connection check result : 10
2024-05-10 21:47:38,707 [INFO] MainUpdater:2729 - connection check result : 10
2024-05-10 21:47:38,896 [INFO] MicroXplorer:447 - Change Database Path : 
2024-05-10 21:47:38,911 [INFO] MicroXplorer:477 - Change Database Version : DB.6.0.50
2024-05-10 21:47:38,911 [WARN] ThirdParty:823 - waiting for thirdparty lock release [close project]
2024-05-10 21:47:38,911 [INFO] ThirdParty:825 - entering critical section [close project]
2024-05-10 21:47:38,911 [INFO] ThirdParty:835 - exiting critical section [close project]
2024-05-10 21:47:38,911 [INFO] PinOutPanel:1465 - setPackage(No Configuration,No Configuration)
2024-05-10 21:47:38,943 [INFO] UtilMem:74 - Begin LoadConfig() Used Memory: 664433760 Bytes (961544192)
2024-05-10 21:47:38,943 [INFO] MicroXplorer:447 - Change Database Path : 
2024-05-10 21:47:38,943 [INFO] MicroXplorer:477 - Change Database Version : DB.6.0.50
2024-05-10 21:47:38,943 [INFO] OpenFileManager:303 - Change cursor
2024-05-10 21:47:38,992 [INFO] RulesReader:57 - Compatibility file has been processed (281 Rules)
2024-05-10 21:47:38,998 [INFO] Mcu:1893 - Initializing MCU STM32F103C8Tx STM32F103C8Tx 
2024-05-10 21:47:38,998 [INFO] Mcu:1906 - No CPN specified => set CPN to STM32F103C8T6
2024-05-10 21:47:40,709 [INFO] Context:599 - Trying to add GPIOservice into a context  which must be forbidden
2024-05-10 21:47:41,196 [INFO] ImportTextPane:183 - (OptionalMessage_ERROR) Unable to find key (Mcu.ThirdPartyNb) in loaded IOC file
2024-05-10 21:47:41,196 [INFO] ImportTextPane:183 - (OptionalMessage_ERROR) Unable to find key (Mcu.PinsNb) in loaded IOC file
2024-05-10 21:47:41,196 [INFO] ImportTextPane:183 - (OptionalMessage_ERROR) Unable to find key (Mcu.IPNb) in loaded IOC file
2024-05-10 21:47:41,227 [WARN] ApiManager:304 - Cannot register API 'Board Extension:GNSS1A1' from pack STMicroelectronics.X-CUBE-GNSS1.6.0.0: no header file found
2024-05-10 21:47:41,227 [WARN] ApiManager:304 - Cannot register API 'Board Support:Custom' from pack STMicroelectronics.X-CUBE-GNSS1.6.0.0: no header file found
2024-05-10 21:47:41,227 [WARN] ApiManager:304 - Cannot register API 'Data Exchange:lib_gnss' from pack STMicroelectronics.X-CUBE-GNSS1.6.0.0: no header file found
2024-05-10 21:47:41,243 [WARN] ApiManager:304 - Cannot register API 'Board Extension:NFC06A1' from pack STMicroelectronics.X-CUBE-NFC6.3.1.0: no header file found
2024-05-10 21:47:41,243 [WARN] ApiManager:304 - Cannot register API 'Board Extension:NFC08A1' from pack STMicroelectronics.X-CUBE-NFC6.3.1.0: no header file found
2024-05-10 21:47:41,243 [INFO] RtosManager:484 - Registered RTOS mode: class=CMSIS, group=RTOS, mode=CMSIS_V1, owner=FREERTOS
2024-05-10 21:47:41,243 [INFO] RtosManager:484 - Registered RTOS mode: class=CMSIS, group=RTOS2, mode=CMSIS_V2, owner=FREERTOS
2024-05-10 21:47:41,243 [INFO] RtosManager:484 - Registered RTOS mode: class=RTOS, group=Core, mode=CMSIS_V1, owner=FREERTOS
2024-05-10 21:47:41,243 [INFO] RtosManager:484 - Registered RTOS mode: class=RTOS, group=Core, mode=CMSIS_V2, owner=FREERTOS
2024-05-10 21:47:41,243 [WARN] ModelIntegratedComponent:181 - Missing modes for component STMicroelectronics:FreeRTOS:0.0.1:STMicroelectronics:RTOS:FreeRTOS:Core:::10.2.0:
2024-05-10 21:47:41,258 [WARN] ApiManager:304 - Cannot register API 'Board Extension:STSAFEA1' from pack STMicroelectronics.X-CUBE-SAFEA1.1.2.2: no header file found
2024-05-10 21:47:41,258 [WARN] ApiManager:304 - Cannot register API 'Board Part:STSAFEA110' from pack STMicroelectronics.X-CUBE-SAFEA1.1.2.2: no header file found
2024-05-10 21:47:41,258 [WARN] ApiManager:304 - Cannot register API 'Security:ST_Cryptolib' from pack STMicroelectronics.X-CUBE-SAFEA1.1.2.2: no header file found
2024-05-10 21:47:41,258 [WARN] ApiManager:304 - Cannot register API 'Security:MbedTLS' from pack STMicroelectronics.X-CUBE-SAFEA1.1.2.2: no header file found
2024-05-10 21:47:41,258 [WARN] ApiManager:304 - Cannot register API 'Board Extension:NFC04A1' from pack STMicroelectronics.X-CUBE-NFC4.3.0.0: no header file found
2024-05-10 21:47:41,258 [WARN] ApiManager:304 - Cannot register API 'Board Extension:S2868A1' from pack STMicroelectronics.X-CUBE-SUBG2.5.0.0: no header file found
2024-05-10 21:47:41,258 [WARN] ApiManager:304 - Cannot register API 'Board Extension:S2868A2' from pack STMicroelectronics.X-CUBE-SUBG2.5.0.0: no header file found
2024-05-10 21:47:41,258 [WARN] ApiManager:304 - Cannot register API 'Board Extension:S2915A1' from pack STMicroelectronics.X-CUBE-SUBG2.5.0.0: no header file found
2024-05-10 21:47:41,274 [WARN] ApiManager:304 - Cannot register API 'Wireless:BlueNRG-MS' from pack STMicroelectronics.X-CUBE-BLE1.7.0.0: no header file found
2024-05-10 21:47:41,274 [WARN] ApiManager:304 - Cannot register API 'Board Extension:EEPRMA2' from pack STMicroelectronics.X-CUBE-EEPRMA1.5.1.0: no header file found
2024-05-10 21:47:41,274 [WARN] ApiManager:304 - Cannot register API 'Board Extension:PGEEZ1' from pack STMicroelectronics.X-CUBE-EEPRMA1.5.1.0: no header file found
2024-05-10 21:47:41,274 [WARN] ApiManager:304 - Cannot register API 'Board Extension:EEICA1' from pack STMicroelectronics.X-CUBE-EEPRMA1.5.1.0: no header file found
2024-05-10 21:47:41,274 [WARN] ApiManager:304 - Cannot register API 'Board Part:M24' from pack STMicroelectronics.X-CUBE-EEPRMA1.5.1.0: no header file found
2024-05-10 21:47:41,274 [WARN] ApiManager:304 - Cannot register API 'Board Part:M95' from pack STMicroelectronics.X-CUBE-EEPRMA1.5.1.0: no header file found
2024-05-10 21:47:41,274 [WARN] ApiManager:304 - Cannot register API 'Board Part:M95P32' from pack STMicroelectronics.X-CUBE-EEPRMA1.5.1.0: no header file found
2024-05-10 21:47:41,274 [WARN] ApiManager:304 - Cannot register API 'Board Part:M24256E-F' from pack STMicroelectronics.X-CUBE-EEPRMA1.5.1.0: no header file found
2024-05-10 21:47:41,274 [WARN] ApiManager:304 - Cannot register API 'Board Part:M24M01E-F' from pack STMicroelectronics.X-CUBE-EEPRMA1.5.1.0: no header file found
2024-05-10 21:47:41,274 [WARN] ApiManager:304 - Cannot register API 'PGEEZ1:SPI' from pack STMicroelectronics.X-CUBE-EEPRMA1.5.1.0: no header file found
2024-05-10 21:47:41,274 [WARN] ApiManager:304 - Cannot register API 'PGEEZ1:QDSPI' from pack STMicroelectronics.X-CUBE-EEPRMA1.5.1.0: no header file found
2024-05-10 21:47:41,274 [WARN] ModelIntegratedComponent:60 - No mode defined for component null
2024-05-10 21:47:41,274 [WARN] ModelIntegratedComponent:60 - No mode defined for component null
2024-05-10 21:47:41,274 [WARN] ModelIntegratedComponent:60 - No mode defined for component null
2024-05-10 21:47:41,274 [WARN] ModelIntegratedComponent:60 - No mode defined for component null
2024-05-10 21:47:41,274 [WARN] ModelIntegratedComponent:60 - No mode defined for component null
2024-05-10 21:47:41,274 [WARN] ModelIntegratedComponent:60 - No mode defined for component null
2024-05-10 21:47:41,274 [WARN] ModelIntegratedComponent:60 - No mode defined for component null
2024-05-10 21:47:41,274 [WARN] ModelIntegratedComponent:60 - No mode defined for component null
2024-05-10 21:47:41,274 [WARN] ModelIntegratedComponent:60 - No mode defined for component null
2024-05-10 21:47:41,274 [WARN] ModelIntegratedComponent:60 - No mode defined for component null
2024-05-10 21:47:41,274 [WARN] ModelIntegratedComponent:60 - No mode defined for component null
2024-05-10 21:47:41,274 [WARN] ModelIntegratedComponent:60 - No mode defined for component null
2024-05-10 21:47:41,274 [WARN] ModelIntegratedComponent:60 - No mode defined for component null
2024-05-10 21:47:41,274 [WARN] ModelIntegratedComponent:60 - No mode defined for component null
2024-05-10 21:47:41,274 [WARN] ModelIntegratedComponent:60 - No mode defined for component null
2024-05-10 21:47:41,274 [WARN] ModelIntegratedComponent:60 - No mode defined for component null
2024-05-10 21:47:41,274 [WARN] ModelIntegratedComponent:60 - No mode defined for component null
2024-05-10 21:47:41,274 [WARN] ModelIntegratedComponent:60 - No mode defined for component null
2024-05-10 21:47:41,274 [WARN] ModelIntegratedComponent:60 - No mode defined for component null
2024-05-10 21:47:41,274 [WARN] ModelIntegratedComponent:60 - No mode defined for component null
2024-05-10 21:47:41,274 [WARN] ModelIntegratedComponent:60 - No mode defined for component null
2024-05-10 21:47:41,274 [WARN] ModelIntegratedComponent:60 - No mode defined for component null
2024-05-10 21:47:41,274 [WARN] ModelIntegratedComponent:60 - No mode defined for component null
2024-05-10 21:47:41,274 [WARN] ModelIntegratedComponent:60 - No mode defined for component null
2024-05-10 21:47:41,274 [WARN] ModelIntegratedComponent:60 - No mode defined for component null
2024-05-10 21:47:41,274 [WARN] ModelIntegratedComponent:60 - No mode defined for component null
2024-05-10 21:47:41,274 [WARN] ModelIntegratedComponent:60 - No mode defined for component null
2024-05-10 21:47:41,274 [WARN] ModelIntegratedComponent:60 - No mode defined for component null
2024-05-10 21:47:41,274 [WARN] ModelIntegratedComponent:60 - No mode defined for component null
2024-05-10 21:47:41,274 [WARN] ModelIntegratedComponent:60 - No mode defined for component null
2024-05-10 21:47:41,274 [WARN] ModelIntegratedComponent:60 - No mode defined for component null
2024-05-10 21:47:41,274 [WARN] ModelIntegratedComponent:60 - No mode defined for component null
2024-05-10 21:47:41,274 [WARN] ModelIntegratedComponent:60 - No mode defined for component null
2024-05-10 21:47:41,447 [WARN] ApiManager:304 - Cannot register API 'Board Extension:IKS01A3' from pack STMicroelectronics.X-CUBE-MEMS1.10.0.0: no header file found
2024-05-10 21:47:41,447 [WARN] ApiManager:304 - Cannot register API 'Board Extension:IKS02A1' from pack STMicroelectronics.X-CUBE-MEMS1.10.0.0: no header file found
2024-05-10 21:47:41,447 [WARN] ApiManager:304 - Cannot register API 'Board Extension:IKS4A1' from pack STMicroelectronics.X-CUBE-MEMS1.10.0.0: no header file found
2024-05-10 21:47:41,447 [WARN] ApiManager:304 - Cannot register API 'Board Extension:NFC07A1' from pack STMicroelectronics.X-CUBE-NFC7.1.0.1: no header file found
2024-05-10 21:47:41,471 [WARN] ApiManager:304 - Cannot register API 'Board Extension:S2868A1' from pack STMicroelectronics.X-CUBE-SFXS2LP1.4.0.0: no header file found
2024-05-10 21:47:41,471 [WARN] ApiManager:304 - Cannot register API 'Board Extension:S2868A2' from pack STMicroelectronics.X-CUBE-SFXS2LP1.4.0.0: no header file found
2024-05-10 21:47:41,471 [WARN] ApiManager:304 - Cannot register API 'Board Extension:S2915A1' from pack STMicroelectronics.X-CUBE-SFXS2LP1.4.0.0: no header file found
2024-05-10 21:47:41,471 [WARN] ApiManager:304 - Cannot register API 'Wireless:BlueNRG-2' from pack STMicroelectronics.X-CUBE-BLE2.3.3.0: no header file found
2024-05-10 21:47:41,494 [INFO] ThirdPartyModel:282 - Start build external matchings
2024-05-10 21:47:42,169 [INFO] ThirdPartyModel:295 - End build external matchings
2024-05-10 21:47:42,774 [INFO] UtilMem:74 - End LoadConfig() Used Memory: 655346392 Bytes (961544192)
2024-05-10 21:47:42,846 [WARN] ThirdParty:785 - waiting for thirdparty lock release [change project]
2024-05-10 21:47:42,846 [INFO] ThirdParty:787 - entering critical section [change project]
2024-05-10 21:47:42,846 [INFO] ThirdParty:977 - CMSIS Pack Vendor :STMicroelectronics X-CUBE-GNSS1 6.0.0
2024-05-10 21:47:42,846 [INFO] ThirdParty:977 - CMSIS Pack Vendor :STMicroelectronics USB_HOST 2.0.0
2024-05-10 21:47:42,846 [INFO] ThirdParty:977 - CMSIS Pack Vendor :STMicroelectronics FP-SNS-MOTENVWB1 1.4.0
2024-05-10 21:47:42,846 [INFO] ThirdParty:977 - CMSIS Pack Vendor :STMicroelectronics X-CUBE-AZRTOS-F4 1.1.0
2024-05-10 21:47:42,846 [INFO] ThirdParty:977 - CMSIS Pack Vendor :STMicroelectronics LIBJPEG 8.0.0
2024-05-10 21:47:42,846 [INFO] ThirdParty:977 - CMSIS Pack Vendor :STMicroelectronics X-CUBE-SMBUS 2.1.0
2024-05-10 21:47:42,846 [INFO] ThirdParty:977 - CMSIS Pack Vendor :STMicroelectronics USB_DEVICE 3.0.0
2024-05-10 21:47:42,846 [INFO] ThirdParty:977 - CMSIS Pack Vendor :STMicroelectronics X-CUBE-TCPP 4.1.0
2024-05-10 21:47:42,846 [INFO] ThirdParty:977 - CMSIS Pack Vendor :STMicroelectronics X-CUBE-FREERTOS 1.2.0
2024-05-10 21:47:42,846 [INFO] ThirdParty:977 - CMSIS Pack Vendor :STMicroelectronics X-CUBE-AZRTOS-WB 2.0.0
2024-05-10 21:47:42,846 [INFO] ThirdParty:977 - CMSIS Pack Vendor :STMicroelectronics X-CUBE-TOUCHGFX 4.23.2
2024-05-10 21:47:42,846 [INFO] ThirdParty:977 - CMSIS Pack Vendor :STMicroelectronics X-CUBE-AZRTOS-F7 1.1.0
2024-05-10 21:47:42,846 [INFO] ThirdParty:977 - CMSIS Pack Vendor :STMicroelectronics X-CUBE-AZRTOS-L5 2.0.0
2024-05-10 21:47:42,846 [INFO] ThirdParty:977 - CMSIS Pack Vendor :STMicroelectronics USB_DEVICE 2.0.0
2024-05-10 21:47:42,846 [INFO] ThirdParty:977 - CMSIS Pack Vendor :STMicroelectronics X-CUBE-NFC6 3.1.0
2024-05-10 21:47:42,862 [INFO] ThirdParty:977 - CMSIS Pack Vendor :STMicroelectronics X-CUBE-ALGOBUILD 1.3.0
2024-05-10 21:47:42,862 [INFO] ThirdParty:977 - CMSIS Pack Vendor :STMicroelectronics FreeRTOS 0.0.1
2024-05-10 21:47:42,862 [INFO] ThirdParty:977 - CMSIS Pack Vendor :STMicroelectronics X-CUBE-AZRTOS-G0 1.1.0
2024-05-10 21:47:42,862 [INFO] ThirdParty:977 - CMSIS Pack Vendor :STMicroelectronics X-CUBE-SAFEA1 1.2.2
2024-05-10 21:47:42,862 [INFO] ThirdParty:977 - CMSIS Pack Vendor :STMicroelectronics X-CUBE-NFC4 3.0.0
2024-05-10 21:47:42,862 [INFO] ThirdParty:977 - CMSIS Pack Vendor :STMicroelectronics X-CUBE-SUBG2 5.0.0
2024-05-10 21:47:42,862 [INFO] ThirdParty:977 - CMSIS Pack Vendor :STMicroelectronics STM32_WPAN 1.0.0
2024-05-10 21:47:42,862 [INFO] ThirdParty:977 - CMSIS Pack Vendor :STMicroelectronics lwIP 2.0.3
2024-05-10 21:47:42,862 [INFO] ThirdParty:977 - CMSIS Pack Vendor :STMicroelectronics FP-SNS-FLIGHT1 5.0.2
2024-05-10 21:47:42,862 [INFO] ThirdParty:977 - CMSIS Pack Vendor :STMicroelectronics USB_HOST 1.0.0
2024-05-10 21:47:42,862 [INFO] ThirdParty:977 - CMSIS Pack Vendor :STMicroelectronics X-CUBE-AI 9.0.0
2024-05-10 21:47:42,862 [INFO] ThirdParty:977 - CMSIS Pack Vendor :STMicroelectronics X-CUBE-AZRTOS-G4 2.0.0
2024-05-10 21:47:42,862 [INFO] ThirdParty:977 - CMSIS Pack Vendor :STMicroelectronics PDM2PCM 3.1.0
2024-05-10 21:47:42,862 [INFO] ThirdParty:977 - CMSIS Pack Vendor :STMicroelectronics PDM2PCM 3.3.0
2024-05-10 21:47:42,862 [INFO] ThirdParty:977 - CMSIS Pack Vendor :STMicroelectronics X-CUBE-DISPLAY 3.0.0
2024-05-10 21:47:42,862 [INFO] ThirdParty:977 - CMSIS Pack Vendor :wolfSSL I-CUBE-wolfSSL 5.7.0
2024-05-10 21:47:42,862 [INFO] ThirdParty:977 - CMSIS Pack Vendor :STMicroelectronics X-CUBE-BLE1 7.0.0
2024-05-10 21:47:42,862 [INFO] ThirdParty:977 - CMSIS Pack Vendor :STMicroelectronics FP-ATR-SIGFOX1 3.2.0
2024-05-10 21:47:42,862 [INFO] ThirdParty:977 - CMSIS Pack Vendor :STMicroelectronics X-CUBE-ISPU 2.0.0
2024-05-10 21:47:42,862 [INFO] ThirdParty:977 - CMSIS Pack Vendor :STMicroelectronics X-CUBE-EEPRMA1 5.1.0
2024-05-10 21:47:42,862 [INFO] ThirdParty:977 - CMSIS Pack Vendor :STMicroelectronics HAL Drivers 0.0.0
2024-05-10 21:47:42,862 [INFO] ThirdParty:977 - CMSIS Pack Vendor :STMicroelectronics MBEDTLS 2.16.2
2024-05-10 21:47:42,862 [INFO] ThirdParty:977 - CMSIS Pack Vendor :emotas I-CUBE-CANOPEN 1.3.0
2024-05-10 21:47:42,862 [INFO] ThirdParty:977 - CMSIS Pack Vendor :STMicroelectronics X-CUBE-MEMS1 10.0.0
2024-05-10 21:47:42,862 [INFO] ThirdParty:977 - CMSIS Pack Vendor :STMicroelectronics X-CUBE-NFC7 1.0.1
2024-05-10 21:47:42,862 [INFO] ThirdParty:977 - CMSIS Pack Vendor :STMicroelectronics MBEDTLS 2.14.1
2024-05-10 21:47:42,862 [INFO] ThirdParty:977 - CMSIS Pack Vendor :ITTIA_DB I-CUBE-ITTIADB 8.9.0
2024-05-10 21:47:42,862 [INFO] ThirdParty:977 - CMSIS Pack Vendor :portGmbH I-Cube-SoM-uGOAL 1.1.0
2024-05-10 21:47:42,862 [INFO] ThirdParty:977 - CMSIS Pack Vendor :STMicroelectronics X-CUBE-ALS 1.0.1
2024-05-10 21:47:42,862 [INFO] ThirdParty:977 - CMSIS Pack Vendor :STMicroelectronics X-CUBE-BLEMGR 3.1.0
2024-05-10 21:47:42,862 [INFO] ThirdParty:977 - CMSIS Pack Vendor :STMicroelectronics ThreadX 1.0.0
2024-05-10 21:47:42,862 [INFO] ThirdParty:977 - CMSIS Pack Vendor :STMicroelectronics FP-SNS-SMARTAG2 1.2.0
2024-05-10 21:47:42,862 [INFO] ThirdParty:977 - CMSIS Pack Vendor :STMicroelectronics X-CUBE-AZRTOS-WL 2.0.0
2024-05-10 21:47:42,862 [INFO] ThirdParty:977 - CMSIS Pack Vendor :SEGGER I-CUBE-embOS 1.3.1
2024-05-10 21:47:42,862 [INFO] ThirdParty:977 - CMSIS Pack Vendor :STMicroelectronics X-CUBE-ALGOBUILD 1.4.0
2024-05-10 21:47:42,862 [INFO] ThirdParty:977 - CMSIS Pack Vendor :STMicroelectronics FP-SNS-MOTENV1 5.0.0
2024-05-10 21:47:42,862 [INFO] ThirdParty:977 - CMSIS Pack Vendor :STMicroelectronics USB_DEVICE 1.0.0
2024-05-10 21:47:42,862 [INFO] ThirdParty:977 - CMSIS Pack Vendor :STMicroelectronics X-CUBE-AZRTOS-H7RS 1.0.0
2024-05-10 21:47:42,862 [INFO] ThirdParty:977 - CMSIS Pack Vendor :STMicroelectronics X-CUBE-AZRTOS-L4 2.0.0
2024-05-10 21:47:42,862 [INFO] ThirdParty:977 - CMSIS Pack Vendor :STMicroelectronics ThreadX 0.0.2
2024-05-10 21:47:42,862 [INFO] ThirdParty:977 - CMSIS Pack Vendor :WES I-CUBE-Cesium 1.3.0
2024-05-10 21:47:42,862 [INFO] ThirdParty:977 - CMSIS Pack Vendor :STMicroelectronics FP-ATR-ASTRA1 2.0.0
2024-05-10 21:47:42,862 [INFO] ThirdParty:977 - CMSIS Pack Vendor :STMicroelectronics lwIP 2.1.2
2024-05-10 21:47:42,862 [INFO] ThirdParty:977 - CMSIS Pack Vendor :STMicroelectronics X-CUBE-SFXS2LP1 4.0.0
2024-05-10 21:47:42,862 [INFO] ThirdParty:977 - CMSIS Pack Vendor :STMicroelectronics X-CUBE-BLE2 3.3.0
2024-05-10 21:47:42,862 [INFO] ThirdParty:977 - CMSIS Pack Vendor :STMicroelectronics X-CUBE-TOF1 3.4.1
2024-05-10 21:47:42,862 [INFO] ThirdParty:977 - CMSIS Pack Vendor :STMicroelectronics X-CUBE-AZRTOS-H7 3.2.0
2024-05-10 21:47:42,862 [INFO] ThirdParty:977 - CMSIS Pack Vendor :Infineon AIROC-Wi-Fi-Bluetooth-STM32 1.6.0
2024-05-10 21:47:42,862 [INFO] ThirdParty:977 - CMSIS Pack Vendor :STMicroelectronics PDM2PCM 3.2.0
2024-05-10 21:47:42,874 [INFO] ThirdParty:793 - exiting critical section [change project]
2024-05-10 21:47:43,254 [INFO] PinOutPanel:1465 - setPackage(No Configuration,No Configuration)
2024-05-10 21:47:43,254 [INFO] PinOutPanel:1465 - setPackage(STM32F103C8Tx,LQFP48)
2024-05-10 21:47:43,584 [INFO] UtilMem:74 - Before build in PCC Used Memory: 733984888 Bytes (961544192)
2024-05-10 21:47:44,212 [INFO] UtilMem:74 - After build in PCC Used Memory: 776460424 Bytes (961544192)
2024-05-10 21:47:44,243 [INFO] IPUIPlugin:75 - create IPUIPlugin
2024-05-10 21:47:44,258 [INFO] IPUIPlugin:75 - create IPUIPlugin
2024-05-10 21:47:44,258 [INFO] IPUIPlugin:75 - create IPUIPlugin
2024-05-10 21:47:44,258 [INFO] IPUIPlugin:75 - create IPUIPlugin
2024-05-10 21:47:44,258 [INFO] IPUIPlugin:75 - create IPUIPlugin
2024-05-10 21:47:44,258 [INFO] IPUIPlugin:75 - create IPUIPlugin
2024-05-10 21:47:44,258 [INFO] IPUIPlugin:75 - create IPUIPlugin
2024-05-10 21:47:44,258 [INFO] IPUIPlugin:75 - create IPUIPlugin
2024-05-10 21:47:44,258 [INFO] IPUIPlugin:75 - create IPUIPlugin
2024-05-10 21:47:44,258 [INFO] IPUIPlugin:75 - create IPUIPlugin
2024-05-10 21:47:44,258 [INFO] IPUIPlugin:75 - create IPUIPlugin
2024-05-10 21:47:44,258 [INFO] IPUIPlugin:75 - create IPUIPlugin
2024-05-10 21:47:44,258 [INFO] IPUIPlugin:75 - create IPUIPlugin
2024-05-10 21:47:44,258 [INFO] IPUIPlugin:75 - create IPUIPlugin
2024-05-10 21:47:44,258 [INFO] IPUIPlugin:75 - create IPUIPlugin
2024-05-10 21:47:44,258 [INFO] IPUIPlugin:75 - create IPUIPlugin
2024-05-10 21:47:44,258 [INFO] IPUIPlugin:75 - create IPUIPlugin
2024-05-10 21:47:44,258 [INFO] IPUIPlugin:75 - create IPUIPlugin
2024-05-10 21:47:44,258 [INFO] IPUIPlugin:75 - create IPUIPlugin
2024-05-10 21:47:44,258 [INFO] IPUIPlugin:75 - create IPUIPlugin
2024-05-10 21:47:44,258 [INFO] IPUIPlugin:75 - create IPUIPlugin
2024-05-10 21:47:44,258 [INFO] IPUIPlugin:75 - create IPUIPlugin
2024-05-10 21:47:44,258 [INFO] IPUIPlugin:75 - create IPUIPlugin
2024-05-10 21:47:44,258 [INFO] IPUIPlugin:75 - create IPUIPlugin
2024-05-10 21:47:44,258 [INFO] IPUIPlugin:75 - create IPUIPlugin
2024-05-10 21:47:44,258 [INFO] IPUIPlugin:75 - create IPUIPlugin
2024-05-10 21:47:44,258 [INFO] IPUIPlugin:75 - create IPUIPlugin
2024-05-10 21:47:44,361 [INFO] OpenFileManager:323 - Restore cursor
2024-05-10 21:47:45,193 [INFO] UtilMem:74 - End SaveConfig() Used Memory: 624058280 Bytes (961544192)
2024-05-10 21:47:45,288 [INFO] UtilMem:74 - End SaveConfig() Used Memory: 635904616 Bytes (961544192)
2024-05-10 21:47:45,758 [INFO] BlockDiagram:2740 - set Specific Code input for plugin: NVIC
2024-05-10 21:47:45,758 [INFO] BlockDiagram:2740 - set Specific Code input for plugin: SYS
2024-05-10 21:47:45,758 [INFO] BlockDiagram:2740 - set Specific Code input for plugin: RCC
2024-05-10 21:47:45,758 [INFO] CodeGenerator:681 - code generatio: config db path: C:\ST\STM32CubeIDE_1.9.0\STM32CubeIDE\plugins\com.st.stm32cube.common.mx_6.5.0.202202251913\\db\
2024-05-10 21:47:46,120 [INFO] CodeEngine:237 - oldGeneratedFile, C:\Users\hoatt\STM32CubeIDE\wsp_boot_use_uart\FW2_app1_receive_fr_PC\MXTmpFiles\license.tmp_save
2024-05-10 21:47:46,261 [INFO] CodeEngine:261 - Generated code: C:\Users\hoatt\STM32CubeIDE\wsp_boot_use_uart\FW2_app1_receive_fr_PC\MXTmpFiles\license.tmp
2024-05-10 21:47:46,355 [INFO] CodeEngine:237 - oldGeneratedFile, C:\Users\hoatt\STM32CubeIDE\wsp_boot_use_uart\FW2_app1_receive_fr_PC\Core\Src\stm32f1xx_it.c_save
2024-05-10 21:47:46,528 [INFO] CodeEngine:261 - Generated code: C:\Users\hoatt\STM32CubeIDE\wsp_boot_use_uart\FW2_app1_receive_fr_PC\Core\Src\stm32f1xx_it.c
2024-05-10 21:47:46,528 [INFO] CodeEngine:237 - oldGeneratedFile, C:\Users\hoatt\STM32CubeIDE\wsp_boot_use_uart\FW2_app1_receive_fr_PC\Core\Inc\stm32f1xx_it.h_save
2024-05-10 21:47:46,732 [INFO] CodeEngine:261 - Generated code: C:\Users\hoatt\STM32CubeIDE\wsp_boot_use_uart\FW2_app1_receive_fr_PC\Core\Inc\stm32f1xx_it.h
2024-05-10 21:47:46,783 [INFO] CodeEngine:237 - oldGeneratedFile, C:\Users\hoatt\STM32CubeIDE\wsp_boot_use_uart\FW2_app1_receive_fr_PC\Core\Src\stm32f1xx_hal_msp.c_save
2024-05-10 21:47:47,014 [INFO] CodeEngine:261 - Generated code: C:\Users\hoatt\STM32CubeIDE\wsp_boot_use_uart\FW2_app1_receive_fr_PC\Core\Src\stm32f1xx_hal_msp.c
2024-05-10 21:47:47,030 [INFO] CodeEngine:237 - oldGeneratedFile, C:\Users\hoatt\STM32CubeIDE\wsp_boot_use_uart\FW2_app1_receive_fr_PC\MXTmpFiles\system.tmp_save
2024-05-10 21:47:47,187 [INFO] CodeEngine:261 - Generated code: C:\Users\hoatt\STM32CubeIDE\wsp_boot_use_uart\FW2_app1_receive_fr_PC\MXTmpFiles\system.tmp
2024-05-10 21:47:47,218 [INFO] CodeEngine:237 - oldGeneratedFile, C:\Users\hoatt\STM32CubeIDE\wsp_boot_use_uart\FW2_app1_receive_fr_PC\Core\Inc\stm32f1xx_hal_conf.h_save
2024-05-10 21:47:47,359 [INFO] CodeEngine:261 - Generated code: C:\Users\hoatt\STM32CubeIDE\wsp_boot_use_uart\FW2_app1_receive_fr_PC\Core\Inc\stm32f1xx_hal_conf.h
2024-05-10 21:47:47,407 [INFO] CodeEngine:237 - oldGeneratedFile, C:\Users\hoatt\STM32CubeIDE\wsp_boot_use_uart\FW2_app1_receive_fr_PC\Core\Inc\main.h_save
2024-05-10 21:47:47,547 [INFO] CodeEngine:261 - Generated code: C:\Users\hoatt\STM32CubeIDE\wsp_boot_use_uart\FW2_app1_receive_fr_PC\Core\Inc\main.h
2024-05-10 21:47:47,563 [INFO] CodeEngine:237 - oldGeneratedFile, C:\Users\hoatt\STM32CubeIDE\wsp_boot_use_uart\FW2_app1_receive_fr_PC\Core\Src\main.c_save
2024-05-10 21:47:47,751 [INFO] CodeEngine:261 - Generated code: C:\Users\hoatt\STM32CubeIDE\wsp_boot_use_uart\FW2_app1_receive_fr_PC\Core\Src\main.c
2024-05-10 21:47:49,382 [INFO] ProjectBuilder:2913 - Time for Copy HAL[1] : 486mS.
2024-05-10 21:47:49,389 [INFO] ProjectBuilder:4015 - Project Generator version: 3.16.0
2024-05-10 21:47:50,168 [INFO] ConfigFileManager:1287 - The Die is : DIE410
2024-05-10 21:47:50,183 [INFO] ApiDbMcu:488 - Load IP Config File for FATFS
2024-05-10 21:47:50,246 [INFO] ApiDbMcu:488 - Load IP Config File for FREERTOS
2024-05-10 21:47:50,277 [INFO] ApiDbMcu:488 - Load IP Config File for USB_DEVICE
2024-05-10 21:47:55,079 [INFO] ProjectBuilder:4183 - Time for Generating toolchain IDE Files: 5690mS.
2024-05-10 21:47:55,079 [INFO] ProjectBuilder:2785 - Time for Copy CMSIS : 0mS.
2024-05-10 21:47:55,102 [INFO] ProjectBuilder:2785 - Time for Copy CMSIS : 0mS.
2024-05-10 21:47:57,106 [INFO] McuFinderGlobals:52 - Set McuFinderConnectedMode to true
2024-05-10 21:47:57,120 [INFO] ApiDb:432 - Save user favorites file C:\Users\hoatt/.stm32cubeide/favorites.mcus.txt: 1 item(s)
2024-05-10 21:47:57,120 [INFO] ApiDb:436 - User favorites MCUs=[STM32F103C8T6]
2024-05-10 21:48:52,306 [INFO] UtilMem:74 - End SaveConfig() Used Memory: 600713040 Bytes (980418560)
2024-05-10 21:48:54,001 [INFO] UtilMem:74 - End SaveConfig() Used Memory: 618459368 Bytes (980418560)
2024-05-10 21:48:57,097 [INFO] UtilMem:74 - End SaveConfig() Used Memory: 682750848 Bytes (980418560)
2024-05-10 21:48:57,563 [INFO] BlockDiagram:2740 - set Specific Code input for plugin: NVIC
2024-05-10 21:48:57,563 [INFO] BlockDiagram:2740 - set Specific Code input for plugin: SYS
2024-05-10 21:48:57,563 [INFO] BlockDiagram:2740 - set Specific Code input for plugin: GPIO
2024-05-10 21:48:57,563 [INFO] BlockDiagram:2740 - set Specific Code input for plugin: RCC
2024-05-10 21:48:57,578 [INFO] CodeGenerator:681 - code generatio: config db path: C:\ST\STM32CubeIDE_1.9.0\STM32CubeIDE\plugins\com.st.stm32cube.common.mx_6.5.0.202202251913\\db\
2024-05-10 21:48:58,080 [INFO] CodeEngine:237 - oldGeneratedFile, C:\Users\hoatt\STM32CubeIDE\wsp_boot_use_uart\FW2_app1_receive_fr_PC\MXTmpFiles\license.tmp_save
2024-05-10 21:48:58,221 [INFO] CodeEngine:261 - Generated code: C:\Users\hoatt\STM32CubeIDE\wsp_boot_use_uart\FW2_app1_receive_fr_PC\MXTmpFiles\license.tmp
2024-05-10 21:48:58,268 [INFO] CodeEngine:237 - oldGeneratedFile, C:\Users\hoatt\STM32CubeIDE\wsp_boot_use_uart\FW2_app1_receive_fr_PC\MXTmpFiles\gpio.tmp_save
2024-05-10 21:48:58,409 [INFO] CodeEngine:261 - Generated code: C:\Users\hoatt\STM32CubeIDE\wsp_boot_use_uart\FW2_app1_receive_fr_PC\MXTmpFiles\gpio.tmp
2024-05-10 21:48:58,456 [INFO] CodeEngine:237 - oldGeneratedFile, C:\Users\hoatt\STM32CubeIDE\wsp_boot_use_uart\FW2_app1_receive_fr_PC\Core\Src\stm32f1xx_it.c_save
2024-05-10 21:48:58,644 [INFO] CodeEngine:261 - Generated code: C:\Users\hoatt\STM32CubeIDE\wsp_boot_use_uart\FW2_app1_receive_fr_PC\Core\Src\stm32f1xx_it.c
2024-05-10 21:48:58,666 [INFO] CodeEngine:237 - oldGeneratedFile, C:\Users\hoatt\STM32CubeIDE\wsp_boot_use_uart\FW2_app1_receive_fr_PC\Core\Inc\stm32f1xx_it.h_save
2024-05-10 21:48:58,817 [INFO] CodeEngine:261 - Generated code: C:\Users\hoatt\STM32CubeIDE\wsp_boot_use_uart\FW2_app1_receive_fr_PC\Core\Inc\stm32f1xx_it.h
2024-05-10 21:48:58,849 [INFO] CodeEngine:237 - oldGeneratedFile, C:\Users\hoatt\STM32CubeIDE\wsp_boot_use_uart\FW2_app1_receive_fr_PC\Core\Src\stm32f1xx_hal_msp.c_save
2024-05-10 21:48:59,053 [INFO] CodeEngine:261 - Generated code: C:\Users\hoatt\STM32CubeIDE\wsp_boot_use_uart\FW2_app1_receive_fr_PC\Core\Src\stm32f1xx_hal_msp.c
2024-05-10 21:48:59,069 [INFO] CodeEngine:237 - oldGeneratedFile, C:\Users\hoatt\STM32CubeIDE\wsp_boot_use_uart\FW2_app1_receive_fr_PC\MXTmpFiles\system.tmp_save
2024-05-10 21:48:59,195 [INFO] CodeEngine:261 - Generated code: C:\Users\hoatt\STM32CubeIDE\wsp_boot_use_uart\FW2_app1_receive_fr_PC\MXTmpFiles\system.tmp
2024-05-10 21:48:59,226 [INFO] CodeEngine:237 - oldGeneratedFile, C:\Users\hoatt\STM32CubeIDE\wsp_boot_use_uart\FW2_app1_receive_fr_PC\Core\Inc\stm32f1xx_hal_conf.h_save
2024-05-10 21:48:59,382 [INFO] CodeEngine:261 - Generated code: C:\Users\hoatt\STM32CubeIDE\wsp_boot_use_uart\FW2_app1_receive_fr_PC\Core\Inc\stm32f1xx_hal_conf.h
2024-05-10 21:48:59,445 [INFO] CodeEngine:237 - oldGeneratedFile, C:\Users\hoatt\STM32CubeIDE\wsp_boot_use_uart\FW2_app1_receive_fr_PC\Core\Inc\main.h_save
2024-05-10 21:48:59,571 [INFO] CodeEngine:261 - Generated code: C:\Users\hoatt\STM32CubeIDE\wsp_boot_use_uart\FW2_app1_receive_fr_PC\Core\Inc\main.h
2024-05-10 21:48:59,602 [INFO] CodeEngine:237 - oldGeneratedFile, C:\Users\hoatt\STM32CubeIDE\wsp_boot_use_uart\FW2_app1_receive_fr_PC\Core\Src\main.c_save
2024-05-10 21:48:59,853 [INFO] CodeEngine:261 - Generated code: C:\Users\hoatt\STM32CubeIDE\wsp_boot_use_uart\FW2_app1_receive_fr_PC\Core\Src\main.c
2024-05-10 21:49:01,580 [INFO] ProjectBuilder:2913 - Time for Copy HAL[1] : 502mS.
2024-05-10 21:49:01,580 [INFO] ProjectBuilder:4015 - Project Generator version: 3.16.0
2024-05-10 21:49:02,097 [INFO] ConfigFileManager:1287 - The Die is : DIE410
2024-05-10 21:49:04,953 [INFO] ProjectBuilder:4183 - Time for Generating toolchain IDE Files: 3373mS.
2024-05-10 21:49:04,969 [INFO] ProjectBuilder:2785 - Time for Copy CMSIS : 0mS.
2024-05-10 21:49:04,979 [INFO] ProjectBuilder:2785 - Time for Copy CMSIS : 0mS.
2024-05-10 21:49:14,963 [INFO] MainUpdater:2729 - connection check result : 10
2024-05-10 21:49:15,223 [INFO] McuFinderGlobals:52 - Set McuFinderConnectedMode to true
2024-05-10 21:49:15,223 [INFO] MultiScanPanel:195 - Auto-refresh data requested => check proxy status ongoing
2024-05-10 21:49:15,223 [INFO] FinderPluginLoader:87 - Searching for filters in installed packs
2024-05-10 21:49:16,699 [INFO] LoadUrlFilesThread:173 - End of LoadServerUrlFiles without Thread
2024-05-10 21:49:16,699 [INFO] DetailPanel:315 - Set advertising image to C:/Users/hoatt/STM32Cube/Repository/\en.prom-stm32h7rs-mcu-finder.png
2024-05-10 21:49:17,562 [INFO] MultiScanPanel:787 - Auto Refresh Data is not needed
2024-05-10 21:49:39,818 [INFO] MainUpdater:2729 - connection check result : 10
2024-05-10 21:49:39,818 [INFO] MainUpdater:2729 - connection check result : 10
2024-05-10 21:49:39,975 [INFO] MicroXplorer:447 - Change Database Path : 
2024-05-10 21:49:39,975 [INFO] MicroXplorer:477 - Change Database Version : DB.6.0.50
2024-05-10 21:49:39,990 [WARN] ThirdParty:823 - waiting for thirdparty lock release [close project]
2024-05-10 21:49:39,990 [INFO] ThirdParty:825 - entering critical section [close project]
2024-05-10 21:49:39,990 [INFO] ThirdParty:835 - exiting critical section [close project]
2024-05-10 21:49:39,990 [INFO] PinOutPanel:1465 - setPackage(No Configuration,No Configuration)
2024-05-10 21:49:40,007 [INFO] UtilMem:74 - Begin LoadConfig() Used Memory: 679941760 Bytes (984612864)
2024-05-10 21:49:40,007 [INFO] MicroXplorer:447 - Change Database Path : 
2024-05-10 21:49:40,007 [INFO] MicroXplorer:477 - Change Database Version : DB.6.0.50
2024-05-10 21:49:40,007 [INFO] OpenFileManager:303 - Change cursor
2024-05-10 21:49:40,022 [INFO] RulesReader:57 - Compatibility file has been processed (281 Rules)
2024-05-10 21:49:40,034 [INFO] Mcu:1893 - Initializing MCU STM32F103C8Tx STM32F103C8Tx 
2024-05-10 21:49:40,034 [INFO] Mcu:1906 - No CPN specified => set CPN to STM32F103C8T6
2024-05-10 21:49:41,792 [INFO] Context:599 - Trying to add GPIOservice into a context  which must be forbidden
2024-05-10 21:49:42,231 [INFO] ImportTextPane:183 - (OptionalMessage_ERROR) Unable to find key (Mcu.ThirdPartyNb) in loaded IOC file
2024-05-10 21:49:42,231 [INFO] ImportTextPane:183 - (OptionalMessage_ERROR) Unable to find key (Mcu.PinsNb) in loaded IOC file
2024-05-10 21:49:42,231 [INFO] ImportTextPane:183 - (OptionalMessage_ERROR) Unable to find key (Mcu.IPNb) in loaded IOC file
2024-05-10 21:49:42,247 [WARN] ApiManager:304 - Cannot register API 'Board Extension:GNSS1A1' from pack STMicroelectronics.X-CUBE-GNSS1.6.0.0: no header file found
2024-05-10 21:49:42,247 [WARN] ApiManager:304 - Cannot register API 'Board Support:Custom' from pack STMicroelectronics.X-CUBE-GNSS1.6.0.0: no header file found
2024-05-10 21:49:42,247 [WARN] ApiManager:304 - Cannot register API 'Data Exchange:lib_gnss' from pack STMicroelectronics.X-CUBE-GNSS1.6.0.0: no header file found
2024-05-10 21:49:42,262 [WARN] ApiManager:304 - Cannot register API 'Board Extension:NFC06A1' from pack STMicroelectronics.X-CUBE-NFC6.3.1.0: no header file found
2024-05-10 21:49:42,262 [WARN] ApiManager:304 - Cannot register API 'Board Extension:NFC08A1' from pack STMicroelectronics.X-CUBE-NFC6.3.1.0: no header file found
2024-05-10 21:49:42,262 [INFO] RtosManager:484 - Registered RTOS mode: class=CMSIS, group=RTOS, mode=CMSIS_V1, owner=FREERTOS
2024-05-10 21:49:42,262 [INFO] RtosManager:484 - Registered RTOS mode: class=CMSIS, group=RTOS2, mode=CMSIS_V2, owner=FREERTOS
2024-05-10 21:49:42,262 [INFO] RtosManager:484 - Registered RTOS mode: class=RTOS, group=Core, mode=CMSIS_V1, owner=FREERTOS
2024-05-10 21:49:42,262 [INFO] RtosManager:484 - Registered RTOS mode: class=RTOS, group=Core, mode=CMSIS_V2, owner=FREERTOS
2024-05-10 21:49:42,262 [WARN] ModelIntegratedComponent:181 - Missing modes for component STMicroelectronics:FreeRTOS:0.0.1:STMicroelectronics:RTOS:FreeRTOS:Core:::10.2.0:
2024-05-10 21:49:42,262 [WARN] ApiManager:304 - Cannot register API 'Board Extension:STSAFEA1' from pack STMicroelectronics.X-CUBE-SAFEA1.1.2.2: no header file found
2024-05-10 21:49:42,262 [WARN] ApiManager:304 - Cannot register API 'Board Part:STSAFEA110' from pack STMicroelectronics.X-CUBE-SAFEA1.1.2.2: no header file found
2024-05-10 21:49:42,262 [WARN] ApiManager:304 - Cannot register API 'Security:ST_Cryptolib' from pack STMicroelectronics.X-CUBE-SAFEA1.1.2.2: no header file found
2024-05-10 21:49:42,262 [WARN] ApiManager:304 - Cannot register API 'Security:MbedTLS' from pack STMicroelectronics.X-CUBE-SAFEA1.1.2.2: no header file found
2024-05-10 21:49:42,262 [WARN] ApiManager:304 - Cannot register API 'Board Extension:NFC04A1' from pack STMicroelectronics.X-CUBE-NFC4.3.0.0: no header file found
2024-05-10 21:49:42,278 [WARN] ApiManager:304 - Cannot register API 'Board Extension:S2868A1' from pack STMicroelectronics.X-CUBE-SUBG2.5.0.0: no header file found
2024-05-10 21:49:42,278 [WARN] ApiManager:304 - Cannot register API 'Board Extension:S2868A2' from pack STMicroelectronics.X-CUBE-SUBG2.5.0.0: no header file found
2024-05-10 21:49:42,278 [WARN] ApiManager:304 - Cannot register API 'Board Extension:S2915A1' from pack STMicroelectronics.X-CUBE-SUBG2.5.0.0: no header file found
2024-05-10 21:49:42,278 [WARN] ApiManager:304 - Cannot register API 'Wireless:BlueNRG-MS' from pack STMicroelectronics.X-CUBE-BLE1.7.0.0: no header file found
2024-05-10 21:49:42,278 [WARN] ApiManager:304 - Cannot register API 'Board Extension:EEPRMA2' from pack STMicroelectronics.X-CUBE-EEPRMA1.5.1.0: no header file found
2024-05-10 21:49:42,278 [WARN] ApiManager:304 - Cannot register API 'Board Extension:PGEEZ1' from pack STMicroelectronics.X-CUBE-EEPRMA1.5.1.0: no header file found
2024-05-10 21:49:42,278 [WARN] ApiManager:304 - Cannot register API 'Board Extension:EEICA1' from pack STMicroelectronics.X-CUBE-EEPRMA1.5.1.0: no header file found
2024-05-10 21:49:42,278 [WARN] ApiManager:304 - Cannot register API 'Board Part:M24' from pack STMicroelectronics.X-CUBE-EEPRMA1.5.1.0: no header file found
2024-05-10 21:49:42,278 [WARN] ApiManager:304 - Cannot register API 'Board Part:M95' from pack STMicroelectronics.X-CUBE-EEPRMA1.5.1.0: no header file found
2024-05-10 21:49:42,278 [WARN] ApiManager:304 - Cannot register API 'Board Part:M95P32' from pack STMicroelectronics.X-CUBE-EEPRMA1.5.1.0: no header file found
2024-05-10 21:49:42,278 [WARN] ApiManager:304 - Cannot register API 'Board Part:M24256E-F' from pack STMicroelectronics.X-CUBE-EEPRMA1.5.1.0: no header file found
2024-05-10 21:49:42,278 [WARN] ApiManager:304 - Cannot register API 'Board Part:M24M01E-F' from pack STMicroelectronics.X-CUBE-EEPRMA1.5.1.0: no header file found
2024-05-10 21:49:42,278 [WARN] ApiManager:304 - Cannot register API 'PGEEZ1:SPI' from pack STMicroelectronics.X-CUBE-EEPRMA1.5.1.0: no header file found
2024-05-10 21:49:42,278 [WARN] ApiManager:304 - Cannot register API 'PGEEZ1:QDSPI' from pack STMicroelectronics.X-CUBE-EEPRMA1.5.1.0: no header file found
2024-05-10 21:49:42,278 [WARN] ModelIntegratedComponent:60 - No mode defined for component null
2024-05-10 21:49:42,278 [WARN] ModelIntegratedComponent:60 - No mode defined for component null
2024-05-10 21:49:42,278 [WARN] ModelIntegratedComponent:60 - No mode defined for component null
2024-05-10 21:49:42,278 [WARN] ModelIntegratedComponent:60 - No mode defined for component null
2024-05-10 21:49:42,278 [WARN] ModelIntegratedComponent:60 - No mode defined for component null
2024-05-10 21:49:42,278 [WARN] ModelIntegratedComponent:60 - No mode defined for component null
2024-05-10 21:49:42,278 [WARN] ModelIntegratedComponent:60 - No mode defined for component null
2024-05-10 21:49:42,278 [WARN] ModelIntegratedComponent:60 - No mode defined for component null
2024-05-10 21:49:42,278 [WARN] ModelIntegratedComponent:60 - No mode defined for component null
2024-05-10 21:49:42,278 [WARN] ModelIntegratedComponent:60 - No mode defined for component null
2024-05-10 21:49:42,278 [WARN] ModelIntegratedComponent:60 - No mode defined for component null
2024-05-10 21:49:42,278 [WARN] ModelIntegratedComponent:60 - No mode defined for component null
2024-05-10 21:49:42,293 [WARN] ModelIntegratedComponent:60 - No mode defined for component null
2024-05-10 21:49:42,293 [WARN] ModelIntegratedComponent:60 - No mode defined for component null
2024-05-10 21:49:42,293 [WARN] ModelIntegratedComponent:60 - No mode defined for component null
2024-05-10 21:49:42,293 [WARN] ModelIntegratedComponent:60 - No mode defined for component null
2024-05-10 21:49:42,293 [WARN] ModelIntegratedComponent:60 - No mode defined for component null
2024-05-10 21:49:42,293 [WARN] ModelIntegratedComponent:60 - No mode defined for component null
2024-05-10 21:49:42,293 [WARN] ModelIntegratedComponent:60 - No mode defined for component null
2024-05-10 21:49:42,293 [WARN] ModelIntegratedComponent:60 - No mode defined for component null
2024-05-10 21:49:42,293 [WARN] ModelIntegratedComponent:60 - No mode defined for component null
2024-05-10 21:49:42,293 [WARN] ModelIntegratedComponent:60 - No mode defined for component null
2024-05-10 21:49:42,293 [WARN] ModelIntegratedComponent:60 - No mode defined for component null
2024-05-10 21:49:42,293 [WARN] ModelIntegratedComponent:60 - No mode defined for component null
2024-05-10 21:49:42,293 [WARN] ModelIntegratedComponent:60 - No mode defined for component null
2024-05-10 21:49:42,293 [WARN] ModelIntegratedComponent:60 - No mode defined for component null
2024-05-10 21:49:42,293 [WARN] ModelIntegratedComponent:60 - No mode defined for component null
2024-05-10 21:49:42,293 [WARN] ModelIntegratedComponent:60 - No mode defined for component null
2024-05-10 21:49:42,293 [WARN] ModelIntegratedComponent:60 - No mode defined for component null
2024-05-10 21:49:42,293 [WARN] ModelIntegratedComponent:60 - No mode defined for component null
2024-05-10 21:49:42,293 [WARN] ModelIntegratedComponent:60 - No mode defined for component null
2024-05-10 21:49:42,293 [WARN] ModelIntegratedComponent:60 - No mode defined for component null
2024-05-10 21:49:42,293 [WARN] ModelIntegratedComponent:60 - No mode defined for component null
2024-05-10 21:49:42,561 [WARN] ApiManager:304 - Cannot register API 'Board Extension:IKS01A3' from pack STMicroelectronics.X-CUBE-MEMS1.10.0.0: no header file found
2024-05-10 21:49:42,561 [WARN] ApiManager:304 - Cannot register API 'Board Extension:IKS02A1' from pack STMicroelectronics.X-CUBE-MEMS1.10.0.0: no header file found
2024-05-10 21:49:42,561 [WARN] ApiManager:304 - Cannot register API 'Board Extension:IKS4A1' from pack STMicroelectronics.X-CUBE-MEMS1.10.0.0: no header file found
2024-05-10 21:49:42,576 [WARN] ApiManager:304 - Cannot register API 'Board Extension:NFC07A1' from pack STMicroelectronics.X-CUBE-NFC7.1.0.1: no header file found
2024-05-10 21:49:42,592 [WARN] ApiManager:304 - Cannot register API 'Board Extension:S2868A1' from pack STMicroelectronics.X-CUBE-SFXS2LP1.4.0.0: no header file found
2024-05-10 21:49:42,592 [WARN] ApiManager:304 - Cannot register API 'Board Extension:S2868A2' from pack STMicroelectronics.X-CUBE-SFXS2LP1.4.0.0: no header file found
2024-05-10 21:49:42,592 [WARN] ApiManager:304 - Cannot register API 'Board Extension:S2915A1' from pack STMicroelectronics.X-CUBE-SFXS2LP1.4.0.0: no header file found
2024-05-10 21:49:42,592 [WARN] ApiManager:304 - Cannot register API 'Wireless:BlueNRG-2' from pack STMicroelectronics.X-CUBE-BLE2.3.3.0: no header file found
2024-05-10 21:49:42,613 [INFO] ThirdPartyModel:282 - Start build external matchings
2024-05-10 21:49:43,440 [INFO] ThirdPartyModel:295 - End build external matchings
2024-05-10 21:49:43,916 [INFO] UtilMem:74 - End LoadConfig() Used Memory: 781922488 Bytes (984612864)
2024-05-10 21:49:43,991 [WARN] ThirdParty:785 - waiting for thirdparty lock release [change project]
2024-05-10 21:49:43,991 [INFO] ThirdParty:787 - entering critical section [change project]
2024-05-10 21:49:43,991 [INFO] ThirdParty:977 - CMSIS Pack Vendor :STMicroelectronics X-CUBE-GNSS1 6.0.0
2024-05-10 21:49:43,991 [INFO] ThirdParty:977 - CMSIS Pack Vendor :STMicroelectronics USB_HOST 2.0.0
2024-05-10 21:49:43,991 [INFO] ThirdParty:977 - CMSIS Pack Vendor :STMicroelectronics FP-SNS-MOTENVWB1 1.4.0
2024-05-10 21:49:44,006 [INFO] ThirdParty:977 - CMSIS Pack Vendor :STMicroelectronics X-CUBE-AZRTOS-F4 1.1.0
2024-05-10 21:49:44,006 [INFO] ThirdParty:977 - CMSIS Pack Vendor :STMicroelectronics LIBJPEG 8.0.0
2024-05-10 21:49:44,006 [INFO] ThirdParty:977 - CMSIS Pack Vendor :STMicroelectronics X-CUBE-SMBUS 2.1.0
2024-05-10 21:49:44,006 [INFO] ThirdParty:977 - CMSIS Pack Vendor :STMicroelectronics USB_DEVICE 3.0.0
2024-05-10 21:49:44,006 [INFO] ThirdParty:977 - CMSIS Pack Vendor :STMicroelectronics X-CUBE-TCPP 4.1.0
2024-05-10 21:49:44,006 [INFO] ThirdParty:977 - CMSIS Pack Vendor :STMicroelectronics X-CUBE-FREERTOS 1.2.0
2024-05-10 21:49:44,006 [INFO] ThirdParty:977 - CMSIS Pack Vendor :STMicroelectronics X-CUBE-AZRTOS-WB 2.0.0
2024-05-10 21:49:44,006 [INFO] ThirdParty:977 - CMSIS Pack Vendor :STMicroelectronics X-CUBE-TOUCHGFX 4.23.2
2024-05-10 21:49:44,006 [INFO] ThirdParty:977 - CMSIS Pack Vendor :STMicroelectronics X-CUBE-AZRTOS-F7 1.1.0
2024-05-10 21:49:44,006 [INFO] ThirdParty:977 - CMSIS Pack Vendor :STMicroelectronics X-CUBE-AZRTOS-L5 2.0.0
2024-05-10 21:49:44,006 [INFO] ThirdParty:977 - CMSIS Pack Vendor :STMicroelectronics USB_DEVICE 2.0.0
2024-05-10 21:49:44,006 [INFO] ThirdParty:977 - CMSIS Pack Vendor :STMicroelectronics X-CUBE-NFC6 3.1.0
2024-05-10 21:49:44,006 [INFO] ThirdParty:977 - CMSIS Pack Vendor :STMicroelectronics X-CUBE-ALGOBUILD 1.3.0
2024-05-10 21:49:44,006 [INFO] ThirdParty:977 - CMSIS Pack Vendor :STMicroelectronics FreeRTOS 0.0.1
2024-05-10 21:49:44,006 [INFO] ThirdParty:977 - CMSIS Pack Vendor :STMicroelectronics X-CUBE-AZRTOS-G0 1.1.0
2024-05-10 21:49:44,006 [INFO] ThirdParty:977 - CMSIS Pack Vendor :STMicroelectronics X-CUBE-SAFEA1 1.2.2
2024-05-10 21:49:44,006 [INFO] ThirdParty:977 - CMSIS Pack Vendor :STMicroelectronics X-CUBE-NFC4 3.0.0
2024-05-10 21:49:44,006 [INFO] ThirdParty:977 - CMSIS Pack Vendor :STMicroelectronics X-CUBE-SUBG2 5.0.0
2024-05-10 21:49:44,006 [INFO] ThirdParty:977 - CMSIS Pack Vendor :STMicroelectronics STM32_WPAN 1.0.0
2024-05-10 21:49:44,006 [INFO] ThirdParty:977 - CMSIS Pack Vendor :STMicroelectronics lwIP 2.0.3
2024-05-10 21:49:44,006 [INFO] ThirdParty:977 - CMSIS Pack Vendor :STMicroelectronics FP-SNS-FLIGHT1 5.0.2
2024-05-10 21:49:44,006 [INFO] ThirdParty:977 - CMSIS Pack Vendor :STMicroelectronics USB_HOST 1.0.0
2024-05-10 21:49:44,006 [INFO] ThirdParty:977 - CMSIS Pack Vendor :STMicroelectronics X-CUBE-AI 9.0.0
2024-05-10 21:49:44,006 [INFO] ThirdParty:977 - CMSIS Pack Vendor :STMicroelectronics X-CUBE-AZRTOS-G4 2.0.0
2024-05-10 21:49:44,006 [INFO] ThirdParty:977 - CMSIS Pack Vendor :STMicroelectronics PDM2PCM 3.1.0
2024-05-10 21:49:44,006 [INFO] ThirdParty:977 - CMSIS Pack Vendor :STMicroelectronics PDM2PCM 3.3.0
2024-05-10 21:49:44,006 [INFO] ThirdParty:977 - CMSIS Pack Vendor :STMicroelectronics X-CUBE-DISPLAY 3.0.0
2024-05-10 21:49:44,006 [INFO] ThirdParty:977 - CMSIS Pack Vendor :wolfSSL I-CUBE-wolfSSL 5.7.0
2024-05-10 21:49:44,006 [INFO] ThirdParty:977 - CMSIS Pack Vendor :STMicroelectronics X-CUBE-BLE1 7.0.0
2024-05-10 21:49:44,006 [INFO] ThirdParty:977 - CMSIS Pack Vendor :STMicroelectronics FP-ATR-SIGFOX1 3.2.0
2024-05-10 21:49:44,006 [INFO] ThirdParty:977 - CMSIS Pack Vendor :STMicroelectronics X-CUBE-ISPU 2.0.0
2024-05-10 21:49:44,006 [INFO] ThirdParty:977 - CMSIS Pack Vendor :STMicroelectronics X-CUBE-EEPRMA1 5.1.0
2024-05-10 21:49:44,006 [INFO] ThirdParty:977 - CMSIS Pack Vendor :STMicroelectronics HAL Drivers 0.0.0
2024-05-10 21:49:44,006 [INFO] ThirdParty:977 - CMSIS Pack Vendor :STMicroelectronics MBEDTLS 2.16.2
2024-05-10 21:49:44,006 [INFO] ThirdParty:977 - CMSIS Pack Vendor :emotas I-CUBE-CANOPEN 1.3.0
2024-05-10 21:49:44,006 [INFO] ThirdParty:977 - CMSIS Pack Vendor :STMicroelectronics X-CUBE-MEMS1 10.0.0
2024-05-10 21:49:44,006 [INFO] ThirdParty:977 - CMSIS Pack Vendor :STMicroelectronics X-CUBE-NFC7 1.0.1
2024-05-10 21:49:44,006 [INFO] ThirdParty:977 - CMSIS Pack Vendor :STMicroelectronics MBEDTLS 2.14.1
2024-05-10 21:49:44,006 [INFO] ThirdParty:977 - CMSIS Pack Vendor :ITTIA_DB I-CUBE-ITTIADB 8.9.0
2024-05-10 21:49:44,006 [INFO] ThirdParty:977 - CMSIS Pack Vendor :portGmbH I-Cube-SoM-uGOAL 1.1.0
2024-05-10 21:49:44,006 [INFO] ThirdParty:977 - CMSIS Pack Vendor :STMicroelectronics X-CUBE-ALS 1.0.1
2024-05-10 21:49:44,006 [INFO] ThirdParty:977 - CMSIS Pack Vendor :STMicroelectronics X-CUBE-BLEMGR 3.1.0
2024-05-10 21:49:44,006 [INFO] ThirdParty:977 - CMSIS Pack Vendor :STMicroelectronics ThreadX 1.0.0
2024-05-10 21:49:44,006 [INFO] ThirdParty:977 - CMSIS Pack Vendor :STMicroelectronics FP-SNS-SMARTAG2 1.2.0
2024-05-10 21:49:44,006 [INFO] ThirdParty:977 - CMSIS Pack Vendor :STMicroelectronics X-CUBE-AZRTOS-WL 2.0.0
2024-05-10 21:49:44,006 [INFO] ThirdParty:977 - CMSIS Pack Vendor :SEGGER I-CUBE-embOS 1.3.1
2024-05-10 21:49:44,006 [INFO] ThirdParty:977 - CMSIS Pack Vendor :STMicroelectronics X-CUBE-ALGOBUILD 1.4.0
2024-05-10 21:49:44,006 [INFO] ThirdParty:977 - CMSIS Pack Vendor :STMicroelectronics FP-SNS-MOTENV1 5.0.0
2024-05-10 21:49:44,006 [INFO] ThirdParty:977 - CMSIS Pack Vendor :STMicroelectronics USB_DEVICE 1.0.0
2024-05-10 21:49:44,006 [INFO] ThirdParty:977 - CMSIS Pack Vendor :STMicroelectronics X-CUBE-AZRTOS-H7RS 1.0.0
2024-05-10 21:49:44,006 [INFO] ThirdParty:977 - CMSIS Pack Vendor :STMicroelectronics X-CUBE-AZRTOS-L4 2.0.0
2024-05-10 21:49:44,006 [INFO] ThirdParty:977 - CMSIS Pack Vendor :STMicroelectronics ThreadX 0.0.2
2024-05-10 21:49:44,006 [INFO] ThirdParty:977 - CMSIS Pack Vendor :WES I-CUBE-Cesium 1.3.0
2024-05-10 21:49:44,006 [INFO] ThirdParty:977 - CMSIS Pack Vendor :STMicroelectronics FP-ATR-ASTRA1 2.0.0
2024-05-10 21:49:44,006 [INFO] ThirdParty:977 - CMSIS Pack Vendor :STMicroelectronics lwIP 2.1.2
2024-05-10 21:49:44,006 [INFO] ThirdParty:977 - CMSIS Pack Vendor :STMicroelectronics X-CUBE-SFXS2LP1 4.0.0
2024-05-10 21:49:44,006 [INFO] ThirdParty:977 - CMSIS Pack Vendor :STMicroelectronics X-CUBE-BLE2 3.3.0
2024-05-10 21:49:44,006 [INFO] ThirdParty:977 - CMSIS Pack Vendor :STMicroelectronics X-CUBE-TOF1 3.4.1
2024-05-10 21:49:44,006 [INFO] ThirdParty:977 - CMSIS Pack Vendor :STMicroelectronics X-CUBE-AZRTOS-H7 3.2.0
2024-05-10 21:49:44,006 [INFO] ThirdParty:977 - CMSIS Pack Vendor :Infineon AIROC-Wi-Fi-Bluetooth-STM32 1.6.0
2024-05-10 21:49:44,006 [INFO] ThirdParty:977 - CMSIS Pack Vendor :STMicroelectronics PDM2PCM 3.2.0
2024-05-10 21:49:44,006 [INFO] ThirdParty:793 - exiting critical section [change project]
2024-05-10 21:49:44,257 [INFO] PinOutPanel:1465 - setPackage(No Configuration,No Configuration)
2024-05-10 21:49:44,257 [INFO] PinOutPanel:1465 - setPackage(STM32F103C8Tx,LQFP48)
2024-05-10 21:49:44,649 [INFO] UtilMem:74 - Before build in PCC Used Memory: 667501064 Bytes (984612864)
2024-05-10 21:49:45,167 [INFO] UtilMem:74 - After build in PCC Used Memory: 709444104 Bytes (984612864)
2024-05-10 21:49:45,198 [INFO] IPUIPlugin:75 - create IPUIPlugin
2024-05-10 21:49:45,198 [INFO] IPUIPlugin:75 - create IPUIPlugin
2024-05-10 21:49:45,198 [INFO] IPUIPlugin:75 - create IPUIPlugin
2024-05-10 21:49:45,198 [INFO] IPUIPlugin:75 - create IPUIPlugin
2024-05-10 21:49:45,198 [INFO] IPUIPlugin:75 - create IPUIPlugin
2024-05-10 21:49:45,198 [INFO] IPUIPlugin:75 - create IPUIPlugin
2024-05-10 21:49:45,198 [INFO] IPUIPlugin:75 - create IPUIPlugin
2024-05-10 21:49:45,198 [INFO] IPUIPlugin:75 - create IPUIPlugin
2024-05-10 21:49:45,198 [INFO] IPUIPlugin:75 - create IPUIPlugin
2024-05-10 21:49:45,198 [INFO] IPUIPlugin:75 - create IPUIPlugin
2024-05-10 21:49:45,198 [INFO] IPUIPlugin:75 - create IPUIPlugin
2024-05-10 21:49:45,198 [INFO] IPUIPlugin:75 - create IPUIPlugin
2024-05-10 21:49:45,198 [INFO] IPUIPlugin:75 - create IPUIPlugin
2024-05-10 21:49:45,198 [INFO] IPUIPlugin:75 - create IPUIPlugin
2024-05-10 21:49:45,198 [INFO] IPUIPlugin:75 - create IPUIPlugin
2024-05-10 21:49:45,198 [INFO] IPUIPlugin:75 - create IPUIPlugin
2024-05-10 21:49:45,198 [INFO] IPUIPlugin:75 - create IPUIPlugin
2024-05-10 21:49:45,214 [INFO] IPUIPlugin:75 - create IPUIPlugin
2024-05-10 21:49:45,214 [INFO] IPUIPlugin:75 - create IPUIPlugin
2024-05-10 21:49:45,214 [INFO] IPUIPlugin:75 - create IPUIPlugin
2024-05-10 21:49:45,214 [INFO] IPUIPlugin:75 - create IPUIPlugin
2024-05-10 21:49:45,218 [INFO] IPUIPlugin:75 - create IPUIPlugin
2024-05-10 21:49:45,218 [INFO] IPUIPlugin:75 - create IPUIPlugin
2024-05-10 21:49:45,218 [INFO] IPUIPlugin:75 - create IPUIPlugin
2024-05-10 21:49:45,218 [INFO] IPUIPlugin:75 - create IPUIPlugin
2024-05-10 21:49:45,218 [INFO] IPUIPlugin:75 - create IPUIPlugin
2024-05-10 21:49:45,218 [INFO] IPUIPlugin:75 - create IPUIPlugin
2024-05-10 21:49:45,318 [INFO] OpenFileManager:323 - Restore cursor
2024-05-10 21:49:46,258 [INFO] UtilMem:74 - End SaveConfig() Used Memory: 756103688 Bytes (984612864)
2024-05-10 21:49:46,336 [INFO] UtilMem:74 - End SaveConfig() Used Memory: 768164360 Bytes (984612864)
2024-05-10 21:49:46,697 [INFO] BlockDiagram:2740 - set Specific Code input for plugin: NVIC
2024-05-10 21:49:46,697 [INFO] BlockDiagram:2740 - set Specific Code input for plugin: SYS
2024-05-10 21:49:46,697 [INFO] BlockDiagram:2740 - set Specific Code input for plugin: RCC
2024-05-10 21:49:46,697 [INFO] CodeGenerator:681 - code generatio: config db path: C:\ST\STM32CubeIDE_1.9.0\STM32CubeIDE\plugins\com.st.stm32cube.common.mx_6.5.0.202202251913\\db\
2024-05-10 21:49:47,168 [INFO] CodeEngine:237 - oldGeneratedFile, C:\Users\hoatt\STM32CubeIDE\wsp_boot_use_uart\FW3_app2_update\MXTmpFiles\license.tmp_save
2024-05-10 21:49:47,294 [INFO] CodeEngine:261 - Generated code: C:\Users\hoatt\STM32CubeIDE\wsp_boot_use_uart\FW3_app2_update\MXTmpFiles\license.tmp
2024-05-10 21:49:47,341 [INFO] CodeEngine:237 - oldGeneratedFile, C:\Users\hoatt\STM32CubeIDE\wsp_boot_use_uart\FW3_app2_update\Core\Src\stm32f1xx_it.c_save
2024-05-10 21:49:47,498 [INFO] CodeEngine:261 - Generated code: C:\Users\hoatt\STM32CubeIDE\wsp_boot_use_uart\FW3_app2_update\Core\Src\stm32f1xx_it.c
2024-05-10 21:49:47,522 [INFO] CodeEngine:237 - oldGeneratedFile, C:\Users\hoatt\STM32CubeIDE\wsp_boot_use_uart\FW3_app2_update\Core\Inc\stm32f1xx_it.h_save
2024-05-10 21:49:47,655 [INFO] CodeEngine:261 - Generated code: C:\Users\hoatt\STM32CubeIDE\wsp_boot_use_uart\FW3_app2_update\Core\Inc\stm32f1xx_it.h
2024-05-10 21:49:47,686 [INFO] CodeEngine:237 - oldGeneratedFile, C:\Users\hoatt\STM32CubeIDE\wsp_boot_use_uart\FW3_app2_update\Core\Src\stm32f1xx_hal_msp.c_save
2024-05-10 21:49:47,874 [INFO] CodeEngine:261 - Generated code: C:\Users\hoatt\STM32CubeIDE\wsp_boot_use_uart\FW3_app2_update\Core\Src\stm32f1xx_hal_msp.c
2024-05-10 21:49:47,890 [INFO] CodeEngine:237 - oldGeneratedFile, C:\Users\hoatt\STM32CubeIDE\wsp_boot_use_uart\FW3_app2_update\MXTmpFiles\system.tmp_save
2024-05-10 21:49:48,024 [INFO] CodeEngine:261 - Generated code: C:\Users\hoatt\STM32CubeIDE\wsp_boot_use_uart\FW3_app2_update\MXTmpFiles\system.tmp
2024-05-10 21:49:48,047 [INFO] CodeEngine:237 - oldGeneratedFile, C:\Users\hoatt\STM32CubeIDE\wsp_boot_use_uart\FW3_app2_update\Core\Inc\stm32f1xx_hal_conf.h_save
2024-05-10 21:49:48,236 [INFO] CodeEngine:261 - Generated code: C:\Users\hoatt\STM32CubeIDE\wsp_boot_use_uart\FW3_app2_update\Core\Inc\stm32f1xx_hal_conf.h
2024-05-10 21:49:48,298 [INFO] CodeEngine:237 - oldGeneratedFile, C:\Users\hoatt\STM32CubeIDE\wsp_boot_use_uart\FW3_app2_update\Core\Inc\main.h_save
2024-05-10 21:49:48,455 [INFO] CodeEngine:261 - Generated code: C:\Users\hoatt\STM32CubeIDE\wsp_boot_use_uart\FW3_app2_update\Core\Inc\main.h
2024-05-10 21:49:48,471 [INFO] CodeEngine:237 - oldGeneratedFile, C:\Users\hoatt\STM32CubeIDE\wsp_boot_use_uart\FW3_app2_update\Core\Src\main.c_save
2024-05-10 21:49:48,738 [INFO] CodeEngine:261 - Generated code: C:\Users\hoatt\STM32CubeIDE\wsp_boot_use_uart\FW3_app2_update\Core\Src\main.c
2024-05-10 21:49:50,229 [INFO] ProjectBuilder:2913 - Time for Copy HAL[1] : 377mS.
2024-05-10 21:49:50,244 [INFO] ProjectBuilder:4015 - Project Generator version: 3.16.0
2024-05-10 21:49:50,918 [INFO] ConfigFileManager:1287 - The Die is : DIE410
2024-05-10 21:49:50,934 [INFO] ApiDbMcu:488 - Load IP Config File for FATFS
2024-05-10 21:49:50,981 [INFO] ApiDbMcu:488 - Load IP Config File for FREERTOS
2024-05-10 21:49:51,028 [INFO] ApiDbMcu:488 - Load IP Config File for USB_DEVICE
2024-05-10 21:49:55,580 [INFO] ProjectBuilder:4183 - Time for Generating toolchain IDE Files: 5336mS.
2024-05-10 21:49:55,580 [INFO] ProjectBuilder:2785 - Time for Copy CMSIS : 0mS.
2024-05-10 21:49:55,596 [INFO] ProjectBuilder:2785 - Time for Copy CMSIS : 0mS.
2024-05-10 21:49:56,943 [INFO] McuFinderGlobals:52 - Set McuFinderConnectedMode to true
2024-05-10 21:49:56,948 [INFO] ApiDb:432 - Save user favorites file C:\Users\hoatt/.stm32cubeide/favorites.mcus.txt: 1 item(s)
2024-05-10 21:49:56,948 [INFO] ApiDb:436 - User favorites MCUs=[STM32F103C8T6]
2024-05-10 21:50:12,247 [INFO] UtilMem:74 - End SaveConfig() Used Memory: 695166528 Bytes (1005584384)
2024-05-10 21:50:13,535 [INFO] UtilMem:74 - End SaveConfig() Used Memory: 592753000 Bytes (1005584384)
2024-05-10 21:50:16,665 [INFO] UtilMem:74 - End SaveConfig() Used Memory: 657303944 Bytes (1005584384)
2024-05-10 21:50:17,102 [INFO] BlockDiagram:2740 - set Specific Code input for plugin: NVIC
2024-05-10 21:50:17,102 [INFO] BlockDiagram:2740 - set Specific Code input for plugin: SYS
2024-05-10 21:50:17,102 [INFO] BlockDiagram:2740 - set Specific Code input for plugin: GPIO
2024-05-10 21:50:17,102 [INFO] BlockDiagram:2740 - set Specific Code input for plugin: RCC
2024-05-10 21:50:17,112 [INFO] CodeGenerator:681 - code generatio: config db path: C:\ST\STM32CubeIDE_1.9.0\STM32CubeIDE\plugins\com.st.stm32cube.common.mx_6.5.0.202202251913\\db\
2024-05-10 21:50:17,536 [INFO] CodeEngine:237 - oldGeneratedFile, C:\Users\hoatt\STM32CubeIDE\wsp_boot_use_uart\FW3_app2_update\MXTmpFiles\license.tmp_save
2024-05-10 21:50:17,708 [INFO] CodeEngine:261 - Generated code: C:\Users\hoatt\STM32CubeIDE\wsp_boot_use_uart\FW3_app2_update\MXTmpFiles\license.tmp
2024-05-10 21:50:17,755 [INFO] CodeEngine:237 - oldGeneratedFile, C:\Users\hoatt\STM32CubeIDE\wsp_boot_use_uart\FW3_app2_update\MXTmpFiles\gpio.tmp_save
2024-05-10 21:50:17,903 [INFO] CodeEngine:261 - Generated code: C:\Users\hoatt\STM32CubeIDE\wsp_boot_use_uart\FW3_app2_update\MXTmpFiles\gpio.tmp
2024-05-10 21:50:17,928 [INFO] CodeEngine:237 - oldGeneratedFile, C:\Users\hoatt\STM32CubeIDE\wsp_boot_use_uart\FW3_app2_update\Core\Src\stm32f1xx_it.c_save
2024-05-10 21:50:18,116 [INFO] CodeEngine:261 - Generated code: C:\Users\hoatt\STM32CubeIDE\wsp_boot_use_uart\FW3_app2_update\Core\Src\stm32f1xx_it.c
2024-05-10 21:50:18,132 [INFO] CodeEngine:237 - oldGeneratedFile, C:\Users\hoatt\STM32CubeIDE\wsp_boot_use_uart\FW3_app2_update\Core\Inc\stm32f1xx_it.h_save
2024-05-10 21:50:18,304 [INFO] CodeEngine:261 - Generated code: C:\Users\hoatt\STM32CubeIDE\wsp_boot_use_uart\FW3_app2_update\Core\Inc\stm32f1xx_it.h
2024-05-10 21:50:18,335 [INFO] CodeEngine:237 - oldGeneratedFile, C:\Users\hoatt\STM32CubeIDE\wsp_boot_use_uart\FW3_app2_update\Core\Src\stm32f1xx_hal_msp.c_save
2024-05-10 21:50:18,539 [INFO] CodeEngine:261 - Generated code: C:\Users\hoatt\STM32CubeIDE\wsp_boot_use_uart\FW3_app2_update\Core\Src\stm32f1xx_hal_msp.c
2024-05-10 21:50:18,555 [INFO] CodeEngine:237 - oldGeneratedFile, C:\Users\hoatt\STM32CubeIDE\wsp_boot_use_uart\FW3_app2_update\MXTmpFiles\system.tmp_save
2024-05-10 21:50:18,696 [INFO] CodeEngine:261 - Generated code: C:\Users\hoatt\STM32CubeIDE\wsp_boot_use_uart\FW3_app2_update\MXTmpFiles\system.tmp
2024-05-10 21:50:18,728 [INFO] CodeEngine:237 - oldGeneratedFile, C:\Users\hoatt\STM32CubeIDE\wsp_boot_use_uart\FW3_app2_update\Core\Inc\stm32f1xx_hal_conf.h_save
2024-05-10 21:50:18,869 [INFO] CodeEngine:261 - Generated code: C:\Users\hoatt\STM32CubeIDE\wsp_boot_use_uart\FW3_app2_update\Core\Inc\stm32f1xx_hal_conf.h
2024-05-10 21:50:18,932 [INFO] CodeEngine:237 - oldGeneratedFile, C:\Users\hoatt\STM32CubeIDE\wsp_boot_use_uart\FW3_app2_update\Core\Inc\main.h_save
2024-05-10 21:50:19,073 [INFO] CodeEngine:261 - Generated code: C:\Users\hoatt\STM32CubeIDE\wsp_boot_use_uart\FW3_app2_update\Core\Inc\main.h
2024-05-10 21:50:19,089 [INFO] CodeEngine:237 - oldGeneratedFile, C:\Users\hoatt\STM32CubeIDE\wsp_boot_use_uart\FW3_app2_update\Core\Src\main.c_save
2024-05-10 21:50:19,407 [INFO] CodeEngine:261 - Generated code: C:\Users\hoatt\STM32CubeIDE\wsp_boot_use_uart\FW3_app2_update\Core\Src\main.c
2024-05-10 21:50:21,067 [INFO] ProjectBuilder:2913 - Time for Copy HAL[1] : 643mS.
2024-05-10 21:50:21,082 [INFO] ProjectBuilder:4015 - Project Generator version: 3.16.0
2024-05-10 21:50:21,679 [INFO] ConfigFileManager:1287 - The Die is : DIE410
2024-05-10 21:50:24,318 [INFO] ProjectBuilder:4183 - Time for Generating toolchain IDE Files: 3236mS.
2024-05-10 21:50:24,318 [INFO] ProjectBuilder:2785 - Time for Copy CMSIS : 0mS.
2024-05-10 21:50:24,330 [INFO] ProjectBuilder:2785 - Time for Copy CMSIS : 0mS.
2024-05-10 23:52:55,286 [INFO] MainUpdater:2729 - connection check result : 10
2024-05-10 23:52:55,286 [INFO] MainUpdater:2729 - connection check result : 10
2024-05-10 23:52:55,459 [INFO] MicroXplorer:447 - Change Database Path : 
2024-05-10 23:52:55,459 [INFO] MicroXplorer:477 - Change Database Version : DB.6.0.50
2024-05-10 23:52:55,475 [WARN] ThirdParty:823 - waiting for thirdparty lock release [close project]
2024-05-10 23:52:55,475 [INFO] ThirdParty:825 - entering critical section [close project]
2024-05-10 23:52:55,475 [INFO] ThirdParty:835 - exiting critical section [close project]
2024-05-10 23:52:55,475 [INFO] PinOutPanel:1465 - setPackage(No Configuration,No Configuration)
2024-05-10 23:52:55,475 [INFO] UtilMem:74 - Begin LoadConfig() Used Memory: 765532432 Bytes (1024458752)
2024-05-10 23:52:55,475 [INFO] MicroXplorer:447 - Change Database Path : 
2024-05-10 23:52:55,475 [INFO] MicroXplorer:477 - Change Database Version : DB.6.0.50
2024-05-10 23:52:55,475 [INFO] OpenFileManager:303 - Change cursor
2024-05-10 23:52:55,530 [INFO] RulesReader:57 - Compatibility file has been processed (281 Rules)
2024-05-10 23:52:55,538 [INFO] Mcu:1893 - Initializing MCU STM32F103C(8-B)Tx STM32F103C8Tx STM32F103C8T6
2024-05-10 23:52:56,487 [INFO] Context:599 - Trying to add GPIOservice into a context  which must be forbidden
2024-05-10 23:52:56,707 [WARN] ApiManager:304 - Cannot register API 'Board Extension:GNSS1A1' from pack STMicroelectronics.X-CUBE-GNSS1.6.0.0: no header file found
2024-05-10 23:52:56,707 [WARN] ApiManager:304 - Cannot register API 'Board Support:Custom' from pack STMicroelectronics.X-CUBE-GNSS1.6.0.0: no header file found
2024-05-10 23:52:56,707 [WARN] ApiManager:304 - Cannot register API 'Data Exchange:lib_gnss' from pack STMicroelectronics.X-CUBE-GNSS1.6.0.0: no header file found
2024-05-10 23:52:56,722 [WARN] ApiManager:304 - Cannot register API 'Board Extension:NFC06A1' from pack STMicroelectronics.X-CUBE-NFC6.3.1.0: no header file found
2024-05-10 23:52:56,722 [WARN] ApiManager:304 - Cannot register API 'Board Extension:NFC08A1' from pack STMicroelectronics.X-CUBE-NFC6.3.1.0: no header file found
2024-05-10 23:52:56,722 [INFO] RtosManager:484 - Registered RTOS mode: class=CMSIS, group=RTOS, mode=CMSIS_V1, owner=FREERTOS
2024-05-10 23:52:56,722 [INFO] RtosManager:484 - Registered RTOS mode: class=CMSIS, group=RTOS2, mode=CMSIS_V2, owner=FREERTOS
2024-05-10 23:52:56,722 [INFO] RtosManager:484 - Registered RTOS mode: class=RTOS, group=Core, mode=CMSIS_V1, owner=FREERTOS
2024-05-10 23:52:56,722 [INFO] RtosManager:484 - Registered RTOS mode: class=RTOS, group=Core, mode=CMSIS_V2, owner=FREERTOS
2024-05-10 23:52:56,722 [WARN] ModelIntegratedComponent:181 - Missing modes for component STMicroelectronics:FreeRTOS:0.0.1:STMicroelectronics:RTOS:FreeRTOS:Core:::10.2.0:
2024-05-10 23:52:56,722 [WARN] ApiManager:304 - Cannot register API 'Board Extension:STSAFEA1' from pack STMicroelectronics.X-CUBE-SAFEA1.1.2.2: no header file found
2024-05-10 23:52:56,722 [WARN] ApiManager:304 - Cannot register API 'Board Part:STSAFEA110' from pack STMicroelectronics.X-CUBE-SAFEA1.1.2.2: no header file found
2024-05-10 23:52:56,722 [WARN] ApiManager:304 - Cannot register API 'Security:ST_Cryptolib' from pack STMicroelectronics.X-CUBE-SAFEA1.1.2.2: no header file found
2024-05-10 23:52:56,722 [WARN] ApiManager:304 - Cannot register API 'Security:MbedTLS' from pack STMicroelectronics.X-CUBE-SAFEA1.1.2.2: no header file found
2024-05-10 23:52:56,722 [WARN] ApiManager:304 - Cannot register API 'Board Extension:NFC04A1' from pack STMicroelectronics.X-CUBE-NFC4.3.0.0: no header file found
2024-05-10 23:52:56,722 [WARN] ApiManager:304 - Cannot register API 'Board Extension:S2868A1' from pack STMicroelectronics.X-CUBE-SUBG2.5.0.0: no header file found
2024-05-10 23:52:56,722 [WARN] ApiManager:304 - Cannot register API 'Board Extension:S2868A2' from pack STMicroelectronics.X-CUBE-SUBG2.5.0.0: no header file found
2024-05-10 23:52:56,722 [WARN] ApiManager:304 - Cannot register API 'Board Extension:S2915A1' from pack STMicroelectronics.X-CUBE-SUBG2.5.0.0: no header file found
2024-05-10 23:52:56,738 [WARN] ApiManager:304 - Cannot register API 'Wireless:BlueNRG-MS' from pack STMicroelectronics.X-CUBE-BLE1.7.0.0: no header file found
2024-05-10 23:52:56,738 [WARN] ApiManager:304 - Cannot register API 'Board Extension:EEPRMA2' from pack STMicroelectronics.X-CUBE-EEPRMA1.5.1.0: no header file found
2024-05-10 23:52:56,738 [WARN] ApiManager:304 - Cannot register API 'Board Extension:PGEEZ1' from pack STMicroelectronics.X-CUBE-EEPRMA1.5.1.0: no header file found
2024-05-10 23:52:56,738 [WARN] ApiManager:304 - Cannot register API 'Board Extension:EEICA1' from pack STMicroelectronics.X-CUBE-EEPRMA1.5.1.0: no header file found
2024-05-10 23:52:56,738 [WARN] ApiManager:304 - Cannot register API 'Board Part:M24' from pack STMicroelectronics.X-CUBE-EEPRMA1.5.1.0: no header file found
2024-05-10 23:52:56,738 [WARN] ApiManager:304 - Cannot register API 'Board Part:M95' from pack STMicroelectronics.X-CUBE-EEPRMA1.5.1.0: no header file found
2024-05-10 23:52:56,738 [WARN] ApiManager:304 - Cannot register API 'Board Part:M95P32' from pack STMicroelectronics.X-CUBE-EEPRMA1.5.1.0: no header file found
2024-05-10 23:52:56,738 [WARN] ApiManager:304 - Cannot register API 'Board Part:M24256E-F' from pack STMicroelectronics.X-CUBE-EEPRMA1.5.1.0: no header file found
2024-05-10 23:52:56,738 [WARN] ApiManager:304 - Cannot register API 'Board Part:M24M01E-F' from pack STMicroelectronics.X-CUBE-EEPRMA1.5.1.0: no header file found
2024-05-10 23:52:56,738 [WARN] ApiManager:304 - Cannot register API 'PGEEZ1:SPI' from pack STMicroelectronics.X-CUBE-EEPRMA1.5.1.0: no header file found
2024-05-10 23:52:56,738 [WARN] ApiManager:304 - Cannot register API 'PGEEZ1:QDSPI' from pack STMicroelectronics.X-CUBE-EEPRMA1.5.1.0: no header file found
2024-05-10 23:52:56,738 [WARN] ModelIntegratedComponent:60 - No mode defined for component null
2024-05-10 23:52:56,738 [WARN] ModelIntegratedComponent:60 - No mode defined for component null
2024-05-10 23:52:56,738 [WARN] ModelIntegratedComponent:60 - No mode defined for component null
2024-05-10 23:52:56,738 [WARN] ModelIntegratedComponent:60 - No mode defined for component null
2024-05-10 23:52:56,738 [WARN] ModelIntegratedComponent:60 - No mode defined for component null
2024-05-10 23:52:56,738 [WARN] ModelIntegratedComponent:60 - No mode defined for component null
2024-05-10 23:52:56,738 [WARN] ModelIntegratedComponent:60 - No mode defined for component null
2024-05-10 23:52:56,738 [WARN] ModelIntegratedComponent:60 - No mode defined for component null
2024-05-10 23:52:56,738 [WARN] ModelIntegratedComponent:60 - No mode defined for component null
2024-05-10 23:52:56,738 [WARN] ModelIntegratedComponent:60 - No mode defined for component null
2024-05-10 23:52:56,738 [WARN] ModelIntegratedComponent:60 - No mode defined for component null
2024-05-10 23:52:56,738 [WARN] ModelIntegratedComponent:60 - No mode defined for component null
2024-05-10 23:52:56,738 [WARN] ModelIntegratedComponent:60 - No mode defined for component null
2024-05-10 23:52:56,738 [WARN] ModelIntegratedComponent:60 - No mode defined for component null
2024-05-10 23:52:56,738 [WARN] ModelIntegratedComponent:60 - No mode defined for component null
2024-05-10 23:52:56,738 [WARN] ModelIntegratedComponent:60 - No mode defined for component null
2024-05-10 23:52:56,738 [WARN] ModelIntegratedComponent:60 - No mode defined for component null
2024-05-10 23:52:56,738 [WARN] ModelIntegratedComponent:60 - No mode defined for component null
2024-05-10 23:52:56,738 [WARN] ModelIntegratedComponent:60 - No mode defined for component null
2024-05-10 23:52:56,738 [WARN] ModelIntegratedComponent:60 - No mode defined for component null
2024-05-10 23:52:56,738 [WARN] ModelIntegratedComponent:60 - No mode defined for component null
2024-05-10 23:52:56,738 [WARN] ModelIntegratedComponent:60 - No mode defined for component null
2024-05-10 23:52:56,738 [WARN] ModelIntegratedComponent:60 - No mode defined for component null
2024-05-10 23:52:56,738 [WARN] ModelIntegratedComponent:60 - No mode defined for component null
2024-05-10 23:52:56,738 [WARN] ModelIntegratedComponent:60 - No mode defined for component null
2024-05-10 23:52:56,738 [WARN] ModelIntegratedComponent:60 - No mode defined for component null
2024-05-10 23:52:56,738 [WARN] ModelIntegratedComponent:60 - No mode defined for component null
2024-05-10 23:52:56,738 [WARN] ModelIntegratedComponent:60 - No mode defined for component null
2024-05-10 23:52:56,738 [WARN] ModelIntegratedComponent:60 - No mode defined for component null
2024-05-10 23:52:56,738 [WARN] ModelIntegratedComponent:60 - No mode defined for component null
2024-05-10 23:52:56,738 [WARN] ModelIntegratedComponent:60 - No mode defined for component null
2024-05-10 23:52:56,738 [WARN] ModelIntegratedComponent:60 - No mode defined for component null
2024-05-10 23:52:56,738 [WARN] ModelIntegratedComponent:60 - No mode defined for component null
2024-05-10 23:52:56,848 [WARN] ApiManager:304 - Cannot register API 'Board Extension:IKS01A3' from pack STMicroelectronics.X-CUBE-MEMS1.10.0.0: no header file found
2024-05-10 23:52:56,848 [WARN] ApiManager:304 - Cannot register API 'Board Extension:IKS02A1' from pack STMicroelectronics.X-CUBE-MEMS1.10.0.0: no header file found
2024-05-10 23:52:56,848 [WARN] ApiManager:304 - Cannot register API 'Board Extension:IKS4A1' from pack STMicroelectronics.X-CUBE-MEMS1.10.0.0: no header file found
2024-05-10 23:52:56,848 [WARN] ApiManager:304 - Cannot register API 'Board Extension:NFC07A1' from pack STMicroelectronics.X-CUBE-NFC7.1.0.1: no header file found
2024-05-10 23:52:56,848 [WARN] ApiManager:304 - Cannot register API 'Board Extension:S2868A1' from pack STMicroelectronics.X-CUBE-SFXS2LP1.4.0.0: no header file found
2024-05-10 23:52:56,848 [WARN] ApiManager:304 - Cannot register API 'Board Extension:S2868A2' from pack STMicroelectronics.X-CUBE-SFXS2LP1.4.0.0: no header file found
2024-05-10 23:52:56,848 [WARN] ApiManager:304 - Cannot register API 'Board Extension:S2915A1' from pack STMicroelectronics.X-CUBE-SFXS2LP1.4.0.0: no header file found
2024-05-10 23:52:56,848 [WARN] ApiManager:304 - Cannot register API 'Wireless:BlueNRG-2' from pack STMicroelectronics.X-CUBE-BLE2.3.3.0: no header file found
2024-05-10 23:52:56,863 [INFO] ThirdPartyModel:282 - Start build external matchings
2024-05-10 23:52:57,585 [INFO] ThirdPartyModel:295 - End build external matchings
2024-05-10 23:52:57,923 [INFO] UtilMem:74 - End LoadConfig() Used Memory: 848584472 Bytes (1024458752)
2024-05-10 23:52:57,996 [WARN] ThirdParty:785 - waiting for thirdparty lock release [change project]
2024-05-10 23:52:57,996 [INFO] ThirdParty:787 - entering critical section [change project]
2024-05-10 23:52:57,996 [INFO] ThirdParty:977 - CMSIS Pack Vendor :STMicroelectronics X-CUBE-GNSS1 6.0.0
2024-05-10 23:52:57,996 [INFO] ThirdParty:977 - CMSIS Pack Vendor :STMicroelectronics USB_HOST 2.0.0
2024-05-10 23:52:57,996 [INFO] ThirdParty:977 - CMSIS Pack Vendor :STMicroelectronics FP-SNS-MOTENVWB1 1.4.0
2024-05-10 23:52:57,996 [INFO] ThirdParty:977 - CMSIS Pack Vendor :STMicroelectronics X-CUBE-AZRTOS-F4 1.1.0
2024-05-10 23:52:57,996 [INFO] ThirdParty:977 - CMSIS Pack Vendor :STMicroelectronics LIBJPEG 8.0.0
2024-05-10 23:52:57,996 [INFO] ThirdParty:977 - CMSIS Pack Vendor :STMicroelectronics X-CUBE-SMBUS 2.1.0
2024-05-10 23:52:57,996 [INFO] ThirdParty:977 - CMSIS Pack Vendor :STMicroelectronics USB_DEVICE 3.0.0
2024-05-10 23:52:57,996 [INFO] ThirdParty:977 - CMSIS Pack Vendor :STMicroelectronics X-CUBE-TCPP 4.1.0
2024-05-10 23:52:57,996 [INFO] ThirdParty:977 - CMSIS Pack Vendor :STMicroelectronics X-CUBE-FREERTOS 1.2.0
2024-05-10 23:52:57,996 [INFO] ThirdParty:977 - CMSIS Pack Vendor :STMicroelectronics X-CUBE-AZRTOS-WB 2.0.0
2024-05-10 23:52:57,996 [INFO] ThirdParty:977 - CMSIS Pack Vendor :STMicroelectronics X-CUBE-TOUCHGFX 4.23.2
2024-05-10 23:52:57,996 [INFO] ThirdParty:977 - CMSIS Pack Vendor :STMicroelectronics X-CUBE-AZRTOS-F7 1.1.0
2024-05-10 23:52:57,996 [INFO] ThirdParty:977 - CMSIS Pack Vendor :STMicroelectronics X-CUBE-AZRTOS-L5 2.0.0
2024-05-10 23:52:57,996 [INFO] ThirdParty:977 - CMSIS Pack Vendor :STMicroelectronics USB_DEVICE 2.0.0
2024-05-10 23:52:57,996 [INFO] ThirdParty:977 - CMSIS Pack Vendor :STMicroelectronics X-CUBE-NFC6 3.1.0
2024-05-10 23:52:57,996 [INFO] ThirdParty:977 - CMSIS Pack Vendor :STMicroelectronics X-CUBE-ALGOBUILD 1.3.0
2024-05-10 23:52:57,996 [INFO] ThirdParty:977 - CMSIS Pack Vendor :STMicroelectronics FreeRTOS 0.0.1
2024-05-10 23:52:57,996 [INFO] ThirdParty:977 - CMSIS Pack Vendor :STMicroelectronics X-CUBE-AZRTOS-G0 1.1.0
2024-05-10 23:52:57,996 [INFO] ThirdParty:977 - CMSIS Pack Vendor :STMicroelectronics X-CUBE-SAFEA1 1.2.2
2024-05-10 23:52:57,996 [INFO] ThirdParty:977 - CMSIS Pack Vendor :STMicroelectronics X-CUBE-NFC4 3.0.0
2024-05-10 23:52:57,996 [INFO] ThirdParty:977 - CMSIS Pack Vendor :STMicroelectronics X-CUBE-SUBG2 5.0.0
2024-05-10 23:52:57,996 [INFO] ThirdParty:977 - CMSIS Pack Vendor :STMicroelectronics STM32_WPAN 1.0.0
2024-05-10 23:52:57,996 [INFO] ThirdParty:977 - CMSIS Pack Vendor :STMicroelectronics lwIP 2.0.3
2024-05-10 23:52:57,996 [INFO] ThirdParty:977 - CMSIS Pack Vendor :STMicroelectronics FP-SNS-FLIGHT1 5.0.2
2024-05-10 23:52:57,996 [INFO] ThirdParty:977 - CMSIS Pack Vendor :STMicroelectronics USB_HOST 1.0.0
2024-05-10 23:52:57,996 [INFO] ThirdParty:977 - CMSIS Pack Vendor :STMicroelectronics X-CUBE-AI 9.0.0
2024-05-10 23:52:57,996 [INFO] ThirdParty:977 - CMSIS Pack Vendor :STMicroelectronics X-CUBE-AZRTOS-G4 2.0.0
2024-05-10 23:52:57,996 [INFO] ThirdParty:977 - CMSIS Pack Vendor :STMicroelectronics PDM2PCM 3.1.0
2024-05-10 23:52:57,996 [INFO] ThirdParty:977 - CMSIS Pack Vendor :STMicroelectronics PDM2PCM 3.3.0
2024-05-10 23:52:57,996 [INFO] ThirdParty:977 - CMSIS Pack Vendor :STMicroelectronics X-CUBE-DISPLAY 3.0.0
2024-05-10 23:52:57,996 [INFO] ThirdParty:977 - CMSIS Pack Vendor :wolfSSL I-CUBE-wolfSSL 5.7.0
2024-05-10 23:52:57,996 [INFO] ThirdParty:977 - CMSIS Pack Vendor :STMicroelectronics X-CUBE-BLE1 7.0.0
2024-05-10 23:52:57,996 [INFO] ThirdParty:977 - CMSIS Pack Vendor :STMicroelectronics FP-ATR-SIGFOX1 3.2.0
2024-05-10 23:52:57,996 [INFO] ThirdParty:977 - CMSIS Pack Vendor :STMicroelectronics X-CUBE-ISPU 2.0.0
2024-05-10 23:52:57,996 [INFO] ThirdParty:977 - CMSIS Pack Vendor :STMicroelectronics X-CUBE-EEPRMA1 5.1.0
2024-05-10 23:52:57,996 [INFO] ThirdParty:977 - CMSIS Pack Vendor :STMicroelectronics HAL Drivers 0.0.0
2024-05-10 23:52:57,996 [INFO] ThirdParty:977 - CMSIS Pack Vendor :STMicroelectronics MBEDTLS 2.16.2
2024-05-10 23:52:57,996 [INFO] ThirdParty:977 - CMSIS Pack Vendor :emotas I-CUBE-CANOPEN 1.3.0
2024-05-10 23:52:57,996 [INFO] ThirdParty:977 - CMSIS Pack Vendor :STMicroelectronics X-CUBE-MEMS1 10.0.0
2024-05-10 23:52:57,996 [INFO] ThirdParty:977 - CMSIS Pack Vendor :STMicroelectronics X-CUBE-NFC7 1.0.1
2024-05-10 23:52:57,996 [INFO] ThirdParty:977 - CMSIS Pack Vendor :STMicroelectronics MBEDTLS 2.14.1
2024-05-10 23:52:57,996 [INFO] ThirdParty:977 - CMSIS Pack Vendor :ITTIA_DB I-CUBE-ITTIADB 8.9.0
2024-05-10 23:52:57,996 [INFO] ThirdParty:977 - CMSIS Pack Vendor :portGmbH I-Cube-SoM-uGOAL 1.1.0
2024-05-10 23:52:57,996 [INFO] ThirdParty:977 - CMSIS Pack Vendor :STMicroelectronics X-CUBE-ALS 1.0.1
2024-05-10 23:52:57,996 [INFO] ThirdParty:977 - CMSIS Pack Vendor :STMicroelectronics X-CUBE-BLEMGR 3.1.0
2024-05-10 23:52:57,996 [INFO] ThirdParty:977 - CMSIS Pack Vendor :STMicroelectronics ThreadX 1.0.0
2024-05-10 23:52:57,996 [INFO] ThirdParty:977 - CMSIS Pack Vendor :STMicroelectronics FP-SNS-SMARTAG2 1.2.0
2024-05-10 23:52:57,996 [INFO] ThirdParty:977 - CMSIS Pack Vendor :STMicroelectronics X-CUBE-AZRTOS-WL 2.0.0
2024-05-10 23:52:57,996 [INFO] ThirdParty:977 - CMSIS Pack Vendor :SEGGER I-CUBE-embOS 1.3.1
2024-05-10 23:52:57,996 [INFO] ThirdParty:977 - CMSIS Pack Vendor :STMicroelectronics X-CUBE-ALGOBUILD 1.4.0
2024-05-10 23:52:57,996 [INFO] ThirdParty:977 - CMSIS Pack Vendor :STMicroelectronics FP-SNS-MOTENV1 5.0.0
2024-05-10 23:52:57,996 [INFO] ThirdParty:977 - CMSIS Pack Vendor :STMicroelectronics USB_DEVICE 1.0.0
2024-05-10 23:52:57,996 [INFO] ThirdParty:977 - CMSIS Pack Vendor :STMicroelectronics X-CUBE-AZRTOS-H7RS 1.0.0
2024-05-10 23:52:57,996 [INFO] ThirdParty:977 - CMSIS Pack Vendor :STMicroelectronics X-CUBE-AZRTOS-L4 2.0.0
2024-05-10 23:52:57,996 [INFO] ThirdParty:977 - CMSIS Pack Vendor :STMicroelectronics ThreadX 0.0.2
2024-05-10 23:52:57,996 [INFO] ThirdParty:977 - CMSIS Pack Vendor :WES I-CUBE-Cesium 1.3.0
2024-05-10 23:52:57,996 [INFO] ThirdParty:977 - CMSIS Pack Vendor :STMicroelectronics FP-ATR-ASTRA1 2.0.0
2024-05-10 23:52:57,996 [INFO] ThirdParty:977 - CMSIS Pack Vendor :STMicroelectronics lwIP 2.1.2
2024-05-10 23:52:57,996 [INFO] ThirdParty:977 - CMSIS Pack Vendor :STMicroelectronics X-CUBE-SFXS2LP1 4.0.0
2024-05-10 23:52:57,996 [INFO] ThirdParty:977 - CMSIS Pack Vendor :STMicroelectronics X-CUBE-BLE2 3.3.0
2024-05-10 23:52:57,996 [INFO] ThirdParty:977 - CMSIS Pack Vendor :STMicroelectronics X-CUBE-TOF1 3.4.1
2024-05-10 23:52:57,996 [INFO] ThirdParty:977 - CMSIS Pack Vendor :STMicroelectronics X-CUBE-AZRTOS-H7 3.2.0
2024-05-10 23:52:57,996 [INFO] ThirdParty:977 - CMSIS Pack Vendor :Infineon AIROC-Wi-Fi-Bluetooth-STM32 1.6.0
2024-05-10 23:52:57,996 [INFO] ThirdParty:977 - CMSIS Pack Vendor :STMicroelectronics PDM2PCM 3.2.0
2024-05-10 23:52:57,996 [INFO] ThirdParty:793 - exiting critical section [change project]
2024-05-10 23:52:58,247 [INFO] PinOutPanel:1465 - setPackage(No Configuration,No Configuration)
2024-05-10 23:52:58,247 [INFO] PinOutPanel:1465 - setPackage(STM32F103C8Tx,LQFP48)
2024-05-10 23:52:58,560 [INFO] UtilMem:74 - Before build in PCC Used Memory: 672023208 Bytes (1024458752)
2024-05-10 23:52:58,890 [INFO] UtilMem:74 - After build in PCC Used Memory: 667947944 Bytes (1024458752)
2024-05-10 23:52:58,911 [INFO] IPUIPlugin:75 - create IPUIPlugin
2024-05-10 23:52:58,911 [INFO] IPUIPlugin:75 - create IPUIPlugin
2024-05-10 23:52:58,911 [INFO] IPUIPlugin:75 - create IPUIPlugin
2024-05-10 23:52:58,911 [INFO] IPUIPlugin:75 - create IPUIPlugin
2024-05-10 23:52:58,911 [INFO] IPUIPlugin:75 - create IPUIPlugin
2024-05-10 23:52:58,911 [INFO] IPUIPlugin:75 - create IPUIPlugin
2024-05-10 23:52:58,911 [INFO] IPUIPlugin:75 - create IPUIPlugin
2024-05-10 23:52:58,911 [INFO] IPUIPlugin:75 - create IPUIPlugin
2024-05-10 23:52:58,911 [INFO] IPUIPlugin:75 - create IPUIPlugin
2024-05-10 23:52:58,911 [INFO] IPUIPlugin:75 - create IPUIPlugin
2024-05-10 23:52:58,911 [INFO] IPUIPlugin:75 - create IPUIPlugin
2024-05-10 23:52:58,911 [INFO] IPUIPlugin:75 - create IPUIPlugin
2024-05-10 23:52:58,911 [INFO] IPUIPlugin:75 - create IPUIPlugin
2024-05-10 23:52:58,911 [INFO] IPUIPlugin:75 - create IPUIPlugin
2024-05-10 23:52:58,911 [INFO] IPUIPlugin:75 - create IPUIPlugin
2024-05-10 23:52:58,911 [INFO] IPUIPlugin:75 - create IPUIPlugin
2024-05-10 23:52:58,921 [INFO] IPUIPlugin:75 - create IPUIPlugin
2024-05-10 23:52:58,921 [INFO] IPUIPlugin:75 - create IPUIPlugin
2024-05-10 23:52:58,921 [INFO] IPUIPlugin:75 - create IPUIPlugin
2024-05-10 23:52:58,921 [INFO] IPUIPlugin:75 - create IPUIPlugin
2024-05-10 23:52:58,921 [INFO] IPUIPlugin:75 - create IPUIPlugin
2024-05-10 23:52:58,921 [INFO] IPUIPlugin:75 - create IPUIPlugin
2024-05-10 23:52:58,921 [INFO] IPUIPlugin:75 - create IPUIPlugin
2024-05-10 23:52:58,921 [INFO] IPUIPlugin:75 - create IPUIPlugin
2024-05-10 23:52:58,921 [INFO] IPUIPlugin:75 - create IPUIPlugin
2024-05-10 23:52:58,921 [INFO] IPUIPlugin:75 - create IPUIPlugin
2024-05-10 23:52:58,921 [INFO] IPUIPlugin:75 - create IPUIPlugin
2024-05-10 23:52:59,263 [INFO] OpenFileManager:323 - Restore cursor
2024-05-10 23:53:13,108 [INFO] UtilMem:74 - End SaveConfig() Used Memory: 866966488 Bytes (1024458752)
2024-05-10 23:53:15,398 [INFO] UtilMem:74 - End SaveConfig() Used Memory: 643845568 Bytes (1024458752)
2024-05-10 23:55:49,892 [INFO] MainUpdater:2729 - connection check result : 10
2024-05-10 23:55:49,892 [INFO] MainUpdater:2729 - connection check result : 10
2024-05-10 23:55:50,002 [INFO] MicroXplorer:447 - Change Database Path : 
2024-05-10 23:55:50,002 [INFO] MicroXplorer:477 - Change Database Version : DB.6.0.50
2024-05-10 23:55:50,018 [WARN] ThirdParty:823 - waiting for thirdparty lock release [close project]
2024-05-10 23:55:50,018 [INFO] ThirdParty:825 - entering critical section [close project]
2024-05-10 23:55:50,018 [INFO] ThirdParty:835 - exiting critical section [close project]
2024-05-10 23:55:50,018 [INFO] PinOutPanel:1465 - setPackage(No Configuration,No Configuration)
2024-05-10 23:55:50,018 [INFO] UtilMem:74 - Begin LoadConfig() Used Memory: 759816720 Bytes (1024458752)
2024-05-10 23:55:50,018 [INFO] MicroXplorer:447 - Change Database Path : 
2024-05-10 23:55:50,018 [INFO] MicroXplorer:477 - Change Database Version : DB.6.0.50
2024-05-10 23:55:50,018 [INFO] OpenFileManager:303 - Change cursor
2024-05-10 23:55:50,033 [INFO] RulesReader:57 - Compatibility file has been processed (281 Rules)
2024-05-10 23:55:50,033 [INFO] Mcu:1893 - Initializing MCU STM32F103C(8-B)Tx STM32F103C8Tx STM32F103C8T6
2024-05-10 23:55:50,954 [INFO] Context:599 - Trying to add GPIOservice into a context  which must be forbidden
2024-05-10 23:55:51,096 [WARN] ApiManager:304 - Cannot register API 'Board Extension:GNSS1A1' from pack STMicroelectronics.X-CUBE-GNSS1.6.0.0: no header file found
2024-05-10 23:55:51,096 [WARN] ApiManager:304 - Cannot register API 'Board Support:Custom' from pack STMicroelectronics.X-CUBE-GNSS1.6.0.0: no header file found
2024-05-10 23:55:51,096 [WARN] ApiManager:304 - Cannot register API 'Data Exchange:lib_gnss' from pack STMicroelectronics.X-CUBE-GNSS1.6.0.0: no header file found
2024-05-10 23:55:51,111 [WARN] ApiManager:304 - Cannot register API 'Board Extension:NFC06A1' from pack STMicroelectronics.X-CUBE-NFC6.3.1.0: no header file found
2024-05-10 23:55:51,111 [WARN] ApiManager:304 - Cannot register API 'Board Extension:NFC08A1' from pack STMicroelectronics.X-CUBE-NFC6.3.1.0: no header file found
2024-05-10 23:55:51,111 [INFO] RtosManager:484 - Registered RTOS mode: class=CMSIS, group=RTOS, mode=CMSIS_V1, owner=FREERTOS
2024-05-10 23:55:51,111 [INFO] RtosManager:484 - Registered RTOS mode: class=CMSIS, group=RTOS2, mode=CMSIS_V2, owner=FREERTOS
2024-05-10 23:55:51,111 [INFO] RtosManager:484 - Registered RTOS mode: class=RTOS, group=Core, mode=CMSIS_V1, owner=FREERTOS
2024-05-10 23:55:51,111 [INFO] RtosManager:484 - Registered RTOS mode: class=RTOS, group=Core, mode=CMSIS_V2, owner=FREERTOS
2024-05-10 23:55:51,111 [WARN] ModelIntegratedComponent:181 - Missing modes for component STMicroelectronics:FreeRTOS:0.0.1:STMicroelectronics:RTOS:FreeRTOS:Core:::10.2.0:
2024-05-10 23:55:51,111 [WARN] ApiManager:304 - Cannot register API 'Board Extension:STSAFEA1' from pack STMicroelectronics.X-CUBE-SAFEA1.1.2.2: no header file found
2024-05-10 23:55:51,111 [WARN] ApiManager:304 - Cannot register API 'Board Part:STSAFEA110' from pack STMicroelectronics.X-CUBE-SAFEA1.1.2.2: no header file found
2024-05-10 23:55:51,111 [WARN] ApiManager:304 - Cannot register API 'Security:ST_Cryptolib' from pack STMicroelectronics.X-CUBE-SAFEA1.1.2.2: no header file found
2024-05-10 23:55:51,111 [WARN] ApiManager:304 - Cannot register API 'Security:MbedTLS' from pack STMicroelectronics.X-CUBE-SAFEA1.1.2.2: no header file found
2024-05-10 23:55:51,111 [WARN] ApiManager:304 - Cannot register API 'Board Extension:NFC04A1' from pack STMicroelectronics.X-CUBE-NFC4.3.0.0: no header file found
2024-05-10 23:55:51,111 [WARN] ApiManager:304 - Cannot register API 'Board Extension:S2868A1' from pack STMicroelectronics.X-CUBE-SUBG2.5.0.0: no header file found
2024-05-10 23:55:51,111 [WARN] ApiManager:304 - Cannot register API 'Board Extension:S2868A2' from pack STMicroelectronics.X-CUBE-SUBG2.5.0.0: no header file found
2024-05-10 23:55:51,111 [WARN] ApiManager:304 - Cannot register API 'Board Extension:S2915A1' from pack STMicroelectronics.X-CUBE-SUBG2.5.0.0: no header file found
2024-05-10 23:55:51,111 [WARN] ApiManager:304 - Cannot register API 'Wireless:BlueNRG-MS' from pack STMicroelectronics.X-CUBE-BLE1.7.0.0: no header file found
2024-05-10 23:55:51,127 [WARN] ApiManager:304 - Cannot register API 'Board Extension:EEPRMA2' from pack STMicroelectronics.X-CUBE-EEPRMA1.5.1.0: no header file found
2024-05-10 23:55:51,127 [WARN] ApiManager:304 - Cannot register API 'Board Extension:PGEEZ1' from pack STMicroelectronics.X-CUBE-EEPRMA1.5.1.0: no header file found
2024-05-10 23:55:51,127 [WARN] ApiManager:304 - Cannot register API 'Board Extension:EEICA1' from pack STMicroelectronics.X-CUBE-EEPRMA1.5.1.0: no header file found
2024-05-10 23:55:51,127 [WARN] ApiManager:304 - Cannot register API 'Board Part:M24' from pack STMicroelectronics.X-CUBE-EEPRMA1.5.1.0: no header file found
2024-05-10 23:55:51,127 [WARN] ApiManager:304 - Cannot register API 'Board Part:M95' from pack STMicroelectronics.X-CUBE-EEPRMA1.5.1.0: no header file found
2024-05-10 23:55:51,127 [WARN] ApiManager:304 - Cannot register API 'Board Part:M95P32' from pack STMicroelectronics.X-CUBE-EEPRMA1.5.1.0: no header file found
2024-05-10 23:55:51,127 [WARN] ApiManager:304 - Cannot register API 'Board Part:M24256E-F' from pack STMicroelectronics.X-CUBE-EEPRMA1.5.1.0: no header file found
2024-05-10 23:55:51,127 [WARN] ApiManager:304 - Cannot register API 'Board Part:M24M01E-F' from pack STMicroelectronics.X-CUBE-EEPRMA1.5.1.0: no header file found
2024-05-10 23:55:51,127 [WARN] ApiManager:304 - Cannot register API 'PGEEZ1:SPI' from pack STMicroelectronics.X-CUBE-EEPRMA1.5.1.0: no header file found
2024-05-10 23:55:51,127 [WARN] ApiManager:304 - Cannot register API 'PGEEZ1:QDSPI' from pack STMicroelectronics.X-CUBE-EEPRMA1.5.1.0: no header file found
2024-05-10 23:55:51,127 [WARN] ModelIntegratedComponent:60 - No mode defined for component null
2024-05-10 23:55:51,127 [WARN] ModelIntegratedComponent:60 - No mode defined for component null
2024-05-10 23:55:51,127 [WARN] ModelIntegratedComponent:60 - No mode defined for component null
2024-05-10 23:55:51,127 [WARN] ModelIntegratedComponent:60 - No mode defined for component null
2024-05-10 23:55:51,127 [WARN] ModelIntegratedComponent:60 - No mode defined for component null
2024-05-10 23:55:51,127 [WARN] ModelIntegratedComponent:60 - No mode defined for component null
2024-05-10 23:55:51,127 [WARN] ModelIntegratedComponent:60 - No mode defined for component null
2024-05-10 23:55:51,127 [WARN] ModelIntegratedComponent:60 - No mode defined for component null
2024-05-10 23:55:51,127 [WARN] ModelIntegratedComponent:60 - No mode defined for component null
2024-05-10 23:55:51,127 [WARN] ModelIntegratedComponent:60 - No mode defined for component null
2024-05-10 23:55:51,127 [WARN] ModelIntegratedComponent:60 - No mode defined for component null
2024-05-10 23:55:51,127 [WARN] ModelIntegratedComponent:60 - No mode defined for component null
2024-05-10 23:55:51,127 [WARN] ModelIntegratedComponent:60 - No mode defined for component null
2024-05-10 23:55:51,127 [WARN] ModelIntegratedComponent:60 - No mode defined for component null
2024-05-10 23:55:51,127 [WARN] ModelIntegratedComponent:60 - No mode defined for component null
2024-05-10 23:55:51,127 [WARN] ModelIntegratedComponent:60 - No mode defined for component null
2024-05-10 23:55:51,127 [WARN] ModelIntegratedComponent:60 - No mode defined for component null
2024-05-10 23:55:51,127 [WARN] ModelIntegratedComponent:60 - No mode defined for component null
2024-05-10 23:55:51,127 [WARN] ModelIntegratedComponent:60 - No mode defined for component null
2024-05-10 23:55:51,127 [WARN] ModelIntegratedComponent:60 - No mode defined for component null
2024-05-10 23:55:51,127 [WARN] ModelIntegratedComponent:60 - No mode defined for component null
2024-05-10 23:55:51,127 [WARN] ModelIntegratedComponent:60 - No mode defined for component null
2024-05-10 23:55:51,127 [WARN] ModelIntegratedComponent:60 - No mode defined for component null
2024-05-10 23:55:51,127 [WARN] ModelIntegratedComponent:60 - No mode defined for component null
2024-05-10 23:55:51,127 [WARN] ModelIntegratedComponent:60 - No mode defined for component null
2024-05-10 23:55:51,127 [WARN] ModelIntegratedComponent:60 - No mode defined for component null
2024-05-10 23:55:51,127 [WARN] ModelIntegratedComponent:60 - No mode defined for component null
2024-05-10 23:55:51,127 [WARN] ModelIntegratedComponent:60 - No mode defined for component null
2024-05-10 23:55:51,127 [WARN] ModelIntegratedComponent:60 - No mode defined for component null
2024-05-10 23:55:51,127 [WARN] ModelIntegratedComponent:60 - No mode defined for component null
2024-05-10 23:55:51,127 [WARN] ModelIntegratedComponent:60 - No mode defined for component null
2024-05-10 23:55:51,127 [WARN] ModelIntegratedComponent:60 - No mode defined for component null
2024-05-10 23:55:51,127 [WARN] ModelIntegratedComponent:60 - No mode defined for component null
2024-05-10 23:55:51,206 [WARN] ApiManager:304 - Cannot register API 'Board Extension:IKS01A3' from pack STMicroelectronics.X-CUBE-MEMS1.10.0.0: no header file found
2024-05-10 23:55:51,206 [WARN] ApiManager:304 - Cannot register API 'Board Extension:IKS02A1' from pack STMicroelectronics.X-CUBE-MEMS1.10.0.0: no header file found
2024-05-10 23:55:51,206 [WARN] ApiManager:304 - Cannot register API 'Board Extension:IKS4A1' from pack STMicroelectronics.X-CUBE-MEMS1.10.0.0: no header file found
2024-05-10 23:55:51,206 [WARN] ApiManager:304 - Cannot register API 'Board Extension:NFC07A1' from pack STMicroelectronics.X-CUBE-NFC7.1.0.1: no header file found
2024-05-10 23:55:51,206 [WARN] ApiManager:304 - Cannot register API 'Board Extension:S2868A1' from pack STMicroelectronics.X-CUBE-SFXS2LP1.4.0.0: no header file found
2024-05-10 23:55:51,206 [WARN] ApiManager:304 - Cannot register API 'Board Extension:S2868A2' from pack STMicroelectronics.X-CUBE-SFXS2LP1.4.0.0: no header file found
2024-05-10 23:55:51,206 [WARN] ApiManager:304 - Cannot register API 'Board Extension:S2915A1' from pack STMicroelectronics.X-CUBE-SFXS2LP1.4.0.0: no header file found
2024-05-10 23:55:51,206 [WARN] ApiManager:304 - Cannot register API 'Wireless:BlueNRG-2' from pack STMicroelectronics.X-CUBE-BLE2.3.3.0: no header file found
2024-05-10 23:55:51,221 [INFO] ThirdPartyModel:282 - Start build external matchings
2024-05-10 23:55:51,786 [INFO] ThirdPartyModel:295 - End build external matchings
2024-05-10 23:55:52,174 [INFO] UtilMem:74 - End LoadConfig() Used Memory: 849225208 Bytes (1024458752)
2024-05-10 23:55:52,233 [WARN] ThirdParty:785 - waiting for thirdparty lock release [change project]
2024-05-10 23:55:52,233 [INFO] ThirdParty:787 - entering critical section [change project]
2024-05-10 23:55:52,233 [INFO] ThirdParty:977 - CMSIS Pack Vendor :STMicroelectronics X-CUBE-GNSS1 6.0.0
2024-05-10 23:55:52,233 [INFO] ThirdParty:977 - CMSIS Pack Vendor :STMicroelectronics USB_HOST 2.0.0
2024-05-10 23:55:52,233 [INFO] ThirdParty:977 - CMSIS Pack Vendor :STMicroelectronics FP-SNS-MOTENVWB1 1.4.0
2024-05-10 23:55:52,233 [INFO] ThirdParty:977 - CMSIS Pack Vendor :STMicroelectronics X-CUBE-AZRTOS-F4 1.1.0
2024-05-10 23:55:52,233 [INFO] ThirdParty:977 - CMSIS Pack Vendor :STMicroelectronics LIBJPEG 8.0.0
2024-05-10 23:55:52,233 [INFO] ThirdParty:977 - CMSIS Pack Vendor :STMicroelectronics X-CUBE-SMBUS 2.1.0
2024-05-10 23:55:52,233 [INFO] ThirdParty:977 - CMSIS Pack Vendor :STMicroelectronics USB_DEVICE 3.0.0
2024-05-10 23:55:52,233 [INFO] ThirdParty:977 - CMSIS Pack Vendor :STMicroelectronics X-CUBE-TCPP 4.1.0
2024-05-10 23:55:52,233 [INFO] ThirdParty:977 - CMSIS Pack Vendor :STMicroelectronics X-CUBE-FREERTOS 1.2.0
2024-05-10 23:55:52,233 [INFO] ThirdParty:977 - CMSIS Pack Vendor :STMicroelectronics X-CUBE-AZRTOS-WB 2.0.0
2024-05-10 23:55:52,233 [INFO] ThirdParty:977 - CMSIS Pack Vendor :STMicroelectronics X-CUBE-TOUCHGFX 4.23.2
2024-05-10 23:55:52,233 [INFO] ThirdParty:977 - CMSIS Pack Vendor :STMicroelectronics X-CUBE-AZRTOS-F7 1.1.0
2024-05-10 23:55:52,233 [INFO] ThirdParty:977 - CMSIS Pack Vendor :STMicroelectronics X-CUBE-AZRTOS-L5 2.0.0
2024-05-10 23:55:52,233 [INFO] ThirdParty:977 - CMSIS Pack Vendor :STMicroelectronics USB_DEVICE 2.0.0
2024-05-10 23:55:52,233 [INFO] ThirdParty:977 - CMSIS Pack Vendor :STMicroelectronics X-CUBE-NFC6 3.1.0
2024-05-10 23:55:52,233 [INFO] ThirdParty:977 - CMSIS Pack Vendor :STMicroelectronics X-CUBE-ALGOBUILD 1.3.0
2024-05-10 23:55:52,233 [INFO] ThirdParty:977 - CMSIS Pack Vendor :STMicroelectronics FreeRTOS 0.0.1
2024-05-10 23:55:52,233 [INFO] ThirdParty:977 - CMSIS Pack Vendor :STMicroelectronics X-CUBE-AZRTOS-G0 1.1.0
2024-05-10 23:55:52,233 [INFO] ThirdParty:977 - CMSIS Pack Vendor :STMicroelectronics X-CUBE-SAFEA1 1.2.2
2024-05-10 23:55:52,233 [INFO] ThirdParty:977 - CMSIS Pack Vendor :STMicroelectronics X-CUBE-NFC4 3.0.0
2024-05-10 23:55:52,233 [INFO] ThirdParty:977 - CMSIS Pack Vendor :STMicroelectronics X-CUBE-SUBG2 5.0.0
2024-05-10 23:55:52,233 [INFO] ThirdParty:977 - CMSIS Pack Vendor :STMicroelectronics STM32_WPAN 1.0.0
2024-05-10 23:55:52,233 [INFO] ThirdParty:977 - CMSIS Pack Vendor :STMicroelectronics lwIP 2.0.3
2024-05-10 23:55:52,233 [INFO] ThirdParty:977 - CMSIS Pack Vendor :STMicroelectronics FP-SNS-FLIGHT1 5.0.2
2024-05-10 23:55:52,233 [INFO] ThirdParty:977 - CMSIS Pack Vendor :STMicroelectronics USB_HOST 1.0.0
2024-05-10 23:55:52,233 [INFO] ThirdParty:977 - CMSIS Pack Vendor :STMicroelectronics X-CUBE-AI 9.0.0
2024-05-10 23:55:52,233 [INFO] ThirdParty:977 - CMSIS Pack Vendor :STMicroelectronics X-CUBE-AZRTOS-G4 2.0.0
2024-05-10 23:55:52,233 [INFO] ThirdParty:977 - CMSIS Pack Vendor :STMicroelectronics PDM2PCM 3.1.0
2024-05-10 23:55:52,233 [INFO] ThirdParty:977 - CMSIS Pack Vendor :STMicroelectronics PDM2PCM 3.3.0
2024-05-10 23:55:52,233 [INFO] ThirdParty:977 - CMSIS Pack Vendor :STMicroelectronics X-CUBE-DISPLAY 3.0.0
2024-05-10 23:55:52,233 [INFO] ThirdParty:977 - CMSIS Pack Vendor :wolfSSL I-CUBE-wolfSSL 5.7.0
2024-05-10 23:55:52,233 [INFO] ThirdParty:977 - CMSIS Pack Vendor :STMicroelectronics X-CUBE-BLE1 7.0.0
2024-05-10 23:55:52,233 [INFO] ThirdParty:977 - CMSIS Pack Vendor :STMicroelectronics FP-ATR-SIGFOX1 3.2.0
2024-05-10 23:55:52,233 [INFO] ThirdParty:977 - CMSIS Pack Vendor :STMicroelectronics X-CUBE-ISPU 2.0.0
2024-05-10 23:55:52,233 [INFO] ThirdParty:977 - CMSIS Pack Vendor :STMicroelectronics X-CUBE-EEPRMA1 5.1.0
2024-05-10 23:55:52,233 [INFO] ThirdParty:977 - CMSIS Pack Vendor :STMicroelectronics HAL Drivers 0.0.0
2024-05-10 23:55:52,233 [INFO] ThirdParty:977 - CMSIS Pack Vendor :STMicroelectronics MBEDTLS 2.16.2
2024-05-10 23:55:52,233 [INFO] ThirdParty:977 - CMSIS Pack Vendor :emotas I-CUBE-CANOPEN 1.3.0
2024-05-10 23:55:52,233 [INFO] ThirdParty:977 - CMSIS Pack Vendor :STMicroelectronics X-CUBE-MEMS1 10.0.0
2024-05-10 23:55:52,233 [INFO] ThirdParty:977 - CMSIS Pack Vendor :STMicroelectronics X-CUBE-NFC7 1.0.1
2024-05-10 23:55:52,233 [INFO] ThirdParty:977 - CMSIS Pack Vendor :STMicroelectronics MBEDTLS 2.14.1
2024-05-10 23:55:52,233 [INFO] ThirdParty:977 - CMSIS Pack Vendor :ITTIA_DB I-CUBE-ITTIADB 8.9.0
2024-05-10 23:55:52,233 [INFO] ThirdParty:977 - CMSIS Pack Vendor :portGmbH I-Cube-SoM-uGOAL 1.1.0
2024-05-10 23:55:52,233 [INFO] ThirdParty:977 - CMSIS Pack Vendor :STMicroelectronics X-CUBE-ALS 1.0.1
2024-05-10 23:55:52,233 [INFO] ThirdParty:977 - CMSIS Pack Vendor :STMicroelectronics X-CUBE-BLEMGR 3.1.0
2024-05-10 23:55:52,233 [INFO] ThirdParty:977 - CMSIS Pack Vendor :STMicroelectronics ThreadX 1.0.0
2024-05-10 23:55:52,233 [INFO] ThirdParty:977 - CMSIS Pack Vendor :STMicroelectronics FP-SNS-SMARTAG2 1.2.0
2024-05-10 23:55:52,233 [INFO] ThirdParty:977 - CMSIS Pack Vendor :STMicroelectronics X-CUBE-AZRTOS-WL 2.0.0
2024-05-10 23:55:52,233 [INFO] ThirdParty:977 - CMSIS Pack Vendor :SEGGER I-CUBE-embOS 1.3.1
2024-05-10 23:55:52,233 [INFO] ThirdParty:977 - CMSIS Pack Vendor :STMicroelectronics X-CUBE-ALGOBUILD 1.4.0
2024-05-10 23:55:52,233 [INFO] ThirdParty:977 - CMSIS Pack Vendor :STMicroelectronics FP-SNS-MOTENV1 5.0.0
2024-05-10 23:55:52,233 [INFO] ThirdParty:977 - CMSIS Pack Vendor :STMicroelectronics USB_DEVICE 1.0.0
2024-05-10 23:55:52,233 [INFO] ThirdParty:977 - CMSIS Pack Vendor :STMicroelectronics X-CUBE-AZRTOS-H7RS 1.0.0
2024-05-10 23:55:52,233 [INFO] ThirdParty:977 - CMSIS Pack Vendor :STMicroelectronics X-CUBE-AZRTOS-L4 2.0.0
2024-05-10 23:55:52,233 [INFO] ThirdParty:977 - CMSIS Pack Vendor :STMicroelectronics ThreadX 0.0.2
2024-05-10 23:55:52,233 [INFO] ThirdParty:977 - CMSIS Pack Vendor :WES I-CUBE-Cesium 1.3.0
2024-05-10 23:55:52,233 [INFO] ThirdParty:977 - CMSIS Pack Vendor :STMicroelectronics FP-ATR-ASTRA1 2.0.0
2024-05-10 23:55:52,233 [INFO] ThirdParty:977 - CMSIS Pack Vendor :STMicroelectronics lwIP 2.1.2
2024-05-10 23:55:52,233 [INFO] ThirdParty:977 - CMSIS Pack Vendor :STMicroelectronics X-CUBE-SFXS2LP1 4.0.0
2024-05-10 23:55:52,233 [INFO] ThirdParty:977 - CMSIS Pack Vendor :STMicroelectronics X-CUBE-BLE2 3.3.0
2024-05-10 23:55:52,233 [INFO] ThirdParty:977 - CMSIS Pack Vendor :STMicroelectronics X-CUBE-TOF1 3.4.1
2024-05-10 23:55:52,233 [INFO] ThirdParty:977 - CMSIS Pack Vendor :STMicroelectronics X-CUBE-AZRTOS-H7 3.2.0
2024-05-10 23:55:52,233 [INFO] ThirdParty:977 - CMSIS Pack Vendor :Infineon AIROC-Wi-Fi-Bluetooth-STM32 1.6.0
2024-05-10 23:55:52,233 [INFO] ThirdParty:977 - CMSIS Pack Vendor :STMicroelectronics PDM2PCM 3.2.0
2024-05-10 23:55:52,233 [INFO] ThirdParty:793 - exiting critical section [change project]
2024-05-10 23:55:52,406 [INFO] PinOutPanel:1465 - setPackage(No Configuration,No Configuration)
2024-05-10 23:55:52,406 [INFO] PinOutPanel:1465 - setPackage(STM32F103C8Tx,LQFP48)
2024-05-10 23:55:52,578 [INFO] UtilMem:74 - Before build in PCC Used Memory: 685291024 Bytes (1024458752)
2024-05-10 23:55:52,814 [INFO] UtilMem:74 - After build in PCC Used Memory: 726707728 Bytes (1024458752)
2024-05-10 23:55:52,829 [INFO] IPUIPlugin:75 - create IPUIPlugin
2024-05-10 23:55:52,829 [INFO] IPUIPlugin:75 - create IPUIPlugin
2024-05-10 23:55:52,829 [INFO] IPUIPlugin:75 - create IPUIPlugin
2024-05-10 23:55:52,829 [INFO] IPUIPlugin:75 - create IPUIPlugin
2024-05-10 23:55:52,829 [INFO] IPUIPlugin:75 - create IPUIPlugin
2024-05-10 23:55:52,829 [INFO] IPUIPlugin:75 - create IPUIPlugin
2024-05-10 23:55:52,829 [INFO] IPUIPlugin:75 - create IPUIPlugin
2024-05-10 23:55:52,829 [INFO] IPUIPlugin:75 - create IPUIPlugin
2024-05-10 23:55:52,829 [INFO] IPUIPlugin:75 - create IPUIPlugin
2024-05-10 23:55:52,829 [INFO] IPUIPlugin:75 - create IPUIPlugin
2024-05-10 23:55:52,829 [INFO] IPUIPlugin:75 - create IPUIPlugin
2024-05-10 23:55:52,829 [INFO] IPUIPlugin:75 - create IPUIPlugin
2024-05-10 23:55:52,829 [INFO] IPUIPlugin:75 - create IPUIPlugin
2024-05-10 23:55:52,829 [INFO] IPUIPlugin:75 - create IPUIPlugin
2024-05-10 23:55:52,829 [INFO] IPUIPlugin:75 - create IPUIPlugin
2024-05-10 23:55:52,829 [INFO] IPUIPlugin:75 - create IPUIPlugin
2024-05-10 23:55:52,829 [INFO] IPUIPlugin:75 - create IPUIPlugin
2024-05-10 23:55:52,829 [INFO] IPUIPlugin:75 - create IPUIPlugin
2024-05-10 23:55:52,829 [INFO] IPUIPlugin:75 - create IPUIPlugin
2024-05-10 23:55:52,829 [INFO] IPUIPlugin:75 - create IPUIPlugin
2024-05-10 23:55:52,829 [INFO] IPUIPlugin:75 - create IPUIPlugin
2024-05-10 23:55:52,829 [INFO] IPUIPlugin:75 - create IPUIPlugin
2024-05-10 23:55:52,829 [INFO] IPUIPlugin:75 - create IPUIPlugin
2024-05-10 23:55:52,829 [INFO] IPUIPlugin:75 - create IPUIPlugin
2024-05-10 23:55:52,829 [INFO] IPUIPlugin:75 - create IPUIPlugin
2024-05-10 23:55:52,829 [INFO] IPUIPlugin:75 - create IPUIPlugin
2024-05-10 23:55:52,829 [INFO] IPUIPlugin:75 - create IPUIPlugin
2024-05-10 23:55:52,925 [INFO] OpenFileManager:323 - Restore cursor
2024-05-10 23:56:08,126 [INFO] UtilMem:74 - End SaveConfig() Used Memory: 868534568 Bytes (1024458752)
2024-05-10 23:56:09,750 [INFO] UtilMem:74 - End SaveConfig() Used Memory: 646782112 Bytes (1024458752)
2024-05-10 23:56:12,040 [INFO] UtilMem:74 - End SaveConfig() Used Memory: 739082032 Bytes (1024458752)
2024-05-10 23:56:12,331 [INFO] BlockDiagram:2740 - set Specific Code input for plugin: NVIC
2024-05-10 23:56:12,331 [INFO] BlockDiagram:2740 - set Specific Code input for plugin: SYS
2024-05-10 23:56:12,331 [INFO] BlockDiagram:2740 - set Specific Code input for plugin: GPIO
2024-05-10 23:56:12,331 [INFO] BlockDiagram:2740 - set Specific Code input for plugin: RCC
2024-05-10 23:56:12,331 [INFO] CodeGenerator:681 - code generatio: config db path: C:\ST\STM32CubeIDE_1.9.0\STM32CubeIDE\plugins\com.st.stm32cube.common.mx_6.5.0.202202251913\\db\
2024-05-10 23:56:12,597 [INFO] CodeEngine:237 - oldGeneratedFile, C:\Users\hoatt\STM32CubeIDE\wsp_boot_use_uart\boot_uart\MXTmpFiles\license.tmp_save
2024-05-10 23:56:12,707 [INFO] CodeEngine:261 - Generated code: C:\Users\hoatt\STM32CubeIDE\wsp_boot_use_uart\boot_uart\MXTmpFiles\license.tmp
2024-05-10 23:56:12,770 [INFO] CodeEngine:237 - oldGeneratedFile, C:\Users\hoatt\STM32CubeIDE\wsp_boot_use_uart\boot_uart\MXTmpFiles\gpio.tmp_save
2024-05-10 23:56:12,927 [INFO] CodeEngine:261 - Generated code: C:\Users\hoatt\STM32CubeIDE\wsp_boot_use_uart\boot_uart\MXTmpFiles\gpio.tmp
2024-05-10 23:56:12,958 [INFO] CodeEngine:237 - oldGeneratedFile, C:\Users\hoatt\STM32CubeIDE\wsp_boot_use_uart\boot_uart\Core\Src\stm32f1xx_it.c_save
2024-05-10 23:56:13,068 [INFO] CodeEngine:261 - Generated code: C:\Users\hoatt\STM32CubeIDE\wsp_boot_use_uart\boot_uart\Core\Src\stm32f1xx_it.c
2024-05-10 23:56:13,084 [INFO] CodeEngine:237 - oldGeneratedFile, C:\Users\hoatt\STM32CubeIDE\wsp_boot_use_uart\boot_uart\Core\Inc\stm32f1xx_it.h_save
2024-05-10 23:56:13,193 [INFO] CodeEngine:261 - Generated code: C:\Users\hoatt\STM32CubeIDE\wsp_boot_use_uart\boot_uart\Core\Inc\stm32f1xx_it.h
2024-05-10 23:56:13,225 [INFO] CodeEngine:237 - oldGeneratedFile, C:\Users\hoatt\STM32CubeIDE\wsp_boot_use_uart\boot_uart\Core\Src\stm32f1xx_hal_msp.c_save
2024-05-10 23:56:13,366 [INFO] CodeEngine:261 - Generated code: C:\Users\hoatt\STM32CubeIDE\wsp_boot_use_uart\boot_uart\Core\Src\stm32f1xx_hal_msp.c
2024-05-10 23:56:13,366 [INFO] CodeEngine:237 - oldGeneratedFile, C:\Users\hoatt\STM32CubeIDE\wsp_boot_use_uart\boot_uart\MXTmpFiles\system.tmp_save
2024-05-10 23:56:13,476 [INFO] CodeEngine:261 - Generated code: C:\Users\hoatt\STM32CubeIDE\wsp_boot_use_uart\boot_uart\MXTmpFiles\system.tmp
2024-05-10 23:56:13,492 [INFO] CodeEngine:237 - oldGeneratedFile, C:\Users\hoatt\STM32CubeIDE\wsp_boot_use_uart\boot_uart\Core\Inc\stm32f1xx_hal_conf.h_save
2024-05-10 23:56:13,617 [INFO] CodeEngine:261 - Generated code: C:\Users\hoatt\STM32CubeIDE\wsp_boot_use_uart\boot_uart\Core\Inc\stm32f1xx_hal_conf.h
2024-05-10 23:56:13,664 [INFO] CodeEngine:237 - oldGeneratedFile, C:\Users\hoatt\STM32CubeIDE\wsp_boot_use_uart\boot_uart\Core\Inc\main.h_save
2024-05-10 23:56:13,743 [INFO] CodeEngine:261 - Generated code: C:\Users\hoatt\STM32CubeIDE\wsp_boot_use_uart\boot_uart\Core\Inc\main.h
2024-05-10 23:56:13,758 [INFO] CodeEngine:237 - oldGeneratedFile, C:\Users\hoatt\STM32CubeIDE\wsp_boot_use_uart\boot_uart\Core\Src\main.c_save
2024-05-10 23:56:14,009 [INFO] CodeEngine:261 - Generated code: C:\Users\hoatt\STM32CubeIDE\wsp_boot_use_uart\boot_uart\Core\Src\main.c
2024-05-10 23:56:15,139 [INFO] ProjectBuilder:2913 - Time for Copy HAL[1] : 407mS.
2024-05-10 23:56:15,139 [INFO] ProjectBuilder:4015 - Project Generator version: 3.16.0
2024-05-10 23:56:15,620 [INFO] ConfigFileManager:1287 - The Die is : DIE410
2024-05-10 23:56:15,626 [INFO] ApiDbMcu:488 - Load IP Config File for FATFS
2024-05-10 23:56:15,657 [INFO] ApiDbMcu:488 - Load IP Config File for FREERTOS
2024-05-10 23:56:15,688 [INFO] ApiDbMcu:488 - Load IP Config File for USB_DEVICE
2024-05-10 23:56:17,759 [INFO] ProjectBuilder:4183 - Time for Generating toolchain IDE Files: 2620mS.
2024-05-10 23:56:17,759 [INFO] ProjectBuilder:2785 - Time for Copy CMSIS : 0mS.
2024-05-10 23:56:17,774 [INFO] ProjectBuilder:2785 - Time for Copy CMSIS : 0mS.
2024-05-10 23:57:30,932 [ERROR] ConfigurationRetriever:139 - IOException on connection: Read timed out
2024-05-10 23:58:27,188 [INFO] MainUpdater:2729 - connection check result : 10
2024-05-10 23:58:27,188 [INFO] MainUpdater:2729 - connection check result : 10
2024-05-10 23:58:27,293 [INFO] MicroXplorer:447 - Change Database Path : 
2024-05-10 23:58:27,293 [INFO] MicroXplorer:477 - Change Database Version : DB.6.0.50
2024-05-10 23:58:27,293 [WARN] ThirdParty:823 - waiting for thirdparty lock release [close project]
2024-05-10 23:58:27,293 [INFO] ThirdParty:825 - entering critical section [close project]
2024-05-10 23:58:27,293 [INFO] ThirdParty:835 - exiting critical section [close project]
2024-05-10 23:58:27,309 [INFO] PinOutPanel:1465 - setPackage(No Configuration,No Configuration)
2024-05-10 23:58:27,309 [INFO] UtilMem:74 - Begin LoadConfig() Used Memory: 792957656 Bytes (1034944512)
2024-05-10 23:58:27,309 [INFO] MicroXplorer:447 - Change Database Path : 
2024-05-10 23:58:27,309 [INFO] MicroXplorer:477 - Change Database Version : DB.6.0.50
2024-05-10 23:58:27,309 [INFO] OpenFileManager:303 - Change cursor
2024-05-10 23:58:27,329 [INFO] RulesReader:57 - Compatibility file has been processed (281 Rules)
2024-05-10 23:58:27,329 [INFO] Mcu:1893 - Initializing MCU STM32F103C(8-B)Tx STM32F103C8Tx STM32F103C8T6
2024-05-10 23:58:28,290 [INFO] Context:599 - Trying to add GPIOservice into a context  which must be forbidden
2024-05-10 23:58:28,431 [WARN] ApiManager:304 - Cannot register API 'Board Extension:GNSS1A1' from pack STMicroelectronics.X-CUBE-GNSS1.6.0.0: no header file found
2024-05-10 23:58:28,431 [WARN] ApiManager:304 - Cannot register API 'Board Support:Custom' from pack STMicroelectronics.X-CUBE-GNSS1.6.0.0: no header file found
2024-05-10 23:58:28,431 [WARN] ApiManager:304 - Cannot register API 'Data Exchange:lib_gnss' from pack STMicroelectronics.X-CUBE-GNSS1.6.0.0: no header file found
2024-05-10 23:58:28,431 [WARN] ApiManager:304 - Cannot register API 'Board Extension:NFC06A1' from pack STMicroelectronics.X-CUBE-NFC6.3.1.0: no header file found
2024-05-10 23:58:28,431 [WARN] ApiManager:304 - Cannot register API 'Board Extension:NFC08A1' from pack STMicroelectronics.X-CUBE-NFC6.3.1.0: no header file found
2024-05-10 23:58:28,447 [INFO] RtosManager:484 - Registered RTOS mode: class=CMSIS, group=RTOS, mode=CMSIS_V1, owner=FREERTOS
2024-05-10 23:58:28,447 [INFO] RtosManager:484 - Registered RTOS mode: class=CMSIS, group=RTOS2, mode=CMSIS_V2, owner=FREERTOS
2024-05-10 23:58:28,447 [INFO] RtosManager:484 - Registered RTOS mode: class=RTOS, group=Core, mode=CMSIS_V1, owner=FREERTOS
2024-05-10 23:58:28,447 [INFO] RtosManager:484 - Registered RTOS mode: class=RTOS, group=Core, mode=CMSIS_V2, owner=FREERTOS
2024-05-10 23:58:28,447 [WARN] ModelIntegratedComponent:181 - Missing modes for component STMicroelectronics:FreeRTOS:0.0.1:STMicroelectronics:RTOS:FreeRTOS:Core:::10.2.0:
2024-05-10 23:58:28,447 [WARN] ApiManager:304 - Cannot register API 'Board Extension:STSAFEA1' from pack STMicroelectronics.X-CUBE-SAFEA1.1.2.2: no header file found
2024-05-10 23:58:28,447 [WARN] ApiManager:304 - Cannot register API 'Board Part:STSAFEA110' from pack STMicroelectronics.X-CUBE-SAFEA1.1.2.2: no header file found
2024-05-10 23:58:28,447 [WARN] ApiManager:304 - Cannot register API 'Security:ST_Cryptolib' from pack STMicroelectronics.X-CUBE-SAFEA1.1.2.2: no header file found
2024-05-10 23:58:28,447 [WARN] ApiManager:304 - Cannot register API 'Security:MbedTLS' from pack STMicroelectronics.X-CUBE-SAFEA1.1.2.2: no header file found
2024-05-10 23:58:28,447 [WARN] ApiManager:304 - Cannot register API 'Board Extension:NFC04A1' from pack STMicroelectronics.X-CUBE-NFC4.3.0.0: no header file found
2024-05-10 23:58:28,447 [WARN] ApiManager:304 - Cannot register API 'Board Extension:S2868A1' from pack STMicroelectronics.X-CUBE-SUBG2.5.0.0: no header file found
2024-05-10 23:58:28,447 [WARN] ApiManager:304 - Cannot register API 'Board Extension:S2868A2' from pack STMicroelectronics.X-CUBE-SUBG2.5.0.0: no header file found
2024-05-10 23:58:28,447 [WARN] ApiManager:304 - Cannot register API 'Board Extension:S2915A1' from pack STMicroelectronics.X-CUBE-SUBG2.5.0.0: no header file found
2024-05-10 23:58:28,447 [WARN] ApiManager:304 - Cannot register API 'Wireless:BlueNRG-MS' from pack STMicroelectronics.X-CUBE-BLE1.7.0.0: no header file found
2024-05-10 23:58:28,447 [WARN] ApiManager:304 - Cannot register API 'Board Extension:EEPRMA2' from pack STMicroelectronics.X-CUBE-EEPRMA1.5.1.0: no header file found
2024-05-10 23:58:28,462 [WARN] ApiManager:304 - Cannot register API 'Board Extension:PGEEZ1' from pack STMicroelectronics.X-CUBE-EEPRMA1.5.1.0: no header file found
2024-05-10 23:58:28,462 [WARN] ApiManager:304 - Cannot register API 'Board Extension:EEICA1' from pack STMicroelectronics.X-CUBE-EEPRMA1.5.1.0: no header file found
2024-05-10 23:58:28,462 [WARN] ApiManager:304 - Cannot register API 'Board Part:M24' from pack STMicroelectronics.X-CUBE-EEPRMA1.5.1.0: no header file found
2024-05-10 23:58:28,462 [WARN] ApiManager:304 - Cannot register API 'Board Part:M95' from pack STMicroelectronics.X-CUBE-EEPRMA1.5.1.0: no header file found
2024-05-10 23:58:28,462 [WARN] ApiManager:304 - Cannot register API 'Board Part:M95P32' from pack STMicroelectronics.X-CUBE-EEPRMA1.5.1.0: no header file found
2024-05-10 23:58:28,462 [WARN] ApiManager:304 - Cannot register API 'Board Part:M24256E-F' from pack STMicroelectronics.X-CUBE-EEPRMA1.5.1.0: no header file found
2024-05-10 23:58:28,462 [WARN] ApiManager:304 - Cannot register API 'Board Part:M24M01E-F' from pack STMicroelectronics.X-CUBE-EEPRMA1.5.1.0: no header file found
2024-05-10 23:58:28,462 [WARN] ApiManager:304 - Cannot register API 'PGEEZ1:SPI' from pack STMicroelectronics.X-CUBE-EEPRMA1.5.1.0: no header file found
2024-05-10 23:58:28,462 [WARN] ApiManager:304 - Cannot register API 'PGEEZ1:QDSPI' from pack STMicroelectronics.X-CUBE-EEPRMA1.5.1.0: no header file found
2024-05-10 23:58:28,462 [WARN] ModelIntegratedComponent:60 - No mode defined for component null
2024-05-10 23:58:28,462 [WARN] ModelIntegratedComponent:60 - No mode defined for component null
2024-05-10 23:58:28,462 [WARN] ModelIntegratedComponent:60 - No mode defined for component null
2024-05-10 23:58:28,462 [WARN] ModelIntegratedComponent:60 - No mode defined for component null
2024-05-10 23:58:28,462 [WARN] ModelIntegratedComponent:60 - No mode defined for component null
2024-05-10 23:58:28,462 [WARN] ModelIntegratedComponent:60 - No mode defined for component null
2024-05-10 23:58:28,462 [WARN] ModelIntegratedComponent:60 - No mode defined for component null
2024-05-10 23:58:28,462 [WARN] ModelIntegratedComponent:60 - No mode defined for component null
2024-05-10 23:58:28,462 [WARN] ModelIntegratedComponent:60 - No mode defined for component null
2024-05-10 23:58:28,462 [WARN] ModelIntegratedComponent:60 - No mode defined for component null
2024-05-10 23:58:28,462 [WARN] ModelIntegratedComponent:60 - No mode defined for component null
2024-05-10 23:58:28,462 [WARN] ModelIntegratedComponent:60 - No mode defined for component null
2024-05-10 23:58:28,462 [WARN] ModelIntegratedComponent:60 - No mode defined for component null
2024-05-10 23:58:28,462 [WARN] ModelIntegratedComponent:60 - No mode defined for component null
2024-05-10 23:58:28,462 [WARN] ModelIntegratedComponent:60 - No mode defined for component null
2024-05-10 23:58:28,462 [WARN] ModelIntegratedComponent:60 - No mode defined for component null
2024-05-10 23:58:28,462 [WARN] ModelIntegratedComponent:60 - No mode defined for component null
2024-05-10 23:58:28,462 [WARN] ModelIntegratedComponent:60 - No mode defined for component null
2024-05-10 23:58:28,462 [WARN] ModelIntegratedComponent:60 - No mode defined for component null
2024-05-10 23:58:28,462 [WARN] ModelIntegratedComponent:60 - No mode defined for component null
2024-05-10 23:58:28,462 [WARN] ModelIntegratedComponent:60 - No mode defined for component null
2024-05-10 23:58:28,462 [WARN] ModelIntegratedComponent:60 - No mode defined for component null
2024-05-10 23:58:28,462 [WARN] ModelIntegratedComponent:60 - No mode defined for component null
2024-05-10 23:58:28,462 [WARN] ModelIntegratedComponent:60 - No mode defined for component null
2024-05-10 23:58:28,462 [WARN] ModelIntegratedComponent:60 - No mode defined for component null
2024-05-10 23:58:28,462 [WARN] ModelIntegratedComponent:60 - No mode defined for component null
2024-05-10 23:58:28,462 [WARN] ModelIntegratedComponent:60 - No mode defined for component null
2024-05-10 23:58:28,462 [WARN] ModelIntegratedComponent:60 - No mode defined for component null
2024-05-10 23:58:28,462 [WARN] ModelIntegratedComponent:60 - No mode defined for component null
2024-05-10 23:58:28,462 [WARN] ModelIntegratedComponent:60 - No mode defined for component null
2024-05-10 23:58:28,462 [WARN] ModelIntegratedComponent:60 - No mode defined for component null
2024-05-10 23:58:28,462 [WARN] ModelIntegratedComponent:60 - No mode defined for component null
2024-05-10 23:58:28,462 [WARN] ModelIntegratedComponent:60 - No mode defined for component null
2024-05-10 23:58:28,572 [WARN] ApiManager:304 - Cannot register API 'Board Extension:IKS01A3' from pack STMicroelectronics.X-CUBE-MEMS1.10.0.0: no header file found
2024-05-10 23:58:28,572 [WARN] ApiManager:304 - Cannot register API 'Board Extension:IKS02A1' from pack STMicroelectronics.X-CUBE-MEMS1.10.0.0: no header file found
2024-05-10 23:58:28,572 [WARN] ApiManager:304 - Cannot register API 'Board Extension:IKS4A1' from pack STMicroelectronics.X-CUBE-MEMS1.10.0.0: no header file found
2024-05-10 23:58:28,572 [WARN] ApiManager:304 - Cannot register API 'Board Extension:NFC07A1' from pack STMicroelectronics.X-CUBE-NFC7.1.0.1: no header file found
2024-05-10 23:58:28,591 [WARN] ApiManager:304 - Cannot register API 'Board Extension:S2868A1' from pack STMicroelectronics.X-CUBE-SFXS2LP1.4.0.0: no header file found
2024-05-10 23:58:28,591 [WARN] ApiManager:304 - Cannot register API 'Board Extension:S2868A2' from pack STMicroelectronics.X-CUBE-SFXS2LP1.4.0.0: no header file found
2024-05-10 23:58:28,591 [WARN] ApiManager:304 - Cannot register API 'Board Extension:S2915A1' from pack STMicroelectronics.X-CUBE-SFXS2LP1.4.0.0: no header file found
2024-05-10 23:58:28,591 [WARN] ApiManager:304 - Cannot register API 'Wireless:BlueNRG-2' from pack STMicroelectronics.X-CUBE-BLE2.3.3.0: no header file found
2024-05-10 23:58:28,604 [INFO] ThirdPartyModel:282 - Start build external matchings
2024-05-10 23:58:29,137 [INFO] ThirdPartyModel:295 - End build external matchings
2024-05-10 23:58:29,444 [INFO] UtilMem:74 - End LoadConfig() Used Memory: 650134240 Bytes (1034944512)
2024-05-10 23:58:29,515 [WARN] ThirdParty:785 - waiting for thirdparty lock release [change project]
2024-05-10 23:58:29,515 [INFO] ThirdParty:787 - entering critical section [change project]
2024-05-10 23:58:29,515 [INFO] ThirdParty:977 - CMSIS Pack Vendor :STMicroelectronics X-CUBE-GNSS1 6.0.0
2024-05-10 23:58:29,515 [INFO] ThirdParty:977 - CMSIS Pack Vendor :STMicroelectronics USB_HOST 2.0.0
2024-05-10 23:58:29,515 [INFO] ThirdParty:977 - CMSIS Pack Vendor :STMicroelectronics FP-SNS-MOTENVWB1 1.4.0
2024-05-10 23:58:29,515 [INFO] ThirdParty:977 - CMSIS Pack Vendor :STMicroelectronics X-CUBE-AZRTOS-F4 1.1.0
2024-05-10 23:58:29,515 [INFO] ThirdParty:977 - CMSIS Pack Vendor :STMicroelectronics LIBJPEG 8.0.0
2024-05-10 23:58:29,515 [INFO] ThirdParty:977 - CMSIS Pack Vendor :STMicroelectronics X-CUBE-SMBUS 2.1.0
2024-05-10 23:58:29,515 [INFO] ThirdParty:977 - CMSIS Pack Vendor :STMicroelectronics USB_DEVICE 3.0.0
2024-05-10 23:58:29,515 [INFO] ThirdParty:977 - CMSIS Pack Vendor :STMicroelectronics X-CUBE-TCPP 4.1.0
2024-05-10 23:58:29,515 [INFO] ThirdParty:977 - CMSIS Pack Vendor :STMicroelectronics X-CUBE-FREERTOS 1.2.0
2024-05-10 23:58:29,515 [INFO] ThirdParty:977 - CMSIS Pack Vendor :STMicroelectronics X-CUBE-AZRTOS-WB 2.0.0
2024-05-10 23:58:29,515 [INFO] ThirdParty:977 - CMSIS Pack Vendor :STMicroelectronics X-CUBE-TOUCHGFX 4.23.2
2024-05-10 23:58:29,515 [INFO] ThirdParty:977 - CMSIS Pack Vendor :STMicroelectronics X-CUBE-AZRTOS-F7 1.1.0
2024-05-10 23:58:29,515 [INFO] ThirdParty:977 - CMSIS Pack Vendor :STMicroelectronics X-CUBE-AZRTOS-L5 2.0.0
2024-05-10 23:58:29,515 [INFO] ThirdParty:977 - CMSIS Pack Vendor :STMicroelectronics USB_DEVICE 2.0.0
2024-05-10 23:58:29,515 [INFO] ThirdParty:977 - CMSIS Pack Vendor :STMicroelectronics X-CUBE-NFC6 3.1.0
2024-05-10 23:58:29,515 [INFO] ThirdParty:977 - CMSIS Pack Vendor :STMicroelectronics X-CUBE-ALGOBUILD 1.3.0
2024-05-10 23:58:29,515 [INFO] ThirdParty:977 - CMSIS Pack Vendor :STMicroelectronics FreeRTOS 0.0.1
2024-05-10 23:58:29,515 [INFO] ThirdParty:977 - CMSIS Pack Vendor :STMicroelectronics X-CUBE-AZRTOS-G0 1.1.0
2024-05-10 23:58:29,515 [INFO] ThirdParty:977 - CMSIS Pack Vendor :STMicroelectronics X-CUBE-SAFEA1 1.2.2
2024-05-10 23:58:29,515 [INFO] ThirdParty:977 - CMSIS Pack Vendor :STMicroelectronics X-CUBE-NFC4 3.0.0
2024-05-10 23:58:29,515 [INFO] ThirdParty:977 - CMSIS Pack Vendor :STMicroelectronics X-CUBE-SUBG2 5.0.0
2024-05-10 23:58:29,515 [INFO] ThirdParty:977 - CMSIS Pack Vendor :STMicroelectronics STM32_WPAN 1.0.0
2024-05-10 23:58:29,515 [INFO] ThirdParty:977 - CMSIS Pack Vendor :STMicroelectronics lwIP 2.0.3
2024-05-10 23:58:29,515 [INFO] ThirdParty:977 - CMSIS Pack Vendor :STMicroelectronics FP-SNS-FLIGHT1 5.0.2
2024-05-10 23:58:29,515 [INFO] ThirdParty:977 - CMSIS Pack Vendor :STMicroelectronics USB_HOST 1.0.0
2024-05-10 23:58:29,515 [INFO] ThirdParty:977 - CMSIS Pack Vendor :STMicroelectronics X-CUBE-AI 9.0.0
2024-05-10 23:58:29,515 [INFO] ThirdParty:977 - CMSIS Pack Vendor :STMicroelectronics X-CUBE-AZRTOS-G4 2.0.0
2024-05-10 23:58:29,515 [INFO] ThirdParty:977 - CMSIS Pack Vendor :STMicroelectronics PDM2PCM 3.1.0
2024-05-10 23:58:29,515 [INFO] ThirdParty:977 - CMSIS Pack Vendor :STMicroelectronics PDM2PCM 3.3.0
2024-05-10 23:58:29,515 [INFO] ThirdParty:977 - CMSIS Pack Vendor :STMicroelectronics X-CUBE-DISPLAY 3.0.0
2024-05-10 23:58:29,515 [INFO] ThirdParty:977 - CMSIS Pack Vendor :wolfSSL I-CUBE-wolfSSL 5.7.0
2024-05-10 23:58:29,515 [INFO] ThirdParty:977 - CMSIS Pack Vendor :STMicroelectronics X-CUBE-BLE1 7.0.0
2024-05-10 23:58:29,515 [INFO] ThirdParty:977 - CMSIS Pack Vendor :STMicroelectronics FP-ATR-SIGFOX1 3.2.0
2024-05-10 23:58:29,515 [INFO] ThirdParty:977 - CMSIS Pack Vendor :STMicroelectronics X-CUBE-ISPU 2.0.0
2024-05-10 23:58:29,515 [INFO] ThirdParty:977 - CMSIS Pack Vendor :STMicroelectronics X-CUBE-EEPRMA1 5.1.0
2024-05-10 23:58:29,515 [INFO] ThirdParty:977 - CMSIS Pack Vendor :STMicroelectronics HAL Drivers 0.0.0
2024-05-10 23:58:29,515 [INFO] ThirdParty:977 - CMSIS Pack Vendor :STMicroelectronics MBEDTLS 2.16.2
2024-05-10 23:58:29,515 [INFO] ThirdParty:977 - CMSIS Pack Vendor :emotas I-CUBE-CANOPEN 1.3.0
2024-05-10 23:58:29,515 [INFO] ThirdParty:977 - CMSIS Pack Vendor :STMicroelectronics X-CUBE-MEMS1 10.0.0
2024-05-10 23:58:29,515 [INFO] ThirdParty:977 - CMSIS Pack Vendor :STMicroelectronics X-CUBE-NFC7 1.0.1
2024-05-10 23:58:29,515 [INFO] ThirdParty:977 - CMSIS Pack Vendor :STMicroelectronics MBEDTLS 2.14.1
2024-05-10 23:58:29,515 [INFO] ThirdParty:977 - CMSIS Pack Vendor :ITTIA_DB I-CUBE-ITTIADB 8.9.0
2024-05-10 23:58:29,515 [INFO] ThirdParty:977 - CMSIS Pack Vendor :portGmbH I-Cube-SoM-uGOAL 1.1.0
2024-05-10 23:58:29,515 [INFO] ThirdParty:977 - CMSIS Pack Vendor :STMicroelectronics X-CUBE-ALS 1.0.1
2024-05-10 23:58:29,515 [INFO] ThirdParty:977 - CMSIS Pack Vendor :STMicroelectronics X-CUBE-BLEMGR 3.1.0
2024-05-10 23:58:29,515 [INFO] ThirdParty:977 - CMSIS Pack Vendor :STMicroelectronics ThreadX 1.0.0
2024-05-10 23:58:29,515 [INFO] ThirdParty:977 - CMSIS Pack Vendor :STMicroelectronics FP-SNS-SMARTAG2 1.2.0
2024-05-10 23:58:29,515 [INFO] ThirdParty:977 - CMSIS Pack Vendor :STMicroelectronics X-CUBE-AZRTOS-WL 2.0.0
2024-05-10 23:58:29,515 [INFO] ThirdParty:977 - CMSIS Pack Vendor :SEGGER I-CUBE-embOS 1.3.1
2024-05-10 23:58:29,515 [INFO] ThirdParty:977 - CMSIS Pack Vendor :STMicroelectronics X-CUBE-ALGOBUILD 1.4.0
2024-05-10 23:58:29,515 [INFO] ThirdParty:977 - CMSIS Pack Vendor :STMicroelectronics FP-SNS-MOTENV1 5.0.0
2024-05-10 23:58:29,515 [INFO] ThirdParty:977 - CMSIS Pack Vendor :STMicroelectronics USB_DEVICE 1.0.0
2024-05-10 23:58:29,515 [INFO] ThirdParty:977 - CMSIS Pack Vendor :STMicroelectronics X-CUBE-AZRTOS-H7RS 1.0.0
2024-05-10 23:58:29,515 [INFO] ThirdParty:977 - CMSIS Pack Vendor :STMicroelectronics X-CUBE-AZRTOS-L4 2.0.0
2024-05-10 23:58:29,515 [INFO] ThirdParty:977 - CMSIS Pack Vendor :STMicroelectronics ThreadX 0.0.2
2024-05-10 23:58:29,515 [INFO] ThirdParty:977 - CMSIS Pack Vendor :WES I-CUBE-Cesium 1.3.0
2024-05-10 23:58:29,515 [INFO] ThirdParty:977 - CMSIS Pack Vendor :STMicroelectronics FP-ATR-ASTRA1 2.0.0
2024-05-10 23:58:29,515 [INFO] ThirdParty:977 - CMSIS Pack Vendor :STMicroelectronics lwIP 2.1.2
2024-05-10 23:58:29,515 [INFO] ThirdParty:977 - CMSIS Pack Vendor :STMicroelectronics X-CUBE-SFXS2LP1 4.0.0
2024-05-10 23:58:29,515 [INFO] ThirdParty:977 - CMSIS Pack Vendor :STMicroelectronics X-CUBE-BLE2 3.3.0
2024-05-10 23:58:29,515 [INFO] ThirdParty:977 - CMSIS Pack Vendor :STMicroelectronics X-CUBE-TOF1 3.4.1
2024-05-10 23:58:29,515 [INFO] ThirdParty:977 - CMSIS Pack Vendor :STMicroelectronics X-CUBE-AZRTOS-H7 3.2.0
2024-05-10 23:58:29,515 [INFO] ThirdParty:977 - CMSIS Pack Vendor :Infineon AIROC-Wi-Fi-Bluetooth-STM32 1.6.0
2024-05-10 23:58:29,515 [INFO] ThirdParty:977 - CMSIS Pack Vendor :STMicroelectronics PDM2PCM 3.2.0
2024-05-10 23:58:29,515 [INFO] ThirdParty:793 - exiting critical section [change project]
2024-05-10 23:58:29,671 [INFO] PinOutPanel:1465 - setPackage(No Configuration,No Configuration)
2024-05-10 23:58:29,671 [INFO] PinOutPanel:1465 - setPackage(STM32F103C8Tx,LQFP48)
2024-05-10 23:58:29,859 [INFO] UtilMem:74 - Before build in PCC Used Memory: 729010344 Bytes (1034944512)
2024-05-10 23:58:30,156 [INFO] UtilMem:74 - After build in PCC Used Memory: 770953384 Bytes (1034944512)
2024-05-10 23:58:30,173 [INFO] IPUIPlugin:75 - create IPUIPlugin
2024-05-10 23:58:30,173 [INFO] IPUIPlugin:75 - create IPUIPlugin
2024-05-10 23:58:30,173 [INFO] IPUIPlugin:75 - create IPUIPlugin
2024-05-10 23:58:30,173 [INFO] IPUIPlugin:75 - create IPUIPlugin
2024-05-10 23:58:30,173 [INFO] IPUIPlugin:75 - create IPUIPlugin
2024-05-10 23:58:30,173 [INFO] IPUIPlugin:75 - create IPUIPlugin
2024-05-10 23:58:30,173 [INFO] IPUIPlugin:75 - create IPUIPlugin
2024-05-10 23:58:30,173 [INFO] IPUIPlugin:75 - create IPUIPlugin
2024-05-10 23:58:30,173 [INFO] IPUIPlugin:75 - create IPUIPlugin
2024-05-10 23:58:30,173 [INFO] IPUIPlugin:75 - create IPUIPlugin
2024-05-10 23:58:30,173 [INFO] IPUIPlugin:75 - create IPUIPlugin
2024-05-10 23:58:30,173 [INFO] IPUIPlugin:75 - create IPUIPlugin
2024-05-10 23:58:30,173 [INFO] IPUIPlugin:75 - create IPUIPlugin
2024-05-10 23:58:30,173 [INFO] IPUIPlugin:75 - create IPUIPlugin
2024-05-10 23:58:30,173 [INFO] IPUIPlugin:75 - create IPUIPlugin
2024-05-10 23:58:30,173 [INFO] IPUIPlugin:75 - create IPUIPlugin
2024-05-10 23:58:30,173 [INFO] IPUIPlugin:75 - create IPUIPlugin
2024-05-10 23:58:30,173 [INFO] IPUIPlugin:75 - create IPUIPlugin
2024-05-10 23:58:30,173 [INFO] IPUIPlugin:75 - create IPUIPlugin
2024-05-10 23:58:30,173 [INFO] IPUIPlugin:75 - create IPUIPlugin
2024-05-10 23:58:30,173 [INFO] IPUIPlugin:75 - create IPUIPlugin
2024-05-10 23:58:30,173 [INFO] IPUIPlugin:75 - create IPUIPlugin
2024-05-10 23:58:30,173 [INFO] IPUIPlugin:75 - create IPUIPlugin
2024-05-10 23:58:30,173 [INFO] IPUIPlugin:75 - create IPUIPlugin
2024-05-10 23:58:30,173 [INFO] IPUIPlugin:75 - create IPUIPlugin
2024-05-10 23:58:30,173 [INFO] IPUIPlugin:75 - create IPUIPlugin
2024-05-10 23:58:30,173 [INFO] IPUIPlugin:75 - create IPUIPlugin
2024-05-10 23:58:30,260 [INFO] OpenFileManager:323 - Restore cursor
2024-05-10 23:58:39,192 [INFO] UtilMem:74 - End SaveConfig() Used Memory: 709899072 Bytes (1034944512)
2024-05-10 23:58:40,612 [INFO] UtilMem:74 - End SaveConfig() Used Memory: 738915328 Bytes (1034944512)
2024-05-10 23:58:44,062 [INFO] UtilMem:74 - End SaveConfig() Used Memory: 805773712 Bytes (1034944512)
2024-05-10 23:58:44,322 [INFO] BlockDiagram:2740 - set Specific Code input for plugin: NVIC
2024-05-10 23:58:44,326 [INFO] BlockDiagram:2740 - set Specific Code input for plugin: SYS
2024-05-10 23:58:44,326 [INFO] BlockDiagram:2740 - set Specific Code input for plugin: GPIO
2024-05-10 23:58:44,326 [INFO] BlockDiagram:2740 - set Specific Code input for plugin: RCC
2024-05-10 23:58:44,326 [INFO] CodeGenerator:681 - code generatio: config db path: C:\ST\STM32CubeIDE_1.9.0\STM32CubeIDE\plugins\com.st.stm32cube.common.mx_6.5.0.202202251913\\db\
2024-05-10 23:58:44,667 [INFO] CodeEngine:237 - oldGeneratedFile, C:\Users\hoatt\STM32CubeIDE\wsp_boot_use_uart\FW2_app1_receive_fr_PC\MXTmpFiles\license.tmp_save
2024-05-10 23:58:44,793 [INFO] CodeEngine:261 - Generated code: C:\Users\hoatt\STM32CubeIDE\wsp_boot_use_uart\FW2_app1_receive_fr_PC\MXTmpFiles\license.tmp
2024-05-10 23:58:44,840 [INFO] CodeEngine:237 - oldGeneratedFile, C:\Users\hoatt\STM32CubeIDE\wsp_boot_use_uart\FW2_app1_receive_fr_PC\MXTmpFiles\gpio.tmp_save
2024-05-10 23:58:44,966 [INFO] CodeEngine:261 - Generated code: C:\Users\hoatt\STM32CubeIDE\wsp_boot_use_uart\FW2_app1_receive_fr_PC\MXTmpFiles\gpio.tmp
2024-05-10 23:58:44,997 [INFO] CodeEngine:237 - oldGeneratedFile, C:\Users\hoatt\STM32CubeIDE\wsp_boot_use_uart\FW2_app1_receive_fr_PC\Core\Src\stm32f1xx_it.c_save
2024-05-10 23:58:45,107 [INFO] CodeEngine:261 - Generated code: C:\Users\hoatt\STM32CubeIDE\wsp_boot_use_uart\FW2_app1_receive_fr_PC\Core\Src\stm32f1xx_it.c
2024-05-10 23:58:45,107 [INFO] CodeEngine:237 - oldGeneratedFile, C:\Users\hoatt\STM32CubeIDE\wsp_boot_use_uart\FW2_app1_receive_fr_PC\Core\Inc\stm32f1xx_it.h_save
2024-05-10 23:58:45,201 [INFO] CodeEngine:261 - Generated code: C:\Users\hoatt\STM32CubeIDE\wsp_boot_use_uart\FW2_app1_receive_fr_PC\Core\Inc\stm32f1xx_it.h
2024-05-10 23:58:45,248 [INFO] CodeEngine:237 - oldGeneratedFile, C:\Users\hoatt\STM32CubeIDE\wsp_boot_use_uart\FW2_app1_receive_fr_PC\Core\Src\stm32f1xx_hal_msp.c_save
2024-05-10 23:58:45,389 [INFO] CodeEngine:261 - Generated code: C:\Users\hoatt\STM32CubeIDE\wsp_boot_use_uart\FW2_app1_receive_fr_PC\Core\Src\stm32f1xx_hal_msp.c
2024-05-10 23:58:45,405 [INFO] CodeEngine:237 - oldGeneratedFile, C:\Users\hoatt\STM32CubeIDE\wsp_boot_use_uart\FW2_app1_receive_fr_PC\MXTmpFiles\system.tmp_save
2024-05-10 23:58:45,483 [INFO] CodeEngine:261 - Generated code: C:\Users\hoatt\STM32CubeIDE\wsp_boot_use_uart\FW2_app1_receive_fr_PC\MXTmpFiles\system.tmp
2024-05-10 23:58:45,499 [INFO] CodeEngine:237 - oldGeneratedFile, C:\Users\hoatt\STM32CubeIDE\wsp_boot_use_uart\FW2_app1_receive_fr_PC\Core\Inc\stm32f1xx_hal_conf.h_save
2024-05-10 23:58:45,609 [INFO] CodeEngine:261 - Generated code: C:\Users\hoatt\STM32CubeIDE\wsp_boot_use_uart\FW2_app1_receive_fr_PC\Core\Inc\stm32f1xx_hal_conf.h
2024-05-10 23:58:45,656 [INFO] CodeEngine:237 - oldGeneratedFile, C:\Users\hoatt\STM32CubeIDE\wsp_boot_use_uart\FW2_app1_receive_fr_PC\Core\Inc\main.h_save
2024-05-10 23:58:45,797 [INFO] CodeEngine:261 - Generated code: C:\Users\hoatt\STM32CubeIDE\wsp_boot_use_uart\FW2_app1_receive_fr_PC\Core\Inc\main.h
2024-05-10 23:58:45,813 [INFO] CodeEngine:237 - oldGeneratedFile, C:\Users\hoatt\STM32CubeIDE\wsp_boot_use_uart\FW2_app1_receive_fr_PC\Core\Src\main.c_save
2024-05-10 23:58:45,938 [INFO] CodeEngine:261 - Generated code: C:\Users\hoatt\STM32CubeIDE\wsp_boot_use_uart\FW2_app1_receive_fr_PC\Core\Src\main.c
2024-05-10 23:58:46,958 [INFO] ProjectBuilder:2913 - Time for Copy HAL[1] : 376mS.
2024-05-10 23:58:46,974 [INFO] ProjectBuilder:4015 - Project Generator version: 3.16.0
2024-05-10 23:58:47,382 [INFO] ConfigFileManager:1287 - The Die is : DIE410
2024-05-10 23:58:47,397 [INFO] ApiDbMcu:488 - Load IP Config File for FATFS
2024-05-10 23:58:47,413 [INFO] ApiDbMcu:488 - Load IP Config File for FREERTOS
2024-05-10 23:58:47,539 [INFO] ApiDbMcu:488 - Load IP Config File for USB_DEVICE
2024-05-10 23:58:49,883 [INFO] ProjectBuilder:4183 - Time for Generating toolchain IDE Files: 2909mS.
2024-05-10 23:58:49,883 [INFO] ProjectBuilder:2785 - Time for Copy CMSIS : 0mS.
2024-05-10 23:58:49,899 [INFO] ProjectBuilder:2785 - Time for Copy CMSIS : 0mS.
2024-05-11 00:00:10,082 [INFO] MainUpdater:2729 - connection check result : 10
2024-05-11 00:00:10,082 [INFO] MainUpdater:2729 - connection check result : 10
2024-05-11 00:00:10,223 [INFO] MicroXplorer:447 - Change Database Path : 
2024-05-11 00:00:10,223 [INFO] MicroXplorer:477 - Change Database Version : DB.6.0.50
2024-05-11 00:00:10,223 [WARN] ThirdParty:823 - waiting for thirdparty lock release [close project]
2024-05-11 00:00:10,223 [INFO] ThirdParty:825 - entering critical section [close project]
2024-05-11 00:00:10,223 [INFO] ThirdParty:835 - exiting critical section [close project]
2024-05-11 00:00:10,239 [INFO] PinOutPanel:1465 - setPackage(No Configuration,No Configuration)
2024-05-11 00:00:10,239 [INFO] UtilMem:74 - Begin LoadConfig() Used Memory: 706404128 Bytes (1044381696)
2024-05-11 00:00:10,239 [INFO] MicroXplorer:447 - Change Database Path : 
2024-05-11 00:00:10,239 [INFO] MicroXplorer:477 - Change Database Version : DB.6.0.50
2024-05-11 00:00:10,239 [INFO] OpenFileManager:303 - Change cursor
2024-05-11 00:00:10,260 [INFO] RulesReader:57 - Compatibility file has been processed (281 Rules)
2024-05-11 00:00:10,263 [INFO] Mcu:1893 - Initializing MCU STM32F103C(8-B)Tx STM32F103C8Tx STM32F103C8T6
2024-05-11 00:00:11,126 [INFO] Context:599 - Trying to add GPIOservice into a context  which must be forbidden
2024-05-11 00:00:11,282 [WARN] ApiManager:304 - Cannot register API 'Board Extension:GNSS1A1' from pack STMicroelectronics.X-CUBE-GNSS1.6.0.0: no header file found
2024-05-11 00:00:11,282 [WARN] ApiManager:304 - Cannot register API 'Board Support:Custom' from pack STMicroelectronics.X-CUBE-GNSS1.6.0.0: no header file found
2024-05-11 00:00:11,282 [WARN] ApiManager:304 - Cannot register API 'Data Exchange:lib_gnss' from pack STMicroelectronics.X-CUBE-GNSS1.6.0.0: no header file found
2024-05-11 00:00:11,282 [WARN] ApiManager:304 - Cannot register API 'Board Extension:NFC06A1' from pack STMicroelectronics.X-CUBE-NFC6.3.1.0: no header file found
2024-05-11 00:00:11,282 [WARN] ApiManager:304 - Cannot register API 'Board Extension:NFC08A1' from pack STMicroelectronics.X-CUBE-NFC6.3.1.0: no header file found
2024-05-11 00:00:11,282 [INFO] RtosManager:484 - Registered RTOS mode: class=CMSIS, group=RTOS, mode=CMSIS_V1, owner=FREERTOS
2024-05-11 00:00:11,282 [INFO] RtosManager:484 - Registered RTOS mode: class=CMSIS, group=RTOS2, mode=CMSIS_V2, owner=FREERTOS
2024-05-11 00:00:11,282 [INFO] RtosManager:484 - Registered RTOS mode: class=RTOS, group=Core, mode=CMSIS_V1, owner=FREERTOS
2024-05-11 00:00:11,282 [INFO] RtosManager:484 - Registered RTOS mode: class=RTOS, group=Core, mode=CMSIS_V2, owner=FREERTOS
2024-05-11 00:00:11,282 [WARN] ModelIntegratedComponent:181 - Missing modes for component STMicroelectronics:FreeRTOS:0.0.1:STMicroelectronics:RTOS:FreeRTOS:Core:::10.2.0:
2024-05-11 00:00:11,298 [WARN] ApiManager:304 - Cannot register API 'Board Extension:STSAFEA1' from pack STMicroelectronics.X-CUBE-SAFEA1.1.2.2: no header file found
2024-05-11 00:00:11,298 [WARN] ApiManager:304 - Cannot register API 'Board Part:STSAFEA110' from pack STMicroelectronics.X-CUBE-SAFEA1.1.2.2: no header file found
2024-05-11 00:00:11,298 [WARN] ApiManager:304 - Cannot register API 'Security:ST_Cryptolib' from pack STMicroelectronics.X-CUBE-SAFEA1.1.2.2: no header file found
2024-05-11 00:00:11,298 [WARN] ApiManager:304 - Cannot register API 'Security:MbedTLS' from pack STMicroelectronics.X-CUBE-SAFEA1.1.2.2: no header file found
2024-05-11 00:00:11,298 [WARN] ApiManager:304 - Cannot register API 'Board Extension:NFC04A1' from pack STMicroelectronics.X-CUBE-NFC4.3.0.0: no header file found
2024-05-11 00:00:11,298 [WARN] ApiManager:304 - Cannot register API 'Board Extension:S2868A1' from pack STMicroelectronics.X-CUBE-SUBG2.5.0.0: no header file found
2024-05-11 00:00:11,298 [WARN] ApiManager:304 - Cannot register API 'Board Extension:S2868A2' from pack STMicroelectronics.X-CUBE-SUBG2.5.0.0: no header file found
2024-05-11 00:00:11,298 [WARN] ApiManager:304 - Cannot register API 'Board Extension:S2915A1' from pack STMicroelectronics.X-CUBE-SUBG2.5.0.0: no header file found
2024-05-11 00:00:11,298 [WARN] ApiManager:304 - Cannot register API 'Wireless:BlueNRG-MS' from pack STMicroelectronics.X-CUBE-BLE1.7.0.0: no header file found
2024-05-11 00:00:11,310 [WARN] ApiManager:304 - Cannot register API 'Board Extension:EEPRMA2' from pack STMicroelectronics.X-CUBE-EEPRMA1.5.1.0: no header file found
2024-05-11 00:00:11,310 [WARN] ApiManager:304 - Cannot register API 'Board Extension:PGEEZ1' from pack STMicroelectronics.X-CUBE-EEPRMA1.5.1.0: no header file found
2024-05-11 00:00:11,310 [WARN] ApiManager:304 - Cannot register API 'Board Extension:EEICA1' from pack STMicroelectronics.X-CUBE-EEPRMA1.5.1.0: no header file found
2024-05-11 00:00:11,310 [WARN] ApiManager:304 - Cannot register API 'Board Part:M24' from pack STMicroelectronics.X-CUBE-EEPRMA1.5.1.0: no header file found
2024-05-11 00:00:11,310 [WARN] ApiManager:304 - Cannot register API 'Board Part:M95' from pack STMicroelectronics.X-CUBE-EEPRMA1.5.1.0: no header file found
2024-05-11 00:00:11,310 [WARN] ApiManager:304 - Cannot register API 'Board Part:M95P32' from pack STMicroelectronics.X-CUBE-EEPRMA1.5.1.0: no header file found
2024-05-11 00:00:11,310 [WARN] ApiManager:304 - Cannot register API 'Board Part:M24256E-F' from pack STMicroelectronics.X-CUBE-EEPRMA1.5.1.0: no header file found
2024-05-11 00:00:11,310 [WARN] ApiManager:304 - Cannot register API 'Board Part:M24M01E-F' from pack STMicroelectronics.X-CUBE-EEPRMA1.5.1.0: no header file found
2024-05-11 00:00:11,310 [WARN] ApiManager:304 - Cannot register API 'PGEEZ1:SPI' from pack STMicroelectronics.X-CUBE-EEPRMA1.5.1.0: no header file found
2024-05-11 00:00:11,310 [WARN] ApiManager:304 - Cannot register API 'PGEEZ1:QDSPI' from pack STMicroelectronics.X-CUBE-EEPRMA1.5.1.0: no header file found
2024-05-11 00:00:11,310 [WARN] ModelIntegratedComponent:60 - No mode defined for component null
2024-05-11 00:00:11,310 [WARN] ModelIntegratedComponent:60 - No mode defined for component null
2024-05-11 00:00:11,310 [WARN] ModelIntegratedComponent:60 - No mode defined for component null
2024-05-11 00:00:11,310 [WARN] ModelIntegratedComponent:60 - No mode defined for component null
2024-05-11 00:00:11,310 [WARN] ModelIntegratedComponent:60 - No mode defined for component null
2024-05-11 00:00:11,310 [WARN] ModelIntegratedComponent:60 - No mode defined for component null
2024-05-11 00:00:11,310 [WARN] ModelIntegratedComponent:60 - No mode defined for component null
2024-05-11 00:00:11,310 [WARN] ModelIntegratedComponent:60 - No mode defined for component null
2024-05-11 00:00:11,310 [WARN] ModelIntegratedComponent:60 - No mode defined for component null
2024-05-11 00:00:11,310 [WARN] ModelIntegratedComponent:60 - No mode defined for component null
2024-05-11 00:00:11,310 [WARN] ModelIntegratedComponent:60 - No mode defined for component null
2024-05-11 00:00:11,310 [WARN] ModelIntegratedComponent:60 - No mode defined for component null
2024-05-11 00:00:11,310 [WARN] ModelIntegratedComponent:60 - No mode defined for component null
2024-05-11 00:00:11,310 [WARN] ModelIntegratedComponent:60 - No mode defined for component null
2024-05-11 00:00:11,310 [WARN] ModelIntegratedComponent:60 - No mode defined for component null
2024-05-11 00:00:11,310 [WARN] ModelIntegratedComponent:60 - No mode defined for component null
2024-05-11 00:00:11,310 [WARN] ModelIntegratedComponent:60 - No mode defined for component null
2024-05-11 00:00:11,310 [WARN] ModelIntegratedComponent:60 - No mode defined for component null
2024-05-11 00:00:11,310 [WARN] ModelIntegratedComponent:60 - No mode defined for component null
2024-05-11 00:00:11,310 [WARN] ModelIntegratedComponent:60 - No mode defined for component null
2024-05-11 00:00:11,310 [WARN] ModelIntegratedComponent:60 - No mode defined for component null
2024-05-11 00:00:11,310 [WARN] ModelIntegratedComponent:60 - No mode defined for component null
2024-05-11 00:00:11,310 [WARN] ModelIntegratedComponent:60 - No mode defined for component null
2024-05-11 00:00:11,310 [WARN] ModelIntegratedComponent:60 - No mode defined for component null
2024-05-11 00:00:11,310 [WARN] ModelIntegratedComponent:60 - No mode defined for component null
2024-05-11 00:00:11,310 [WARN] ModelIntegratedComponent:60 - No mode defined for component null
2024-05-11 00:00:11,310 [WARN] ModelIntegratedComponent:60 - No mode defined for component null
2024-05-11 00:00:11,310 [WARN] ModelIntegratedComponent:60 - No mode defined for component null
2024-05-11 00:00:11,310 [WARN] ModelIntegratedComponent:60 - No mode defined for component null
2024-05-11 00:00:11,310 [WARN] ModelIntegratedComponent:60 - No mode defined for component null
2024-05-11 00:00:11,310 [WARN] ModelIntegratedComponent:60 - No mode defined for component null
2024-05-11 00:00:11,310 [WARN] ModelIntegratedComponent:60 - No mode defined for component null
2024-05-11 00:00:11,310 [WARN] ModelIntegratedComponent:60 - No mode defined for component null
2024-05-11 00:00:11,455 [WARN] ApiManager:304 - Cannot register API 'Board Extension:IKS01A3' from pack STMicroelectronics.X-CUBE-MEMS1.10.0.0: no header file found
2024-05-11 00:00:11,471 [WARN] ApiManager:304 - Cannot register API 'Board Extension:IKS02A1' from pack STMicroelectronics.X-CUBE-MEMS1.10.0.0: no header file found
2024-05-11 00:00:11,471 [WARN] ApiManager:304 - Cannot register API 'Board Extension:IKS4A1' from pack STMicroelectronics.X-CUBE-MEMS1.10.0.0: no header file found
2024-05-11 00:00:11,471 [WARN] ApiManager:304 - Cannot register API 'Board Extension:NFC07A1' from pack STMicroelectronics.X-CUBE-NFC7.1.0.1: no header file found
2024-05-11 00:00:11,471 [WARN] ApiManager:304 - Cannot register API 'Board Extension:S2868A1' from pack STMicroelectronics.X-CUBE-SFXS2LP1.4.0.0: no header file found
2024-05-11 00:00:11,471 [WARN] ApiManager:304 - Cannot register API 'Board Extension:S2868A2' from pack STMicroelectronics.X-CUBE-SFXS2LP1.4.0.0: no header file found
2024-05-11 00:00:11,486 [WARN] ApiManager:304 - Cannot register API 'Board Extension:S2915A1' from pack STMicroelectronics.X-CUBE-SFXS2LP1.4.0.0: no header file found
2024-05-11 00:00:11,486 [WARN] ApiManager:304 - Cannot register API 'Wireless:BlueNRG-2' from pack STMicroelectronics.X-CUBE-BLE2.3.3.0: no header file found
2024-05-11 00:00:11,518 [INFO] ThirdPartyModel:282 - Start build external matchings
2024-05-11 00:00:11,957 [INFO] ThirdPartyModel:295 - End build external matchings
2024-05-11 00:00:12,217 [INFO] UtilMem:74 - End LoadConfig() Used Memory: 670812584 Bytes (1044381696)
2024-05-11 00:00:12,267 [WARN] ThirdParty:785 - waiting for thirdparty lock release [change project]
2024-05-11 00:00:12,267 [INFO] ThirdParty:787 - entering critical section [change project]
2024-05-11 00:00:12,267 [INFO] ThirdParty:977 - CMSIS Pack Vendor :STMicroelectronics X-CUBE-GNSS1 6.0.0
2024-05-11 00:00:12,267 [INFO] ThirdParty:977 - CMSIS Pack Vendor :STMicroelectronics USB_HOST 2.0.0
2024-05-11 00:00:12,267 [INFO] ThirdParty:977 - CMSIS Pack Vendor :STMicroelectronics FP-SNS-MOTENVWB1 1.4.0
2024-05-11 00:00:12,267 [INFO] ThirdParty:977 - CMSIS Pack Vendor :STMicroelectronics X-CUBE-AZRTOS-F4 1.1.0
2024-05-11 00:00:12,267 [INFO] ThirdParty:977 - CMSIS Pack Vendor :STMicroelectronics LIBJPEG 8.0.0
2024-05-11 00:00:12,267 [INFO] ThirdParty:977 - CMSIS Pack Vendor :STMicroelectronics X-CUBE-SMBUS 2.1.0
2024-05-11 00:00:12,267 [INFO] ThirdParty:977 - CMSIS Pack Vendor :STMicroelectronics USB_DEVICE 3.0.0
2024-05-11 00:00:12,267 [INFO] ThirdParty:977 - CMSIS Pack Vendor :STMicroelectronics X-CUBE-TCPP 4.1.0
2024-05-11 00:00:12,267 [INFO] ThirdParty:977 - CMSIS Pack Vendor :STMicroelectronics X-CUBE-FREERTOS 1.2.0
2024-05-11 00:00:12,267 [INFO] ThirdParty:977 - CMSIS Pack Vendor :STMicroelectronics X-CUBE-AZRTOS-WB 2.0.0
2024-05-11 00:00:12,267 [INFO] ThirdParty:977 - CMSIS Pack Vendor :STMicroelectronics X-CUBE-TOUCHGFX 4.23.2
2024-05-11 00:00:12,267 [INFO] ThirdParty:977 - CMSIS Pack Vendor :STMicroelectronics X-CUBE-AZRTOS-F7 1.1.0
2024-05-11 00:00:12,267 [INFO] ThirdParty:977 - CMSIS Pack Vendor :STMicroelectronics X-CUBE-AZRTOS-L5 2.0.0
2024-05-11 00:00:12,267 [INFO] ThirdParty:977 - CMSIS Pack Vendor :STMicroelectronics USB_DEVICE 2.0.0
2024-05-11 00:00:12,267 [INFO] ThirdParty:977 - CMSIS Pack Vendor :STMicroelectronics X-CUBE-NFC6 3.1.0
2024-05-11 00:00:12,267 [INFO] ThirdParty:977 - CMSIS Pack Vendor :STMicroelectronics X-CUBE-ALGOBUILD 1.3.0
2024-05-11 00:00:12,267 [INFO] ThirdParty:977 - CMSIS Pack Vendor :STMicroelectronics FreeRTOS 0.0.1
2024-05-11 00:00:12,267 [INFO] ThirdParty:977 - CMSIS Pack Vendor :STMicroelectronics X-CUBE-AZRTOS-G0 1.1.0
2024-05-11 00:00:12,267 [INFO] ThirdParty:977 - CMSIS Pack Vendor :STMicroelectronics X-CUBE-SAFEA1 1.2.2
2024-05-11 00:00:12,267 [INFO] ThirdParty:977 - CMSIS Pack Vendor :STMicroelectronics X-CUBE-NFC4 3.0.0
2024-05-11 00:00:12,267 [INFO] ThirdParty:977 - CMSIS Pack Vendor :STMicroelectronics X-CUBE-SUBG2 5.0.0
2024-05-11 00:00:12,267 [INFO] ThirdParty:977 - CMSIS Pack Vendor :STMicroelectronics STM32_WPAN 1.0.0
2024-05-11 00:00:12,267 [INFO] ThirdParty:977 - CMSIS Pack Vendor :STMicroelectronics lwIP 2.0.3
2024-05-11 00:00:12,267 [INFO] ThirdParty:977 - CMSIS Pack Vendor :STMicroelectronics FP-SNS-FLIGHT1 5.0.2
2024-05-11 00:00:12,267 [INFO] ThirdParty:977 - CMSIS Pack Vendor :STMicroelectronics USB_HOST 1.0.0
2024-05-11 00:00:12,267 [INFO] ThirdParty:977 - CMSIS Pack Vendor :STMicroelectronics X-CUBE-AI 9.0.0
2024-05-11 00:00:12,267 [INFO] ThirdParty:977 - CMSIS Pack Vendor :STMicroelectronics X-CUBE-AZRTOS-G4 2.0.0
2024-05-11 00:00:12,267 [INFO] ThirdParty:977 - CMSIS Pack Vendor :STMicroelectronics PDM2PCM 3.1.0
2024-05-11 00:00:12,267 [INFO] ThirdParty:977 - CMSIS Pack Vendor :STMicroelectronics PDM2PCM 3.3.0
2024-05-11 00:00:12,267 [INFO] ThirdParty:977 - CMSIS Pack Vendor :STMicroelectronics X-CUBE-DISPLAY 3.0.0
2024-05-11 00:00:12,267 [INFO] ThirdParty:977 - CMSIS Pack Vendor :wolfSSL I-CUBE-wolfSSL 5.7.0
2024-05-11 00:00:12,267 [INFO] ThirdParty:977 - CMSIS Pack Vendor :STMicroelectronics X-CUBE-BLE1 7.0.0
2024-05-11 00:00:12,267 [INFO] ThirdParty:977 - CMSIS Pack Vendor :STMicroelectronics FP-ATR-SIGFOX1 3.2.0
2024-05-11 00:00:12,267 [INFO] ThirdParty:977 - CMSIS Pack Vendor :STMicroelectronics X-CUBE-ISPU 2.0.0
2024-05-11 00:00:12,267 [INFO] ThirdParty:977 - CMSIS Pack Vendor :STMicroelectronics X-CUBE-EEPRMA1 5.1.0
2024-05-11 00:00:12,267 [INFO] ThirdParty:977 - CMSIS Pack Vendor :STMicroelectronics HAL Drivers 0.0.0
2024-05-11 00:00:12,267 [INFO] ThirdParty:977 - CMSIS Pack Vendor :STMicroelectronics MBEDTLS 2.16.2
2024-05-11 00:00:12,267 [INFO] ThirdParty:977 - CMSIS Pack Vendor :emotas I-CUBE-CANOPEN 1.3.0
2024-05-11 00:00:12,267 [INFO] ThirdParty:977 - CMSIS Pack Vendor :STMicroelectronics X-CUBE-MEMS1 10.0.0
2024-05-11 00:00:12,267 [INFO] ThirdParty:977 - CMSIS Pack Vendor :STMicroelectronics X-CUBE-NFC7 1.0.1
2024-05-11 00:00:12,267 [INFO] ThirdParty:977 - CMSIS Pack Vendor :STMicroelectronics MBEDTLS 2.14.1
2024-05-11 00:00:12,267 [INFO] ThirdParty:977 - CMSIS Pack Vendor :ITTIA_DB I-CUBE-ITTIADB 8.9.0
2024-05-11 00:00:12,267 [INFO] ThirdParty:977 - CMSIS Pack Vendor :portGmbH I-Cube-SoM-uGOAL 1.1.0
2024-05-11 00:00:12,267 [INFO] ThirdParty:977 - CMSIS Pack Vendor :STMicroelectronics X-CUBE-ALS 1.0.1
2024-05-11 00:00:12,267 [INFO] ThirdParty:977 - CMSIS Pack Vendor :STMicroelectronics X-CUBE-BLEMGR 3.1.0
2024-05-11 00:00:12,267 [INFO] ThirdParty:977 - CMSIS Pack Vendor :STMicroelectronics ThreadX 1.0.0
2024-05-11 00:00:12,267 [INFO] ThirdParty:977 - CMSIS Pack Vendor :STMicroelectronics FP-SNS-SMARTAG2 1.2.0
2024-05-11 00:00:12,267 [INFO] ThirdParty:977 - CMSIS Pack Vendor :STMicroelectronics X-CUBE-AZRTOS-WL 2.0.0
2024-05-11 00:00:12,267 [INFO] ThirdParty:977 - CMSIS Pack Vendor :SEGGER I-CUBE-embOS 1.3.1
2024-05-11 00:00:12,267 [INFO] ThirdParty:977 - CMSIS Pack Vendor :STMicroelectronics X-CUBE-ALGOBUILD 1.4.0
2024-05-11 00:00:12,267 [INFO] ThirdParty:977 - CMSIS Pack Vendor :STMicroelectronics FP-SNS-MOTENV1 5.0.0
2024-05-11 00:00:12,267 [INFO] ThirdParty:977 - CMSIS Pack Vendor :STMicroelectronics USB_DEVICE 1.0.0
2024-05-11 00:00:12,267 [INFO] ThirdParty:977 - CMSIS Pack Vendor :STMicroelectronics X-CUBE-AZRTOS-H7RS 1.0.0
2024-05-11 00:00:12,267 [INFO] ThirdParty:977 - CMSIS Pack Vendor :STMicroelectronics X-CUBE-AZRTOS-L4 2.0.0
2024-05-11 00:00:12,267 [INFO] ThirdParty:977 - CMSIS Pack Vendor :STMicroelectronics ThreadX 0.0.2
2024-05-11 00:00:12,267 [INFO] ThirdParty:977 - CMSIS Pack Vendor :WES I-CUBE-Cesium 1.3.0
2024-05-11 00:00:12,267 [INFO] ThirdParty:977 - CMSIS Pack Vendor :STMicroelectronics FP-ATR-ASTRA1 2.0.0
2024-05-11 00:00:12,267 [INFO] ThirdParty:977 - CMSIS Pack Vendor :STMicroelectronics lwIP 2.1.2
2024-05-11 00:00:12,267 [INFO] ThirdParty:977 - CMSIS Pack Vendor :STMicroelectronics X-CUBE-SFXS2LP1 4.0.0
2024-05-11 00:00:12,283 [INFO] ThirdParty:977 - CMSIS Pack Vendor :STMicroelectronics X-CUBE-BLE2 3.3.0
2024-05-11 00:00:12,283 [INFO] ThirdParty:977 - CMSIS Pack Vendor :STMicroelectronics X-CUBE-TOF1 3.4.1
2024-05-11 00:00:12,283 [INFO] ThirdParty:977 - CMSIS Pack Vendor :STMicroelectronics X-CUBE-AZRTOS-H7 3.2.0
2024-05-11 00:00:12,283 [INFO] ThirdParty:977 - CMSIS Pack Vendor :Infineon AIROC-Wi-Fi-Bluetooth-STM32 1.6.0
2024-05-11 00:00:12,283 [INFO] ThirdParty:977 - CMSIS Pack Vendor :STMicroelectronics PDM2PCM 3.2.0
2024-05-11 00:00:12,283 [INFO] ThirdParty:793 - exiting critical section [change project]
2024-05-11 00:00:12,411 [INFO] PinOutPanel:1465 - setPackage(No Configuration,No Configuration)
2024-05-11 00:00:12,411 [INFO] PinOutPanel:1465 - setPackage(STM32F103C8Tx,LQFP48)
2024-05-11 00:00:12,565 [INFO] UtilMem:74 - Before build in PCC Used Memory: 642628784 Bytes (1044381696)
2024-05-11 00:00:12,812 [INFO] UtilMem:74 - After build in PCC Used Memory: 684049584 Bytes (1044381696)
2024-05-11 00:00:12,832 [INFO] IPUIPlugin:75 - create IPUIPlugin
2024-05-11 00:00:12,832 [INFO] IPUIPlugin:75 - create IPUIPlugin
2024-05-11 00:00:12,832 [INFO] IPUIPlugin:75 - create IPUIPlugin
2024-05-11 00:00:12,832 [INFO] IPUIPlugin:75 - create IPUIPlugin
2024-05-11 00:00:12,832 [INFO] IPUIPlugin:75 - create IPUIPlugin
2024-05-11 00:00:12,832 [INFO] IPUIPlugin:75 - create IPUIPlugin
2024-05-11 00:00:12,832 [INFO] IPUIPlugin:75 - create IPUIPlugin
2024-05-11 00:00:12,832 [INFO] IPUIPlugin:75 - create IPUIPlugin
2024-05-11 00:00:12,832 [INFO] IPUIPlugin:75 - create IPUIPlugin
2024-05-11 00:00:12,832 [INFO] IPUIPlugin:75 - create IPUIPlugin
2024-05-11 00:00:12,832 [INFO] IPUIPlugin:75 - create IPUIPlugin
2024-05-11 00:00:12,832 [INFO] IPUIPlugin:75 - create IPUIPlugin
2024-05-11 00:00:12,832 [INFO] IPUIPlugin:75 - create IPUIPlugin
2024-05-11 00:00:12,832 [INFO] IPUIPlugin:75 - create IPUIPlugin
2024-05-11 00:00:12,832 [INFO] IPUIPlugin:75 - create IPUIPlugin
2024-05-11 00:00:12,832 [INFO] IPUIPlugin:75 - create IPUIPlugin
2024-05-11 00:00:12,832 [INFO] IPUIPlugin:75 - create IPUIPlugin
2024-05-11 00:00:12,832 [INFO] IPUIPlugin:75 - create IPUIPlugin
2024-05-11 00:00:12,832 [INFO] IPUIPlugin:75 - create IPUIPlugin
2024-05-11 00:00:12,832 [INFO] IPUIPlugin:75 - create IPUIPlugin
2024-05-11 00:00:12,832 [INFO] IPUIPlugin:75 - create IPUIPlugin
2024-05-11 00:00:12,832 [INFO] IPUIPlugin:75 - create IPUIPlugin
2024-05-11 00:00:12,832 [INFO] IPUIPlugin:75 - create IPUIPlugin
2024-05-11 00:00:12,832 [INFO] IPUIPlugin:75 - create IPUIPlugin
2024-05-11 00:00:12,832 [INFO] IPUIPlugin:75 - create IPUIPlugin
2024-05-11 00:00:12,832 [INFO] IPUIPlugin:75 - create IPUIPlugin
2024-05-11 00:00:12,832 [INFO] IPUIPlugin:75 - create IPUIPlugin
2024-05-11 00:00:12,919 [INFO] OpenFileManager:323 - Restore cursor
2024-05-11 00:00:19,973 [INFO] UtilMem:74 - End SaveConfig() Used Memory: 727646616 Bytes (1044381696)
2024-05-11 00:00:21,511 [INFO] UtilMem:74 - End SaveConfig() Used Memory: 756582152 Bytes (1044381696)
2024-05-11 00:00:23,606 [INFO] UtilMem:74 - End SaveConfig() Used Memory: 798478728 Bytes (1044381696)
2024-05-11 00:00:23,851 [INFO] BlockDiagram:2740 - set Specific Code input for plugin: NVIC
2024-05-11 00:00:23,851 [INFO] BlockDiagram:2740 - set Specific Code input for plugin: SYS
2024-05-11 00:00:23,851 [INFO] BlockDiagram:2740 - set Specific Code input for plugin: GPIO
2024-05-11 00:00:23,851 [INFO] BlockDiagram:2740 - set Specific Code input for plugin: RCC
2024-05-11 00:00:23,851 [INFO] CodeGenerator:681 - code generatio: config db path: C:\ST\STM32CubeIDE_1.9.0\STM32CubeIDE\plugins\com.st.stm32cube.common.mx_6.5.0.202202251913\\db\
2024-05-11 00:00:24,243 [INFO] CodeEngine:237 - oldGeneratedFile, C:\Users\hoatt\STM32CubeIDE\wsp_boot_use_uart\FW3_app2_update\MXTmpFiles\license.tmp_save
2024-05-11 00:00:24,353 [INFO] CodeEngine:261 - Generated code: C:\Users\hoatt\STM32CubeIDE\wsp_boot_use_uart\FW3_app2_update\MXTmpFiles\license.tmp
2024-05-11 00:00:24,399 [INFO] CodeEngine:237 - oldGeneratedFile, C:\Users\hoatt\STM32CubeIDE\wsp_boot_use_uart\FW3_app2_update\MXTmpFiles\gpio.tmp_save
2024-05-11 00:00:24,494 [INFO] CodeEngine:261 - Generated code: C:\Users\hoatt\STM32CubeIDE\wsp_boot_use_uart\FW3_app2_update\MXTmpFiles\gpio.tmp
2024-05-11 00:00:24,525 [INFO] CodeEngine:237 - oldGeneratedFile, C:\Users\hoatt\STM32CubeIDE\wsp_boot_use_uart\FW3_app2_update\Core\Src\stm32f1xx_it.c_save
2024-05-11 00:00:24,635 [INFO] CodeEngine:261 - Generated code: C:\Users\hoatt\STM32CubeIDE\wsp_boot_use_uart\FW3_app2_update\Core\Src\stm32f1xx_it.c
2024-05-11 00:00:24,651 [INFO] CodeEngine:237 - oldGeneratedFile, C:\Users\hoatt\STM32CubeIDE\wsp_boot_use_uart\FW3_app2_update\Core\Inc\stm32f1xx_it.h_save
2024-05-11 00:00:24,745 [INFO] CodeEngine:261 - Generated code: C:\Users\hoatt\STM32CubeIDE\wsp_boot_use_uart\FW3_app2_update\Core\Inc\stm32f1xx_it.h
2024-05-11 00:00:24,776 [INFO] CodeEngine:237 - oldGeneratedFile, C:\Users\hoatt\STM32CubeIDE\wsp_boot_use_uart\FW3_app2_update\Core\Src\stm32f1xx_hal_msp.c_save
2024-05-11 00:00:24,949 [INFO] CodeEngine:261 - Generated code: C:\Users\hoatt\STM32CubeIDE\wsp_boot_use_uart\FW3_app2_update\Core\Src\stm32f1xx_hal_msp.c
2024-05-11 00:00:24,949 [INFO] CodeEngine:237 - oldGeneratedFile, C:\Users\hoatt\STM32CubeIDE\wsp_boot_use_uart\FW3_app2_update\MXTmpFiles\system.tmp_save
2024-05-11 00:00:25,043 [INFO] CodeEngine:261 - Generated code: C:\Users\hoatt\STM32CubeIDE\wsp_boot_use_uart\FW3_app2_update\MXTmpFiles\system.tmp
2024-05-11 00:00:25,058 [INFO] CodeEngine:237 - oldGeneratedFile, C:\Users\hoatt\STM32CubeIDE\wsp_boot_use_uart\FW3_app2_update\Core\Inc\stm32f1xx_hal_conf.h_save
2024-05-11 00:00:25,168 [INFO] CodeEngine:261 - Generated code: C:\Users\hoatt\STM32CubeIDE\wsp_boot_use_uart\FW3_app2_update\Core\Inc\stm32f1xx_hal_conf.h
2024-05-11 00:00:25,215 [INFO] CodeEngine:237 - oldGeneratedFile, C:\Users\hoatt\STM32CubeIDE\wsp_boot_use_uart\FW3_app2_update\Core\Inc\main.h_save
2024-05-11 00:00:25,335 [INFO] CodeEngine:261 - Generated code: C:\Users\hoatt\STM32CubeIDE\wsp_boot_use_uart\FW3_app2_update\Core\Inc\main.h
2024-05-11 00:00:25,341 [INFO] CodeEngine:237 - oldGeneratedFile, C:\Users\hoatt\STM32CubeIDE\wsp_boot_use_uart\FW3_app2_update\Core\Src\main.c_save
2024-05-11 00:00:25,513 [INFO] CodeEngine:261 - Generated code: C:\Users\hoatt\STM32CubeIDE\wsp_boot_use_uart\FW3_app2_update\Core\Src\main.c
2024-05-11 00:00:26,485 [INFO] ProjectBuilder:2913 - Time for Copy HAL[1] : 329mS.
2024-05-11 00:00:26,501 [INFO] ProjectBuilder:4015 - Project Generator version: 3.16.0
2024-05-11 00:00:26,925 [INFO] ConfigFileManager:1287 - The Die is : DIE410
2024-05-11 00:00:26,925 [INFO] ApiDbMcu:488 - Load IP Config File for FATFS
2024-05-11 00:00:26,956 [INFO] ApiDbMcu:488 - Load IP Config File for FREERTOS
2024-05-11 00:00:26,972 [INFO] ApiDbMcu:488 - Load IP Config File for USB_DEVICE
2024-05-11 00:00:28,949 [INFO] ProjectBuilder:4183 - Time for Generating toolchain IDE Files: 2448mS.
2024-05-11 00:00:28,949 [INFO] ProjectBuilder:2785 - Time for Copy CMSIS : 0mS.
2024-05-11 00:00:28,949 [INFO] ProjectBuilder:2785 - Time for Copy CMSIS : 0mS.
2024-05-11 02:31:34,187 [ERROR] LogOutputStream:74 - [STDERR_REDIRECT] SLF4J: Failed to load class "org.slf4j.impl.StaticLoggerBinder".
2024-05-11 02:31:34,203 [ERROR] LogOutputStream:74 - [STDERR_REDIRECT] SLF4J: Defaulting to no-operation (NOP) logger implementation
2024-05-11 02:31:34,203 [ERROR] LogOutputStream:74 - [STDERR_REDIRECT] SLF4J: See http://www.slf4j.org/codes.html#StaticLoggerBinder for further details.
