2024-05-12 11:14:25,028 [INFO] Activator:177 - 


2024-05-12 11:14:25,033 [INFO] Activator:178 - !SESSION log4j initialized
2024-05-12 11:14:31,785 [ERROR] AnalyticsContext:980 - The ST intranet updater server is unknown: mcucrossselector.codex.cro.st.com
2024-05-12 11:15:22,785 [INFO] McuFinderGlobals:39 - Set McuFinder mode to 2 (CubeIDE integrated)
2024-05-12 11:15:23,950 [INFO] ApplicationProperties:181 - Using Application install path: C:\ST\STM32CubeIDE_1.9.0\STM32CubeIDE\plugins\com.st.stm32cube.common.mx_6.5.0.202202251913
2024-05-12 11:15:24,000 [INFO] DbMcusXml:72 - Set database path to: C:\ST\STM32CubeIDE_1.9.0\STM32CubeIDE\plugins\com.st.stm32cube.common.mx_6.5.0.202202251913\\db\/mcu/
2024-05-12 11:15:24,002 [INFO] ApiDb:260 - Set plugin database path to: C:\ST\STM32CubeIDE_1.9.0\STM32CubeIDE\plugins\com.st.stm32cube.common.mx_6.5.0.202202251913\\db\/plugins/boardmanager/
2024-05-12 11:15:24,007 [WARN] ApiDb:245 - Overriding images path with different value:  => C:\ST\STM32CubeIDE_1.9.0\STM32CubeIDE\plugins\com.st.stm32cube.common.mx_6.5.0.202202251913\\db\/plugins/mcufinder/images/
2024-05-12 11:15:24,050 [INFO] ApiDb:226 - Set database path to: C:\Users\hoatt\.stmcufinder\plugins\mcufinder//mcu/
2024-05-12 11:15:24,055 [INFO] DbMcusAds:119 - Set database path to: C:\Users\hoatt\.stmcufinder\plugins\mcufinder//mcu/
2024-05-12 11:15:24,123 [INFO] CrossReferenceDbSqlite:196 - Set database path to: C:\Users\hoatt\.stmcufinder\plugins\mcufinder//mcu/cs/
2024-05-12 11:15:24,387 [INFO] RulesReader:57 - Compatibility file has been processed (281 Rules)
2024-05-12 11:15:24,705 [INFO] DbMcusXml:72 - Set database path to: C:\ST\STM32CubeIDE_1.9.0\STM32CubeIDE\plugins\com.st.stm32cube.common.mx_6.5.0.202202251913\\db\/mcu/
2024-05-12 11:15:24,705 [INFO] ApiDb:260 - Set plugin database path to: C:\ST\STM32CubeIDE_1.9.0\STM32CubeIDE\plugins\com.st.stm32cube.common.mx_6.5.0.202202251913\\db\/plugins/boardmanager/
2024-05-12 11:15:24,705 [INFO] ApiDb:247 - Set plugin images path to: C:\ST\STM32CubeIDE_1.9.0\STM32CubeIDE\plugins\com.st.stm32cube.common.mx_6.5.0.202202251913\\db\/plugins/mcufinder/images/
2024-05-12 11:15:24,708 [WARN] DbFile:35 - Overriding database path with different value: C:\Users\hoatt\.stmcufinder\plugins\mcufinder/ => C:\Users\hoatt\.stmcufinder\plugins\mcufinder
2024-05-12 11:15:24,708 [INFO] ApiDb:226 - Set database path to: C:\Users\hoatt\.stmcufinder\plugins\mcufinder//mcu/
2024-05-12 11:15:24,708 [WARN] DbFile:35 - Overriding database path with different value: C:\Users\hoatt\.stmcufinder\plugins\mcufinder/ => C:\Users\hoatt\.stmcufinder\plugins\mcufinder
2024-05-12 11:15:24,708 [INFO] DbMcusAds:119 - Set database path to: C:\Users\hoatt\.stmcufinder\plugins\mcufinder//mcu/
2024-05-12 11:15:24,710 [WARN] DbFile:35 - Overriding database path with different value: C:\Users\hoatt\.stmcufinder\plugins\mcufinder/ => C:\Users\hoatt\.stmcufinder\plugins\mcufinder
2024-05-12 11:15:24,710 [WARN] DbFile:35 - Overriding database path with different value: C:\Users\hoatt\.stmcufinder\plugins\mcufinder/ => C:\Users\hoatt\.stmcufinder\plugins\mcufinder
2024-05-12 11:15:24,713 [INFO] CrossReferenceDbSqlite:196 - Set database path to: C:\Users\hoatt\.stmcufinder\plugins\mcufinder//mcu/cs/
2024-05-12 11:15:24,929 [INFO] MainPanel:230 - HeapMemory: 311427072
2024-05-12 11:15:25,201 [INFO] DbMcusXml:72 - Set database path to: C:\ST\STM32CubeIDE_1.9.0\STM32CubeIDE\plugins\com.st.stm32cube.common.mx_6.5.0.202202251913\\db\/mcu/
2024-05-12 11:15:25,204 [INFO] ApiDb:260 - Set plugin database path to: C:\ST\STM32CubeIDE_1.9.0\STM32CubeIDE\plugins\com.st.stm32cube.common.mx_6.5.0.202202251913\\db\/plugins/boardmanager/
2024-05-12 11:15:25,204 [INFO] ApiDb:247 - Set plugin images path to: C:\ST\STM32CubeIDE_1.9.0\STM32CubeIDE\plugins\com.st.stm32cube.common.mx_6.5.0.202202251913\\db\/plugins/mcufinder/images/
2024-05-12 11:15:25,206 [WARN] DbFile:35 - Overriding database path with different value: C:\Users\hoatt\.stmcufinder\plugins\mcufinder/ => C:\Users\hoatt\.stmcufinder\plugins\mcufinder
2024-05-12 11:15:25,206 [INFO] ApiDb:226 - Set database path to: C:\Users\hoatt\.stmcufinder\plugins\mcufinder//mcu/
2024-05-12 11:15:25,206 [WARN] DbFile:35 - Overriding database path with different value: C:\Users\hoatt\.stmcufinder\plugins\mcufinder/ => C:\Users\hoatt\.stmcufinder\plugins\mcufinder
2024-05-12 11:15:25,206 [INFO] DbMcusAds:119 - Set database path to: C:\Users\hoatt\.stmcufinder\plugins\mcufinder//mcu/
2024-05-12 11:15:25,206 [WARN] DbFile:35 - Overriding database path with different value: C:\Users\hoatt\.stmcufinder\plugins\mcufinder/ => C:\Users\hoatt\.stmcufinder\plugins\mcufinder
2024-05-12 11:15:25,206 [WARN] DbFile:35 - Overriding database path with different value: C:\Users\hoatt\.stmcufinder\plugins\mcufinder/ => C:\Users\hoatt\.stmcufinder\plugins\mcufinder
2024-05-12 11:15:25,206 [INFO] CrossReferenceDbSqlite:196 - Set database path to: C:\Users\hoatt\.stmcufinder\plugins\mcufinder//mcu/cs/
2024-05-12 11:15:25,254 [INFO] ApplicationProperties:181 - Using Application install path: C:\ST\STM32CubeIDE_1.9.0\STM32CubeIDE\plugins\com.st.stm32cube.common.mx_6.5.0.202202251913
2024-05-12 11:15:25,257 [INFO] PluginManage:188 - Search for loadable plugins [exclusion list=, ]
2024-05-12 11:15:25,262 [INFO] PluginManage:302 - Check plugin analytics
2024-05-12 11:15:25,453 [ERROR] AnalyticsContext:980 - The ST intranet updater server is unknown: mcucrossselector.codex.cro.st.com
2024-05-12 11:15:25,566 [INFO] AnalyticsPlugin:257 - Accepted Software Licenses: 
2024-05-12 11:15:25,569 [INFO] AnalyticsPlugin:259 - Accepted CMSIS Pack Licenses: 
2024-05-12 11:15:25,569 [INFO] AnalyticsPlugin:261 - Accepted Firmware Licenses: 
2024-05-12 11:15:25,587 [INFO] PluginManage:352 - Loaded plugin analytics (category:tool,tabindex:-1)
2024-05-12 11:15:25,587 [INFO] PluginManage:302 - Check plugin clock
2024-05-12 11:15:25,617 [INFO] PluginManage:352 - Loaded plugin clock (category:base,tabindex:2)
2024-05-12 11:15:25,617 [INFO] PluginManage:302 - Check plugin ddr
2024-05-12 11:15:25,625 [INFO] PluginManage:352 - Loaded plugin ddr (category:tool,tabindex:6)
2024-05-12 11:15:25,625 [INFO] PluginManage:302 - Check plugin filemanager
2024-05-12 11:15:25,911 [INFO] PluginManage:352 - Loaded plugin filemanager (category:base,tabindex:10)
2024-05-12 11:15:25,911 [INFO] PluginManage:302 - Check plugin ipmanager
2024-05-12 11:15:25,937 [INFO] PluginManage:352 - Loaded plugin ipmanager (category:base,tabindex:5)
2024-05-12 11:15:25,939 [INFO] PluginManage:302 - Check plugin lpbam
2024-05-12 11:15:25,966 [INFO] PluginManage:352 - Loaded plugin lpbam (category:base,tabindex:0)
2024-05-12 11:15:25,966 [INFO] PluginManage:302 - Check plugin pinoutandconfiguration
2024-05-12 11:15:25,987 [INFO] PluginManage:352 - Loaded plugin pinoutandconfiguration (category:base,tabindex:1)
2024-05-12 11:15:25,987 [INFO] PluginManage:302 - Check plugin pinoutconfig
2024-05-12 11:15:26,067 [INFO] PluginManage:352 - Loaded plugin pinoutconfig (category:base,tabindex:0)
2024-05-12 11:15:26,067 [INFO] PluginManage:302 - Check plugin power
2024-05-12 11:15:26,094 [INFO] PluginManage:352 - Loaded plugin power (category:power,tabindex:4)
2024-05-12 11:15:26,094 [INFO] PluginManage:302 - Check plugin projectmanager
2024-05-12 11:15:26,129 [INFO] PluginManage:352 - Loaded plugin projectmanager (category:projectmanager,tabindex:3)
2024-05-12 11:15:26,129 [INFO] PluginManage:302 - Check plugin thirdparty
2024-05-12 11:15:26,500 [WARN] IntegrityCheckThread:78 - waiting for thirdparty lock release [integrity check]
2024-05-12 11:15:26,502 [INFO] PluginManage:352 - Loaded plugin thirdparty (category:base,tabindex:-1)
2024-05-12 11:15:26,502 [INFO] IntegrityCheckThread:80 - entering critical section [integrity check]
2024-05-12 11:15:26,502 [INFO] PluginManage:302 - Check plugin tools
2024-05-12 11:15:26,505 [INFO] ThirdPartyUpdaterWithRetryManager:66 - Updater plugin not ready yet. [1/15]
2024-05-12 11:15:26,510 [INFO] PluginManage:352 - Loaded plugin tools (category:base,tabindex:7)
2024-05-12 11:15:26,510 [INFO] PluginManage:302 - Check plugin tutovideos
2024-05-12 11:15:27,027 [INFO] PluginManage:352 - Loaded plugin tutovideos (category:base,tabindex:-1)
2024-05-12 11:15:27,027 [INFO] PluginManage:302 - Check plugin updater
2024-05-12 11:15:27,062 [INFO] PluginManage:352 - Loaded plugin updater (category:base,tabindex:12)
2024-05-12 11:15:27,062 [INFO] PluginManage:275 - PluginManage : Loaded plugins [14]
2024-05-12 11:15:27,869 [INFO] PinOutPanel:1465 - setPackage(No Configuration,No Configuration)
2024-05-12 11:15:28,217 [INFO] IPUIPlugin:75 - create IPUIPlugin
2024-05-12 11:15:28,217 [INFO] PluginManager:213 - loadIPPluginJar : add adc
2024-05-12 11:15:28,230 [INFO] IPUIPlugin:75 - create IPUIPlugin
2024-05-12 11:15:28,230 [INFO] PluginManager:213 - loadIPPluginJar : add aes
2024-05-12 11:15:28,243 [INFO] IPUIPlugin:75 - create IPUIPlugin
2024-05-12 11:15:28,246 [INFO] PluginManager:213 - loadIPPluginJar : add can
2024-05-12 11:15:28,254 [INFO] IPUIPlugin:75 - create IPUIPlugin
2024-05-12 11:15:28,254 [INFO] PluginManager:213 - loadIPPluginJar : add comp
2024-05-12 11:15:28,268 [INFO] IPUIPlugin:75 - create IPUIPlugin
2024-05-12 11:15:28,268 [INFO] PluginManager:213 - loadIPPluginJar : add cryp
2024-05-12 11:15:28,283 [INFO] IPUIPlugin:75 - create IPUIPlugin
2024-05-12 11:15:28,283 [INFO] PluginManager:213 - loadIPPluginJar : add dfsdm
2024-05-12 11:15:28,306 [INFO] IPUIPlugin:75 - create IPUIPlugin
2024-05-12 11:15:28,308 [INFO] PluginManager:213 - loadIPPluginJar : add dma
2024-05-12 11:15:28,318 [INFO] IPUIPlugin:75 - create IPUIPlugin
2024-05-12 11:15:28,321 [INFO] PluginManager:213 - loadIPPluginJar : add dma3
2024-05-12 11:15:28,329 [INFO] IPUIPlugin:75 - create IPUIPlugin
2024-05-12 11:15:28,329 [INFO] PluginManager:213 - loadIPPluginJar : add fatfs
2024-05-12 11:15:28,350 [INFO] IPUIPlugin:75 - create IPUIPlugin
2024-05-12 11:15:28,350 [INFO] PluginManager:213 - loadIPPluginJar : add fmc
2024-05-12 11:15:28,371 [INFO] IPUIPlugin:75 - create IPUIPlugin
2024-05-12 11:15:28,371 [INFO] PluginManager:213 - loadIPPluginJar : add freertos
2024-05-12 11:15:28,379 [INFO] IPUIPlugin:75 - create IPUIPlugin
2024-05-12 11:15:28,379 [INFO] PluginManager:213 - loadIPPluginJar : add genericplugin
2024-05-12 11:15:28,390 [INFO] IPUIPlugin:75 - create IPUIPlugin
2024-05-12 11:15:28,392 [INFO] PluginManager:213 - loadIPPluginJar : add gfxmmu
2024-05-12 11:15:28,414 [INFO] IPUIPlugin:75 - create IPUIPlugin
2024-05-12 11:15:28,414 [INFO] PluginManager:213 - loadIPPluginJar : add gic
2024-05-12 11:15:28,429 [INFO] IPUIPlugin:75 - create IPUIPlugin
2024-05-12 11:15:28,454 [INFO] PluginManager:213 - loadIPPluginJar : add gpio
2024-05-12 11:15:28,467 [INFO] IPUIPlugin:75 - create IPUIPlugin
2024-05-12 11:15:28,467 [INFO] PluginManager:213 - loadIPPluginJar : add gtzc
2024-05-12 11:15:28,478 [INFO] IPUIPlugin:75 - create IPUIPlugin
2024-05-12 11:15:28,481 [INFO] PluginManager:213 - loadIPPluginJar : add hash
2024-05-12 11:15:28,497 [INFO] IPUIPlugin:75 - create IPUIPlugin
2024-05-12 11:15:28,497 [INFO] PluginManager:213 - loadIPPluginJar : add i2c
2024-05-12 11:15:28,510 [INFO] IPUIPlugin:75 - create IPUIPlugin
2024-05-12 11:15:28,510 [INFO] PluginManager:213 - loadIPPluginJar : add i2s
2024-05-12 11:15:28,526 [INFO] IPUIPlugin:75 - create IPUIPlugin
2024-05-12 11:15:28,526 [INFO] PluginManager:213 - loadIPPluginJar : add ipddr
2024-05-12 11:15:28,574 [INFO] IPUIPlugin:75 - create IPUIPlugin
2024-05-12 11:15:28,577 [INFO] PluginManager:213 - loadIPPluginJar : add linkedlist
2024-05-12 11:15:28,588 [INFO] IPUIPlugin:75 - create IPUIPlugin
2024-05-12 11:15:28,588 [INFO] PluginManager:213 - loadIPPluginJar : add lorawan
2024-05-12 11:15:28,595 [INFO] IPUIPlugin:75 - create IPUIPlugin
2024-05-12 11:15:28,595 [INFO] PluginManager:213 - loadIPPluginJar : add ltdc
2024-05-12 11:15:28,612 [INFO] IPUIPlugin:75 - create IPUIPlugin
2024-05-12 11:15:28,612 [INFO] PluginManager:213 - loadIPPluginJar : add mdma
2024-05-12 11:15:28,622 [INFO] IPUIPlugin:75 - create IPUIPlugin
2024-05-12 11:15:28,622 [INFO] PluginManager:213 - loadIPPluginJar : add nvic
2024-05-12 11:15:28,633 [INFO] IPUIPlugin:75 - create IPUIPlugin
2024-05-12 11:15:28,633 [INFO] PluginManager:213 - loadIPPluginJar : add opamp
2024-05-12 11:15:28,644 [INFO] IPUIPlugin:75 - create IPUIPlugin
2024-05-12 11:15:28,644 [INFO] PluginManager:213 - loadIPPluginJar : add openamp
2024-05-12 11:15:28,657 [INFO] IPUIPlugin:75 - create IPUIPlugin
2024-05-12 11:15:28,657 [INFO] PluginManager:213 - loadIPPluginJar : add pdm2pcm
2024-05-12 11:15:28,678 [INFO] IPUIPlugin:75 - create IPUIPlugin
2024-05-12 11:15:28,686 [INFO] PluginManager:213 - loadIPPluginJar : add plateformsettings
2024-05-12 11:15:28,691 [INFO] IPUIPlugin:75 - create IPUIPlugin
2024-05-12 11:15:28,691 [INFO] PluginManager:213 - loadIPPluginJar : add quadspi
2024-05-12 11:15:28,705 [INFO] IPUIPlugin:75 - create IPUIPlugin
2024-05-12 11:15:28,705 [INFO] PluginManager:213 - loadIPPluginJar : add resmgrutility
2024-05-12 11:15:28,715 [INFO] IPUIPlugin:75 - create IPUIPlugin
2024-05-12 11:15:28,715 [INFO] PluginManager:213 - loadIPPluginJar : add sai
2024-05-12 11:15:28,722 [INFO] IPUIPlugin:75 - create IPUIPlugin
2024-05-12 11:15:28,722 [INFO] PluginManager:213 - loadIPPluginJar : add spi
2024-05-12 11:15:28,736 [INFO] IPUIPlugin:75 - create IPUIPlugin
2024-05-12 11:15:28,737 [INFO] PluginManager:213 - loadIPPluginJar : add stm32_wpan
2024-05-12 11:15:28,742 [INFO] IPUIPlugin:75 - create IPUIPlugin
2024-05-12 11:15:28,742 [INFO] PluginManager:213 - loadIPPluginJar : add tim
2024-05-12 11:15:28,753 [INFO] IPUIPlugin:75 - create IPUIPlugin
2024-05-12 11:15:28,753 [INFO] PluginManager:213 - loadIPPluginJar : add touchsensing
2024-05-12 11:15:28,758 [INFO] IPUIPlugin:75 - create IPUIPlugin
2024-05-12 11:15:28,761 [INFO] PluginManager:213 - loadIPPluginJar : add tracer_emb
2024-05-12 11:15:28,766 [INFO] IPUIPlugin:75 - create IPUIPlugin
2024-05-12 11:15:28,766 [INFO] PluginManager:213 - loadIPPluginJar : add ts
2024-05-12 11:15:28,774 [INFO] IPUIPlugin:75 - create IPUIPlugin
2024-05-12 11:15:28,774 [INFO] PluginManager:213 - loadIPPluginJar : add tsc
2024-05-12 11:15:28,780 [INFO] IPUIPlugin:75 - create IPUIPlugin
2024-05-12 11:15:28,780 [INFO] PluginManager:213 - loadIPPluginJar : add ucpd
2024-05-12 11:15:28,787 [INFO] IPUIPlugin:75 - create IPUIPlugin
2024-05-12 11:15:28,790 [INFO] PluginManager:213 - loadIPPluginJar : add usart
2024-05-12 11:15:28,801 [INFO] IPUIPlugin:75 - create IPUIPlugin
2024-05-12 11:15:28,801 [INFO] PluginManager:213 - loadIPPluginJar : add usbx
2024-05-12 11:15:29,510 [INFO] ThirdPartyUpdaterWithRetryManager:66 - Updater plugin not ready yet. [2/15]
2024-05-12 11:15:29,686 [FATAL] Updater:297 - Updater called before beeing initialized
2024-05-12 11:15:30,042 [FATAL] Updater:297 - Updater called before beeing initialized
2024-05-12 11:15:30,060 [INFO] DbMcusAds:47 - JSON generation date=Thu May 02 15:37:29 ICT 2024 (1714639049318)
2024-05-12 11:15:30,062 [FATAL] Updater:297 - Updater called before beeing initialized
2024-05-12 11:15:30,230 [WARN] DetailPanel:320 - Failed to get advertising image, set to default
2024-05-12 11:15:30,480 [FATAL] Updater:297 - Updater called before beeing initialized
2024-05-12 11:15:30,487 [FATAL] Updater:297 - Updater called before beeing initialized
2024-05-12 11:15:30,487 [FATAL] Updater:297 - Updater called before beeing initialized
2024-05-12 11:15:30,487 [WARN] DetailPanel:320 - Failed to get advertising image, set to default
2024-05-12 11:15:30,490 [FATAL] Updater:297 - Updater called before beeing initialized
2024-05-12 11:15:30,645 [INFO] Updater:1026 - Updater Version found : 6.5.0
2024-05-12 11:15:30,693 [INFO] ApplicationProperties:181 - Using Application install path: C:\ST\STM32CubeIDE_1.9.0\STM32CubeIDE\plugins\com.st.stm32cube.common.mx_6.5.0.202202251913
2024-05-12 11:15:31,193 [INFO] MainUpdater:2729 - connection check result : 10
2024-05-12 11:15:31,195 [INFO] MainUpdater:276 - Updater Check For Update Now.
2024-05-12 11:15:31,195 [INFO] MicroXplorer:477 - Change Database Version : DB.6.0.50
2024-05-12 11:15:31,444 [INFO] CheckServerUpdateThread:115 - End of CheckServer Thread
2024-05-12 11:15:31,639 [INFO] MainUpdater:2729 - connection check result : 10
2024-05-12 11:15:32,496 [INFO] McuFinderGlobals:52 - Set McuFinderConnectedMode to true
2024-05-12 11:15:32,528 [INFO] MultiScanPanel:195 - Auto-refresh data requested => check proxy status ongoing
2024-05-12 11:15:32,545 [INFO] FinderPluginLoader:87 - Searching for filters in installed packs
2024-05-12 11:15:32,865 [INFO] ApiDb:567 - Connected to CubeFinder SQLite database (C:\Users\hoatt\.stmcufinder\plugins\mcufinder\mcu\cube-finder-db.db)
2024-05-12 11:15:33,117 [INFO] ApiDb:654 - CubeFinder database Data Model version=2.1
2024-05-12 11:15:33,117 [INFO] ApiDb:655 - CubeFinder database Configuration version=3.0.39
2024-05-12 11:15:33,120 [INFO] ApiDb:656 - CubeFinder database generation date=2024-04-15 (1713193726)
2024-05-12 11:15:33,120 [INFO] ApiDb:657 - CubeFinder database FW Pack versions=[FP-ATR-ASTRA1_V2.0.0, FP-SNS-FLIGHT1_V5.0.1, FP-SNS-FLIGHT1_V5.0.2, FP-SNS-MOTENV1_V4.3.1, FP-SNS-MOTENV1_V4.3.2, FP-SNS-MOTENVWB1_V1.3.1, FP-SNS-SMARTAG2_V1.2.0, STM32Cube_FW_C0_V1.1.0, STM32Cube_FW_F4_V1.28.0, STM32Cube_FW_F7_V1.17.0, STM32Cube_FW_G0_V1.6.2, STM32Cube_FW_G4_V1.5.2, STM32Cube_FW_H5_V0.5.1, STM32Cube_FW_H5_V1.1.1, STM32Cube_FW_H5_V1.2.0, STM32Cube_FW_H5_V1.2.0RC4, STM32Cube_FW_H7RS_V1.0.0, STM32Cube_FW_H7RS_V1.0.0RC4, STM32Cube_FW_H7_V1.11.0, STM32Cube_FW_L0_V1.12.2, STM32Cube_FW_L5_V1.5.1, STM32Cube_FW_U0_V1.0.0, STM32Cube_FW_U0_V1.0.0RC1, STM32Cube_FW_U5_V1.3.0RC4, STM32Cube_FW_U5_V1.5.0, STM32Cube_FW_U5_V1.5.0RC1, STM32Cube_FW_WBA_V1.0.0RC1, STM32Cube_FW_WBA_V1.2.0, STM32Cube_FW_WBA_V1.2.0RC2, STM32Cube_FW_WBA_V1.3.0, STM32Cube_FW_WBA_V1.3.0RC1, STM32Cube_FW_WB_V1.15.0RC1, STM32Cube_FW_WB_V1.16.0, STM32Cube_FW_WB_V1.16.0RC2, STM32Cube_FW_WB_V1.18.0, STM32Cube_FW_WB_V1.19.0, STM32Cube_FW_WL_V1.3.0, X-CUBE-ALGOBUILD_V1.3.0, X-CUBE-ALS_V1.0.1, X-CUBE-AZRTOS-F4_V1.1.0, X-CUBE-AZRTOS-F7_V1.1.0, X-CUBE-AZRTOS-G0_V1.1.0, X-CUBE-AZRTOS-G4_V2.0.0, X-CUBE-AZRTOS-H7_V3.2.0, X-CUBE-AZRTOS-L4_V1.0.0, X-CUBE-AZRTOS-L4_V2.0.0, X-CUBE-AZRTOS-L5_V1.1.0, X-CUBE-AZRTOS-WB_V2.0.0, X-CUBE-AZRTOS-WL_V2.0.0, X-CUBE-BLE1_V7.0.0, X-CUBE-BLE2_V3.3.0, X-CUBE-BLEMGR_V3.1.0, X-CUBE-EEPRMA1_V4.1.0, X-CUBE-EEPRMA1_V5.1.0, X-CUBE-FREERTOS_V1.1.0, X-CUBE-GNSS1_V6.0.0, X-CUBE-MEMS1_V10.0.0, X-CUBE-MEMS1_V9.1.0, X-CUBE-MEMS1_V9.4.0, X-CUBE-MEMS1_V9.6.0, X-CUBE-NFC4_V3.0.0, X-CUBE-NFC7_V1.0.1, X-CUBE-SFXS2LP1_V4.0.0, X-CUBE-SUBG2_V5.0.0, X-CUBE-TOF1_V3.4.0]
2024-05-12 11:15:33,720 [WARN] PackLoader:238 - Cannot read IP mode file for STMicroelectronics.FP-SNS-MOTENVWB1.1.4.0
2024-05-12 11:15:33,751 [WARN] PackLoader:238 - Cannot read IP mode file for STMicroelectronics.X-CUBE-SMBUS.2.1.0
2024-05-12 11:15:33,769 [WARN] PackLoader:238 - Cannot read IP mode file for STMicroelectronics.X-CUBE-TOUCHGFX.4.23.2
2024-05-12 11:15:33,849 [WARN] PackLoader:238 - Cannot read IP mode file for STMicroelectronics.X-CUBE-AZRTOS-F7.1.1.0
2024-05-12 11:15:33,873 [WARN] PackLoader:238 - Cannot read IP mode file for STMicroelectronics.FP-SNS-FLIGHT1.5.0.2
2024-05-12 11:15:33,893 [WARN] PackLoader:238 - Cannot read IP mode file for STMicroelectronics.X-CUBE-DISPLAY.3.0.0
2024-05-12 11:15:33,934 [WARN] PackLoader:238 - Cannot read IP mode file for STMicroelectronics.X-CUBE-BLE1.7.0.0
2024-05-12 11:15:33,957 [WARN] PackLoader:238 - Cannot read IP mode file for emotas.I-CUBE-CANOPEN.1.3.0
2024-05-12 11:15:33,985 [WARN] PackLoader:238 - Cannot read IP mode file for STMicroelectronics.X-CUBE-BLEMGR.3.1.0
2024-05-12 11:15:34,009 [WARN] PackLoader:238 - Cannot read IP mode file for STMicroelectronics.FP-SNS-SMARTAG2.1.2.0
2024-05-12 11:15:34,050 [INFO] LogOutputStream:76 - [STDOUT_REDIRECT] 1 : Invalid condition id : UX_CORESTACK_Condition cause : null
2024-05-12 11:15:34,054 [INFO] LogOutputStream:76 - [STDOUT_REDIRECT] 1 : Invalid condition id : UX_CORESTACK_Condition cause : null
2024-05-12 11:15:34,054 [INFO] LogOutputStream:76 - [STDOUT_REDIRECT] 1 : Invalid condition id : UX_CORESTACK_Condition cause : null
2024-05-12 11:15:34,057 [INFO] LogOutputStream:76 - [STDOUT_REDIRECT] 1 : Invalid condition id : UX_CORESTACK_Condition cause : null
2024-05-12 11:15:34,057 [INFO] LogOutputStream:76 - [STDOUT_REDIRECT] 1 : Invalid condition id : UX_CORESTACK_Condition cause : null
2024-05-12 11:15:34,073 [WARN] PackLoader:238 - Cannot read IP mode file for STMicroelectronics.X-CUBE-AZRTOS-WL.2.0.0
2024-05-12 11:15:34,097 [WARN] PackLoader:238 - Cannot read IP mode file for STMicroelectronics.FP-SNS-MOTENV1.5.0.0
2024-05-12 11:15:34,131 [WARN] PackLoader:238 - Cannot read IP mode file for WES.I-CUBE-Cesium.1.3.0
2024-05-12 11:15:34,152 [WARN] PackLoader:238 - Cannot read IP mode file for STMicroelectronics.X-CUBE-BLE2.3.3.0
2024-05-12 11:15:34,174 [WARN] PackLoader:238 - Cannot read IP mode file for STMicroelectronics.X-CUBE-TCPP.4.1.0
2024-05-12 11:15:34,201 [WARN] PackLoader:238 - Cannot read IP mode file for STMicroelectronics.X-CUBE-ALGOBUILD.1.3.0
2024-05-12 11:15:34,246 [WARN] PackLoader:238 - Cannot read IP mode file for STMicroelectronics.X-CUBE-AZRTOS-G0.1.1.0
2024-05-12 11:15:34,273 [WARN] PackLoader:238 - Cannot read IP mode file for STMicroelectronics.X-CUBE-SAFEA1.1.2.2
2024-05-12 11:15:34,291 [WARN] PackLoader:238 - Cannot read IP mode file for STMicroelectronics.X-CUBE-NFC4.3.0.0
2024-05-12 11:15:34,324 [WARN] PackLoader:238 - Cannot read IP mode file for wolfSSL.I-CUBE-wolfSSL.5.7.0
2024-05-12 11:15:34,340 [WARN] PackLoader:238 - Cannot read IP mode file for STMicroelectronics.FP-ATR-SIGFOX1.3.2.0
2024-05-12 11:15:34,363 [WARN] PackLoader:238 - Cannot read IP mode file for STMicroelectronics.X-CUBE-EEPRMA1.5.1.0
2024-05-12 11:15:34,390 [WARN] PackLoader:238 - Cannot read IP mode file for ITTIA_DB.I-CUBE-ITTIADB.8.9.0
2024-05-12 11:15:34,457 [WARN] PackLoader:238 - Cannot read IP mode file for SEGGER.I-CUBE-embOS.1.3.1
2024-05-12 11:15:34,625 [WARN] PackLoader:238 - Cannot read IP mode file for STMicroelectronics.X-CUBE-ALGOBUILD.1.4.0
2024-05-12 11:15:34,645 [WARN] PackLoader:238 - Cannot read IP mode file for STMicroelectronics.X-CUBE-GNSS1.6.0.0
2024-05-12 11:15:34,692 [WARN] PackLoader:238 - Cannot read IP mode file for STMicroelectronics.X-CUBE-AZRTOS-F4.1.1.0
2024-05-12 11:15:34,718 [WARN] PackLoader:238 - Cannot read IP mode file for STMicroelectronics.X-CUBE-FREERTOS.1.2.0
2024-05-12 11:15:34,766 [WARN] PackLoader:238 - Cannot read IP mode file for STMicroelectronics.X-CUBE-AZRTOS-L5.2.0.0
2024-05-12 11:15:34,814 [WARN] PackLoader:238 - Cannot read IP mode file for STMicroelectronics.X-CUBE-NFC6.3.1.0
2024-05-12 11:15:34,843 [WARN] PackLoader:238 - Cannot read IP mode file for STMicroelectronics.X-CUBE-AI.9.0.0
2024-05-12 11:15:34,857 [WARN] PackLoader:238 - Cannot read IP mode file for STMicroelectronics.X-CUBE-NFC7.1.0.1
2024-05-12 11:15:34,907 [WARN] ConditionMgr:437 - getConditionDescription Invalid condition id : LAN8742 Phy interface Condition cause : null
2024-05-12 11:15:34,910 [WARN] PackLoader:238 - Cannot read IP mode file for STMicroelectronics.X-CUBE-AZRTOS-L4.2.0.0
2024-05-12 11:15:34,915 [WARN] ConditionMgr:1038 - genDependencies : Invalid condition id : LAN8742 Phy interface Condition cause : null
2024-05-12 11:15:34,915 [WARN] ConditionMgr:1038 - genDependencies : Invalid condition id : LAN8742 Phy interface Condition cause : null
2024-05-12 11:15:34,918 [WARN] ConditionMgr:1038 - genDependencies : Invalid condition id : LAN8742 Phy interface Condition cause : null
2024-05-12 11:15:34,945 [WARN] PackLoader:238 - Cannot read IP mode file for STMicroelectronics.X-CUBE-SFXS2LP1.4.0.0
2024-05-12 11:15:34,984 [WARN] ConditionMgr:437 - getConditionDescription Invalid condition id : UX DEVICE CLASS RTOS Condition cause : null
2024-05-12 11:15:34,988 [WARN] ConditionMgr:437 - getConditionDescription Invalid condition id : UX DEVICE CLASS RTOS Condition cause : null
2024-05-12 11:15:34,995 [WARN] PackLoader:238 - Cannot read IP mode file for STMicroelectronics.X-CUBE-AZRTOS-WB.2.0.0
2024-05-12 11:15:34,998 [WARN] ConditionMgr:1038 - genDependencies : Invalid condition id : UX DEVICE CLASS RTOS Condition cause : null
2024-05-12 11:15:34,998 [WARN] ConditionMgr:1038 - genDependencies : Invalid condition id : UX DEVICE CLASS RTOS Condition cause : null
2024-05-12 11:15:35,000 [WARN] ConditionMgr:1038 - genDependencies : Invalid condition id : UX DEVICE CLASS RTOS Condition cause : null
2024-05-12 11:15:35,000 [WARN] ConditionMgr:1038 - genDependencies : Invalid condition id : UX DEVICE CLASS RTOS Condition cause : null
2024-05-12 11:15:35,000 [WARN] ConditionMgr:1038 - genDependencies : Invalid condition id : UX DEVICE CLASS RTOS Condition cause : null
2024-05-12 11:15:35,030 [WARN] PackLoader:238 - Cannot read IP mode file for STMicroelectronics.X-CUBE-SUBG2.5.0.0
2024-05-12 11:15:35,091 [WARN] PackLoader:238 - Cannot read IP mode file for STMicroelectronics.X-CUBE-AZRTOS-G4.2.0.0
2024-05-12 11:15:35,116 [WARN] PackLoader:238 - Cannot read IP mode file for STMicroelectronics.X-CUBE-ISPU.2.0.0
2024-05-12 11:15:35,222 [WARN] PackLoader:238 - Cannot read IP mode file for STMicroelectronics.X-CUBE-MEMS1.10.0.0
2024-05-12 11:15:35,702 [WARN] PackLoader:238 - Cannot read IP mode file for portGmbH.I-Cube-SoM-uGOAL.1.1.0
2024-05-12 11:15:35,720 [WARN] PackLoader:238 - Cannot read IP mode file for STMicroelectronics.X-CUBE-ALS.1.0.1
2024-05-12 11:15:35,885 [WARN] PackLoader:238 - Cannot read IP mode file for STMicroelectronics.X-CUBE-AZRTOS-H7RS.1.0.0
2024-05-12 11:15:35,913 [WARN] PackLoader:238 - Cannot read IP mode file for STMicroelectronics.FP-ATR-ASTRA1.2.0.0
2024-05-12 11:15:35,990 [WARN] PackLoader:238 - Cannot read IP mode file for STMicroelectronics.X-CUBE-TOF1.3.4.1
2024-05-12 11:15:36,070 [WARN] PackLoader:238 - Cannot read IP mode file for STMicroelectronics.X-CUBE-AZRTOS-H7.3.2.0
2024-05-12 11:15:36,115 [WARN] PackLoader:238 - Cannot read IP mode file for Infineon.AIROC-Wi-Fi-Bluetooth-STM32.1.6.0
2024-05-12 11:15:36,129 [INFO] ThirdParty:925 - Integrity check success = true
2024-05-12 11:15:36,132 [INFO] IntegrityCheckThread:94 - exiting critical section [integrity check]
2024-05-12 11:15:36,132 [INFO] IntegrityCheckThread:97 - End integrity checks thread
2024-05-12 11:15:41,075 [INFO] ApiDb:212 - Found 97 in-development CPN: [NUCLEO-C031C6, STM32C0116-DK, STM32C011D6Y3TR, STM32C011D6Y6TR, STM32C011F4P3, STM32C011F4P6, STM32C011F4U3, STM32C011F4U6TR, STM32C011F6P3, STM32C011F6P6, STM32C011F6U3, STM32C011F6U6TR, STM32C011J4M3, STM32C011J4M6, STM32C011J6M3, STM32C011J6M6, STM32C0316-DK, STM32C031C4T3, STM32C031C4T6, STM32C031C4U3, STM32C031C4U6, STM32C031C6T3, STM32C031C6T6, STM32C031C6U3, STM32C031C6U6, STM32C031F4P3, STM32C031F4P6, STM32C031F6P3, STM32C031F6P6, STM32C031G4U3, STM32C031G4U6, STM32C031G6U3, STM32C031G6U6, STM32C031K4T3, STM32C031K4T6, STM32C031K4U3, STM32C031K4U6, STM32C031K6T3, STM32C031K6T6, STM32C031K6U3, STM32C031K6U6, STM32G071K8TXN, STM32G071K8UXN, STM32G081GBU6N, STM32G081KBT6N, STM32G081KBUXN, STM32G0B1CCT6N, STM32G0B1KCT6, STM32G0B1NEY6, STM32G0B1NEY6TR, STM32G0B1RCT6N, STM32G0C1CCT6, STM32G0C1CCT6N, STM32G0C1CCU6N, STM32G0C1CET6N, STM32G0C1CEU6N, STM32G0C1KCT6, STM32G0C1NEY6TR, STM32G0C1RCI6N, STM32G0C1RCT6N, STM32G0C1REI6N, STM32G0C1RET6N, STM32G0C1VCI6, STM32G0C1VEI6, STM32G471CCT6, STM32G471CCU6, STM32G471CET3, STM32G471CET6, STM32G471CEU3, STM32G471CEU6, STM32G471MCT6, STM32G471MET3, STM32G471MET6, STM32G471MEY6TR, STM32G471QCT6, STM32G471QET3, STM32G471RCT6, STM32G471RET3, STM32G471RET6, STM32G471VCH6, STM32G471VCI6, STM32G471VCT6, STM32G471VEH3, STM32G471VEH6, STM32G471VEI3, STM32G471VEI6, STM32G471VET3, STM32G471VET6, STM32G474CCT6, STM32L4R5QGI6STR, STM32U595ZJT6Q, STM32U599BJY6QTR, STM32U599NIH6Q, STM32U599NJH6Q, STM32U5A5ZJT6Q, STM32U5A9BJY6QTR, STM32U5A9NJH6Q]
2024-05-12 11:15:41,093 [INFO] DbMcus:201 - Found 4063 MCUs, 4063 are supported
2024-05-12 11:15:41,102 [INFO] ApiDb:407 - Load user favorites file C:\Users\hoatt/.stm32cubeide/favorites.mcus.txt: 1 item(s)
2024-05-12 11:15:41,102 [INFO] ApiDb:411 - User favorites MCUs=[STM32F103C8T6]
2024-05-12 11:15:41,105 [INFO] DbMcus:207 - Set 1 / 1 favorites MCUs
2024-05-12 11:15:44,417 [INFO] LoadUrlFilesThread:173 - End of LoadServerUrlFiles without Thread
2024-05-12 11:15:44,505 [INFO] DetailPanel:315 - Set advertising image to C:/Users/hoatt/STM32Cube/Repository/\en.prom-stm32h7rs-mcu-finder.png
2024-05-12 11:15:45,644 [INFO] MultiScanPanel:787 - Auto Refresh Data is not needed
2024-05-12 11:15:45,662 [INFO] ApiDb:654 - CubeFinder database Data Model version=2.1
2024-05-12 11:15:45,662 [INFO] ApiDb:655 - CubeFinder database Configuration version=3.0.39
2024-05-12 11:15:45,662 [INFO] ApiDb:656 - CubeFinder database generation date=2024-04-15 (1713193726)
2024-05-12 11:15:45,662 [INFO] ApiDb:657 - CubeFinder database FW Pack versions=[FP-ATR-ASTRA1_V2.0.0, FP-SNS-FLIGHT1_V5.0.1, FP-SNS-FLIGHT1_V5.0.2, FP-SNS-MOTENV1_V4.3.1, FP-SNS-MOTENV1_V4.3.2, FP-SNS-MOTENVWB1_V1.3.1, FP-SNS-SMARTAG2_V1.2.0, STM32Cube_FW_C0_V1.1.0, STM32Cube_FW_F4_V1.28.0, STM32Cube_FW_F7_V1.17.0, STM32Cube_FW_G0_V1.6.2, STM32Cube_FW_G4_V1.5.2, STM32Cube_FW_H5_V0.5.1, STM32Cube_FW_H5_V1.1.1, STM32Cube_FW_H5_V1.2.0, STM32Cube_FW_H5_V1.2.0RC4, STM32Cube_FW_H7RS_V1.0.0, STM32Cube_FW_H7RS_V1.0.0RC4, STM32Cube_FW_H7_V1.11.0, STM32Cube_FW_L0_V1.12.2, STM32Cube_FW_L5_V1.5.1, STM32Cube_FW_U0_V1.0.0, STM32Cube_FW_U0_V1.0.0RC1, STM32Cube_FW_U5_V1.3.0RC4, STM32Cube_FW_U5_V1.5.0, STM32Cube_FW_U5_V1.5.0RC1, STM32Cube_FW_WBA_V1.0.0RC1, STM32Cube_FW_WBA_V1.2.0, STM32Cube_FW_WBA_V1.2.0RC2, STM32Cube_FW_WBA_V1.3.0, STM32Cube_FW_WBA_V1.3.0RC1, STM32Cube_FW_WB_V1.15.0RC1, STM32Cube_FW_WB_V1.16.0, STM32Cube_FW_WB_V1.16.0RC2, STM32Cube_FW_WB_V1.18.0, STM32Cube_FW_WB_V1.19.0, STM32Cube_FW_WL_V1.3.0, X-CUBE-ALGOBUILD_V1.3.0, X-CUBE-ALS_V1.0.1, X-CUBE-AZRTOS-F4_V1.1.0, X-CUBE-AZRTOS-F7_V1.1.0, X-CUBE-AZRTOS-G0_V1.1.0, X-CUBE-AZRTOS-G4_V2.0.0, X-CUBE-AZRTOS-H7_V3.2.0, X-CUBE-AZRTOS-L4_V1.0.0, X-CUBE-AZRTOS-L4_V2.0.0, X-CUBE-AZRTOS-L5_V1.1.0, X-CUBE-AZRTOS-WB_V2.0.0, X-CUBE-AZRTOS-WL_V2.0.0, X-CUBE-BLE1_V7.0.0, X-CUBE-BLE2_V3.3.0, X-CUBE-BLEMGR_V3.1.0, X-CUBE-EEPRMA1_V4.1.0, X-CUBE-EEPRMA1_V5.1.0, X-CUBE-FREERTOS_V1.1.0, X-CUBE-GNSS1_V6.0.0, X-CUBE-MEMS1_V10.0.0, X-CUBE-MEMS1_V9.1.0, X-CUBE-MEMS1_V9.4.0, X-CUBE-MEMS1_V9.6.0, X-CUBE-NFC4_V3.0.0, X-CUBE-NFC7_V1.0.1, X-CUBE-SFXS2LP1_V4.0.0, X-CUBE-SUBG2_V5.0.0, X-CUBE-TOF1_V3.4.0]
2024-05-12 11:15:45,841 [INFO] DbBoardsSqlite:220 - include board P-NUCLEO-WB55-NUCLEO as a kit item of type 'Nucleo-64'
2024-05-12 11:15:45,843 [INFO] DbBoardsSqlite:220 - include board P-NUCLEO-WB55-USBDONGLE as a kit item of type 'Nucleo USB Dongle'
2024-05-12 11:15:45,843 [INFO] DbBoardsSqlite:220 - include board STEVAL-IDP005V1 as a kit item of type 'Evaluation Board'
2024-05-12 11:15:45,843 [INFO] DbBoardsSqlite:220 - include board STEVAL-IDP005V2 as a kit item of type 'Evaluation Board'
2024-05-12 11:15:46,062 [INFO] ApiDb:212 - Found 97 in-development CPN: [NUCLEO-C031C6, STM32C0116-DK, STM32C011D6Y3TR, STM32C011D6Y6TR, STM32C011F4P3, STM32C011F4P6, STM32C011F4U3, STM32C011F4U6TR, STM32C011F6P3, STM32C011F6P6, STM32C011F6U3, STM32C011F6U6TR, STM32C011J4M3, STM32C011J4M6, STM32C011J6M3, STM32C011J6M6, STM32C0316-DK, STM32C031C4T3, STM32C031C4T6, STM32C031C4U3, STM32C031C4U6, STM32C031C6T3, STM32C031C6T6, STM32C031C6U3, STM32C031C6U6, STM32C031F4P3, STM32C031F4P6, STM32C031F6P3, STM32C031F6P6, STM32C031G4U3, STM32C031G4U6, STM32C031G6U3, STM32C031G6U6, STM32C031K4T3, STM32C031K4T6, STM32C031K4U3, STM32C031K4U6, STM32C031K6T3, STM32C031K6T6, STM32C031K6U3, STM32C031K6U6, STM32G071K8TXN, STM32G071K8UXN, STM32G081GBU6N, STM32G081KBT6N, STM32G081KBUXN, STM32G0B1CCT6N, STM32G0B1KCT6, STM32G0B1NEY6, STM32G0B1NEY6TR, STM32G0B1RCT6N, STM32G0C1CCT6, STM32G0C1CCT6N, STM32G0C1CCU6N, STM32G0C1CET6N, STM32G0C1CEU6N, STM32G0C1KCT6, STM32G0C1NEY6TR, STM32G0C1RCI6N, STM32G0C1RCT6N, STM32G0C1REI6N, STM32G0C1RET6N, STM32G0C1VCI6, STM32G0C1VEI6, STM32G471CCT6, STM32G471CCU6, STM32G471CET3, STM32G471CET6, STM32G471CEU3, STM32G471CEU6, STM32G471MCT6, STM32G471MET3, STM32G471MET6, STM32G471MEY6TR, STM32G471QCT6, STM32G471QET3, STM32G471RCT6, STM32G471RET3, STM32G471RET6, STM32G471VCH6, STM32G471VCI6, STM32G471VCT6, STM32G471VEH3, STM32G471VEH6, STM32G471VEI3, STM32G471VEI6, STM32G471VET3, STM32G471VET6, STM32G474CCT6, STM32L4R5QGI6STR, STM32U595ZJT6Q, STM32U599BJY6QTR, STM32U599NIH6Q, STM32U599NJH6Q, STM32U5A5ZJT6Q, STM32U5A9BJY6QTR, STM32U5A9NJH6Q]
2024-05-12 11:15:46,110 [INFO] BoardInfo:872 - No configuration file found for board B-G473E-ZEST1S
2024-05-12 11:15:46,113 [INFO] DbBoards:144 - Board is not supported: B-G473E-ZEST1S
2024-05-12 11:15:46,134 [INFO] BoardInfo:872 - No configuration file found for board B-WB1M-WPAN1
2024-05-12 11:15:46,134 [INFO] DbBoards:144 - Board is not supported: B-WB1M-WPAN1
2024-05-12 11:15:46,139 [INFO] BoardInfo:872 - No configuration file found for board B-WL5M-SUBG1
2024-05-12 11:15:46,139 [INFO] DbBoards:144 - Board is not supported: B-WL5M-SUBG1
2024-05-12 11:15:46,238 [INFO] BoardInfo:872 - No configuration file found for board NUCLEO-H503RB
2024-05-12 11:15:46,241 [INFO] DbBoards:144 - Board is not supported: NUCLEO-H503RB
2024-05-12 11:15:46,244 [INFO] BoardInfo:872 - No configuration file found for board NUCLEO-H533RE
2024-05-12 11:15:46,244 [INFO] DbBoards:144 - Board is not supported: NUCLEO-H533RE
2024-05-12 11:15:46,246 [INFO] BoardInfo:872 - No configuration file found for board NUCLEO-H563ZI
2024-05-12 11:15:46,246 [INFO] DbBoards:144 - Board is not supported: NUCLEO-H563ZI
2024-05-12 11:15:46,270 [INFO] BoardInfo:872 - No configuration file found for board NUCLEO-H7S3L8
2024-05-12 11:15:46,270 [INFO] DbBoards:144 - Board is not supported: NUCLEO-H7S3L8
2024-05-12 11:15:46,329 [INFO] BoardInfo:872 - No configuration file found for board NUCLEO-U031R8
2024-05-12 11:15:46,329 [INFO] DbBoards:144 - Board is not supported: NUCLEO-U031R8
2024-05-12 11:15:46,357 [INFO] BoardInfo:872 - No configuration file found for board NUCLEO-U083RC
2024-05-12 11:15:46,358 [INFO] DbBoards:144 - Board is not supported: NUCLEO-U083RC
2024-05-12 11:15:46,367 [INFO] BoardInfo:872 - No configuration file found for board NUCLEO-U545RE-Q
2024-05-12 11:15:46,367 [INFO] DbBoards:144 - Board is not supported: NUCLEO-U545RE-Q
2024-05-12 11:15:46,377 [INFO] BoardInfo:872 - No configuration file found for board NUCLEO-U5A5ZJ-Q
2024-05-12 11:15:46,377 [INFO] DbBoards:144 - Board is not supported: NUCLEO-U5A5ZJ-Q
2024-05-12 11:15:46,391 [INFO] BoardInfo:872 - No configuration file found for board NUCLEO-WBA52CG
2024-05-12 11:15:46,391 [INFO] DbBoards:144 - Board is not supported: NUCLEO-WBA52CG
2024-05-12 11:15:46,396 [INFO] BoardInfo:872 - No configuration file found for board NUCLEO-WBA55CG
2024-05-12 11:15:46,396 [INFO] DbBoards:144 - Board is not supported: NUCLEO-WBA55CG
2024-05-12 11:15:46,419 [INFO] BoardInfo:872 - No configuration file found for board P-NUCLEO-WB55
2024-05-12 11:15:46,419 [INFO] DbBoards:144 - Kit is not supported: P-NUCLEO-WB55
2024-05-12 11:15:46,433 [INFO] BoardInfo:872 - No configuration file found for board STEVAL-ASTRA1B
2024-05-12 11:15:46,434 [INFO] DbBoards:144 - Board is not supported: STEVAL-ASTRA1B
2024-05-12 11:15:46,438 [INFO] BoardInfo:872 - No configuration file found for board STEVAL-BFA001V1B
2024-05-12 11:15:46,438 [INFO] DbBoards:144 - Kit is not supported: STEVAL-BFA001V1B
2024-05-12 11:15:46,440 [INFO] BoardInfo:872 - No configuration file found for board STEVAL-BFA001V2B
2024-05-12 11:15:46,440 [INFO] DbBoards:144 - Kit is not supported: STEVAL-BFA001V2B
2024-05-12 11:15:46,450 [INFO] BoardInfo:872 - No configuration file found for board STEVAL-MKBOXPRO
2024-05-12 11:15:46,450 [INFO] DbBoards:144 - Board is not supported: STEVAL-MKBOXPRO
2024-05-12 11:15:46,458 [INFO] BoardInfo:872 - No configuration file found for board STEVAL-PROTEUS1
2024-05-12 11:15:46,458 [INFO] DbBoards:144 - Board is not supported: STEVAL-PROTEUS1
2024-05-12 11:15:46,460 [INFO] BoardInfo:872 - No configuration file found for board STEVAL-SMARTAG2
2024-05-12 11:15:46,460 [INFO] DbBoards:144 - Board is not supported: STEVAL-SMARTAG2
2024-05-12 11:15:46,465 [INFO] BoardInfo:872 - No configuration file found for board STEVAL-STWINBX1
2024-05-12 11:15:46,465 [INFO] DbBoards:144 - Board is not supported: STEVAL-STWINBX1
2024-05-12 11:15:46,473 [INFO] BoardInfo:872 - No configuration file found for board STM320518-EVAL
2024-05-12 11:15:46,473 [INFO] DbBoards:144 - Board is not supported: STM320518-EVAL
2024-05-12 11:15:46,643 [INFO] BoardInfo:872 - No configuration file found for board STM32H573I-DK
2024-05-12 11:15:46,643 [INFO] DbBoards:144 - Board is not supported: STM32H573I-DK
2024-05-12 11:15:46,683 [INFO] BoardInfo:872 - No configuration file found for board STM32H7S78-DK
2024-05-12 11:15:46,683 [INFO] DbBoards:144 - Board is not supported: STM32H7S78-DK
2024-05-12 11:15:46,726 [INFO] BoardInfo:872 - No configuration file found for board STM32MP135F-DK
2024-05-12 11:15:46,726 [INFO] DbBoards:144 - Board is not supported: STM32MP135F-DK
2024-05-12 11:15:46,780 [INFO] BoardInfo:872 - No configuration file found for board STM32U083C-DK
2024-05-12 11:15:46,780 [INFO] DbBoards:144 - Board is not supported: STM32U083C-DK
2024-05-12 11:15:46,788 [INFO] BoardInfo:872 - No configuration file found for board STM32U5A9J-DK
2024-05-12 11:15:46,788 [INFO] DbBoards:144 - Board is not supported: STM32U5A9J-DK
2024-05-12 11:15:46,790 [INFO] BoardInfo:872 - No configuration file found for board STM32U5G9J-DK1
2024-05-12 11:15:46,790 [INFO] DbBoards:144 - Board is not supported: STM32U5G9J-DK1
2024-05-12 11:15:46,793 [INFO] BoardInfo:872 - No configuration file found for board STM32U5G9J-DK2
2024-05-12 11:15:46,793 [INFO] DbBoards:144 - Board is not supported: STM32U5G9J-DK2
2024-05-12 11:15:46,801 [INFO] BoardInfo:872 - No configuration file found for board STM32WBA55G-DK1
2024-05-12 11:15:46,801 [INFO] DbBoards:144 - Board is not supported: STM32WBA55G-DK1
2024-05-12 11:15:46,803 [INFO] DbBoards:148 - Found 199 boards, 169 are supported
2024-05-12 11:15:46,812 [INFO] ApiDb:407 - Load user favorites file C:\Users\hoatt/.stm32cubeide/favorites.boards.txt: 0 item(s)
2024-05-12 11:15:46,812 [INFO] ApiDb:411 - User favorites Boards=[]
2024-05-12 11:15:46,812 [INFO] DbBoards:174 - Set 0 / 0 favorites Boards
2024-05-12 11:17:10,819 [ERROR] DetailPanel:708 - Image file not found for MCU package WLCSP 12 1.7x1.42x0.6 P 0.35 mm: C:\ST\STM32CubeIDE_1.9.0\STM32CubeIDE\plugins\com.st.stm32cube.common.mx_6.5.0.202202251913\\db\/plugins/mcufinder/images/packages/WLCSP12.jpg
2024-05-12 11:28:09,002 [INFO] MainUpdater:2729 - connection check result : 10
2024-05-12 11:28:09,004 [INFO] MainUpdater:2729 - connection check result : 10
2024-05-12 11:28:09,125 [INFO] MicroXplorer:447 - Change Database Path : 
2024-05-12 11:28:09,128 [INFO] MicroXplorer:477 - Change Database Version : DB.6.0.50
2024-05-12 11:28:09,133 [WARN] ThirdParty:823 - waiting for thirdparty lock release [close project]
2024-05-12 11:28:09,133 [INFO] ThirdParty:825 - entering critical section [close project]
2024-05-12 11:28:09,138 [INFO] ThirdParty:835 - exiting critical section [close project]
2024-05-12 11:28:09,158 [INFO] PinOutPanel:1465 - setPackage(No Configuration,No Configuration)
2024-05-12 11:28:09,182 [INFO] UtilMem:74 - Begin LoadConfig() Used Memory: 618263048 Bytes (714080256)
2024-05-12 11:28:09,190 [INFO] MicroXplorer:447 - Change Database Path : 
2024-05-12 11:28:09,190 [INFO] MicroXplorer:477 - Change Database Version : DB.6.0.50
2024-05-12 11:28:09,190 [INFO] OpenFileManager:303 - Change cursor
2024-05-12 11:28:09,579 [INFO] Mcu:1893 - Initializing MCU STM32F103C8Tx STM32F103C8Tx 
2024-05-12 11:28:09,579 [INFO] Mcu:1906 - No CPN specified => set CPN to STM32F103C8T6
2024-05-12 11:28:12,774 [INFO] Context:599 - Trying to add GPIOservice into a context  which must be forbidden
2024-05-12 11:28:13,299 [INFO] ImportTextPane:183 - (OptionalMessage_ERROR) Unable to find key (Mcu.ThirdPartyNb) in loaded IOC file
2024-05-12 11:28:13,302 [INFO] ImportTextPane:183 - (OptionalMessage_ERROR) Unable to find key (Mcu.PinsNb) in loaded IOC file
2024-05-12 11:28:13,302 [INFO] ImportTextPane:183 - (OptionalMessage_ERROR) Unable to find key (Mcu.IPNb) in loaded IOC file
2024-05-12 11:28:13,439 [WARN] ApiManager:304 - Cannot register API 'Board Extension:GNSS1A1' from pack STMicroelectronics.X-CUBE-GNSS1.6.0.0: no header file found
2024-05-12 11:28:13,439 [WARN] ApiManager:304 - Cannot register API 'Board Support:Custom' from pack STMicroelectronics.X-CUBE-GNSS1.6.0.0: no header file found
2024-05-12 11:28:13,441 [WARN] ApiManager:304 - Cannot register API 'Data Exchange:lib_gnss' from pack STMicroelectronics.X-CUBE-GNSS1.6.0.0: no header file found
2024-05-12 11:28:13,483 [WARN] ApiManager:304 - Cannot register API 'Board Extension:NFC06A1' from pack STMicroelectronics.X-CUBE-NFC6.3.1.0: no header file found
2024-05-12 11:28:13,483 [WARN] ApiManager:304 - Cannot register API 'Board Extension:NFC08A1' from pack STMicroelectronics.X-CUBE-NFC6.3.1.0: no header file found
2024-05-12 11:28:13,488 [INFO] RtosManager:484 - Registered RTOS mode: class=CMSIS, group=RTOS, mode=CMSIS_V1, owner=FREERTOS
2024-05-12 11:28:13,488 [INFO] RtosManager:484 - Registered RTOS mode: class=CMSIS, group=RTOS2, mode=CMSIS_V2, owner=FREERTOS
2024-05-12 11:28:13,491 [INFO] RtosManager:484 - Registered RTOS mode: class=RTOS, group=Core, mode=CMSIS_V1, owner=FREERTOS
2024-05-12 11:28:13,491 [INFO] RtosManager:484 - Registered RTOS mode: class=RTOS, group=Core, mode=CMSIS_V2, owner=FREERTOS
2024-05-12 11:28:13,491 [WARN] ModelIntegratedComponent:181 - Missing modes for component STMicroelectronics:FreeRTOS:0.0.1:STMicroelectronics:RTOS:FreeRTOS:Core:::10.2.0:
2024-05-12 11:28:13,496 [WARN] ApiManager:304 - Cannot register API 'Board Extension:STSAFEA1' from pack STMicroelectronics.X-CUBE-SAFEA1.1.2.2: no header file found
2024-05-12 11:28:13,496 [WARN] ApiManager:304 - Cannot register API 'Board Part:STSAFEA110' from pack STMicroelectronics.X-CUBE-SAFEA1.1.2.2: no header file found
2024-05-12 11:28:13,496 [WARN] ApiManager:304 - Cannot register API 'Security:ST_Cryptolib' from pack STMicroelectronics.X-CUBE-SAFEA1.1.2.2: no header file found
2024-05-12 11:28:13,496 [WARN] ApiManager:304 - Cannot register API 'Security:MbedTLS' from pack STMicroelectronics.X-CUBE-SAFEA1.1.2.2: no header file found
2024-05-12 11:28:13,499 [WARN] ApiManager:304 - Cannot register API 'Board Extension:NFC04A1' from pack STMicroelectronics.X-CUBE-NFC4.3.0.0: no header file found
2024-05-12 11:28:13,510 [WARN] ApiManager:304 - Cannot register API 'Board Extension:S2868A1' from pack STMicroelectronics.X-CUBE-SUBG2.5.0.0: no header file found
2024-05-12 11:28:13,512 [WARN] ApiManager:304 - Cannot register API 'Board Extension:S2868A2' from pack STMicroelectronics.X-CUBE-SUBG2.5.0.0: no header file found
2024-05-12 11:28:13,512 [WARN] ApiManager:304 - Cannot register API 'Board Extension:S2915A1' from pack STMicroelectronics.X-CUBE-SUBG2.5.0.0: no header file found
2024-05-12 11:28:13,523 [WARN] ApiManager:304 - Cannot register API 'Wireless:BlueNRG-MS' from pack STMicroelectronics.X-CUBE-BLE1.7.0.0: no header file found
2024-05-12 11:28:13,528 [WARN] ApiManager:304 - Cannot register API 'Board Extension:EEPRMA2' from pack STMicroelectronics.X-CUBE-EEPRMA1.5.1.0: no header file found
2024-05-12 11:28:13,528 [WARN] ApiManager:304 - Cannot register API 'Board Extension:PGEEZ1' from pack STMicroelectronics.X-CUBE-EEPRMA1.5.1.0: no header file found
2024-05-12 11:28:13,528 [WARN] ApiManager:304 - Cannot register API 'Board Extension:EEICA1' from pack STMicroelectronics.X-CUBE-EEPRMA1.5.1.0: no header file found
2024-05-12 11:28:13,531 [WARN] ApiManager:304 - Cannot register API 'Board Part:M24' from pack STMicroelectronics.X-CUBE-EEPRMA1.5.1.0: no header file found
2024-05-12 11:28:13,531 [WARN] ApiManager:304 - Cannot register API 'Board Part:M95' from pack STMicroelectronics.X-CUBE-EEPRMA1.5.1.0: no header file found
2024-05-12 11:28:13,531 [WARN] ApiManager:304 - Cannot register API 'Board Part:M95P32' from pack STMicroelectronics.X-CUBE-EEPRMA1.5.1.0: no header file found
2024-05-12 11:28:13,531 [WARN] ApiManager:304 - Cannot register API 'Board Part:M24256E-F' from pack STMicroelectronics.X-CUBE-EEPRMA1.5.1.0: no header file found
2024-05-12 11:28:13,531 [WARN] ApiManager:304 - Cannot register API 'Board Part:M24M01E-F' from pack STMicroelectronics.X-CUBE-EEPRMA1.5.1.0: no header file found
2024-05-12 11:28:13,531 [WARN] ApiManager:304 - Cannot register API 'PGEEZ1:SPI' from pack STMicroelectronics.X-CUBE-EEPRMA1.5.1.0: no header file found
2024-05-12 11:28:13,531 [WARN] ApiManager:304 - Cannot register API 'PGEEZ1:QDSPI' from pack STMicroelectronics.X-CUBE-EEPRMA1.5.1.0: no header file found
2024-05-12 11:28:13,533 [WARN] ModelIntegratedComponent:60 - No mode defined for component null
2024-05-12 11:28:13,536 [WARN] ModelIntegratedComponent:60 - No mode defined for component null
2024-05-12 11:28:13,537 [WARN] ModelIntegratedComponent:60 - No mode defined for component null
2024-05-12 11:28:13,537 [WARN] ModelIntegratedComponent:60 - No mode defined for component null
2024-05-12 11:28:13,537 [WARN] ModelIntegratedComponent:60 - No mode defined for component null
2024-05-12 11:28:13,537 [WARN] ModelIntegratedComponent:60 - No mode defined for component null
2024-05-12 11:28:13,537 [WARN] ModelIntegratedComponent:60 - No mode defined for component null
2024-05-12 11:28:13,537 [WARN] ModelIntegratedComponent:60 - No mode defined for component null
2024-05-12 11:28:13,537 [WARN] ModelIntegratedComponent:60 - No mode defined for component null
2024-05-12 11:28:13,537 [WARN] ModelIntegratedComponent:60 - No mode defined for component null
2024-05-12 11:28:13,537 [WARN] ModelIntegratedComponent:60 - No mode defined for component null
2024-05-12 11:28:13,537 [WARN] ModelIntegratedComponent:60 - No mode defined for component null
2024-05-12 11:28:13,537 [WARN] ModelIntegratedComponent:60 - No mode defined for component null
2024-05-12 11:28:13,537 [WARN] ModelIntegratedComponent:60 - No mode defined for component null
2024-05-12 11:28:13,537 [WARN] ModelIntegratedComponent:60 - No mode defined for component null
2024-05-12 11:28:13,537 [WARN] ModelIntegratedComponent:60 - No mode defined for component null
2024-05-12 11:28:13,537 [WARN] ModelIntegratedComponent:60 - No mode defined for component null
2024-05-12 11:28:13,537 [WARN] ModelIntegratedComponent:60 - No mode defined for component null
2024-05-12 11:28:13,537 [WARN] ModelIntegratedComponent:60 - No mode defined for component null
2024-05-12 11:28:13,537 [WARN] ModelIntegratedComponent:60 - No mode defined for component null
2024-05-12 11:28:13,537 [WARN] ModelIntegratedComponent:60 - No mode defined for component null
2024-05-12 11:28:13,537 [WARN] ModelIntegratedComponent:60 - No mode defined for component null
2024-05-12 11:28:13,537 [WARN] ModelIntegratedComponent:60 - No mode defined for component null
2024-05-12 11:28:13,537 [WARN] ModelIntegratedComponent:60 - No mode defined for component null
2024-05-12 11:28:13,539 [WARN] ModelIntegratedComponent:60 - No mode defined for component null
2024-05-12 11:28:13,539 [WARN] ModelIntegratedComponent:60 - No mode defined for component null
2024-05-12 11:28:13,539 [WARN] ModelIntegratedComponent:60 - No mode defined for component null
2024-05-12 11:28:13,539 [WARN] ModelIntegratedComponent:60 - No mode defined for component null
2024-05-12 11:28:13,539 [WARN] ModelIntegratedComponent:60 - No mode defined for component null
2024-05-12 11:28:13,539 [WARN] ModelIntegratedComponent:60 - No mode defined for component null
2024-05-12 11:28:13,539 [WARN] ModelIntegratedComponent:60 - No mode defined for component null
2024-05-12 11:28:13,539 [WARN] ModelIntegratedComponent:60 - No mode defined for component null
2024-05-12 11:28:13,539 [WARN] ModelIntegratedComponent:60 - No mode defined for component null
2024-05-12 11:28:13,957 [WARN] ApiManager:304 - Cannot register API 'Board Extension:IKS01A3' from pack STMicroelectronics.X-CUBE-MEMS1.10.0.0: no header file found
2024-05-12 11:28:13,957 [WARN] ApiManager:304 - Cannot register API 'Board Extension:IKS02A1' from pack STMicroelectronics.X-CUBE-MEMS1.10.0.0: no header file found
2024-05-12 11:28:13,957 [WARN] ApiManager:304 - Cannot register API 'Board Extension:IKS4A1' from pack STMicroelectronics.X-CUBE-MEMS1.10.0.0: no header file found
2024-05-12 11:28:13,976 [WARN] ApiManager:304 - Cannot register API 'Board Extension:NFC07A1' from pack STMicroelectronics.X-CUBE-NFC7.1.0.1: no header file found
2024-05-12 11:28:14,013 [WARN] ApiManager:304 - Cannot register API 'Board Extension:S2868A1' from pack STMicroelectronics.X-CUBE-SFXS2LP1.4.0.0: no header file found
2024-05-12 11:28:14,013 [WARN] ApiManager:304 - Cannot register API 'Board Extension:S2868A2' from pack STMicroelectronics.X-CUBE-SFXS2LP1.4.0.0: no header file found
2024-05-12 11:28:14,013 [WARN] ApiManager:304 - Cannot register API 'Board Extension:S2915A1' from pack STMicroelectronics.X-CUBE-SFXS2LP1.4.0.0: no header file found
2024-05-12 11:28:14,016 [WARN] ApiManager:304 - Cannot register API 'Wireless:BlueNRG-2' from pack STMicroelectronics.X-CUBE-BLE2.3.3.0: no header file found
2024-05-12 11:28:14,070 [INFO] ThirdPartyModel:282 - Start build external matchings
2024-05-12 11:28:15,070 [INFO] ThirdPartyModel:295 - End build external matchings
2024-05-12 11:28:15,854 [INFO] UtilMem:74 - End LoadConfig() Used Memory: 572651888 Bytes (714080256)
2024-05-12 11:28:15,955 [WARN] ThirdParty:785 - waiting for thirdparty lock release [change project]
2024-05-12 11:28:15,955 [INFO] ThirdParty:787 - entering critical section [change project]
2024-05-12 11:28:15,958 [INFO] ThirdParty:977 - CMSIS Pack Vendor :STMicroelectronics X-CUBE-GNSS1 6.0.0
2024-05-12 11:28:15,960 [INFO] ThirdParty:977 - CMSIS Pack Vendor :STMicroelectronics USB_HOST 2.0.0
2024-05-12 11:28:15,963 [INFO] ThirdParty:977 - CMSIS Pack Vendor :STMicroelectronics FP-SNS-MOTENVWB1 1.4.0
2024-05-12 11:28:15,963 [INFO] ThirdParty:977 - CMSIS Pack Vendor :STMicroelectronics X-CUBE-AZRTOS-F4 1.1.0
2024-05-12 11:28:15,963 [INFO] ThirdParty:977 - CMSIS Pack Vendor :STMicroelectronics LIBJPEG 8.0.0
2024-05-12 11:28:15,963 [INFO] ThirdParty:977 - CMSIS Pack Vendor :STMicroelectronics X-CUBE-SMBUS 2.1.0
2024-05-12 11:28:15,963 [INFO] ThirdParty:977 - CMSIS Pack Vendor :STMicroelectronics USB_DEVICE 3.0.0
2024-05-12 11:28:15,963 [INFO] ThirdParty:977 - CMSIS Pack Vendor :STMicroelectronics X-CUBE-TCPP 4.1.0
2024-05-12 11:28:15,963 [INFO] ThirdParty:977 - CMSIS Pack Vendor :STMicroelectronics X-CUBE-FREERTOS 1.2.0
2024-05-12 11:28:15,963 [INFO] ThirdParty:977 - CMSIS Pack Vendor :STMicroelectronics X-CUBE-AZRTOS-WB 2.0.0
2024-05-12 11:28:15,963 [INFO] ThirdParty:977 - CMSIS Pack Vendor :STMicroelectronics X-CUBE-TOUCHGFX 4.23.2
2024-05-12 11:28:15,965 [INFO] ThirdParty:977 - CMSIS Pack Vendor :STMicroelectronics X-CUBE-AZRTOS-F7 1.1.0
2024-05-12 11:28:15,969 [INFO] ThirdParty:977 - CMSIS Pack Vendor :STMicroelectronics X-CUBE-AZRTOS-L5 2.0.0
2024-05-12 11:28:15,971 [INFO] ThirdParty:977 - CMSIS Pack Vendor :STMicroelectronics USB_DEVICE 2.0.0
2024-05-12 11:28:15,971 [INFO] ThirdParty:977 - CMSIS Pack Vendor :STMicroelectronics X-CUBE-NFC6 3.1.0
2024-05-12 11:28:15,971 [INFO] ThirdParty:977 - CMSIS Pack Vendor :STMicroelectronics X-CUBE-ALGOBUILD 1.3.0
2024-05-12 11:28:15,971 [INFO] ThirdParty:977 - CMSIS Pack Vendor :STMicroelectronics FreeRTOS 0.0.1
2024-05-12 11:28:15,971 [INFO] ThirdParty:977 - CMSIS Pack Vendor :STMicroelectronics X-CUBE-AZRTOS-G0 1.1.0
2024-05-12 11:28:15,974 [INFO] ThirdParty:977 - CMSIS Pack Vendor :STMicroelectronics X-CUBE-SAFEA1 1.2.2
2024-05-12 11:28:15,974 [INFO] ThirdParty:977 - CMSIS Pack Vendor :STMicroelectronics X-CUBE-NFC4 3.0.0
2024-05-12 11:28:15,974 [INFO] ThirdParty:977 - CMSIS Pack Vendor :STMicroelectronics X-CUBE-SUBG2 5.0.0
2024-05-12 11:28:15,974 [INFO] ThirdParty:977 - CMSIS Pack Vendor :STMicroelectronics STM32_WPAN 1.0.0
2024-05-12 11:28:15,974 [INFO] ThirdParty:977 - CMSIS Pack Vendor :STMicroelectronics lwIP 2.0.3
2024-05-12 11:28:15,974 [INFO] ThirdParty:977 - CMSIS Pack Vendor :STMicroelectronics FP-SNS-FLIGHT1 5.0.2
2024-05-12 11:28:15,974 [INFO] ThirdParty:977 - CMSIS Pack Vendor :STMicroelectronics USB_HOST 1.0.0
2024-05-12 11:28:15,974 [INFO] ThirdParty:977 - CMSIS Pack Vendor :STMicroelectronics X-CUBE-AI 9.0.0
2024-05-12 11:28:15,974 [INFO] ThirdParty:977 - CMSIS Pack Vendor :STMicroelectronics X-CUBE-AZRTOS-G4 2.0.0
2024-05-12 11:28:15,974 [INFO] ThirdParty:977 - CMSIS Pack Vendor :STMicroelectronics PDM2PCM 3.1.0
2024-05-12 11:28:15,974 [INFO] ThirdParty:977 - CMSIS Pack Vendor :STMicroelectronics PDM2PCM 3.3.0
2024-05-12 11:28:15,974 [INFO] ThirdParty:977 - CMSIS Pack Vendor :STMicroelectronics X-CUBE-DISPLAY 3.0.0
2024-05-12 11:28:15,976 [INFO] ThirdParty:977 - CMSIS Pack Vendor :wolfSSL I-CUBE-wolfSSL 5.7.0
2024-05-12 11:28:15,976 [INFO] ThirdParty:977 - CMSIS Pack Vendor :STMicroelectronics X-CUBE-BLE1 7.0.0
2024-05-12 11:28:15,976 [INFO] ThirdParty:977 - CMSIS Pack Vendor :STMicroelectronics FP-ATR-SIGFOX1 3.2.0
2024-05-12 11:28:15,976 [INFO] ThirdParty:977 - CMSIS Pack Vendor :STMicroelectronics X-CUBE-ISPU 2.0.0
2024-05-12 11:28:15,976 [INFO] ThirdParty:977 - CMSIS Pack Vendor :STMicroelectronics X-CUBE-EEPRMA1 5.1.0
2024-05-12 11:28:15,976 [INFO] ThirdParty:977 - CMSIS Pack Vendor :STMicroelectronics HAL Drivers 0.0.0
2024-05-12 11:28:15,976 [INFO] ThirdParty:977 - CMSIS Pack Vendor :STMicroelectronics MBEDTLS 2.16.2
2024-05-12 11:28:15,976 [INFO] ThirdParty:977 - CMSIS Pack Vendor :emotas I-CUBE-CANOPEN 1.3.0
2024-05-12 11:28:15,976 [INFO] ThirdParty:977 - CMSIS Pack Vendor :STMicroelectronics X-CUBE-MEMS1 10.0.0
2024-05-12 11:28:15,976 [INFO] ThirdParty:977 - CMSIS Pack Vendor :STMicroelectronics X-CUBE-NFC7 1.0.1
2024-05-12 11:28:15,976 [INFO] ThirdParty:977 - CMSIS Pack Vendor :STMicroelectronics MBEDTLS 2.14.1
2024-05-12 11:28:15,976 [INFO] ThirdParty:977 - CMSIS Pack Vendor :ITTIA_DB I-CUBE-ITTIADB 8.9.0
2024-05-12 11:28:15,976 [INFO] ThirdParty:977 - CMSIS Pack Vendor :portGmbH I-Cube-SoM-uGOAL 1.1.0
2024-05-12 11:28:15,976 [INFO] ThirdParty:977 - CMSIS Pack Vendor :STMicroelectronics X-CUBE-ALS 1.0.1
2024-05-12 11:28:15,976 [INFO] ThirdParty:977 - CMSIS Pack Vendor :STMicroelectronics X-CUBE-BLEMGR 3.1.0
2024-05-12 11:28:15,976 [INFO] ThirdParty:977 - CMSIS Pack Vendor :STMicroelectronics ThreadX 1.0.0
2024-05-12 11:28:15,976 [INFO] ThirdParty:977 - CMSIS Pack Vendor :STMicroelectronics FP-SNS-SMARTAG2 1.2.0
2024-05-12 11:28:15,976 [INFO] ThirdParty:977 - CMSIS Pack Vendor :STMicroelectronics X-CUBE-AZRTOS-WL 2.0.0
2024-05-12 11:28:15,976 [INFO] ThirdParty:977 - CMSIS Pack Vendor :SEGGER I-CUBE-embOS 1.3.1
2024-05-12 11:28:15,976 [INFO] ThirdParty:977 - CMSIS Pack Vendor :STMicroelectronics X-CUBE-ALGOBUILD 1.4.0
2024-05-12 11:28:15,976 [INFO] ThirdParty:977 - CMSIS Pack Vendor :STMicroelectronics FP-SNS-MOTENV1 5.0.0
2024-05-12 11:28:15,976 [INFO] ThirdParty:977 - CMSIS Pack Vendor :STMicroelectronics USB_DEVICE 1.0.0
2024-05-12 11:28:15,976 [INFO] ThirdParty:977 - CMSIS Pack Vendor :STMicroelectronics X-CUBE-AZRTOS-H7RS 1.0.0
2024-05-12 11:28:15,979 [INFO] ThirdParty:977 - CMSIS Pack Vendor :STMicroelectronics X-CUBE-AZRTOS-L4 2.0.0
2024-05-12 11:28:15,979 [INFO] ThirdParty:977 - CMSIS Pack Vendor :STMicroelectronics ThreadX 0.0.2
2024-05-12 11:28:15,979 [INFO] ThirdParty:977 - CMSIS Pack Vendor :WES I-CUBE-Cesium 1.3.0
2024-05-12 11:28:15,979 [INFO] ThirdParty:977 - CMSIS Pack Vendor :STMicroelectronics FP-ATR-ASTRA1 2.0.0
2024-05-12 11:28:15,979 [INFO] ThirdParty:977 - CMSIS Pack Vendor :STMicroelectronics lwIP 2.1.2
2024-05-12 11:28:15,979 [INFO] ThirdParty:977 - CMSIS Pack Vendor :STMicroelectronics X-CUBE-SFXS2LP1 4.0.0
2024-05-12 11:28:15,979 [INFO] ThirdParty:977 - CMSIS Pack Vendor :STMicroelectronics X-CUBE-BLE2 3.3.0
2024-05-12 11:28:15,979 [INFO] ThirdParty:977 - CMSIS Pack Vendor :STMicroelectronics X-CUBE-TOF1 3.4.1
2024-05-12 11:28:15,982 [INFO] ThirdParty:977 - CMSIS Pack Vendor :STMicroelectronics X-CUBE-AZRTOS-H7 3.2.0
2024-05-12 11:28:15,982 [INFO] ThirdParty:977 - CMSIS Pack Vendor :Infineon AIROC-Wi-Fi-Bluetooth-STM32 1.6.0
2024-05-12 11:28:15,992 [INFO] ThirdParty:977 - CMSIS Pack Vendor :STMicroelectronics PDM2PCM 3.2.0
2024-05-12 11:28:15,992 [INFO] ThirdParty:793 - exiting critical section [change project]
2024-05-12 11:28:16,891 [INFO] PinOutPanel:1465 - setPackage(No Configuration,No Configuration)
2024-05-12 11:28:16,897 [INFO] PinOutPanel:1465 - setPackage(STM32F103C8Tx,LQFP48)
2024-05-12 11:28:18,219 [INFO] UtilMem:74 - Before build in PCC Used Memory: 552424360 Bytes (714080256)
2024-05-12 11:28:20,088 [INFO] UtilMem:74 - After build in PCC Used Memory: 575685120 Bytes (714080256)
2024-05-12 11:28:20,181 [INFO] IPUIPlugin:75 - create IPUIPlugin
2024-05-12 11:28:20,184 [INFO] IPUIPlugin:75 - create IPUIPlugin
2024-05-12 11:28:20,184 [INFO] IPUIPlugin:75 - create IPUIPlugin
2024-05-12 11:28:20,184 [INFO] IPUIPlugin:75 - create IPUIPlugin
2024-05-12 11:28:20,186 [INFO] IPUIPlugin:75 - create IPUIPlugin
2024-05-12 11:28:20,186 [INFO] IPUIPlugin:75 - create IPUIPlugin
2024-05-12 11:28:20,186 [INFO] IPUIPlugin:75 - create IPUIPlugin
2024-05-12 11:28:20,186 [INFO] IPUIPlugin:75 - create IPUIPlugin
2024-05-12 11:28:20,189 [INFO] IPUIPlugin:75 - create IPUIPlugin
2024-05-12 11:28:20,189 [INFO] IPUIPlugin:75 - create IPUIPlugin
2024-05-12 11:28:20,189 [INFO] IPUIPlugin:75 - create IPUIPlugin
2024-05-12 11:28:20,189 [INFO] IPUIPlugin:75 - create IPUIPlugin
2024-05-12 11:28:20,191 [INFO] IPUIPlugin:75 - create IPUIPlugin
2024-05-12 11:28:20,191 [INFO] IPUIPlugin:75 - create IPUIPlugin
2024-05-12 11:28:20,193 [INFO] IPUIPlugin:75 - create IPUIPlugin
2024-05-12 11:28:20,194 [INFO] IPUIPlugin:75 - create IPUIPlugin
2024-05-12 11:28:20,194 [INFO] IPUIPlugin:75 - create IPUIPlugin
2024-05-12 11:28:20,194 [INFO] IPUIPlugin:75 - create IPUIPlugin
2024-05-12 11:28:20,196 [INFO] IPUIPlugin:75 - create IPUIPlugin
2024-05-12 11:28:20,196 [INFO] IPUIPlugin:75 - create IPUIPlugin
2024-05-12 11:28:20,196 [INFO] IPUIPlugin:75 - create IPUIPlugin
2024-05-12 11:28:20,199 [INFO] IPUIPlugin:75 - create IPUIPlugin
2024-05-12 11:28:20,201 [INFO] IPUIPlugin:75 - create IPUIPlugin
2024-05-12 11:28:20,201 [INFO] IPUIPlugin:75 - create IPUIPlugin
2024-05-12 11:28:20,201 [INFO] IPUIPlugin:75 - create IPUIPlugin
2024-05-12 11:28:20,203 [INFO] IPUIPlugin:75 - create IPUIPlugin
2024-05-12 11:28:20,206 [INFO] IPUIPlugin:75 - create IPUIPlugin
2024-05-12 11:28:20,897 [INFO] OpenFileManager:323 - Restore cursor
2024-05-12 11:28:23,877 [INFO] UtilMem:74 - End SaveConfig() Used Memory: 600108880 Bytes (714080256)
2024-05-12 11:28:24,016 [INFO] UtilMem:74 - End SaveConfig() Used Memory: 611517496 Bytes (714080256)
2024-05-12 11:28:25,019 [INFO] BlockDiagram:2740 - set Specific Code input for plugin: NVIC
2024-05-12 11:28:25,019 [INFO] BlockDiagram:2740 - set Specific Code input for plugin: SYS
2024-05-12 11:28:25,019 [INFO] BlockDiagram:2740 - set Specific Code input for plugin: RCC
2024-05-12 11:28:25,029 [INFO] CodeGenerator:681 - code generatio: config db path: C:\ST\STM32CubeIDE_1.9.0\STM32CubeIDE\plugins\com.st.stm32cube.common.mx_6.5.0.202202251913\\db\
2024-05-12 11:28:26,027 [INFO] CodeEngine:237 - oldGeneratedFile, C:\Users\hoatt\STM32CubeIDE\update_fw_func_in_ram\uart_ram\MXTmpFiles\license.tmp_save
2024-05-12 11:28:27,087 [INFO] CodeEngine:261 - Generated code: C:\Users\hoatt\STM32CubeIDE\update_fw_func_in_ram\uart_ram\MXTmpFiles\license.tmp
2024-05-12 11:28:27,312 [INFO] CodeEngine:237 - oldGeneratedFile, C:\Users\hoatt\STM32CubeIDE\update_fw_func_in_ram\uart_ram\Core\Src\stm32f1xx_it.c_save
2024-05-12 11:28:27,688 [INFO] CodeEngine:261 - Generated code: C:\Users\hoatt\STM32CubeIDE\update_fw_func_in_ram\uart_ram\Core\Src\stm32f1xx_it.c
2024-05-12 11:28:27,707 [INFO] CodeEngine:237 - oldGeneratedFile, C:\Users\hoatt\STM32CubeIDE\update_fw_func_in_ram\uart_ram\Core\Inc\stm32f1xx_it.h_save
2024-05-12 11:28:27,928 [INFO] CodeEngine:261 - Generated code: C:\Users\hoatt\STM32CubeIDE\update_fw_func_in_ram\uart_ram\Core\Inc\stm32f1xx_it.h
2024-05-12 11:28:27,973 [INFO] CodeEngine:237 - oldGeneratedFile, C:\Users\hoatt\STM32CubeIDE\update_fw_func_in_ram\uart_ram\Core\Src\stm32f1xx_hal_msp.c_save
2024-05-12 11:28:28,313 [INFO] CodeEngine:261 - Generated code: C:\Users\hoatt\STM32CubeIDE\update_fw_func_in_ram\uart_ram\Core\Src\stm32f1xx_hal_msp.c
2024-05-12 11:28:28,328 [INFO] CodeEngine:237 - oldGeneratedFile, C:\Users\hoatt\STM32CubeIDE\update_fw_func_in_ram\uart_ram\MXTmpFiles\system.tmp_save
2024-05-12 11:28:28,568 [INFO] CodeEngine:261 - Generated code: C:\Users\hoatt\STM32CubeIDE\update_fw_func_in_ram\uart_ram\MXTmpFiles\system.tmp
2024-05-12 11:28:28,611 [INFO] CodeEngine:237 - oldGeneratedFile, C:\Users\hoatt\STM32CubeIDE\update_fw_func_in_ram\uart_ram\Core\Inc\stm32f1xx_hal_conf.h_save
2024-05-12 11:28:28,832 [INFO] CodeEngine:261 - Generated code: C:\Users\hoatt\STM32CubeIDE\update_fw_func_in_ram\uart_ram\Core\Inc\stm32f1xx_hal_conf.h
2024-05-12 11:28:28,939 [INFO] CodeEngine:237 - oldGeneratedFile, C:\Users\hoatt\STM32CubeIDE\update_fw_func_in_ram\uart_ram\Core\Inc\main.h_save
2024-05-12 11:28:29,200 [INFO] CodeEngine:261 - Generated code: C:\Users\hoatt\STM32CubeIDE\update_fw_func_in_ram\uart_ram\Core\Inc\main.h
2024-05-12 11:28:29,219 [INFO] CodeEngine:237 - oldGeneratedFile, C:\Users\hoatt\STM32CubeIDE\update_fw_func_in_ram\uart_ram\Core\Src\main.c_save
2024-05-12 11:28:29,616 [INFO] CodeEngine:261 - Generated code: C:\Users\hoatt\STM32CubeIDE\update_fw_func_in_ram\uart_ram\Core\Src\main.c
2024-05-12 11:28:34,643 [INFO] ProjectBuilder:2913 - Time for Copy HAL[1] : 2058mS.
2024-05-12 11:28:34,854 [INFO] ProjectBuilder:4015 - Project Generator version: 3.16.0
2024-05-12 11:28:36,590 [INFO] ConfigFileManager:1287 - The Die is : DIE410
2024-05-12 11:28:36,618 [INFO] ApiDbMcu:488 - Load IP Config File for FATFS
2024-05-12 11:28:36,641 [INFO] ApiDbMcu:488 - Load IP Config File for FREERTOS
2024-05-12 11:28:36,662 [INFO] ApiDbMcu:488 - Load IP Config File for USB_DEVICE
2024-05-12 11:28:43,451 [INFO] ProjectBuilder:4183 - Time for Generating toolchain IDE Files: 8597mS.
2024-05-12 11:28:43,456 [INFO] ProjectBuilder:2785 - Time for Copy CMSIS : 3mS.
2024-05-12 11:28:43,472 [INFO] ProjectBuilder:2785 - Time for Copy CMSIS : 0mS.
2024-05-12 11:28:46,038 [INFO] McuFinderGlobals:52 - Set McuFinderConnectedMode to true
2024-05-12 11:28:46,049 [INFO] ApiDb:432 - Save user favorites file C:\Users\hoatt/.stm32cubeide/favorites.mcus.txt: 1 item(s)
2024-05-12 11:28:46,051 [INFO] ApiDb:436 - User favorites MCUs=[STM32F103C8T6]
2024-05-12 11:31:02,205 [INFO] UtilMem:74 - End SaveConfig() Used Memory: 772114928 Bytes (927989760)
2024-05-12 11:31:06,395 [INFO] UtilMem:74 - End SaveConfig() Used Memory: 574546880 Bytes (927989760)
2024-05-12 11:31:12,272 [INFO] UtilMem:74 - End SaveConfig() Used Memory: 708186072 Bytes (927989760)
2024-05-12 11:31:13,011 [INFO] BlockDiagram:2740 - set Specific Code input for plugin: NVIC
2024-05-12 11:31:13,014 [INFO] BlockDiagram:2740 - set Specific Code input for plugin: SYS
2024-05-12 11:31:13,014 [INFO] BlockDiagram:2740 - set Specific Code input for plugin: GPIO
2024-05-12 11:31:13,014 [INFO] BlockDiagram:2740 - set Specific Code input for plugin: RCC
2024-05-12 11:31:13,021 [INFO] CodeGenerator:681 - code generatio: config db path: C:\ST\STM32CubeIDE_1.9.0\STM32CubeIDE\plugins\com.st.stm32cube.common.mx_6.5.0.202202251913\\db\
2024-05-12 11:31:13,427 [INFO] CodeEngine:237 - oldGeneratedFile, C:\Users\hoatt\STM32CubeIDE\update_fw_func_in_ram\uart_ram\MXTmpFiles\license.tmp_save
2024-05-12 11:31:13,625 [INFO] CodeEngine:261 - Generated code: C:\Users\hoatt\STM32CubeIDE\update_fw_func_in_ram\uart_ram\MXTmpFiles\license.tmp
2024-05-12 11:31:13,736 [INFO] CodeEngine:237 - oldGeneratedFile, C:\Users\hoatt\STM32CubeIDE\update_fw_func_in_ram\uart_ram\MXTmpFiles\gpio.tmp_save
2024-05-12 11:31:13,975 [INFO] CodeEngine:261 - Generated code: C:\Users\hoatt\STM32CubeIDE\update_fw_func_in_ram\uart_ram\MXTmpFiles\gpio.tmp
2024-05-12 11:31:14,035 [INFO] CodeEngine:237 - oldGeneratedFile, C:\Users\hoatt\STM32CubeIDE\update_fw_func_in_ram\uart_ram\Core\Src\stm32f1xx_it.c_save
2024-05-12 11:31:14,227 [INFO] CodeEngine:261 - Generated code: C:\Users\hoatt\STM32CubeIDE\update_fw_func_in_ram\uart_ram\Core\Src\stm32f1xx_it.c
2024-05-12 11:31:14,257 [INFO] CodeEngine:237 - oldGeneratedFile, C:\Users\hoatt\STM32CubeIDE\update_fw_func_in_ram\uart_ram\Core\Inc\stm32f1xx_it.h_save
2024-05-12 11:31:14,493 [INFO] CodeEngine:261 - Generated code: C:\Users\hoatt\STM32CubeIDE\update_fw_func_in_ram\uart_ram\Core\Inc\stm32f1xx_it.h
2024-05-12 11:31:14,589 [INFO] CodeEngine:237 - oldGeneratedFile, C:\Users\hoatt\STM32CubeIDE\update_fw_func_in_ram\uart_ram\Core\Src\stm32f1xx_hal_msp.c_save
2024-05-12 11:31:14,853 [INFO] CodeEngine:261 - Generated code: C:\Users\hoatt\STM32CubeIDE\update_fw_func_in_ram\uart_ram\Core\Src\stm32f1xx_hal_msp.c
2024-05-12 11:31:14,877 [INFO] CodeEngine:237 - oldGeneratedFile, C:\Users\hoatt\STM32CubeIDE\update_fw_func_in_ram\uart_ram\MXTmpFiles\system.tmp_save
2024-05-12 11:31:15,024 [INFO] CodeEngine:261 - Generated code: C:\Users\hoatt\STM32CubeIDE\update_fw_func_in_ram\uart_ram\MXTmpFiles\system.tmp
2024-05-12 11:31:15,080 [INFO] CodeEngine:237 - oldGeneratedFile, C:\Users\hoatt\STM32CubeIDE\update_fw_func_in_ram\uart_ram\Core\Inc\stm32f1xx_hal_conf.h_save
2024-05-12 11:31:15,272 [INFO] CodeEngine:261 - Generated code: C:\Users\hoatt\STM32CubeIDE\update_fw_func_in_ram\uart_ram\Core\Inc\stm32f1xx_hal_conf.h
2024-05-12 11:31:15,378 [INFO] CodeEngine:237 - oldGeneratedFile, C:\Users\hoatt\STM32CubeIDE\update_fw_func_in_ram\uart_ram\Core\Inc\main.h_save
2024-05-12 11:31:15,558 [INFO] CodeEngine:261 - Generated code: C:\Users\hoatt\STM32CubeIDE\update_fw_func_in_ram\uart_ram\Core\Inc\main.h
2024-05-12 11:31:15,581 [INFO] CodeEngine:237 - oldGeneratedFile, C:\Users\hoatt\STM32CubeIDE\update_fw_func_in_ram\uart_ram\Core\Src\main.c_save
2024-05-12 11:31:15,954 [INFO] CodeEngine:261 - Generated code: C:\Users\hoatt\STM32CubeIDE\update_fw_func_in_ram\uart_ram\Core\Src\main.c
2024-05-12 11:31:17,618 [INFO] ProjectBuilder:2913 - Time for Copy HAL[1] : 527mS.
2024-05-12 11:31:17,635 [INFO] ProjectBuilder:4015 - Project Generator version: 3.16.0
2024-05-12 11:31:18,326 [INFO] ConfigFileManager:1287 - The Die is : DIE410
2024-05-12 11:31:21,532 [INFO] ProjectBuilder:4183 - Time for Generating toolchain IDE Files: 3897mS.
2024-05-12 11:31:21,536 [INFO] ProjectBuilder:2785 - Time for Copy CMSIS : 3mS.
2024-05-12 11:31:21,552 [INFO] ProjectBuilder:2785 - Time for Copy CMSIS : 0mS.
2024-05-12 12:08:45,172 [INFO] MainUpdater:2729 - connection check result : 10
2024-05-12 12:08:45,487 [INFO] McuFinderGlobals:52 - Set McuFinderConnectedMode to true
2024-05-12 12:08:45,494 [INFO] MultiScanPanel:195 - Auto-refresh data requested => check proxy status ongoing
2024-05-12 12:08:45,500 [INFO] FinderPluginLoader:87 - Searching for filters in installed packs
2024-05-12 12:08:47,029 [INFO] LoadUrlFilesThread:173 - End of LoadServerUrlFiles without Thread
2024-05-12 12:08:47,031 [INFO] DetailPanel:315 - Set advertising image to C:/Users/hoatt/STM32Cube/Repository/\en.prom-stm32h7rs-mcu-finder.png
2024-05-12 12:08:48,060 [INFO] MultiScanPanel:787 - Auto Refresh Data is not needed
2024-05-12 12:09:12,710 [INFO] MainUpdater:2729 - connection check result : 10
2024-05-12 12:09:12,710 [INFO] MainUpdater:2729 - connection check result : 10
2024-05-12 12:09:12,901 [INFO] MicroXplorer:447 - Change Database Path : 
2024-05-12 12:09:12,901 [INFO] MicroXplorer:477 - Change Database Version : DB.6.0.50
2024-05-12 12:09:12,909 [WARN] ThirdParty:823 - waiting for thirdparty lock release [close project]
2024-05-12 12:09:12,909 [INFO] ThirdParty:825 - entering critical section [close project]
2024-05-12 12:09:12,909 [INFO] ThirdParty:835 - exiting critical section [close project]
2024-05-12 12:09:12,911 [INFO] PinOutPanel:1465 - setPackage(No Configuration,No Configuration)
2024-05-12 12:09:12,940 [INFO] UtilMem:74 - Begin LoadConfig() Used Memory: 704745952 Bytes (965738496)
2024-05-12 12:09:12,941 [INFO] MicroXplorer:447 - Change Database Path : 
2024-05-12 12:09:12,941 [INFO] MicroXplorer:477 - Change Database Version : DB.6.0.50
2024-05-12 12:09:12,941 [INFO] OpenFileManager:303 - Change cursor
2024-05-12 12:09:12,977 [INFO] RulesReader:57 - Compatibility file has been processed (281 Rules)
2024-05-12 12:09:12,982 [INFO] Mcu:1893 - Initializing MCU STM32F103C8Tx STM32F103C8Tx 
2024-05-12 12:09:12,985 [INFO] Mcu:1906 - No CPN specified => set CPN to STM32F103C8T6
2024-05-12 12:09:14,224 [INFO] Context:599 - Trying to add GPIOservice into a context  which must be forbidden
2024-05-12 12:09:14,497 [INFO] ImportTextPane:183 - (OptionalMessage_ERROR) Unable to find key (Mcu.ThirdPartyNb) in loaded IOC file
2024-05-12 12:09:14,500 [INFO] ImportTextPane:183 - (OptionalMessage_ERROR) Unable to find key (Mcu.PinsNb) in loaded IOC file
2024-05-12 12:09:14,500 [INFO] ImportTextPane:183 - (OptionalMessage_ERROR) Unable to find key (Mcu.IPNb) in loaded IOC file
2024-05-12 12:09:14,553 [WARN] ApiManager:304 - Cannot register API 'Board Extension:GNSS1A1' from pack STMicroelectronics.X-CUBE-GNSS1.6.0.0: no header file found
2024-05-12 12:09:14,553 [WARN] ApiManager:304 - Cannot register API 'Board Support:Custom' from pack STMicroelectronics.X-CUBE-GNSS1.6.0.0: no header file found
2024-05-12 12:09:14,553 [WARN] ApiManager:304 - Cannot register API 'Data Exchange:lib_gnss' from pack STMicroelectronics.X-CUBE-GNSS1.6.0.0: no header file found
2024-05-12 12:09:14,564 [WARN] ApiManager:304 - Cannot register API 'Board Extension:NFC06A1' from pack STMicroelectronics.X-CUBE-NFC6.3.1.0: no header file found
2024-05-12 12:09:14,564 [WARN] ApiManager:304 - Cannot register API 'Board Extension:NFC08A1' from pack STMicroelectronics.X-CUBE-NFC6.3.1.0: no header file found
2024-05-12 12:09:14,567 [INFO] RtosManager:484 - Registered RTOS mode: class=CMSIS, group=RTOS, mode=CMSIS_V1, owner=FREERTOS
2024-05-12 12:09:14,567 [INFO] RtosManager:484 - Registered RTOS mode: class=CMSIS, group=RTOS2, mode=CMSIS_V2, owner=FREERTOS
2024-05-12 12:09:14,567 [INFO] RtosManager:484 - Registered RTOS mode: class=RTOS, group=Core, mode=CMSIS_V1, owner=FREERTOS
2024-05-12 12:09:14,567 [INFO] RtosManager:484 - Registered RTOS mode: class=RTOS, group=Core, mode=CMSIS_V2, owner=FREERTOS
2024-05-12 12:09:14,567 [WARN] ModelIntegratedComponent:181 - Missing modes for component STMicroelectronics:FreeRTOS:0.0.1:STMicroelectronics:RTOS:FreeRTOS:Core:::10.2.0:
2024-05-12 12:09:14,569 [WARN] ApiManager:304 - Cannot register API 'Board Extension:STSAFEA1' from pack STMicroelectronics.X-CUBE-SAFEA1.1.2.2: no header file found
2024-05-12 12:09:14,569 [WARN] ApiManager:304 - Cannot register API 'Board Part:STSAFEA110' from pack STMicroelectronics.X-CUBE-SAFEA1.1.2.2: no header file found
2024-05-12 12:09:14,569 [WARN] ApiManager:304 - Cannot register API 'Security:ST_Cryptolib' from pack STMicroelectronics.X-CUBE-SAFEA1.1.2.2: no header file found
2024-05-12 12:09:14,569 [WARN] ApiManager:304 - Cannot register API 'Security:MbedTLS' from pack STMicroelectronics.X-CUBE-SAFEA1.1.2.2: no header file found
2024-05-12 12:09:14,572 [WARN] ApiManager:304 - Cannot register API 'Board Extension:NFC04A1' from pack STMicroelectronics.X-CUBE-NFC4.3.0.0: no header file found
2024-05-12 12:09:14,575 [WARN] ApiManager:304 - Cannot register API 'Board Extension:S2868A1' from pack STMicroelectronics.X-CUBE-SUBG2.5.0.0: no header file found
2024-05-12 12:09:14,575 [WARN] ApiManager:304 - Cannot register API 'Board Extension:S2868A2' from pack STMicroelectronics.X-CUBE-SUBG2.5.0.0: no header file found
2024-05-12 12:09:14,575 [WARN] ApiManager:304 - Cannot register API 'Board Extension:S2915A1' from pack STMicroelectronics.X-CUBE-SUBG2.5.0.0: no header file found
2024-05-12 12:09:14,580 [WARN] ApiManager:304 - Cannot register API 'Wireless:BlueNRG-MS' from pack STMicroelectronics.X-CUBE-BLE1.7.0.0: no header file found
2024-05-12 12:09:14,582 [WARN] ApiManager:304 - Cannot register API 'Board Extension:EEPRMA2' from pack STMicroelectronics.X-CUBE-EEPRMA1.5.1.0: no header file found
2024-05-12 12:09:14,582 [WARN] ApiManager:304 - Cannot register API 'Board Extension:PGEEZ1' from pack STMicroelectronics.X-CUBE-EEPRMA1.5.1.0: no header file found
2024-05-12 12:09:14,582 [WARN] ApiManager:304 - Cannot register API 'Board Extension:EEICA1' from pack STMicroelectronics.X-CUBE-EEPRMA1.5.1.0: no header file found
2024-05-12 12:09:14,582 [WARN] ApiManager:304 - Cannot register API 'Board Part:M24' from pack STMicroelectronics.X-CUBE-EEPRMA1.5.1.0: no header file found
2024-05-12 12:09:14,582 [WARN] ApiManager:304 - Cannot register API 'Board Part:M95' from pack STMicroelectronics.X-CUBE-EEPRMA1.5.1.0: no header file found
2024-05-12 12:09:14,582 [WARN] ApiManager:304 - Cannot register API 'Board Part:M95P32' from pack STMicroelectronics.X-CUBE-EEPRMA1.5.1.0: no header file found
2024-05-12 12:09:14,582 [WARN] ApiManager:304 - Cannot register API 'Board Part:M24256E-F' from pack STMicroelectronics.X-CUBE-EEPRMA1.5.1.0: no header file found
2024-05-12 12:09:14,582 [WARN] ApiManager:304 - Cannot register API 'Board Part:M24M01E-F' from pack STMicroelectronics.X-CUBE-EEPRMA1.5.1.0: no header file found
2024-05-12 12:09:14,582 [WARN] ApiManager:304 - Cannot register API 'PGEEZ1:SPI' from pack STMicroelectronics.X-CUBE-EEPRMA1.5.1.0: no header file found
2024-05-12 12:09:14,582 [WARN] ApiManager:304 - Cannot register API 'PGEEZ1:QDSPI' from pack STMicroelectronics.X-CUBE-EEPRMA1.5.1.0: no header file found
2024-05-12 12:09:14,585 [WARN] ModelIntegratedComponent:60 - No mode defined for component null
2024-05-12 12:09:14,585 [WARN] ModelIntegratedComponent:60 - No mode defined for component null
2024-05-12 12:09:14,585 [WARN] ModelIntegratedComponent:60 - No mode defined for component null
2024-05-12 12:09:14,585 [WARN] ModelIntegratedComponent:60 - No mode defined for component null
2024-05-12 12:09:14,585 [WARN] ModelIntegratedComponent:60 - No mode defined for component null
2024-05-12 12:09:14,585 [WARN] ModelIntegratedComponent:60 - No mode defined for component null
2024-05-12 12:09:14,585 [WARN] ModelIntegratedComponent:60 - No mode defined for component null
2024-05-12 12:09:14,585 [WARN] ModelIntegratedComponent:60 - No mode defined for component null
2024-05-12 12:09:14,585 [WARN] ModelIntegratedComponent:60 - No mode defined for component null
2024-05-12 12:09:14,585 [WARN] ModelIntegratedComponent:60 - No mode defined for component null
2024-05-12 12:09:14,585 [WARN] ModelIntegratedComponent:60 - No mode defined for component null
2024-05-12 12:09:14,585 [WARN] ModelIntegratedComponent:60 - No mode defined for component null
2024-05-12 12:09:14,588 [WARN] ModelIntegratedComponent:60 - No mode defined for component null
2024-05-12 12:09:14,588 [WARN] ModelIntegratedComponent:60 - No mode defined for component null
2024-05-12 12:09:14,588 [WARN] ModelIntegratedComponent:60 - No mode defined for component null
2024-05-12 12:09:14,588 [WARN] ModelIntegratedComponent:60 - No mode defined for component null
2024-05-12 12:09:14,588 [WARN] ModelIntegratedComponent:60 - No mode defined for component null
2024-05-12 12:09:14,588 [WARN] ModelIntegratedComponent:60 - No mode defined for component null
2024-05-12 12:09:14,588 [WARN] ModelIntegratedComponent:60 - No mode defined for component null
2024-05-12 12:09:14,588 [WARN] ModelIntegratedComponent:60 - No mode defined for component null
2024-05-12 12:09:14,588 [WARN] ModelIntegratedComponent:60 - No mode defined for component null
2024-05-12 12:09:14,588 [WARN] ModelIntegratedComponent:60 - No mode defined for component null
2024-05-12 12:09:14,588 [WARN] ModelIntegratedComponent:60 - No mode defined for component null
2024-05-12 12:09:14,588 [WARN] ModelIntegratedComponent:60 - No mode defined for component null
2024-05-12 12:09:14,588 [WARN] ModelIntegratedComponent:60 - No mode defined for component null
2024-05-12 12:09:14,588 [WARN] ModelIntegratedComponent:60 - No mode defined for component null
2024-05-12 12:09:14,588 [WARN] ModelIntegratedComponent:60 - No mode defined for component null
2024-05-12 12:09:14,588 [WARN] ModelIntegratedComponent:60 - No mode defined for component null
2024-05-12 12:09:14,590 [WARN] ModelIntegratedComponent:60 - No mode defined for component null
2024-05-12 12:09:14,590 [WARN] ModelIntegratedComponent:60 - No mode defined for component null
2024-05-12 12:09:14,590 [WARN] ModelIntegratedComponent:60 - No mode defined for component null
2024-05-12 12:09:14,590 [WARN] ModelIntegratedComponent:60 - No mode defined for component null
2024-05-12 12:09:14,590 [WARN] ModelIntegratedComponent:60 - No mode defined for component null
2024-05-12 12:09:14,870 [WARN] ApiManager:304 - Cannot register API 'Board Extension:IKS01A3' from pack STMicroelectronics.X-CUBE-MEMS1.10.0.0: no header file found
2024-05-12 12:09:14,870 [WARN] ApiManager:304 - Cannot register API 'Board Extension:IKS02A1' from pack STMicroelectronics.X-CUBE-MEMS1.10.0.0: no header file found
2024-05-12 12:09:14,870 [WARN] ApiManager:304 - Cannot register API 'Board Extension:IKS4A1' from pack STMicroelectronics.X-CUBE-MEMS1.10.0.0: no header file found
2024-05-12 12:09:14,876 [WARN] ApiManager:304 - Cannot register API 'Board Extension:NFC07A1' from pack STMicroelectronics.X-CUBE-NFC7.1.0.1: no header file found
2024-05-12 12:09:14,896 [WARN] ApiManager:304 - Cannot register API 'Board Extension:S2868A1' from pack STMicroelectronics.X-CUBE-SFXS2LP1.4.0.0: no header file found
2024-05-12 12:09:14,896 [WARN] ApiManager:304 - Cannot register API 'Board Extension:S2868A2' from pack STMicroelectronics.X-CUBE-SFXS2LP1.4.0.0: no header file found
2024-05-12 12:09:14,896 [WARN] ApiManager:304 - Cannot register API 'Board Extension:S2915A1' from pack STMicroelectronics.X-CUBE-SFXS2LP1.4.0.0: no header file found
2024-05-12 12:09:14,899 [WARN] ApiManager:304 - Cannot register API 'Wireless:BlueNRG-2' from pack STMicroelectronics.X-CUBE-BLE2.3.3.0: no header file found
2024-05-12 12:09:14,953 [INFO] ThirdPartyModel:282 - Start build external matchings
2024-05-12 12:09:15,831 [INFO] ThirdPartyModel:295 - End build external matchings
2024-05-12 12:09:16,233 [INFO] UtilMem:74 - End LoadConfig() Used Memory: 653305104 Bytes (965738496)
2024-05-12 12:09:16,294 [WARN] ThirdParty:785 - waiting for thirdparty lock release [change project]
2024-05-12 12:09:16,294 [INFO] ThirdParty:787 - entering critical section [change project]
2024-05-12 12:09:16,294 [INFO] ThirdParty:977 - CMSIS Pack Vendor :STMicroelectronics X-CUBE-GNSS1 6.0.0
2024-05-12 12:09:16,296 [INFO] ThirdParty:977 - CMSIS Pack Vendor :STMicroelectronics USB_HOST 2.0.0
2024-05-12 12:09:16,296 [INFO] ThirdParty:977 - CMSIS Pack Vendor :STMicroelectronics FP-SNS-MOTENVWB1 1.4.0
2024-05-12 12:09:16,296 [INFO] ThirdParty:977 - CMSIS Pack Vendor :STMicroelectronics X-CUBE-AZRTOS-F4 1.1.0
2024-05-12 12:09:16,296 [INFO] ThirdParty:977 - CMSIS Pack Vendor :STMicroelectronics LIBJPEG 8.0.0
2024-05-12 12:09:16,296 [INFO] ThirdParty:977 - CMSIS Pack Vendor :STMicroelectronics X-CUBE-SMBUS 2.1.0
2024-05-12 12:09:16,296 [INFO] ThirdParty:977 - CMSIS Pack Vendor :STMicroelectronics USB_DEVICE 3.0.0
2024-05-12 12:09:16,296 [INFO] ThirdParty:977 - CMSIS Pack Vendor :STMicroelectronics X-CUBE-TCPP 4.1.0
2024-05-12 12:09:16,296 [INFO] ThirdParty:977 - CMSIS Pack Vendor :STMicroelectronics X-CUBE-FREERTOS 1.2.0
2024-05-12 12:09:16,296 [INFO] ThirdParty:977 - CMSIS Pack Vendor :STMicroelectronics X-CUBE-AZRTOS-WB 2.0.0
2024-05-12 12:09:16,296 [INFO] ThirdParty:977 - CMSIS Pack Vendor :STMicroelectronics X-CUBE-TOUCHGFX 4.23.2
2024-05-12 12:09:16,296 [INFO] ThirdParty:977 - CMSIS Pack Vendor :STMicroelectronics X-CUBE-AZRTOS-F7 1.1.0
2024-05-12 12:09:16,296 [INFO] ThirdParty:977 - CMSIS Pack Vendor :STMicroelectronics X-CUBE-AZRTOS-L5 2.0.0
2024-05-12 12:09:16,296 [INFO] ThirdParty:977 - CMSIS Pack Vendor :STMicroelectronics USB_DEVICE 2.0.0
2024-05-12 12:09:16,296 [INFO] ThirdParty:977 - CMSIS Pack Vendor :STMicroelectronics X-CUBE-NFC6 3.1.0
2024-05-12 12:09:16,296 [INFO] ThirdParty:977 - CMSIS Pack Vendor :STMicroelectronics X-CUBE-ALGOBUILD 1.3.0
2024-05-12 12:09:16,296 [INFO] ThirdParty:977 - CMSIS Pack Vendor :STMicroelectronics FreeRTOS 0.0.1
2024-05-12 12:09:16,296 [INFO] ThirdParty:977 - CMSIS Pack Vendor :STMicroelectronics X-CUBE-AZRTOS-G0 1.1.0
2024-05-12 12:09:16,299 [INFO] ThirdParty:977 - CMSIS Pack Vendor :STMicroelectronics X-CUBE-SAFEA1 1.2.2
2024-05-12 12:09:16,299 [INFO] ThirdParty:977 - CMSIS Pack Vendor :STMicroelectronics X-CUBE-NFC4 3.0.0
2024-05-12 12:09:16,299 [INFO] ThirdParty:977 - CMSIS Pack Vendor :STMicroelectronics X-CUBE-SUBG2 5.0.0
2024-05-12 12:09:16,299 [INFO] ThirdParty:977 - CMSIS Pack Vendor :STMicroelectronics STM32_WPAN 1.0.0
2024-05-12 12:09:16,299 [INFO] ThirdParty:977 - CMSIS Pack Vendor :STMicroelectronics lwIP 2.0.3
2024-05-12 12:09:16,299 [INFO] ThirdParty:977 - CMSIS Pack Vendor :STMicroelectronics FP-SNS-FLIGHT1 5.0.2
2024-05-12 12:09:16,299 [INFO] ThirdParty:977 - CMSIS Pack Vendor :STMicroelectronics USB_HOST 1.0.0
2024-05-12 12:09:16,299 [INFO] ThirdParty:977 - CMSIS Pack Vendor :STMicroelectronics X-CUBE-AI 9.0.0
2024-05-12 12:09:16,299 [INFO] ThirdParty:977 - CMSIS Pack Vendor :STMicroelectronics X-CUBE-AZRTOS-G4 2.0.0
2024-05-12 12:09:16,299 [INFO] ThirdParty:977 - CMSIS Pack Vendor :STMicroelectronics PDM2PCM 3.1.0
2024-05-12 12:09:16,299 [INFO] ThirdParty:977 - CMSIS Pack Vendor :STMicroelectronics PDM2PCM 3.3.0
2024-05-12 12:09:16,299 [INFO] ThirdParty:977 - CMSIS Pack Vendor :STMicroelectronics X-CUBE-DISPLAY 3.0.0
2024-05-12 12:09:16,299 [INFO] ThirdParty:977 - CMSIS Pack Vendor :wolfSSL I-CUBE-wolfSSL 5.7.0
2024-05-12 12:09:16,301 [INFO] ThirdParty:977 - CMSIS Pack Vendor :STMicroelectronics X-CUBE-BLE1 7.0.0
2024-05-12 12:09:16,301 [INFO] ThirdParty:977 - CMSIS Pack Vendor :STMicroelectronics FP-ATR-SIGFOX1 3.2.0
2024-05-12 12:09:16,302 [INFO] ThirdParty:977 - CMSIS Pack Vendor :STMicroelectronics X-CUBE-ISPU 2.0.0
2024-05-12 12:09:16,302 [INFO] ThirdParty:977 - CMSIS Pack Vendor :STMicroelectronics X-CUBE-EEPRMA1 5.1.0
2024-05-12 12:09:16,303 [INFO] ThirdParty:977 - CMSIS Pack Vendor :STMicroelectronics HAL Drivers 0.0.0
2024-05-12 12:09:16,303 [INFO] ThirdParty:977 - CMSIS Pack Vendor :STMicroelectronics MBEDTLS 2.16.2
2024-05-12 12:09:16,303 [INFO] ThirdParty:977 - CMSIS Pack Vendor :emotas I-CUBE-CANOPEN 1.3.0
2024-05-12 12:09:16,303 [INFO] ThirdParty:977 - CMSIS Pack Vendor :STMicroelectronics X-CUBE-MEMS1 10.0.0
2024-05-12 12:09:16,303 [INFO] ThirdParty:977 - CMSIS Pack Vendor :STMicroelectronics X-CUBE-NFC7 1.0.1
2024-05-12 12:09:16,303 [INFO] ThirdParty:977 - CMSIS Pack Vendor :STMicroelectronics MBEDTLS 2.14.1
2024-05-12 12:09:16,303 [INFO] ThirdParty:977 - CMSIS Pack Vendor :ITTIA_DB I-CUBE-ITTIADB 8.9.0
2024-05-12 12:09:16,303 [INFO] ThirdParty:977 - CMSIS Pack Vendor :portGmbH I-Cube-SoM-uGOAL 1.1.0
2024-05-12 12:09:16,304 [INFO] ThirdParty:977 - CMSIS Pack Vendor :STMicroelectronics X-CUBE-ALS 1.0.1
2024-05-12 12:09:16,304 [INFO] ThirdParty:977 - CMSIS Pack Vendor :STMicroelectronics X-CUBE-BLEMGR 3.1.0
2024-05-12 12:09:16,304 [INFO] ThirdParty:977 - CMSIS Pack Vendor :STMicroelectronics ThreadX 1.0.0
2024-05-12 12:09:16,304 [INFO] ThirdParty:977 - CMSIS Pack Vendor :STMicroelectronics FP-SNS-SMARTAG2 1.2.0
2024-05-12 12:09:16,304 [INFO] ThirdParty:977 - CMSIS Pack Vendor :STMicroelectronics X-CUBE-AZRTOS-WL 2.0.0
2024-05-12 12:09:16,304 [INFO] ThirdParty:977 - CMSIS Pack Vendor :SEGGER I-CUBE-embOS 1.3.1
2024-05-12 12:09:16,304 [INFO] ThirdParty:977 - CMSIS Pack Vendor :STMicroelectronics X-CUBE-ALGOBUILD 1.4.0
2024-05-12 12:09:16,304 [INFO] ThirdParty:977 - CMSIS Pack Vendor :STMicroelectronics FP-SNS-MOTENV1 5.0.0
2024-05-12 12:09:16,304 [INFO] ThirdParty:977 - CMSIS Pack Vendor :STMicroelectronics USB_DEVICE 1.0.0
2024-05-12 12:09:16,304 [INFO] ThirdParty:977 - CMSIS Pack Vendor :STMicroelectronics X-CUBE-AZRTOS-H7RS 1.0.0
2024-05-12 12:09:16,304 [INFO] ThirdParty:977 - CMSIS Pack Vendor :STMicroelectronics X-CUBE-AZRTOS-L4 2.0.0
2024-05-12 12:09:16,304 [INFO] ThirdParty:977 - CMSIS Pack Vendor :STMicroelectronics ThreadX 0.0.2
2024-05-12 12:09:16,304 [INFO] ThirdParty:977 - CMSIS Pack Vendor :WES I-CUBE-Cesium 1.3.0
2024-05-12 12:09:16,304 [INFO] ThirdParty:977 - CMSIS Pack Vendor :STMicroelectronics FP-ATR-ASTRA1 2.0.0
2024-05-12 12:09:16,304 [INFO] ThirdParty:977 - CMSIS Pack Vendor :STMicroelectronics lwIP 2.1.2
2024-05-12 12:09:16,304 [INFO] ThirdParty:977 - CMSIS Pack Vendor :STMicroelectronics X-CUBE-SFXS2LP1 4.0.0
2024-05-12 12:09:16,304 [INFO] ThirdParty:977 - CMSIS Pack Vendor :STMicroelectronics X-CUBE-BLE2 3.3.0
2024-05-12 12:09:16,304 [INFO] ThirdParty:977 - CMSIS Pack Vendor :STMicroelectronics X-CUBE-TOF1 3.4.1
2024-05-12 12:09:16,306 [INFO] ThirdParty:977 - CMSIS Pack Vendor :STMicroelectronics X-CUBE-AZRTOS-H7 3.2.0
2024-05-12 12:09:16,306 [INFO] ThirdParty:977 - CMSIS Pack Vendor :Infineon AIROC-Wi-Fi-Bluetooth-STM32 1.6.0
2024-05-12 12:09:16,306 [INFO] ThirdParty:977 - CMSIS Pack Vendor :STMicroelectronics PDM2PCM 3.2.0
2024-05-12 12:09:16,306 [INFO] ThirdParty:793 - exiting critical section [change project]
2024-05-12 12:09:16,553 [INFO] PinOutPanel:1465 - setPackage(No Configuration,No Configuration)
2024-05-12 12:09:16,555 [INFO] PinOutPanel:1465 - setPackage(STM32F103C8Tx,LQFP48)
2024-05-12 12:09:16,905 [INFO] UtilMem:74 - Before build in PCC Used Memory: 622992464 Bytes (965738496)
2024-05-12 12:09:17,354 [INFO] UtilMem:74 - After build in PCC Used Memory: 666506320 Bytes (965738496)
2024-05-12 12:09:17,382 [INFO] IPUIPlugin:75 - create IPUIPlugin
2024-05-12 12:09:17,382 [INFO] IPUIPlugin:75 - create IPUIPlugin
2024-05-12 12:09:17,382 [INFO] IPUIPlugin:75 - create IPUIPlugin
2024-05-12 12:09:17,382 [INFO] IPUIPlugin:75 - create IPUIPlugin
2024-05-12 12:09:17,384 [INFO] IPUIPlugin:75 - create IPUIPlugin
2024-05-12 12:09:17,384 [INFO] IPUIPlugin:75 - create IPUIPlugin
2024-05-12 12:09:17,384 [INFO] IPUIPlugin:75 - create IPUIPlugin
2024-05-12 12:09:17,386 [INFO] IPUIPlugin:75 - create IPUIPlugin
2024-05-12 12:09:17,387 [INFO] IPUIPlugin:75 - create IPUIPlugin
2024-05-12 12:09:17,387 [INFO] IPUIPlugin:75 - create IPUIPlugin
2024-05-12 12:09:17,387 [INFO] IPUIPlugin:75 - create IPUIPlugin
2024-05-12 12:09:17,387 [INFO] IPUIPlugin:75 - create IPUIPlugin
2024-05-12 12:09:17,387 [INFO] IPUIPlugin:75 - create IPUIPlugin
2024-05-12 12:09:17,387 [INFO] IPUIPlugin:75 - create IPUIPlugin
2024-05-12 12:09:17,389 [INFO] IPUIPlugin:75 - create IPUIPlugin
2024-05-12 12:09:17,389 [INFO] IPUIPlugin:75 - create IPUIPlugin
2024-05-12 12:09:17,389 [INFO] IPUIPlugin:75 - create IPUIPlugin
2024-05-12 12:09:17,391 [INFO] IPUIPlugin:75 - create IPUIPlugin
2024-05-12 12:09:17,391 [INFO] IPUIPlugin:75 - create IPUIPlugin
2024-05-12 12:09:17,391 [INFO] IPUIPlugin:75 - create IPUIPlugin
2024-05-12 12:09:17,392 [INFO] IPUIPlugin:75 - create IPUIPlugin
2024-05-12 12:09:17,392 [INFO] IPUIPlugin:75 - create IPUIPlugin
2024-05-12 12:09:17,392 [INFO] IPUIPlugin:75 - create IPUIPlugin
2024-05-12 12:09:17,392 [INFO] IPUIPlugin:75 - create IPUIPlugin
2024-05-12 12:09:17,392 [INFO] IPUIPlugin:75 - create IPUIPlugin
2024-05-12 12:09:17,394 [INFO] IPUIPlugin:75 - create IPUIPlugin
2024-05-12 12:09:17,394 [INFO] IPUIPlugin:75 - create IPUIPlugin
2024-05-12 12:09:17,484 [INFO] OpenFileManager:323 - Restore cursor
2024-05-12 12:09:18,439 [INFO] UtilMem:74 - End SaveConfig() Used Memory: 722459376 Bytes (965738496)
2024-05-12 12:09:18,512 [INFO] UtilMem:74 - End SaveConfig() Used Memory: 733993728 Bytes (965738496)
2024-05-12 12:09:18,884 [INFO] BlockDiagram:2740 - set Specific Code input for plugin: NVIC
2024-05-12 12:09:18,884 [INFO] BlockDiagram:2740 - set Specific Code input for plugin: SYS
2024-05-12 12:09:18,884 [INFO] BlockDiagram:2740 - set Specific Code input for plugin: RCC
2024-05-12 12:09:18,887 [INFO] CodeGenerator:681 - code generatio: config db path: C:\ST\STM32CubeIDE_1.9.0\STM32CubeIDE\plugins\com.st.stm32cube.common.mx_6.5.0.202202251913\\db\
2024-05-12 12:09:19,448 [INFO] CodeEngine:237 - oldGeneratedFile, C:\Users\hoatt\STM32CubeIDE\update_fw_func_in_ram\app1\MXTmpFiles\license.tmp_save
2024-05-12 12:09:19,622 [INFO] CodeEngine:261 - Generated code: C:\Users\hoatt\STM32CubeIDE\update_fw_func_in_ram\app1\MXTmpFiles\license.tmp
2024-05-12 12:09:19,703 [INFO] CodeEngine:237 - oldGeneratedFile, C:\Users\hoatt\STM32CubeIDE\update_fw_func_in_ram\app1\Core\Src\stm32f1xx_it.c_save
2024-05-12 12:09:19,876 [INFO] CodeEngine:261 - Generated code: C:\Users\hoatt\STM32CubeIDE\update_fw_func_in_ram\app1\Core\Src\stm32f1xx_it.c
2024-05-12 12:09:19,887 [INFO] CodeEngine:237 - oldGeneratedFile, C:\Users\hoatt\STM32CubeIDE\update_fw_func_in_ram\app1\Core\Inc\stm32f1xx_it.h_save
2024-05-12 12:09:20,023 [INFO] CodeEngine:261 - Generated code: C:\Users\hoatt\STM32CubeIDE\update_fw_func_in_ram\app1\Core\Inc\stm32f1xx_it.h
2024-05-12 12:09:20,046 [INFO] CodeEngine:237 - oldGeneratedFile, C:\Users\hoatt\STM32CubeIDE\update_fw_func_in_ram\app1\Core\Src\stm32f1xx_hal_msp.c_save
2024-05-12 12:09:20,252 [INFO] CodeEngine:261 - Generated code: C:\Users\hoatt\STM32CubeIDE\update_fw_func_in_ram\app1\Core\Src\stm32f1xx_hal_msp.c
2024-05-12 12:09:20,263 [INFO] CodeEngine:237 - oldGeneratedFile, C:\Users\hoatt\STM32CubeIDE\update_fw_func_in_ram\app1\MXTmpFiles\system.tmp_save
2024-05-12 12:09:20,380 [INFO] CodeEngine:261 - Generated code: C:\Users\hoatt\STM32CubeIDE\update_fw_func_in_ram\app1\MXTmpFiles\system.tmp
2024-05-12 12:09:20,399 [INFO] CodeEngine:237 - oldGeneratedFile, C:\Users\hoatt\STM32CubeIDE\update_fw_func_in_ram\app1\Core\Inc\stm32f1xx_hal_conf.h_save
2024-05-12 12:09:20,566 [INFO] CodeEngine:261 - Generated code: C:\Users\hoatt\STM32CubeIDE\update_fw_func_in_ram\app1\Core\Inc\stm32f1xx_hal_conf.h
2024-05-12 12:09:20,618 [INFO] CodeEngine:237 - oldGeneratedFile, C:\Users\hoatt\STM32CubeIDE\update_fw_func_in_ram\app1\Core\Inc\main.h_save
2024-05-12 12:09:20,783 [INFO] CodeEngine:261 - Generated code: C:\Users\hoatt\STM32CubeIDE\update_fw_func_in_ram\app1\Core\Inc\main.h
2024-05-12 12:09:20,791 [INFO] CodeEngine:237 - oldGeneratedFile, C:\Users\hoatt\STM32CubeIDE\update_fw_func_in_ram\app1\Core\Src\main.c_save
2024-05-12 12:09:20,948 [INFO] CodeEngine:261 - Generated code: C:\Users\hoatt\STM32CubeIDE\update_fw_func_in_ram\app1\Core\Src\main.c
2024-05-12 12:09:22,157 [INFO] ProjectBuilder:2913 - Time for Copy HAL[1] : 395mS.
2024-05-12 12:09:22,166 [INFO] ProjectBuilder:4015 - Project Generator version: 3.16.0
2024-05-12 12:09:22,798 [INFO] ConfigFileManager:1287 - The Die is : DIE410
2024-05-12 12:09:22,804 [INFO] ApiDbMcu:488 - Load IP Config File for FATFS
2024-05-12 12:09:22,812 [INFO] ApiDbMcu:488 - Load IP Config File for FREERTOS
2024-05-12 12:09:22,865 [INFO] ApiDbMcu:488 - Load IP Config File for USB_DEVICE
2024-05-12 12:09:26,230 [INFO] ProjectBuilder:4183 - Time for Generating toolchain IDE Files: 4064mS.
2024-05-12 12:09:26,233 [INFO] ProjectBuilder:2785 - Time for Copy CMSIS : 3mS.
2024-05-12 12:09:26,242 [INFO] ProjectBuilder:2785 - Time for Copy CMSIS : 1mS.
2024-05-12 12:09:27,393 [INFO] McuFinderGlobals:52 - Set McuFinderConnectedMode to true
2024-05-12 12:09:27,398 [INFO] ApiDb:432 - Save user favorites file C:\Users\hoatt/.stm32cubeide/favorites.mcus.txt: 1 item(s)
2024-05-12 12:09:27,398 [INFO] ApiDb:436 - User favorites MCUs=[STM32F103C8T6]
2024-05-12 12:09:39,322 [INFO] UtilMem:74 - End SaveConfig() Used Memory: 698132256 Bytes (981467136)
2024-05-12 12:09:42,012 [INFO] UtilMem:74 - End SaveConfig() Used Memory: 593633624 Bytes (981467136)
2024-05-12 12:09:45,313 [INFO] UtilMem:74 - End SaveConfig() Used Memory: 688773496 Bytes (981467136)
2024-05-12 12:09:45,727 [INFO] BlockDiagram:2740 - set Specific Code input for plugin: NVIC
2024-05-12 12:09:45,727 [INFO] BlockDiagram:2740 - set Specific Code input for plugin: SYS
2024-05-12 12:09:45,729 [INFO] BlockDiagram:2740 - set Specific Code input for plugin: GPIO
2024-05-12 12:09:45,729 [INFO] BlockDiagram:2740 - set Specific Code input for plugin: RCC
2024-05-12 12:09:45,729 [INFO] CodeGenerator:681 - code generatio: config db path: C:\ST\STM32CubeIDE_1.9.0\STM32CubeIDE\plugins\com.st.stm32cube.common.mx_6.5.0.202202251913\\db\
2024-05-12 12:09:46,063 [INFO] CodeEngine:237 - oldGeneratedFile, C:\Users\hoatt\STM32CubeIDE\update_fw_func_in_ram\app1\MXTmpFiles\license.tmp_save
2024-05-12 12:09:46,177 [INFO] CodeEngine:261 - Generated code: C:\Users\hoatt\STM32CubeIDE\update_fw_func_in_ram\app1\MXTmpFiles\license.tmp
2024-05-12 12:09:46,201 [INFO] CodeEngine:237 - oldGeneratedFile, C:\Users\hoatt\STM32CubeIDE\update_fw_func_in_ram\app1\MXTmpFiles\gpio.tmp_save
2024-05-12 12:09:46,314 [INFO] CodeEngine:261 - Generated code: C:\Users\hoatt\STM32CubeIDE\update_fw_func_in_ram\app1\MXTmpFiles\gpio.tmp
2024-05-12 12:09:46,344 [INFO] CodeEngine:237 - oldGeneratedFile, C:\Users\hoatt\STM32CubeIDE\update_fw_func_in_ram\app1\Core\Src\stm32f1xx_it.c_save
2024-05-12 12:09:46,497 [INFO] CodeEngine:261 - Generated code: C:\Users\hoatt\STM32CubeIDE\update_fw_func_in_ram\app1\Core\Src\stm32f1xx_it.c
2024-05-12 12:09:46,510 [INFO] CodeEngine:237 - oldGeneratedFile, C:\Users\hoatt\STM32CubeIDE\update_fw_func_in_ram\app1\Core\Inc\stm32f1xx_it.h_save
2024-05-12 12:09:46,623 [INFO] CodeEngine:261 - Generated code: C:\Users\hoatt\STM32CubeIDE\update_fw_func_in_ram\app1\Core\Inc\stm32f1xx_it.h
2024-05-12 12:09:46,650 [INFO] CodeEngine:237 - oldGeneratedFile, C:\Users\hoatt\STM32CubeIDE\update_fw_func_in_ram\app1\Core\Src\stm32f1xx_hal_msp.c_save
2024-05-12 12:09:46,810 [INFO] CodeEngine:261 - Generated code: C:\Users\hoatt\STM32CubeIDE\update_fw_func_in_ram\app1\Core\Src\stm32f1xx_hal_msp.c
2024-05-12 12:09:46,825 [INFO] CodeEngine:237 - oldGeneratedFile, C:\Users\hoatt\STM32CubeIDE\update_fw_func_in_ram\app1\MXTmpFiles\system.tmp_save
2024-05-12 12:09:46,940 [INFO] CodeEngine:261 - Generated code: C:\Users\hoatt\STM32CubeIDE\update_fw_func_in_ram\app1\MXTmpFiles\system.tmp
2024-05-12 12:09:46,961 [INFO] CodeEngine:237 - oldGeneratedFile, C:\Users\hoatt\STM32CubeIDE\update_fw_func_in_ram\app1\Core\Inc\stm32f1xx_hal_conf.h_save
2024-05-12 12:09:47,117 [INFO] CodeEngine:261 - Generated code: C:\Users\hoatt\STM32CubeIDE\update_fw_func_in_ram\app1\Core\Inc\stm32f1xx_hal_conf.h
2024-05-12 12:09:47,169 [INFO] CodeEngine:237 - oldGeneratedFile, C:\Users\hoatt\STM32CubeIDE\update_fw_func_in_ram\app1\Core\Inc\main.h_save
2024-05-12 12:09:47,290 [INFO] CodeEngine:261 - Generated code: C:\Users\hoatt\STM32CubeIDE\update_fw_func_in_ram\app1\Core\Inc\main.h
2024-05-12 12:09:47,305 [INFO] CodeEngine:237 - oldGeneratedFile, C:\Users\hoatt\STM32CubeIDE\update_fw_func_in_ram\app1\Core\Src\main.c_save
2024-05-12 12:09:47,580 [INFO] CodeEngine:261 - Generated code: C:\Users\hoatt\STM32CubeIDE\update_fw_func_in_ram\app1\Core\Src\main.c
2024-05-12 12:09:48,912 [INFO] ProjectBuilder:2913 - Time for Copy HAL[1] : 415mS.
2024-05-12 12:09:48,919 [INFO] ProjectBuilder:4015 - Project Generator version: 3.16.0
2024-05-12 12:09:49,497 [INFO] ConfigFileManager:1287 - The Die is : DIE410
2024-05-12 12:09:51,748 [INFO] ProjectBuilder:4183 - Time for Generating toolchain IDE Files: 2829mS.
2024-05-12 12:09:51,751 [INFO] ProjectBuilder:2785 - Time for Copy CMSIS : 3mS.
2024-05-12 12:09:51,759 [INFO] ProjectBuilder:2785 - Time for Copy CMSIS : 3mS.
2024-05-12 12:40:31,656 [INFO] MainUpdater:2729 - connection check result : 10
2024-05-12 12:40:32,344 [INFO] McuFinderGlobals:52 - Set McuFinderConnectedMode to true
2024-05-12 12:40:32,405 [INFO] MultiScanPanel:195 - Auto-refresh data requested => check proxy status ongoing
2024-05-12 12:40:32,424 [INFO] FinderPluginLoader:87 - Searching for filters in installed packs
2024-05-12 12:40:35,819 [INFO] LoadUrlFilesThread:173 - End of LoadServerUrlFiles without Thread
2024-05-12 12:40:35,824 [INFO] DetailPanel:315 - Set advertising image to C:/Users/hoatt/STM32Cube/Repository/\en.prom-stm32h7rs-mcu-finder.png
2024-05-12 12:40:37,096 [INFO] MultiScanPanel:787 - Auto Refresh Data is not needed
2024-05-12 12:40:55,434 [INFO] MainUpdater:2729 - connection check result : 10
2024-05-12 12:40:55,434 [INFO] MainUpdater:2729 - connection check result : 10
2024-05-12 12:40:55,770 [INFO] MicroXplorer:447 - Change Database Path : 
2024-05-12 12:40:55,774 [INFO] MicroXplorer:477 - Change Database Version : DB.6.0.50
2024-05-12 12:40:55,798 [WARN] ThirdParty:823 - waiting for thirdparty lock release [close project]
2024-05-12 12:40:55,798 [INFO] ThirdParty:825 - entering critical section [close project]
2024-05-12 12:40:55,798 [INFO] ThirdParty:835 - exiting critical section [close project]
2024-05-12 12:40:55,803 [INFO] PinOutPanel:1465 - setPackage(No Configuration,No Configuration)
2024-05-12 12:40:55,816 [INFO] UtilMem:74 - Begin LoadConfig() Used Memory: 779817632 Bytes (981467136)
2024-05-12 12:40:55,819 [INFO] MicroXplorer:447 - Change Database Path : 
2024-05-12 12:40:55,821 [INFO] MicroXplorer:477 - Change Database Version : DB.6.0.50
2024-05-12 12:40:55,821 [INFO] OpenFileManager:303 - Change cursor
2024-05-12 12:40:55,936 [INFO] RulesReader:57 - Compatibility file has been processed (281 Rules)
2024-05-12 12:40:55,951 [INFO] Mcu:1893 - Initializing MCU STM32F103C8Tx STM32F103C8Tx 
2024-05-12 12:40:55,951 [INFO] Mcu:1906 - No CPN specified => set CPN to STM32F103C8T6
2024-05-12 12:40:58,165 [INFO] Context:599 - Trying to add GPIOservice into a context  which must be forbidden
2024-05-12 12:40:58,485 [INFO] ImportTextPane:183 - (OptionalMessage_ERROR) Unable to find key (Mcu.ThirdPartyNb) in loaded IOC file
2024-05-12 12:40:58,488 [INFO] ImportTextPane:183 - (OptionalMessage_ERROR) Unable to find key (Mcu.PinsNb) in loaded IOC file
2024-05-12 12:40:58,488 [INFO] ImportTextPane:183 - (OptionalMessage_ERROR) Unable to find key (Mcu.IPNb) in loaded IOC file
2024-05-12 12:40:58,520 [WARN] ApiManager:304 - Cannot register API 'Board Extension:GNSS1A1' from pack STMicroelectronics.X-CUBE-GNSS1.6.0.0: no header file found
2024-05-12 12:40:58,520 [WARN] ApiManager:304 - Cannot register API 'Board Support:Custom' from pack STMicroelectronics.X-CUBE-GNSS1.6.0.0: no header file found
2024-05-12 12:40:58,520 [WARN] ApiManager:304 - Cannot register API 'Data Exchange:lib_gnss' from pack STMicroelectronics.X-CUBE-GNSS1.6.0.0: no header file found
2024-05-12 12:40:58,538 [WARN] ApiManager:304 - Cannot register API 'Board Extension:NFC06A1' from pack STMicroelectronics.X-CUBE-NFC6.3.1.0: no header file found
2024-05-12 12:40:58,538 [WARN] ApiManager:304 - Cannot register API 'Board Extension:NFC08A1' from pack STMicroelectronics.X-CUBE-NFC6.3.1.0: no header file found
2024-05-12 12:40:58,542 [INFO] RtosManager:484 - Registered RTOS mode: class=CMSIS, group=RTOS, mode=CMSIS_V1, owner=FREERTOS
2024-05-12 12:40:58,542 [INFO] RtosManager:484 - Registered RTOS mode: class=CMSIS, group=RTOS2, mode=CMSIS_V2, owner=FREERTOS
2024-05-12 12:40:58,542 [INFO] RtosManager:484 - Registered RTOS mode: class=RTOS, group=Core, mode=CMSIS_V1, owner=FREERTOS
2024-05-12 12:40:58,542 [INFO] RtosManager:484 - Registered RTOS mode: class=RTOS, group=Core, mode=CMSIS_V2, owner=FREERTOS
2024-05-12 12:40:58,542 [WARN] ModelIntegratedComponent:181 - Missing modes for component STMicroelectronics:FreeRTOS:0.0.1:STMicroelectronics:RTOS:FreeRTOS:Core:::10.2.0:
2024-05-12 12:40:58,544 [WARN] ApiManager:304 - Cannot register API 'Board Extension:STSAFEA1' from pack STMicroelectronics.X-CUBE-SAFEA1.1.2.2: no header file found
2024-05-12 12:40:58,544 [WARN] ApiManager:304 - Cannot register API 'Board Part:STSAFEA110' from pack STMicroelectronics.X-CUBE-SAFEA1.1.2.2: no header file found
2024-05-12 12:40:58,544 [WARN] ApiManager:304 - Cannot register API 'Security:ST_Cryptolib' from pack STMicroelectronics.X-CUBE-SAFEA1.1.2.2: no header file found
2024-05-12 12:40:58,544 [WARN] ApiManager:304 - Cannot register API 'Security:MbedTLS' from pack STMicroelectronics.X-CUBE-SAFEA1.1.2.2: no header file found
2024-05-12 12:40:58,547 [WARN] ApiManager:304 - Cannot register API 'Board Extension:NFC04A1' from pack STMicroelectronics.X-CUBE-NFC4.3.0.0: no header file found
2024-05-12 12:40:58,552 [WARN] ApiManager:304 - Cannot register API 'Board Extension:S2868A1' from pack STMicroelectronics.X-CUBE-SUBG2.5.0.0: no header file found
2024-05-12 12:40:58,552 [WARN] ApiManager:304 - Cannot register API 'Board Extension:S2868A2' from pack STMicroelectronics.X-CUBE-SUBG2.5.0.0: no header file found
2024-05-12 12:40:58,552 [WARN] ApiManager:304 - Cannot register API 'Board Extension:S2915A1' from pack STMicroelectronics.X-CUBE-SUBG2.5.0.0: no header file found
2024-05-12 12:40:58,559 [WARN] ApiManager:304 - Cannot register API 'Wireless:BlueNRG-MS' from pack STMicroelectronics.X-CUBE-BLE1.7.0.0: no header file found
2024-05-12 12:40:58,562 [WARN] ApiManager:304 - Cannot register API 'Board Extension:EEPRMA2' from pack STMicroelectronics.X-CUBE-EEPRMA1.5.1.0: no header file found
2024-05-12 12:40:58,564 [WARN] ApiManager:304 - Cannot register API 'Board Extension:PGEEZ1' from pack STMicroelectronics.X-CUBE-EEPRMA1.5.1.0: no header file found
2024-05-12 12:40:58,564 [WARN] ApiManager:304 - Cannot register API 'Board Extension:EEICA1' from pack STMicroelectronics.X-CUBE-EEPRMA1.5.1.0: no header file found
2024-05-12 12:40:58,564 [WARN] ApiManager:304 - Cannot register API 'Board Part:M24' from pack STMicroelectronics.X-CUBE-EEPRMA1.5.1.0: no header file found
2024-05-12 12:40:58,564 [WARN] ApiManager:304 - Cannot register API 'Board Part:M95' from pack STMicroelectronics.X-CUBE-EEPRMA1.5.1.0: no header file found
2024-05-12 12:40:58,564 [WARN] ApiManager:304 - Cannot register API 'Board Part:M95P32' from pack STMicroelectronics.X-CUBE-EEPRMA1.5.1.0: no header file found
2024-05-12 12:40:58,564 [WARN] ApiManager:304 - Cannot register API 'Board Part:M24256E-F' from pack STMicroelectronics.X-CUBE-EEPRMA1.5.1.0: no header file found
2024-05-12 12:40:58,564 [WARN] ApiManager:304 - Cannot register API 'Board Part:M24M01E-F' from pack STMicroelectronics.X-CUBE-EEPRMA1.5.1.0: no header file found
2024-05-12 12:40:58,564 [WARN] ApiManager:304 - Cannot register API 'PGEEZ1:SPI' from pack STMicroelectronics.X-CUBE-EEPRMA1.5.1.0: no header file found
2024-05-12 12:40:58,564 [WARN] ApiManager:304 - Cannot register API 'PGEEZ1:QDSPI' from pack STMicroelectronics.X-CUBE-EEPRMA1.5.1.0: no header file found
2024-05-12 12:40:58,567 [WARN] ModelIntegratedComponent:60 - No mode defined for component null
2024-05-12 12:40:58,567 [WARN] ModelIntegratedComponent:60 - No mode defined for component null
2024-05-12 12:40:58,568 [WARN] ModelIntegratedComponent:60 - No mode defined for component null
2024-05-12 12:40:58,568 [WARN] ModelIntegratedComponent:60 - No mode defined for component null
2024-05-12 12:40:58,568 [WARN] ModelIntegratedComponent:60 - No mode defined for component null
2024-05-12 12:40:58,568 [WARN] ModelIntegratedComponent:60 - No mode defined for component null
2024-05-12 12:40:58,568 [WARN] ModelIntegratedComponent:60 - No mode defined for component null
2024-05-12 12:40:58,568 [WARN] ModelIntegratedComponent:60 - No mode defined for component null
2024-05-12 12:40:58,568 [WARN] ModelIntegratedComponent:60 - No mode defined for component null
2024-05-12 12:40:58,569 [WARN] ModelIntegratedComponent:60 - No mode defined for component null
2024-05-12 12:40:58,569 [WARN] ModelIntegratedComponent:60 - No mode defined for component null
2024-05-12 12:40:58,569 [WARN] ModelIntegratedComponent:60 - No mode defined for component null
2024-05-12 12:40:58,569 [WARN] ModelIntegratedComponent:60 - No mode defined for component null
2024-05-12 12:40:58,569 [WARN] ModelIntegratedComponent:60 - No mode defined for component null
2024-05-12 12:40:58,569 [WARN] ModelIntegratedComponent:60 - No mode defined for component null
2024-05-12 12:40:58,569 [WARN] ModelIntegratedComponent:60 - No mode defined for component null
2024-05-12 12:40:58,569 [WARN] ModelIntegratedComponent:60 - No mode defined for component null
2024-05-12 12:40:58,569 [WARN] ModelIntegratedComponent:60 - No mode defined for component null
2024-05-12 12:40:58,569 [WARN] ModelIntegratedComponent:60 - No mode defined for component null
2024-05-12 12:40:58,569 [WARN] ModelIntegratedComponent:60 - No mode defined for component null
2024-05-12 12:40:58,569 [WARN] ModelIntegratedComponent:60 - No mode defined for component null
2024-05-12 12:40:58,569 [WARN] ModelIntegratedComponent:60 - No mode defined for component null
2024-05-12 12:40:58,569 [WARN] ModelIntegratedComponent:60 - No mode defined for component null
2024-05-12 12:40:58,569 [WARN] ModelIntegratedComponent:60 - No mode defined for component null
2024-05-12 12:40:58,569 [WARN] ModelIntegratedComponent:60 - No mode defined for component null
2024-05-12 12:40:58,569 [WARN] ModelIntegratedComponent:60 - No mode defined for component null
2024-05-12 12:40:58,569 [WARN] ModelIntegratedComponent:60 - No mode defined for component null
2024-05-12 12:40:58,569 [WARN] ModelIntegratedComponent:60 - No mode defined for component null
2024-05-12 12:40:58,569 [WARN] ModelIntegratedComponent:60 - No mode defined for component null
2024-05-12 12:40:58,569 [WARN] ModelIntegratedComponent:60 - No mode defined for component null
2024-05-12 12:40:58,569 [WARN] ModelIntegratedComponent:60 - No mode defined for component null
2024-05-12 12:40:58,569 [WARN] ModelIntegratedComponent:60 - No mode defined for component null
2024-05-12 12:40:58,569 [WARN] ModelIntegratedComponent:60 - No mode defined for component null
2024-05-12 12:40:58,882 [WARN] ApiManager:304 - Cannot register API 'Board Extension:IKS01A3' from pack STMicroelectronics.X-CUBE-MEMS1.10.0.0: no header file found
2024-05-12 12:40:58,882 [WARN] ApiManager:304 - Cannot register API 'Board Extension:IKS02A1' from pack STMicroelectronics.X-CUBE-MEMS1.10.0.0: no header file found
2024-05-12 12:40:58,882 [WARN] ApiManager:304 - Cannot register API 'Board Extension:IKS4A1' from pack STMicroelectronics.X-CUBE-MEMS1.10.0.0: no header file found
2024-05-12 12:40:58,899 [WARN] ApiManager:304 - Cannot register API 'Board Extension:NFC07A1' from pack STMicroelectronics.X-CUBE-NFC7.1.0.1: no header file found
2024-05-12 12:40:58,927 [WARN] ApiManager:304 - Cannot register API 'Board Extension:S2868A1' from pack STMicroelectronics.X-CUBE-SFXS2LP1.4.0.0: no header file found
2024-05-12 12:40:58,927 [WARN] ApiManager:304 - Cannot register API 'Board Extension:S2868A2' from pack STMicroelectronics.X-CUBE-SFXS2LP1.4.0.0: no header file found
2024-05-12 12:40:58,927 [WARN] ApiManager:304 - Cannot register API 'Board Extension:S2915A1' from pack STMicroelectronics.X-CUBE-SFXS2LP1.4.0.0: no header file found
2024-05-12 12:40:58,931 [WARN] ApiManager:304 - Cannot register API 'Wireless:BlueNRG-2' from pack STMicroelectronics.X-CUBE-BLE2.3.3.0: no header file found
2024-05-12 12:40:58,970 [INFO] ThirdPartyModel:282 - Start build external matchings
2024-05-12 12:41:00,286 [INFO] ThirdPartyModel:295 - End build external matchings
2024-05-12 12:41:00,915 [INFO] UtilMem:74 - End LoadConfig() Used Memory: 692404456 Bytes (981467136)
2024-05-12 12:41:01,013 [WARN] ThirdParty:785 - waiting for thirdparty lock release [change project]
2024-05-12 12:41:01,015 [INFO] ThirdParty:787 - entering critical section [change project]
2024-05-12 12:41:01,015 [INFO] ThirdParty:977 - CMSIS Pack Vendor :STMicroelectronics X-CUBE-GNSS1 6.0.0
2024-05-12 12:41:01,015 [INFO] ThirdParty:977 - CMSIS Pack Vendor :STMicroelectronics USB_HOST 2.0.0
2024-05-12 12:41:01,015 [INFO] ThirdParty:977 - CMSIS Pack Vendor :STMicroelectronics FP-SNS-MOTENVWB1 1.4.0
2024-05-12 12:41:01,015 [INFO] ThirdParty:977 - CMSIS Pack Vendor :STMicroelectronics X-CUBE-AZRTOS-F4 1.1.0
2024-05-12 12:41:01,015 [INFO] ThirdParty:977 - CMSIS Pack Vendor :STMicroelectronics LIBJPEG 8.0.0
2024-05-12 12:41:01,015 [INFO] ThirdParty:977 - CMSIS Pack Vendor :STMicroelectronics X-CUBE-SMBUS 2.1.0
2024-05-12 12:41:01,015 [INFO] ThirdParty:977 - CMSIS Pack Vendor :STMicroelectronics USB_DEVICE 3.0.0
2024-05-12 12:41:01,015 [INFO] ThirdParty:977 - CMSIS Pack Vendor :STMicroelectronics X-CUBE-TCPP 4.1.0
2024-05-12 12:41:01,015 [INFO] ThirdParty:977 - CMSIS Pack Vendor :STMicroelectronics X-CUBE-FREERTOS 1.2.0
2024-05-12 12:41:01,015 [INFO] ThirdParty:977 - CMSIS Pack Vendor :STMicroelectronics X-CUBE-AZRTOS-WB 2.0.0
2024-05-12 12:41:01,015 [INFO] ThirdParty:977 - CMSIS Pack Vendor :STMicroelectronics X-CUBE-TOUCHGFX 4.23.2
2024-05-12 12:41:01,015 [INFO] ThirdParty:977 - CMSIS Pack Vendor :STMicroelectronics X-CUBE-AZRTOS-F7 1.1.0
2024-05-12 12:41:01,015 [INFO] ThirdParty:977 - CMSIS Pack Vendor :STMicroelectronics X-CUBE-AZRTOS-L5 2.0.0
2024-05-12 12:41:01,015 [INFO] ThirdParty:977 - CMSIS Pack Vendor :STMicroelectronics USB_DEVICE 2.0.0
2024-05-12 12:41:01,018 [INFO] ThirdParty:977 - CMSIS Pack Vendor :STMicroelectronics X-CUBE-NFC6 3.1.0
2024-05-12 12:41:01,018 [INFO] ThirdParty:977 - CMSIS Pack Vendor :STMicroelectronics X-CUBE-ALGOBUILD 1.3.0
2024-05-12 12:41:01,018 [INFO] ThirdParty:977 - CMSIS Pack Vendor :STMicroelectronics FreeRTOS 0.0.1
2024-05-12 12:41:01,018 [INFO] ThirdParty:977 - CMSIS Pack Vendor :STMicroelectronics X-CUBE-AZRTOS-G0 1.1.0
2024-05-12 12:41:01,018 [INFO] ThirdParty:977 - CMSIS Pack Vendor :STMicroelectronics X-CUBE-SAFEA1 1.2.2
2024-05-12 12:41:01,018 [INFO] ThirdParty:977 - CMSIS Pack Vendor :STMicroelectronics X-CUBE-NFC4 3.0.0
2024-05-12 12:41:01,018 [INFO] ThirdParty:977 - CMSIS Pack Vendor :STMicroelectronics X-CUBE-SUBG2 5.0.0
2024-05-12 12:41:01,018 [INFO] ThirdParty:977 - CMSIS Pack Vendor :STMicroelectronics STM32_WPAN 1.0.0
2024-05-12 12:41:01,018 [INFO] ThirdParty:977 - CMSIS Pack Vendor :STMicroelectronics lwIP 2.0.3
2024-05-12 12:41:01,018 [INFO] ThirdParty:977 - CMSIS Pack Vendor :STMicroelectronics FP-SNS-FLIGHT1 5.0.2
2024-05-12 12:41:01,018 [INFO] ThirdParty:977 - CMSIS Pack Vendor :STMicroelectronics USB_HOST 1.0.0
2024-05-12 12:41:01,018 [INFO] ThirdParty:977 - CMSIS Pack Vendor :STMicroelectronics X-CUBE-AI 9.0.0
2024-05-12 12:41:01,018 [INFO] ThirdParty:977 - CMSIS Pack Vendor :STMicroelectronics X-CUBE-AZRTOS-G4 2.0.0
2024-05-12 12:41:01,018 [INFO] ThirdParty:977 - CMSIS Pack Vendor :STMicroelectronics PDM2PCM 3.1.0
2024-05-12 12:41:01,018 [INFO] ThirdParty:977 - CMSIS Pack Vendor :STMicroelectronics PDM2PCM 3.3.0
2024-05-12 12:41:01,020 [INFO] ThirdParty:977 - CMSIS Pack Vendor :STMicroelectronics X-CUBE-DISPLAY 3.0.0
2024-05-12 12:41:01,020 [INFO] ThirdParty:977 - CMSIS Pack Vendor :wolfSSL I-CUBE-wolfSSL 5.7.0
2024-05-12 12:41:01,020 [INFO] ThirdParty:977 - CMSIS Pack Vendor :STMicroelectronics X-CUBE-BLE1 7.0.0
2024-05-12 12:41:01,022 [INFO] ThirdParty:977 - CMSIS Pack Vendor :STMicroelectronics FP-ATR-SIGFOX1 3.2.0
2024-05-12 12:41:01,022 [INFO] ThirdParty:977 - CMSIS Pack Vendor :STMicroelectronics X-CUBE-ISPU 2.0.0
2024-05-12 12:41:01,022 [INFO] ThirdParty:977 - CMSIS Pack Vendor :STMicroelectronics X-CUBE-EEPRMA1 5.1.0
2024-05-12 12:41:01,023 [INFO] ThirdParty:977 - CMSIS Pack Vendor :STMicroelectronics HAL Drivers 0.0.0
2024-05-12 12:41:01,023 [INFO] ThirdParty:977 - CMSIS Pack Vendor :STMicroelectronics MBEDTLS 2.16.2
2024-05-12 12:41:01,023 [INFO] ThirdParty:977 - CMSIS Pack Vendor :emotas I-CUBE-CANOPEN 1.3.0
2024-05-12 12:41:01,023 [INFO] ThirdParty:977 - CMSIS Pack Vendor :STMicroelectronics X-CUBE-MEMS1 10.0.0
2024-05-12 12:41:01,023 [INFO] ThirdParty:977 - CMSIS Pack Vendor :STMicroelectronics X-CUBE-NFC7 1.0.1
2024-05-12 12:41:01,023 [INFO] ThirdParty:977 - CMSIS Pack Vendor :STMicroelectronics MBEDTLS 2.14.1
2024-05-12 12:41:01,023 [INFO] ThirdParty:977 - CMSIS Pack Vendor :ITTIA_DB I-CUBE-ITTIADB 8.9.0
2024-05-12 12:41:01,023 [INFO] ThirdParty:977 - CMSIS Pack Vendor :portGmbH I-Cube-SoM-uGOAL 1.1.0
2024-05-12 12:41:01,023 [INFO] ThirdParty:977 - CMSIS Pack Vendor :STMicroelectronics X-CUBE-ALS 1.0.1
2024-05-12 12:41:01,023 [INFO] ThirdParty:977 - CMSIS Pack Vendor :STMicroelectronics X-CUBE-BLEMGR 3.1.0
2024-05-12 12:41:01,023 [INFO] ThirdParty:977 - CMSIS Pack Vendor :STMicroelectronics ThreadX 1.0.0
2024-05-12 12:41:01,026 [INFO] ThirdParty:977 - CMSIS Pack Vendor :STMicroelectronics FP-SNS-SMARTAG2 1.2.0
2024-05-12 12:41:01,026 [INFO] ThirdParty:977 - CMSIS Pack Vendor :STMicroelectronics X-CUBE-AZRTOS-WL 2.0.0
2024-05-12 12:41:01,026 [INFO] ThirdParty:977 - CMSIS Pack Vendor :SEGGER I-CUBE-embOS 1.3.1
2024-05-12 12:41:01,026 [INFO] ThirdParty:977 - CMSIS Pack Vendor :STMicroelectronics X-CUBE-ALGOBUILD 1.4.0
2024-05-12 12:41:01,026 [INFO] ThirdParty:977 - CMSIS Pack Vendor :STMicroelectronics FP-SNS-MOTENV1 5.0.0
2024-05-12 12:41:01,026 [INFO] ThirdParty:977 - CMSIS Pack Vendor :STMicroelectronics USB_DEVICE 1.0.0
2024-05-12 12:41:01,026 [INFO] ThirdParty:977 - CMSIS Pack Vendor :STMicroelectronics X-CUBE-AZRTOS-H7RS 1.0.0
2024-05-12 12:41:01,026 [INFO] ThirdParty:977 - CMSIS Pack Vendor :STMicroelectronics X-CUBE-AZRTOS-L4 2.0.0
2024-05-12 12:41:01,026 [INFO] ThirdParty:977 - CMSIS Pack Vendor :STMicroelectronics ThreadX 0.0.2
2024-05-12 12:41:01,026 [INFO] ThirdParty:977 - CMSIS Pack Vendor :WES I-CUBE-Cesium 1.3.0
2024-05-12 12:41:01,026 [INFO] ThirdParty:977 - CMSIS Pack Vendor :STMicroelectronics FP-ATR-ASTRA1 2.0.0
2024-05-12 12:41:01,026 [INFO] ThirdParty:977 - CMSIS Pack Vendor :STMicroelectronics lwIP 2.1.2
2024-05-12 12:41:01,026 [INFO] ThirdParty:977 - CMSIS Pack Vendor :STMicroelectronics X-CUBE-SFXS2LP1 4.0.0
2024-05-12 12:41:01,026 [INFO] ThirdParty:977 - CMSIS Pack Vendor :STMicroelectronics X-CUBE-BLE2 3.3.0
2024-05-12 12:41:01,026 [INFO] ThirdParty:977 - CMSIS Pack Vendor :STMicroelectronics X-CUBE-TOF1 3.4.1
2024-05-12 12:41:01,026 [INFO] ThirdParty:977 - CMSIS Pack Vendor :STMicroelectronics X-CUBE-AZRTOS-H7 3.2.0
2024-05-12 12:41:01,026 [INFO] ThirdParty:977 - CMSIS Pack Vendor :Infineon AIROC-Wi-Fi-Bluetooth-STM32 1.6.0
2024-05-12 12:41:01,026 [INFO] ThirdParty:977 - CMSIS Pack Vendor :STMicroelectronics PDM2PCM 3.2.0
2024-05-12 12:41:01,028 [INFO] ThirdParty:793 - exiting critical section [change project]
2024-05-12 12:41:01,359 [INFO] PinOutPanel:1465 - setPackage(No Configuration,No Configuration)
2024-05-12 12:41:01,363 [INFO] PinOutPanel:1465 - setPackage(STM32F103C8Tx,LQFP48)
2024-05-12 12:41:01,874 [INFO] UtilMem:74 - Before build in PCC Used Memory: 771123016 Bytes (981467136)
2024-05-12 12:41:02,637 [INFO] UtilMem:74 - After build in PCC Used Memory: 636527376 Bytes (981467136)
2024-05-12 12:41:02,666 [INFO] IPUIPlugin:75 - create IPUIPlugin
2024-05-12 12:41:02,666 [INFO] IPUIPlugin:75 - create IPUIPlugin
2024-05-12 12:41:02,666 [INFO] IPUIPlugin:75 - create IPUIPlugin
2024-05-12 12:41:02,668 [INFO] IPUIPlugin:75 - create IPUIPlugin
2024-05-12 12:41:02,668 [INFO] IPUIPlugin:75 - create IPUIPlugin
2024-05-12 12:41:02,668 [INFO] IPUIPlugin:75 - create IPUIPlugin
2024-05-12 12:41:02,668 [INFO] IPUIPlugin:75 - create IPUIPlugin
2024-05-12 12:41:02,668 [INFO] IPUIPlugin:75 - create IPUIPlugin
2024-05-12 12:41:02,668 [INFO] IPUIPlugin:75 - create IPUIPlugin
2024-05-12 12:41:02,668 [INFO] IPUIPlugin:75 - create IPUIPlugin
2024-05-12 12:41:02,668 [INFO] IPUIPlugin:75 - create IPUIPlugin
2024-05-12 12:41:02,668 [INFO] IPUIPlugin:75 - create IPUIPlugin
2024-05-12 12:41:02,671 [INFO] IPUIPlugin:75 - create IPUIPlugin
2024-05-12 12:41:02,671 [INFO] IPUIPlugin:75 - create IPUIPlugin
2024-05-12 12:41:02,671 [INFO] IPUIPlugin:75 - create IPUIPlugin
2024-05-12 12:41:02,673 [INFO] IPUIPlugin:75 - create IPUIPlugin
2024-05-12 12:41:02,673 [INFO] IPUIPlugin:75 - create IPUIPlugin
2024-05-12 12:41:02,675 [INFO] IPUIPlugin:75 - create IPUIPlugin
2024-05-12 12:41:02,676 [INFO] IPUIPlugin:75 - create IPUIPlugin
2024-05-12 12:41:02,676 [INFO] IPUIPlugin:75 - create IPUIPlugin
2024-05-12 12:41:02,676 [INFO] IPUIPlugin:75 - create IPUIPlugin
2024-05-12 12:41:02,678 [INFO] IPUIPlugin:75 - create IPUIPlugin
2024-05-12 12:41:02,678 [INFO] IPUIPlugin:75 - create IPUIPlugin
2024-05-12 12:41:02,681 [INFO] IPUIPlugin:75 - create IPUIPlugin
2024-05-12 12:41:02,681 [INFO] IPUIPlugin:75 - create IPUIPlugin
2024-05-12 12:41:02,681 [INFO] IPUIPlugin:75 - create IPUIPlugin
2024-05-12 12:41:02,683 [INFO] IPUIPlugin:75 - create IPUIPlugin
2024-05-12 12:41:02,778 [INFO] OpenFileManager:323 - Restore cursor
2024-05-12 12:41:03,948 [INFO] UtilMem:74 - End SaveConfig() Used Memory: 683528896 Bytes (981467136)
2024-05-12 12:41:04,064 [INFO] UtilMem:74 - End SaveConfig() Used Memory: 695742304 Bytes (981467136)
2024-05-12 12:41:04,384 [INFO] BlockDiagram:2740 - set Specific Code input for plugin: NVIC
2024-05-12 12:41:04,384 [INFO] BlockDiagram:2740 - set Specific Code input for plugin: SYS
2024-05-12 12:41:04,384 [INFO] BlockDiagram:2740 - set Specific Code input for plugin: RCC
2024-05-12 12:41:04,389 [INFO] CodeGenerator:681 - code generatio: config db path: C:\ST\STM32CubeIDE_1.9.0\STM32CubeIDE\plugins\com.st.stm32cube.common.mx_6.5.0.202202251913\\db\
2024-05-12 12:41:04,816 [INFO] CodeEngine:237 - oldGeneratedFile, C:\Users\hoatt\STM32CubeIDE\update_fw_func_in_ram\app2\MXTmpFiles\license.tmp_save
2024-05-12 12:41:04,954 [INFO] CodeEngine:261 - Generated code: C:\Users\hoatt\STM32CubeIDE\update_fw_func_in_ram\app2\MXTmpFiles\license.tmp
2024-05-12 12:41:05,087 [INFO] CodeEngine:237 - oldGeneratedFile, C:\Users\hoatt\STM32CubeIDE\update_fw_func_in_ram\app2\Core\Src\stm32f1xx_it.c_save
2024-05-12 12:41:05,226 [INFO] CodeEngine:261 - Generated code: C:\Users\hoatt\STM32CubeIDE\update_fw_func_in_ram\app2\Core\Src\stm32f1xx_it.c
2024-05-12 12:41:05,239 [INFO] CodeEngine:237 - oldGeneratedFile, C:\Users\hoatt\STM32CubeIDE\update_fw_func_in_ram\app2\Core\Inc\stm32f1xx_it.h_save
2024-05-12 12:41:05,368 [INFO] CodeEngine:261 - Generated code: C:\Users\hoatt\STM32CubeIDE\update_fw_func_in_ram\app2\Core\Inc\stm32f1xx_it.h
2024-05-12 12:41:05,407 [INFO] CodeEngine:237 - oldGeneratedFile, C:\Users\hoatt\STM32CubeIDE\update_fw_func_in_ram\app2\Core\Src\stm32f1xx_hal_msp.c_save
2024-05-12 12:41:05,602 [INFO] CodeEngine:261 - Generated code: C:\Users\hoatt\STM32CubeIDE\update_fw_func_in_ram\app2\Core\Src\stm32f1xx_hal_msp.c
2024-05-12 12:41:05,621 [INFO] CodeEngine:237 - oldGeneratedFile, C:\Users\hoatt\STM32CubeIDE\update_fw_func_in_ram\app2\MXTmpFiles\system.tmp_save
2024-05-12 12:41:05,773 [INFO] CodeEngine:261 - Generated code: C:\Users\hoatt\STM32CubeIDE\update_fw_func_in_ram\app2\MXTmpFiles\system.tmp
2024-05-12 12:41:05,814 [INFO] CodeEngine:237 - oldGeneratedFile, C:\Users\hoatt\STM32CubeIDE\update_fw_func_in_ram\app2\Core\Inc\stm32f1xx_hal_conf.h_save
2024-05-12 12:41:05,995 [INFO] CodeEngine:261 - Generated code: C:\Users\hoatt\STM32CubeIDE\update_fw_func_in_ram\app2\Core\Inc\stm32f1xx_hal_conf.h
2024-05-12 12:41:06,063 [INFO] CodeEngine:237 - oldGeneratedFile, C:\Users\hoatt\STM32CubeIDE\update_fw_func_in_ram\app2\Core\Inc\main.h_save
2024-05-12 12:41:06,189 [INFO] CodeEngine:261 - Generated code: C:\Users\hoatt\STM32CubeIDE\update_fw_func_in_ram\app2\Core\Inc\main.h
2024-05-12 12:41:06,202 [INFO] CodeEngine:237 - oldGeneratedFile, C:\Users\hoatt\STM32CubeIDE\update_fw_func_in_ram\app2\Core\Src\main.c_save
2024-05-12 12:41:06,445 [INFO] CodeEngine:261 - Generated code: C:\Users\hoatt\STM32CubeIDE\update_fw_func_in_ram\app2\Core\Src\main.c
2024-05-12 12:41:08,578 [INFO] ProjectBuilder:2913 - Time for Copy HAL[1] : 714mS.
2024-05-12 12:41:08,593 [INFO] ProjectBuilder:4015 - Project Generator version: 3.16.0
2024-05-12 12:41:09,250 [INFO] ConfigFileManager:1287 - The Die is : DIE410
2024-05-12 12:41:09,258 [INFO] ApiDbMcu:488 - Load IP Config File for FATFS
2024-05-12 12:41:09,272 [INFO] ApiDbMcu:488 - Load IP Config File for FREERTOS
2024-05-12 12:41:09,287 [INFO] ApiDbMcu:488 - Load IP Config File for USB_DEVICE
2024-05-12 12:41:14,074 [INFO] ProjectBuilder:4183 - Time for Generating toolchain IDE Files: 5481mS.
2024-05-12 12:41:14,077 [INFO] ProjectBuilder:2785 - Time for Copy CMSIS : 3mS.
2024-05-12 12:41:14,088 [INFO] ProjectBuilder:2785 - Time for Copy CMSIS : 0mS.
2024-05-12 12:41:16,058 [INFO] McuFinderGlobals:52 - Set McuFinderConnectedMode to true
2024-05-12 12:41:16,067 [INFO] ApiDb:432 - Save user favorites file C:\Users\hoatt/.stm32cubeide/favorites.mcus.txt: 1 item(s)
2024-05-12 12:41:16,069 [INFO] ApiDb:436 - User favorites MCUs=[STM32F103C8T6]
2024-05-12 12:41:28,774 [INFO] UtilMem:74 - End SaveConfig() Used Memory: 771638392 Bytes (993001472)
2024-05-12 12:41:31,224 [INFO] UtilMem:74 - End SaveConfig() Used Memory: 590946272 Bytes (993001472)
2024-05-12 12:41:40,341 [INFO] UtilMem:74 - End SaveConfig() Used Memory: 660934064 Bytes (993001472)
2024-05-12 12:41:40,883 [INFO] BlockDiagram:2740 - set Specific Code input for plugin: NVIC
2024-05-12 12:41:40,883 [INFO] BlockDiagram:2740 - set Specific Code input for plugin: SYS
2024-05-12 12:41:40,883 [INFO] BlockDiagram:2740 - set Specific Code input for plugin: GPIO
2024-05-12 12:41:40,885 [INFO] BlockDiagram:2740 - set Specific Code input for plugin: RCC
2024-05-12 12:41:40,890 [INFO] CodeGenerator:681 - code generatio: config db path: C:\ST\STM32CubeIDE_1.9.0\STM32CubeIDE\plugins\com.st.stm32cube.common.mx_6.5.0.202202251913\\db\
2024-05-12 12:41:41,312 [INFO] CodeEngine:237 - oldGeneratedFile, C:\Users\hoatt\STM32CubeIDE\update_fw_func_in_ram\app2\MXTmpFiles\license.tmp_save
2024-05-12 12:41:41,447 [INFO] CodeEngine:261 - Generated code: C:\Users\hoatt\STM32CubeIDE\update_fw_func_in_ram\app2\MXTmpFiles\license.tmp
2024-05-12 12:41:41,480 [INFO] CodeEngine:237 - oldGeneratedFile, C:\Users\hoatt\STM32CubeIDE\update_fw_func_in_ram\app2\MXTmpFiles\gpio.tmp_save
2024-05-12 12:41:41,619 [INFO] CodeEngine:261 - Generated code: C:\Users\hoatt\STM32CubeIDE\update_fw_func_in_ram\app2\MXTmpFiles\gpio.tmp
2024-05-12 12:41:41,667 [INFO] CodeEngine:237 - oldGeneratedFile, C:\Users\hoatt\STM32CubeIDE\update_fw_func_in_ram\app2\Core\Src\stm32f1xx_it.c_save
2024-05-12 12:41:41,872 [INFO] CodeEngine:261 - Generated code: C:\Users\hoatt\STM32CubeIDE\update_fw_func_in_ram\app2\Core\Src\stm32f1xx_it.c
2024-05-12 12:41:41,901 [INFO] CodeEngine:237 - oldGeneratedFile, C:\Users\hoatt\STM32CubeIDE\update_fw_func_in_ram\app2\Core\Inc\stm32f1xx_it.h_save
2024-05-12 12:41:42,062 [INFO] CodeEngine:261 - Generated code: C:\Users\hoatt\STM32CubeIDE\update_fw_func_in_ram\app2\Core\Inc\stm32f1xx_it.h
2024-05-12 12:41:42,101 [INFO] CodeEngine:237 - oldGeneratedFile, C:\Users\hoatt\STM32CubeIDE\update_fw_func_in_ram\app2\Core\Src\stm32f1xx_hal_msp.c_save
2024-05-12 12:41:42,304 [INFO] CodeEngine:261 - Generated code: C:\Users\hoatt\STM32CubeIDE\update_fw_func_in_ram\app2\Core\Src\stm32f1xx_hal_msp.c
2024-05-12 12:41:42,323 [INFO] CodeEngine:237 - oldGeneratedFile, C:\Users\hoatt\STM32CubeIDE\update_fw_func_in_ram\app2\MXTmpFiles\system.tmp_save
2024-05-12 12:41:42,480 [INFO] CodeEngine:261 - Generated code: C:\Users\hoatt\STM32CubeIDE\update_fw_func_in_ram\app2\MXTmpFiles\system.tmp
2024-05-12 12:41:42,522 [INFO] CodeEngine:237 - oldGeneratedFile, C:\Users\hoatt\STM32CubeIDE\update_fw_func_in_ram\app2\Core\Inc\stm32f1xx_hal_conf.h_save
2024-05-12 12:41:42,670 [INFO] CodeEngine:261 - Generated code: C:\Users\hoatt\STM32CubeIDE\update_fw_func_in_ram\app2\Core\Inc\stm32f1xx_hal_conf.h
2024-05-12 12:41:42,741 [INFO] CodeEngine:237 - oldGeneratedFile, C:\Users\hoatt\STM32CubeIDE\update_fw_func_in_ram\app2\Core\Inc\main.h_save
2024-05-12 12:41:42,877 [INFO] CodeEngine:261 - Generated code: C:\Users\hoatt\STM32CubeIDE\update_fw_func_in_ram\app2\Core\Inc\main.h
2024-05-12 12:41:42,899 [INFO] CodeEngine:237 - oldGeneratedFile, C:\Users\hoatt\STM32CubeIDE\update_fw_func_in_ram\app2\Core\Src\main.c_save
2024-05-12 12:41:43,152 [INFO] CodeEngine:261 - Generated code: C:\Users\hoatt\STM32CubeIDE\update_fw_func_in_ram\app2\Core\Src\main.c
2024-05-12 12:41:44,757 [INFO] ProjectBuilder:2913 - Time for Copy HAL[1] : 637mS.
2024-05-12 12:41:44,768 [INFO] ProjectBuilder:4015 - Project Generator version: 3.16.0
2024-05-12 12:41:45,421 [INFO] ConfigFileManager:1287 - The Die is : DIE410
2024-05-12 12:41:48,016 [INFO] ProjectBuilder:4183 - Time for Generating toolchain IDE Files: 3248mS.
2024-05-12 12:41:48,021 [INFO] ProjectBuilder:2785 - Time for Copy CMSIS : 2mS.
2024-05-12 12:41:48,036 [INFO] ProjectBuilder:2785 - Time for Copy CMSIS : 0mS.
2024-05-17 23:16:08,760 [INFO] Activator:177 - 


2024-05-17 23:16:08,760 [INFO] Activator:178 - !SESSION log4j initialized
2024-05-17 23:16:20,726 [ERROR] AnalyticsContext:980 - The ST intranet updater server is unknown: mcucrossselector.codex.cro.st.com
2024-05-19 19:40:22,493 [ERROR] ConfigurationRetriever:139 - IOException on connection: connect timed out
2024-05-19 19:40:24,495 [ERROR] ConfigurationRetriever:139 - IOException on connection: connect timed out
2024-05-19 19:40:26,503 [ERROR] ConfigurationRetriever:139 - IOException on connection: connect timed out
2024-05-19 20:21:32,227 [ERROR] ConfigurationRetriever:139 - IOException on connection: connect timed out
2024-05-19 20:21:34,229 [ERROR] ConfigurationRetriever:139 - IOException on connection: connect timed out
2024-05-19 20:21:36,233 [ERROR] ConfigurationRetriever:139 - IOException on connection: connect timed out
2024-05-19 20:53:44,288 [ERROR] ConfigurationRetriever:139 - IOException on connection: connect timed out
2024-05-19 20:53:46,292 [ERROR] ConfigurationRetriever:139 - IOException on connection: connect timed out
2024-05-19 20:53:48,292 [ERROR] ConfigurationRetriever:139 - IOException on connection: connect timed out
2024-05-19 20:53:50,464 [ERROR] ConfigurationRetriever:139 - IOException on connection: connect timed out
2024-05-19 20:53:52,471 [ERROR] ConfigurationRetriever:139 - IOException on connection: connect timed out
2024-05-19 20:53:54,483 [ERROR] ConfigurationRetriever:139 - IOException on connection: connect timed out
2024-05-19 20:57:14,173 [ERROR] ConfigurationRetriever:139 - IOException on connection: connect timed out
2024-05-19 20:57:16,175 [ERROR] ConfigurationRetriever:139 - IOException on connection: connect timed out
2024-05-19 20:57:18,183 [ERROR] ConfigurationRetriever:139 - IOException on connection: connect timed out
2024-05-19 20:57:20,307 [ERROR] ConfigurationRetriever:139 - IOException on connection: connect timed out
2024-05-19 20:57:22,318 [ERROR] ConfigurationRetriever:139 - IOException on connection: connect timed out
2024-05-19 20:57:24,328 [ERROR] ConfigurationRetriever:139 - IOException on connection: connect timed out
2024-05-20 23:07:35,398 [INFO] Activator:177 - 


2024-05-20 23:07:35,398 [INFO] Activator:178 - !SESSION log4j initialized
2024-05-20 23:07:48,832 [ERROR] AnalyticsContext:980 - The ST intranet updater server is unknown: mcucrossselector.codex.cro.st.com
