2024-06-16 15:00:09,904 [INFO] Activator:177 - 


2024-06-16 15:00:09,920 [INFO] Activator:178 - !SESSION log4j initialized
2024-06-16 15:00:17,096 [ERROR] AnalyticsContext:980 - The ST intranet updater server is unknown: mcucrossselector.codex.cro.st.com
2024-06-16 15:03:45,631 [INFO] McuFinderGlobals:39 - Set McuFinder mode to 2 (CubeIDE integrated)
2024-06-16 15:03:46,847 [INFO] ApplicationProperties:181 - Using Application install path: C:\ST\STM32CubeIDE_1.9.0\STM32CubeIDE\plugins\com.st.stm32cube.common.mx_6.5.0.202202251913
2024-06-16 15:03:46,890 [INFO] DbMcusXml:72 - Set database path to: C:\ST\STM32CubeIDE_1.9.0\STM32CubeIDE\plugins\com.st.stm32cube.common.mx_6.5.0.202202251913\\db\/mcu/
2024-06-16 15:03:46,892 [INFO] ApiDb:260 - Set plugin database path to: C:\ST\STM32CubeIDE_1.9.0\STM32CubeIDE\plugins\com.st.stm32cube.common.mx_6.5.0.202202251913\\db\/plugins/boardmanager/
2024-06-16 15:03:46,896 [WARN] ApiDb:245 - Overriding images path with different value:  => C:\ST\STM32CubeIDE_1.9.0\STM32CubeIDE\plugins\com.st.stm32cube.common.mx_6.5.0.202202251913\\db\/plugins/mcufinder/images/
2024-06-16 15:03:46,956 [INFO] ApiDb:226 - Set database path to: C:\Users\hoatt\.stmcufinder\plugins\mcufinder//mcu/
2024-06-16 15:03:46,959 [INFO] DbMcusAds:119 - Set database path to: C:\Users\hoatt\.stmcufinder\plugins\mcufinder//mcu/
2024-06-16 15:03:46,979 [INFO] CrossReferenceDbSqlite:196 - Set database path to: C:\Users\hoatt\.stmcufinder\plugins\mcufinder//mcu/cs/
2024-06-16 15:03:47,187 [INFO] RulesReader:57 - Compatibility file has been processed (281 Rules)
2024-06-16 15:03:47,504 [INFO] DbMcusXml:72 - Set database path to: C:\ST\STM32CubeIDE_1.9.0\STM32CubeIDE\plugins\com.st.stm32cube.common.mx_6.5.0.202202251913\\db\/mcu/
2024-06-16 15:03:47,505 [INFO] ApiDb:260 - Set plugin database path to: C:\ST\STM32CubeIDE_1.9.0\STM32CubeIDE\plugins\com.st.stm32cube.common.mx_6.5.0.202202251913\\db\/plugins/boardmanager/
2024-06-16 15:03:47,505 [INFO] ApiDb:247 - Set plugin images path to: C:\ST\STM32CubeIDE_1.9.0\STM32CubeIDE\plugins\com.st.stm32cube.common.mx_6.5.0.202202251913\\db\/plugins/mcufinder/images/
2024-06-16 15:03:47,506 [WARN] DbFile:35 - Overriding database path with different value: C:\Users\hoatt\.stmcufinder\plugins\mcufinder/ => C:\Users\hoatt\.stmcufinder\plugins\mcufinder
2024-06-16 15:03:47,506 [INFO] ApiDb:226 - Set database path to: C:\Users\hoatt\.stmcufinder\plugins\mcufinder//mcu/
2024-06-16 15:03:47,506 [WARN] DbFile:35 - Overriding database path with different value: C:\Users\hoatt\.stmcufinder\plugins\mcufinder/ => C:\Users\hoatt\.stmcufinder\plugins\mcufinder
2024-06-16 15:03:47,506 [INFO] DbMcusAds:119 - Set database path to: C:\Users\hoatt\.stmcufinder\plugins\mcufinder//mcu/
2024-06-16 15:03:47,508 [WARN] DbFile:35 - Overriding database path with different value: C:\Users\hoatt\.stmcufinder\plugins\mcufinder/ => C:\Users\hoatt\.stmcufinder\plugins\mcufinder
2024-06-16 15:03:47,508 [WARN] DbFile:35 - Overriding database path with different value: C:\Users\hoatt\.stmcufinder\plugins\mcufinder/ => C:\Users\hoatt\.stmcufinder\plugins\mcufinder
2024-06-16 15:03:47,508 [INFO] CrossReferenceDbSqlite:196 - Set database path to: C:\Users\hoatt\.stmcufinder\plugins\mcufinder//mcu/cs/
2024-06-16 15:03:47,789 [INFO] MainPanel:230 - HeapMemory: 563085312
2024-06-16 15:03:48,070 [INFO] DbMcusXml:72 - Set database path to: C:\ST\STM32CubeIDE_1.9.0\STM32CubeIDE\plugins\com.st.stm32cube.common.mx_6.5.0.202202251913\\db\/mcu/
2024-06-16 15:03:48,070 [INFO] ApiDb:260 - Set plugin database path to: C:\ST\STM32CubeIDE_1.9.0\STM32CubeIDE\plugins\com.st.stm32cube.common.mx_6.5.0.202202251913\\db\/plugins/boardmanager/
2024-06-16 15:03:48,070 [INFO] ApiDb:247 - Set plugin images path to: C:\ST\STM32CubeIDE_1.9.0\STM32CubeIDE\plugins\com.st.stm32cube.common.mx_6.5.0.202202251913\\db\/plugins/mcufinder/images/
2024-06-16 15:03:48,072 [WARN] DbFile:35 - Overriding database path with different value: C:\Users\hoatt\.stmcufinder\plugins\mcufinder/ => C:\Users\hoatt\.stmcufinder\plugins\mcufinder
2024-06-16 15:03:48,074 [INFO] ApiDb:226 - Set database path to: C:\Users\hoatt\.stmcufinder\plugins\mcufinder//mcu/
2024-06-16 15:03:48,074 [WARN] DbFile:35 - Overriding database path with different value: C:\Users\hoatt\.stmcufinder\plugins\mcufinder/ => C:\Users\hoatt\.stmcufinder\plugins\mcufinder
2024-06-16 15:03:48,074 [INFO] DbMcusAds:119 - Set database path to: C:\Users\hoatt\.stmcufinder\plugins\mcufinder//mcu/
2024-06-16 15:03:48,074 [WARN] DbFile:35 - Overriding database path with different value: C:\Users\hoatt\.stmcufinder\plugins\mcufinder/ => C:\Users\hoatt\.stmcufinder\plugins\mcufinder
2024-06-16 15:03:48,075 [WARN] DbFile:35 - Overriding database path with different value: C:\Users\hoatt\.stmcufinder\plugins\mcufinder/ => C:\Users\hoatt\.stmcufinder\plugins\mcufinder
2024-06-16 15:03:48,075 [INFO] CrossReferenceDbSqlite:196 - Set database path to: C:\Users\hoatt\.stmcufinder\plugins\mcufinder//mcu/cs/
2024-06-16 15:03:48,121 [INFO] ApplicationProperties:181 - Using Application install path: C:\ST\STM32CubeIDE_1.9.0\STM32CubeIDE\plugins\com.st.stm32cube.common.mx_6.5.0.202202251913
2024-06-16 15:03:48,128 [INFO] PluginManage:188 - Search for loadable plugins [exclusion list=, ]
2024-06-16 15:03:48,132 [INFO] PluginManage:302 - Check plugin analytics
2024-06-16 15:03:48,307 [ERROR] AnalyticsContext:980 - The ST intranet updater server is unknown: mcucrossselector.codex.cro.st.com
2024-06-16 15:03:48,447 [INFO] AnalyticsPlugin:257 - Accepted Software Licenses: 
2024-06-16 15:03:48,447 [INFO] AnalyticsPlugin:259 - Accepted CMSIS Pack Licenses: 
2024-06-16 15:03:48,450 [INFO] AnalyticsPlugin:261 - Accepted Firmware Licenses: 
2024-06-16 15:03:48,463 [INFO] PluginManage:352 - Loaded plugin analytics (category:tool,tabindex:-1)
2024-06-16 15:03:48,463 [INFO] PluginManage:302 - Check plugin clock
2024-06-16 15:03:48,482 [INFO] PluginManage:352 - Loaded plugin clock (category:base,tabindex:2)
2024-06-16 15:03:48,482 [INFO] PluginManage:302 - Check plugin ddr
2024-06-16 15:03:48,490 [INFO] PluginManage:352 - Loaded plugin ddr (category:tool,tabindex:6)
2024-06-16 15:03:48,490 [INFO] PluginManage:302 - Check plugin filemanager
2024-06-16 15:03:48,729 [INFO] PluginManage:352 - Loaded plugin filemanager (category:base,tabindex:10)
2024-06-16 15:03:48,729 [INFO] PluginManage:302 - Check plugin ipmanager
2024-06-16 15:03:48,759 [INFO] PluginManage:352 - Loaded plugin ipmanager (category:base,tabindex:5)
2024-06-16 15:03:48,761 [INFO] PluginManage:302 - Check plugin lpbam
2024-06-16 15:03:48,784 [INFO] PluginManage:352 - Loaded plugin lpbam (category:base,tabindex:0)
2024-06-16 15:03:48,784 [INFO] PluginManage:302 - Check plugin pinoutandconfiguration
2024-06-16 15:03:48,801 [INFO] PluginManage:352 - Loaded plugin pinoutandconfiguration (category:base,tabindex:1)
2024-06-16 15:03:48,801 [INFO] PluginManage:302 - Check plugin pinoutconfig
2024-06-16 15:03:48,881 [INFO] PluginManage:352 - Loaded plugin pinoutconfig (category:base,tabindex:0)
2024-06-16 15:03:48,881 [INFO] PluginManage:302 - Check plugin power
2024-06-16 15:03:48,901 [INFO] PluginManage:352 - Loaded plugin power (category:power,tabindex:4)
2024-06-16 15:03:48,901 [INFO] PluginManage:302 - Check plugin projectmanager
2024-06-16 15:03:48,924 [INFO] PluginManage:352 - Loaded plugin projectmanager (category:projectmanager,tabindex:3)
2024-06-16 15:03:48,927 [INFO] PluginManage:302 - Check plugin thirdparty
2024-06-16 15:03:49,231 [INFO] PluginManage:352 - Loaded plugin thirdparty (category:base,tabindex:-1)
2024-06-16 15:03:49,231 [WARN] IntegrityCheckThread:78 - waiting for thirdparty lock release [integrity check]
2024-06-16 15:03:49,231 [INFO] PluginManage:302 - Check plugin tools
2024-06-16 15:03:49,231 [INFO] IntegrityCheckThread:80 - entering critical section [integrity check]
2024-06-16 15:03:49,239 [INFO] PluginManage:352 - Loaded plugin tools (category:base,tabindex:7)
2024-06-16 15:03:49,239 [INFO] ThirdPartyUpdaterWithRetryManager:66 - Updater plugin not ready yet. [1/15]
2024-06-16 15:03:49,240 [INFO] PluginManage:302 - Check plugin tutovideos
2024-06-16 15:03:49,659 [INFO] PluginManage:352 - Loaded plugin tutovideos (category:base,tabindex:-1)
2024-06-16 15:03:49,659 [INFO] PluginManage:302 - Check plugin updater
2024-06-16 15:03:49,687 [INFO] PluginManage:352 - Loaded plugin updater (category:base,tabindex:12)
2024-06-16 15:03:49,689 [INFO] PluginManage:275 - PluginManage : Loaded plugins [14]
2024-06-16 15:03:50,274 [INFO] PinOutPanel:1465 - setPackage(No Configuration,No Configuration)
2024-06-16 15:03:50,451 [INFO] IPUIPlugin:75 - create IPUIPlugin
2024-06-16 15:03:50,452 [INFO] PluginManager:213 - loadIPPluginJar : add adc
2024-06-16 15:03:50,459 [INFO] IPUIPlugin:75 - create IPUIPlugin
2024-06-16 15:03:50,459 [INFO] PluginManager:213 - loadIPPluginJar : add aes
2024-06-16 15:03:50,464 [INFO] IPUIPlugin:75 - create IPUIPlugin
2024-06-16 15:03:50,466 [INFO] PluginManager:213 - loadIPPluginJar : add can
2024-06-16 15:03:50,469 [INFO] IPUIPlugin:75 - create IPUIPlugin
2024-06-16 15:03:50,469 [INFO] PluginManager:213 - loadIPPluginJar : add comp
2024-06-16 15:03:50,505 [INFO] IPUIPlugin:75 - create IPUIPlugin
2024-06-16 15:03:50,506 [INFO] PluginManager:213 - loadIPPluginJar : add cryp
2024-06-16 15:03:50,512 [INFO] IPUIPlugin:75 - create IPUIPlugin
2024-06-16 15:03:50,512 [INFO] PluginManager:213 - loadIPPluginJar : add dfsdm
2024-06-16 15:03:50,522 [INFO] IPUIPlugin:75 - create IPUIPlugin
2024-06-16 15:03:50,522 [INFO] PluginManager:213 - loadIPPluginJar : add dma
2024-06-16 15:03:50,530 [INFO] IPUIPlugin:75 - create IPUIPlugin
2024-06-16 15:03:50,530 [INFO] PluginManager:213 - loadIPPluginJar : add dma3
2024-06-16 15:03:50,532 [INFO] IPUIPlugin:75 - create IPUIPlugin
2024-06-16 15:03:50,532 [INFO] PluginManager:213 - loadIPPluginJar : add fatfs
2024-06-16 15:03:50,543 [INFO] IPUIPlugin:75 - create IPUIPlugin
2024-06-16 15:03:50,546 [INFO] PluginManager:213 - loadIPPluginJar : add fmc
2024-06-16 15:03:50,556 [INFO] IPUIPlugin:75 - create IPUIPlugin
2024-06-16 15:03:50,556 [INFO] PluginManager:213 - loadIPPluginJar : add freertos
2024-06-16 15:03:50,561 [INFO] IPUIPlugin:75 - create IPUIPlugin
2024-06-16 15:03:50,561 [INFO] PluginManager:213 - loadIPPluginJar : add genericplugin
2024-06-16 15:03:50,566 [INFO] IPUIPlugin:75 - create IPUIPlugin
2024-06-16 15:03:50,569 [INFO] PluginManager:213 - loadIPPluginJar : add gfxmmu
2024-06-16 15:03:50,580 [INFO] IPUIPlugin:75 - create IPUIPlugin
2024-06-16 15:03:50,581 [INFO] PluginManager:213 - loadIPPluginJar : add gic
2024-06-16 15:03:50,595 [INFO] IPUIPlugin:75 - create IPUIPlugin
2024-06-16 15:03:50,595 [INFO] PluginManager:213 - loadIPPluginJar : add gpio
2024-06-16 15:03:50,603 [INFO] IPUIPlugin:75 - create IPUIPlugin
2024-06-16 15:03:50,603 [INFO] PluginManager:213 - loadIPPluginJar : add gtzc
2024-06-16 15:03:50,609 [INFO] IPUIPlugin:75 - create IPUIPlugin
2024-06-16 15:03:50,609 [INFO] PluginManager:213 - loadIPPluginJar : add hash
2024-06-16 15:03:50,616 [INFO] IPUIPlugin:75 - create IPUIPlugin
2024-06-16 15:03:50,616 [INFO] PluginManager:213 - loadIPPluginJar : add i2c
2024-06-16 15:03:50,625 [INFO] IPUIPlugin:75 - create IPUIPlugin
2024-06-16 15:03:50,626 [INFO] PluginManager:213 - loadIPPluginJar : add i2s
2024-06-16 15:03:50,630 [INFO] IPUIPlugin:75 - create IPUIPlugin
2024-06-16 15:03:50,630 [INFO] PluginManager:213 - loadIPPluginJar : add ipddr
2024-06-16 15:03:50,643 [INFO] IPUIPlugin:75 - create IPUIPlugin
2024-06-16 15:03:50,643 [INFO] PluginManager:213 - loadIPPluginJar : add linkedlist
2024-06-16 15:03:50,648 [INFO] IPUIPlugin:75 - create IPUIPlugin
2024-06-16 15:03:50,648 [INFO] PluginManager:213 - loadIPPluginJar : add lorawan
2024-06-16 15:03:50,655 [INFO] IPUIPlugin:75 - create IPUIPlugin
2024-06-16 15:03:50,655 [INFO] PluginManager:213 - loadIPPluginJar : add ltdc
2024-06-16 15:03:50,666 [INFO] IPUIPlugin:75 - create IPUIPlugin
2024-06-16 15:03:50,668 [INFO] PluginManager:213 - loadIPPluginJar : add mdma
2024-06-16 15:03:50,676 [INFO] IPUIPlugin:75 - create IPUIPlugin
2024-06-16 15:03:50,677 [INFO] PluginManager:213 - loadIPPluginJar : add nvic
2024-06-16 15:03:50,681 [INFO] IPUIPlugin:75 - create IPUIPlugin
2024-06-16 15:03:50,681 [INFO] PluginManager:213 - loadIPPluginJar : add opamp
2024-06-16 15:03:50,691 [INFO] IPUIPlugin:75 - create IPUIPlugin
2024-06-16 15:03:50,691 [INFO] PluginManager:213 - loadIPPluginJar : add openamp
2024-06-16 15:03:50,695 [INFO] IPUIPlugin:75 - create IPUIPlugin
2024-06-16 15:03:50,698 [INFO] PluginManager:213 - loadIPPluginJar : add pdm2pcm
2024-06-16 15:03:50,711 [INFO] IPUIPlugin:75 - create IPUIPlugin
2024-06-16 15:03:50,716 [INFO] PluginManager:213 - loadIPPluginJar : add plateformsettings
2024-06-16 15:03:50,719 [INFO] IPUIPlugin:75 - create IPUIPlugin
2024-06-16 15:03:50,721 [INFO] PluginManager:213 - loadIPPluginJar : add quadspi
2024-06-16 15:03:50,729 [INFO] IPUIPlugin:75 - create IPUIPlugin
2024-06-16 15:03:50,729 [INFO] PluginManager:213 - loadIPPluginJar : add resmgrutility
2024-06-16 15:03:50,734 [INFO] IPUIPlugin:75 - create IPUIPlugin
2024-06-16 15:03:50,734 [INFO] PluginManager:213 - loadIPPluginJar : add sai
2024-06-16 15:03:50,740 [INFO] IPUIPlugin:75 - create IPUIPlugin
2024-06-16 15:03:50,742 [INFO] PluginManager:213 - loadIPPluginJar : add spi
2024-06-16 15:03:50,753 [INFO] IPUIPlugin:75 - create IPUIPlugin
2024-06-16 15:03:50,753 [INFO] PluginManager:213 - loadIPPluginJar : add stm32_wpan
2024-06-16 15:03:50,755 [INFO] IPUIPlugin:75 - create IPUIPlugin
2024-06-16 15:03:50,758 [INFO] PluginManager:213 - loadIPPluginJar : add tim
2024-06-16 15:03:50,768 [INFO] IPUIPlugin:75 - create IPUIPlugin
2024-06-16 15:03:50,768 [INFO] PluginManager:213 - loadIPPluginJar : add touchsensing
2024-06-16 15:03:50,772 [INFO] IPUIPlugin:75 - create IPUIPlugin
2024-06-16 15:03:50,772 [INFO] PluginManager:213 - loadIPPluginJar : add tracer_emb
2024-06-16 15:03:50,779 [INFO] IPUIPlugin:75 - create IPUIPlugin
2024-06-16 15:03:50,779 [INFO] PluginManager:213 - loadIPPluginJar : add ts
2024-06-16 15:03:50,784 [INFO] IPUIPlugin:75 - create IPUIPlugin
2024-06-16 15:03:50,784 [INFO] PluginManager:213 - loadIPPluginJar : add tsc
2024-06-16 15:03:50,787 [INFO] IPUIPlugin:75 - create IPUIPlugin
2024-06-16 15:03:50,787 [INFO] PluginManager:213 - loadIPPluginJar : add ucpd
2024-06-16 15:03:50,794 [INFO] IPUIPlugin:75 - create IPUIPlugin
2024-06-16 15:03:50,795 [INFO] PluginManager:213 - loadIPPluginJar : add usart
2024-06-16 15:03:50,800 [INFO] IPUIPlugin:75 - create IPUIPlugin
2024-06-16 15:03:50,800 [INFO] PluginManager:213 - loadIPPluginJar : add usbx
2024-06-16 15:03:51,355 [FATAL] Updater:297 - Updater called before beeing initialized
2024-06-16 15:03:51,639 [FATAL] Updater:297 - Updater called before beeing initialized
2024-06-16 15:03:51,650 [INFO] DbMcusAds:47 - JSON generation date=Thu May 16 16:22:00 ICT 2024 (1715851320667)
2024-06-16 15:03:51,650 [FATAL] Updater:297 - Updater called before beeing initialized
2024-06-16 15:03:51,822 [WARN] DetailPanel:320 - Failed to get advertising image, set to default
2024-06-16 15:03:52,071 [FATAL] Updater:297 - Updater called before beeing initialized
2024-06-16 15:03:52,075 [FATAL] Updater:297 - Updater called before beeing initialized
2024-06-16 15:03:52,076 [FATAL] Updater:297 - Updater called before beeing initialized
2024-06-16 15:03:52,077 [WARN] DetailPanel:320 - Failed to get advertising image, set to default
2024-06-16 15:03:52,079 [FATAL] Updater:297 - Updater called before beeing initialized
2024-06-16 15:03:52,204 [INFO] Updater:1026 - Updater Version found : 6.5.0
2024-06-16 15:03:52,240 [INFO] ThirdPartyUpdaterWithRetryManager:66 - Updater plugin not ready yet. [2/15]
2024-06-16 15:03:52,245 [INFO] ApplicationProperties:181 - Using Application install path: C:\ST\STM32CubeIDE_1.9.0\STM32CubeIDE\plugins\com.st.stm32cube.common.mx_6.5.0.202202251913
2024-06-16 15:03:52,564 [INFO] MainUpdater:2729 - connection check result : 10
2024-06-16 15:03:52,564 [INFO] MainUpdater:276 - Updater Check For Update Now.
2024-06-16 15:03:52,567 [INFO] MicroXplorer:477 - Change Database Version : DB.6.0.50
2024-06-16 15:03:52,986 [INFO] CheckServerUpdateThread:115 - End of CheckServer Thread
2024-06-16 15:03:53,036 [INFO] MainUpdater:2729 - connection check result : 10
2024-06-16 15:03:53,047 [INFO] McuFinderGlobals:52 - Set McuFinderConnectedMode to true
2024-06-16 15:03:54,420 [INFO] ServerAccessManage:359 - Download File mcusAds.json._tmp_
2024-06-16 15:03:54,564 [INFO] LoadUrlFilesThread:146 - End of LoadUrlFiles Thread
2024-06-16 15:03:54,695 [INFO] ServerAccessManage:359 - Download File cube-finder-db.zip
2024-06-16 15:03:55,241 [WARN] MainUpdater:1180 - Updater busy. Cannot search thirdparties
2024-06-16 15:03:55,241 [INFO] ThirdPartyUpdaterWithRetryManager:92 - Updater plugin is busy. [1/15]
2024-06-16 15:03:58,243 [WARN] MainUpdater:1180 - Updater busy. Cannot search thirdparties
2024-06-16 15:03:58,243 [INFO] ThirdPartyUpdaterWithRetryManager:92 - Updater plugin is busy. [2/15]
2024-06-16 15:03:59,288 [INFO] FileExtend:235 - Unzip File : cube-finder-db.zip
2024-06-16 15:03:59,288 [INFO] FileExtend:250 - Standard Zip Deflate
2024-06-16 15:04:01,245 [WARN] MainUpdater:1180 - Updater busy. Cannot search thirdparties
2024-06-16 15:04:01,245 [INFO] ThirdPartyUpdaterWithRetryManager:92 - Updater plugin is busy. [3/15]
2024-06-16 15:04:02,223 [INFO] LoadUrlFilesThread:146 - End of LoadUrlFiles Thread
2024-06-16 15:04:03,523 [INFO] ServerAccessManage:359 - Download File crdb.zip
2024-06-16 15:04:04,247 [WARN] MainUpdater:1180 - Updater busy. Cannot search thirdparties
2024-06-16 15:04:04,247 [INFO] ThirdPartyUpdaterWithRetryManager:92 - Updater plugin is busy. [4/15]
2024-06-16 15:04:04,929 [INFO] FileExtend:235 - Unzip File : crdb.zip
2024-06-16 15:04:04,932 [INFO] FileExtend:250 - Standard Zip Deflate
2024-06-16 15:04:05,113 [INFO] LoadUrlFilesThread:146 - End of LoadUrlFiles Thread
2024-06-16 15:04:05,265 [INFO] ServerAccessManage:359 - Download File tutoVideoDB.zip
2024-06-16 15:04:05,319 [INFO] FileExtend:235 - Unzip File : tutoVideoDB.zip
2024-06-16 15:04:05,319 [INFO] FileExtend:250 - Standard Zip Deflate
2024-06-16 15:04:05,446 [INFO] LoadUrlFilesThread:146 - End of LoadUrlFiles Thread
2024-06-16 15:04:05,449 [INFO] DbMcusAds:47 - JSON generation date=Thu May 16 16:22:00 ICT 2024 (1715851320667)
2024-06-16 15:04:05,497 [INFO] LoadUrlFilesThread:173 - End of LoadServerUrlFiles without Thread
2024-06-16 15:04:05,497 [INFO] TargetSelectorAdapter:228 - Refresh data is successful
2024-06-16 15:04:06,170 [INFO] ApiDb:567 - Connected to CubeFinder SQLite database (C:\Users\hoatt\.stmcufinder\plugins\mcufinder\mcu\cube-finder-db.db)
2024-06-16 15:04:06,985 [INFO] ApiDb:654 - CubeFinder database Data Model version=2.1
2024-06-16 15:04:06,988 [INFO] ApiDb:655 - CubeFinder database Configuration version=3.0.39
2024-06-16 15:04:06,988 [INFO] ApiDb:656 - CubeFinder database generation date=2024-06-06 (1717689626)
2024-06-16 15:04:06,988 [INFO] ApiDb:657 - CubeFinder database FW Pack versions=[FP-ATR-ASTRA1_V2.0.0, FP-SNS-FLIGHT1_V5.0.2, FP-SNS-MOTENV1_V5.0.0, FP-SNS-MOTENVWB1_V1.4.0, FP-SNS-SMARTAG2_V1.2.0, STM32Cube_FW_C0_V1.2.0, STM32Cube_FW_F4_V1.28.0, STM32Cube_FW_F7_V1.17.2, STM32Cube_FW_G0_V1.6.2, STM32Cube_FW_G4_V1.6.0, STM32Cube_FW_H5_V1.3.0, STM32Cube_FW_H7RS_V1.1.0, STM32Cube_FW_H7_V1.11.2, STM32Cube_FW_L0_V1.12.2, STM32Cube_FW_L5_V1.5.1, STM32Cube_FW_U0_V1.1.0, STM32Cube_FW_U5_V1.6.0, STM32Cube_FW_WB0_V1.0.0, STM32Cube_FW_WBA_V1.4.0, STM32Cube_FW_WB_V1.20.0, STM32Cube_FW_WL_V1.3.0, X-CUBE-ALGOBUILD_V1.4.0, X-CUBE-ALS_V1.0.2, X-CUBE-AZRTOS-F4_V1.1.0, X-CUBE-AZRTOS-F7_V1.1.0, X-CUBE-AZRTOS-G0_V1.1.0, X-CUBE-AZRTOS-G4_V2.0.0, X-CUBE-AZRTOS-H7RS_V1.0.0, X-CUBE-AZRTOS-H7_V3.2.0, X-CUBE-AZRTOS-L4_V2.0.0, X-CUBE-AZRTOS-L5_V1.1.0, X-CUBE-AZRTOS-WB_V2.0.0, X-CUBE-AZRTOS-WL_V2.0.0, X-CUBE-BLE1_V7.0.0, X-CUBE-BLE2_V3.3.0, X-CUBE-BLEMGR_V3.1.0, X-CUBE-EEPRMA1_V5.1.0, X-CUBE-FREERTOS_V1.2.0, X-CUBE-GNSS1_V6.0.0, X-CUBE-MEMS1_V10.0.0, X-CUBE-NFC4_V3.0.0, X-CUBE-NFC7_V1.0.1, X-CUBE-SFXS2LP1_V4.0.0, X-CUBE-SUBG2_V5.0.0, X-CUBE-TOF1_V3.4.1]
2024-06-16 15:04:07,823 [WARN] PackLoader:238 - Cannot read IP mode file for STMicroelectronics.FP-SNS-MOTENVWB1.1.4.0
2024-06-16 15:04:07,844 [WARN] PackLoader:238 - Cannot read IP mode file for STMicroelectronics.X-CUBE-SMBUS.2.1.0
2024-06-16 15:04:07,855 [WARN] PackLoader:238 - Cannot read IP mode file for STMicroelectronics.X-CUBE-TOUCHGFX.4.23.2
2024-06-16 15:04:07,935 [WARN] PackLoader:238 - Cannot read IP mode file for STMicroelectronics.X-CUBE-AZRTOS-F7.1.1.0
2024-06-16 15:04:07,951 [WARN] PackLoader:238 - Cannot read IP mode file for STMicroelectronics.FP-SNS-FLIGHT1.5.0.2
2024-06-16 15:04:07,970 [WARN] PackLoader:238 - Cannot read IP mode file for STMicroelectronics.X-CUBE-DISPLAY.3.0.0
2024-06-16 15:04:07,992 [WARN] PackLoader:238 - Cannot read IP mode file for STMicroelectronics.X-CUBE-BLE1.7.0.0
2024-06-16 15:04:08,004 [WARN] PackLoader:238 - Cannot read IP mode file for emotas.I-CUBE-CANOPEN.1.3.0
2024-06-16 15:04:08,026 [WARN] PackLoader:238 - Cannot read IP mode file for STMicroelectronics.X-CUBE-BLEMGR.3.1.0
2024-06-16 15:04:08,041 [WARN] PackLoader:238 - Cannot read IP mode file for STMicroelectronics.FP-SNS-SMARTAG2.1.2.0
2024-06-16 15:04:08,069 [INFO] LogOutputStream:76 - [STDOUT_REDIRECT] 1 : Invalid condition id : UX_CORESTACK_Condition cause : null
2024-06-16 15:04:08,069 [INFO] LogOutputStream:76 - [STDOUT_REDIRECT] 1 : Invalid condition id : UX_CORESTACK_Condition cause : null
2024-06-16 15:04:08,072 [INFO] LogOutputStream:76 - [STDOUT_REDIRECT] 1 : Invalid condition id : UX_CORESTACK_Condition cause : null
2024-06-16 15:04:08,072 [INFO] LogOutputStream:76 - [STDOUT_REDIRECT] 1 : Invalid condition id : UX_CORESTACK_Condition cause : null
2024-06-16 15:04:08,073 [INFO] LogOutputStream:76 - [STDOUT_REDIRECT] 1 : Invalid condition id : UX_CORESTACK_Condition cause : null
2024-06-16 15:04:08,080 [WARN] PackLoader:238 - Cannot read IP mode file for STMicroelectronics.X-CUBE-AZRTOS-WL.2.0.0
2024-06-16 15:04:08,097 [WARN] PackLoader:238 - Cannot read IP mode file for STMicroelectronics.FP-SNS-MOTENV1.5.0.0
2024-06-16 15:04:08,115 [WARN] PackLoader:238 - Cannot read IP mode file for wolfSSL.I-CUBE-wolfMQTT.1.19.0
2024-06-16 15:04:08,134 [WARN] PackLoader:238 - Cannot read IP mode file for WES.I-CUBE-Cesium.1.3.0
2024-06-16 15:04:08,148 [WARN] PackLoader:238 - Cannot read IP mode file for STMicroelectronics.X-CUBE-BLE2.3.3.0
2024-06-16 15:04:08,162 [WARN] PackLoader:238 - Cannot read IP mode file for STMicroelectronics.X-CUBE-TCPP.4.1.0
2024-06-16 15:04:08,207 [WARN] PackLoader:238 - Cannot read IP mode file for STMicroelectronics.X-CUBE-ALGOBUILD.1.3.0
2024-06-16 15:04:08,263 [WARN] PackLoader:238 - Cannot read IP mode file for STMicroelectronics.X-CUBE-AZRTOS-G0.1.1.0
2024-06-16 15:04:08,284 [WARN] PackLoader:238 - Cannot read IP mode file for STMicroelectronics.X-CUBE-SAFEA1.1.2.2
2024-06-16 15:04:08,300 [WARN] PackLoader:238 - Cannot read IP mode file for STMicroelectronics.X-CUBE-NFC4.3.0.0
2024-06-16 15:04:08,311 [WARN] PackLoader:238 - Cannot read IP mode file for wolfSSL.I-CUBE-wolfSSL.5.7.0
2024-06-16 15:04:08,319 [WARN] PackLoader:238 - Cannot read IP mode file for STMicroelectronics.FP-ATR-SIGFOX1.3.2.0
2024-06-16 15:04:08,335 [WARN] PackLoader:238 - Cannot read IP mode file for STMicroelectronics.X-CUBE-EEPRMA1.5.1.0
2024-06-16 15:04:08,358 [WARN] PackLoader:238 - Cannot read IP mode file for ITTIA_DB.I-CUBE-ITTIADB.8.9.0
2024-06-16 15:04:08,444 [WARN] PackLoader:238 - Cannot read IP mode file for SEGGER.I-CUBE-embOS.1.3.1
2024-06-16 15:04:08,545 [WARN] PackLoader:238 - Cannot read IP mode file for STMicroelectronics.X-CUBE-ALGOBUILD.1.4.0
2024-06-16 15:04:08,572 [WARN] PackLoader:238 - Cannot read IP mode file for STMicroelectronics.X-CUBE-GNSS1.6.0.0
2024-06-16 15:04:08,621 [WARN] PackLoader:238 - Cannot read IP mode file for STMicroelectronics.X-CUBE-AZRTOS-F4.1.1.0
2024-06-16 15:04:08,640 [WARN] PackLoader:238 - Cannot read IP mode file for STMicroelectronics.X-CUBE-FREERTOS.1.2.0
2024-06-16 15:04:08,686 [WARN] PackLoader:238 - Cannot read IP mode file for STMicroelectronics.X-CUBE-AZRTOS-L5.2.0.0
2024-06-16 15:04:08,711 [WARN] PackLoader:238 - Cannot read IP mode file for STMicroelectronics.X-CUBE-NFC6.3.1.0
2024-06-16 15:04:08,727 [WARN] PackLoader:238 - Cannot read IP mode file for STMicroelectronics.X-CUBE-AI.9.0.0
2024-06-16 15:04:08,743 [WARN] PackLoader:238 - Cannot read IP mode file for STMicroelectronics.X-CUBE-NFC7.1.0.1
2024-06-16 15:04:08,810 [WARN] ConditionMgr:437 - getConditionDescription Invalid condition id : LAN8742 Phy interface Condition cause : null
2024-06-16 15:04:08,812 [WARN] PackLoader:238 - Cannot read IP mode file for STMicroelectronics.X-CUBE-AZRTOS-L4.2.0.0
2024-06-16 15:04:08,815 [WARN] ConditionMgr:1038 - genDependencies : Invalid condition id : LAN8742 Phy interface Condition cause : null
2024-06-16 15:04:08,815 [WARN] ConditionMgr:1038 - genDependencies : Invalid condition id : LAN8742 Phy interface Condition cause : null
2024-06-16 15:04:08,817 [WARN] ConditionMgr:1038 - genDependencies : Invalid condition id : LAN8742 Phy interface Condition cause : null
2024-06-16 15:04:08,836 [WARN] PackLoader:238 - Cannot read IP mode file for STMicroelectronics.X-CUBE-SFXS2LP1.4.0.0
2024-06-16 15:04:08,897 [WARN] ConditionMgr:437 - getConditionDescription Invalid condition id : UX DEVICE CLASS RTOS Condition cause : null
2024-06-16 15:04:08,897 [WARN] ConditionMgr:437 - getConditionDescription Invalid condition id : UX DEVICE CLASS RTOS Condition cause : null
2024-06-16 15:04:08,901 [WARN] PackLoader:238 - Cannot read IP mode file for STMicroelectronics.X-CUBE-AZRTOS-WB.2.0.0
2024-06-16 15:04:08,901 [WARN] ConditionMgr:1038 - genDependencies : Invalid condition id : UX DEVICE CLASS RTOS Condition cause : null
2024-06-16 15:04:08,901 [WARN] ConditionMgr:1038 - genDependencies : Invalid condition id : UX DEVICE CLASS RTOS Condition cause : null
2024-06-16 15:04:08,904 [WARN] ConditionMgr:1038 - genDependencies : Invalid condition id : UX DEVICE CLASS RTOS Condition cause : null
2024-06-16 15:04:08,904 [WARN] ConditionMgr:1038 - genDependencies : Invalid condition id : UX DEVICE CLASS RTOS Condition cause : null
2024-06-16 15:04:08,905 [WARN] ConditionMgr:1038 - genDependencies : Invalid condition id : UX DEVICE CLASS RTOS Condition cause : null
2024-06-16 15:04:08,934 [WARN] PackLoader:238 - Cannot read IP mode file for STMicroelectronics.X-CUBE-SUBG2.5.0.0
2024-06-16 15:04:08,984 [WARN] PackLoader:238 - Cannot read IP mode file for STMicroelectronics.X-CUBE-AZRTOS-G4.2.0.0
2024-06-16 15:04:09,007 [WARN] PackLoader:238 - Cannot read IP mode file for STMicroelectronics.X-CUBE-ISPU.2.0.0
2024-06-16 15:04:09,020 [WARN] PackLoader:238 - Cannot read IP mode file for STMicroelectronics.X-CUBE-ALS.1.0.2
2024-06-16 15:04:09,126 [WARN] PackLoader:238 - Cannot read IP mode file for STMicroelectronics.X-CUBE-MEMS1.10.0.0
2024-06-16 15:04:09,519 [WARN] PackLoader:238 - Cannot read IP mode file for portGmbH.I-Cube-SoM-uGOAL.1.1.0
2024-06-16 15:04:09,530 [WARN] PackLoader:238 - Cannot read IP mode file for STMicroelectronics.X-CUBE-ALS.1.0.1
2024-06-16 15:04:09,599 [WARN] PackLoader:238 - Cannot read IP mode file for STMicroelectronics.X-CUBE-AZRTOS-H7RS.1.0.0
2024-06-16 15:04:09,627 [WARN] PackLoader:238 - Cannot read IP mode file for STMicroelectronics.FP-ATR-ASTRA1.2.0.0
2024-06-16 15:04:09,661 [WARN] PackLoader:238 - Cannot read IP mode file for STMicroelectronics.X-CUBE-TOF1.3.4.1
2024-06-16 15:04:09,743 [WARN] PackLoader:238 - Cannot read IP mode file for STMicroelectronics.X-CUBE-AZRTOS-H7.3.2.0
2024-06-16 15:04:09,787 [WARN] PackLoader:238 - Cannot read IP mode file for Infineon.AIROC-Wi-Fi-Bluetooth-STM32.1.6.0
2024-06-16 15:04:09,802 [INFO] ThirdParty:925 - Integrity check success = true
2024-06-16 15:04:09,802 [INFO] IntegrityCheckThread:94 - exiting critical section [integrity check]
2024-06-16 15:04:09,802 [INFO] IntegrityCheckThread:97 - End integrity checks thread
2024-06-16 15:04:12,831 [INFO] ApiDb:212 - Found 97 in-development CPN: [NUCLEO-C031C6, STM32C0116-DK, STM32C011D6Y3TR, STM32C011D6Y6TR, STM32C011F4P3, STM32C011F4P6, STM32C011F4U3, STM32C011F4U6TR, STM32C011F6P3, STM32C011F6P6, STM32C011F6U3, STM32C011F6U6TR, STM32C011J4M3, STM32C011J4M6, STM32C011J6M3, STM32C011J6M6, STM32C0316-DK, STM32C031C4T3, STM32C031C4T6, STM32C031C4U3, STM32C031C4U6, STM32C031C6T3, STM32C031C6T6, STM32C031C6U3, STM32C031C6U6, STM32C031F4P3, STM32C031F4P6, STM32C031F6P3, STM32C031F6P6, STM32C031G4U3, STM32C031G4U6, STM32C031G6U3, STM32C031G6U6, STM32C031K4T3, STM32C031K4T6, STM32C031K4U3, STM32C031K4U6, STM32C031K6T3, STM32C031K6T6, STM32C031K6U3, STM32C031K6U6, STM32G071K8TXN, STM32G071K8UXN, STM32G081GBU6N, STM32G081KBT6N, STM32G081KBUXN, STM32G0B1CCT6N, STM32G0B1KCT6, STM32G0B1NEY6, STM32G0B1NEY6TR, STM32G0B1RCT6N, STM32G0C1CCT6, STM32G0C1CCT6N, STM32G0C1CCU6N, STM32G0C1CET6N, STM32G0C1CEU6N, STM32G0C1KCT6, STM32G0C1NEY6TR, STM32G0C1RCI6N, STM32G0C1RCT6N, STM32G0C1REI6N, STM32G0C1RET6N, STM32G0C1VCI6, STM32G0C1VEI6, STM32G471CCT6, STM32G471CCU6, STM32G471CET3, STM32G471CET6, STM32G471CEU3, STM32G471CEU6, STM32G471MCT6, STM32G471MET3, STM32G471MET6, STM32G471MEY6TR, STM32G471QCT6, STM32G471QET3, STM32G471RCT6, STM32G471RET3, STM32G471RET6, STM32G471VCH6, STM32G471VCI6, STM32G471VCT6, STM32G471VEH3, STM32G471VEH6, STM32G471VEI3, STM32G471VEI6, STM32G471VET3, STM32G471VET6, STM32G474CCT6, STM32L4R5QGI6STR, STM32U595ZJT6Q, STM32U599BJY6QTR, STM32U599NIH6Q, STM32U599NJH6Q, STM32U5A5ZJT6Q, STM32U5A9BJY6QTR, STM32U5A9NJH6Q]
2024-06-16 15:04:12,846 [INFO] DbMcus:201 - Found 4203 MCUs, 4203 are supported
2024-06-16 15:04:12,852 [INFO] ApiDb:407 - Load user favorites file C:\Users\hoatt/.stm32cubeide/favorites.mcus.txt: 1 item(s)
2024-06-16 15:04:12,854 [INFO] ApiDb:411 - User favorites MCUs=[STM32F103C8T6]
2024-06-16 15:04:12,854 [INFO] DbMcus:207 - Set 1 / 1 favorites MCUs
2024-06-16 15:04:12,860 [INFO] ApiDb:654 - CubeFinder database Data Model version=2.1
2024-06-16 15:04:12,860 [INFO] ApiDb:655 - CubeFinder database Configuration version=3.0.39
2024-06-16 15:04:12,860 [INFO] ApiDb:656 - CubeFinder database generation date=2024-06-06 (1717689626)
2024-06-16 15:04:12,860 [INFO] ApiDb:657 - CubeFinder database FW Pack versions=[FP-ATR-ASTRA1_V2.0.0, FP-SNS-FLIGHT1_V5.0.2, FP-SNS-MOTENV1_V5.0.0, FP-SNS-MOTENVWB1_V1.4.0, FP-SNS-SMARTAG2_V1.2.0, STM32Cube_FW_C0_V1.2.0, STM32Cube_FW_F4_V1.28.0, STM32Cube_FW_F7_V1.17.2, STM32Cube_FW_G0_V1.6.2, STM32Cube_FW_G4_V1.6.0, STM32Cube_FW_H5_V1.3.0, STM32Cube_FW_H7RS_V1.1.0, STM32Cube_FW_H7_V1.11.2, STM32Cube_FW_L0_V1.12.2, STM32Cube_FW_L5_V1.5.1, STM32Cube_FW_U0_V1.1.0, STM32Cube_FW_U5_V1.6.0, STM32Cube_FW_WB0_V1.0.0, STM32Cube_FW_WBA_V1.4.0, STM32Cube_FW_WB_V1.20.0, STM32Cube_FW_WL_V1.3.0, X-CUBE-ALGOBUILD_V1.4.0, X-CUBE-ALS_V1.0.2, X-CUBE-AZRTOS-F4_V1.1.0, X-CUBE-AZRTOS-F7_V1.1.0, X-CUBE-AZRTOS-G0_V1.1.0, X-CUBE-AZRTOS-G4_V2.0.0, X-CUBE-AZRTOS-H7RS_V1.0.0, X-CUBE-AZRTOS-H7_V3.2.0, X-CUBE-AZRTOS-L4_V2.0.0, X-CUBE-AZRTOS-L5_V1.1.0, X-CUBE-AZRTOS-WB_V2.0.0, X-CUBE-AZRTOS-WL_V2.0.0, X-CUBE-BLE1_V7.0.0, X-CUBE-BLE2_V3.3.0, X-CUBE-BLEMGR_V3.1.0, X-CUBE-EEPRMA1_V5.1.0, X-CUBE-FREERTOS_V1.2.0, X-CUBE-GNSS1_V6.0.0, X-CUBE-MEMS1_V10.0.0, X-CUBE-NFC4_V3.0.0, X-CUBE-NFC7_V1.0.1, X-CUBE-SFXS2LP1_V4.0.0, X-CUBE-SUBG2_V5.0.0, X-CUBE-TOF1_V3.4.1]
2024-06-16 15:04:12,966 [INFO] DbBoardsSqlite:220 - include board P-NUCLEO-WB55-NUCLEO as a kit item of type 'Nucleo-64'
2024-06-16 15:04:12,966 [INFO] DbBoardsSqlite:220 - include board P-NUCLEO-WB55-USBDONGLE as a kit item of type 'Nucleo USB Dongle'
2024-06-16 15:04:12,966 [INFO] DbBoardsSqlite:220 - include board STEVAL-IDP005V1 as a kit item of type 'Evaluation Board'
2024-06-16 15:04:12,966 [INFO] DbBoardsSqlite:220 - include board STEVAL-IDP005V2 as a kit item of type 'Evaluation Board'
2024-06-16 15:04:13,060 [INFO] ApiDb:212 - Found 97 in-development CPN: [NUCLEO-C031C6, STM32C0116-DK, STM32C011D6Y3TR, STM32C011D6Y6TR, STM32C011F4P3, STM32C011F4P6, STM32C011F4U3, STM32C011F4U6TR, STM32C011F6P3, STM32C011F6P6, STM32C011F6U3, STM32C011F6U6TR, STM32C011J4M3, STM32C011J4M6, STM32C011J6M3, STM32C011J6M6, STM32C0316-DK, STM32C031C4T3, STM32C031C4T6, STM32C031C4U3, STM32C031C4U6, STM32C031C6T3, STM32C031C6T6, STM32C031C6U3, STM32C031C6U6, STM32C031F4P3, STM32C031F4P6, STM32C031F6P3, STM32C031F6P6, STM32C031G4U3, STM32C031G4U6, STM32C031G6U3, STM32C031G6U6, STM32C031K4T3, STM32C031K4T6, STM32C031K4U3, STM32C031K4U6, STM32C031K6T3, STM32C031K6T6, STM32C031K6U3, STM32C031K6U6, STM32G071K8TXN, STM32G071K8UXN, STM32G081GBU6N, STM32G081KBT6N, STM32G081KBUXN, STM32G0B1CCT6N, STM32G0B1KCT6, STM32G0B1NEY6, STM32G0B1NEY6TR, STM32G0B1RCT6N, STM32G0C1CCT6, STM32G0C1CCT6N, STM32G0C1CCU6N, STM32G0C1CET6N, STM32G0C1CEU6N, STM32G0C1KCT6, STM32G0C1NEY6TR, STM32G0C1RCI6N, STM32G0C1RCT6N, STM32G0C1REI6N, STM32G0C1RET6N, STM32G0C1VCI6, STM32G0C1VEI6, STM32G471CCT6, STM32G471CCU6, STM32G471CET3, STM32G471CET6, STM32G471CEU3, STM32G471CEU6, STM32G471MCT6, STM32G471MET3, STM32G471MET6, STM32G471MEY6TR, STM32G471QCT6, STM32G471QET3, STM32G471RCT6, STM32G471RET3, STM32G471RET6, STM32G471VCH6, STM32G471VCI6, STM32G471VCT6, STM32G471VEH3, STM32G471VEH6, STM32G471VEI3, STM32G471VEI6, STM32G471VET3, STM32G471VET6, STM32G474CCT6, STM32L4R5QGI6STR, STM32U595ZJT6Q, STM32U599BJY6QTR, STM32U599NIH6Q, STM32U599NJH6Q, STM32U5A5ZJT6Q, STM32U5A9BJY6QTR, STM32U5A9NJH6Q]
2024-06-16 15:04:13,110 [INFO] BoardInfo:872 - No configuration file found for board B-G473E-ZEST1S
2024-06-16 15:04:13,110 [INFO] DbBoards:144 - Board is not supported: B-G473E-ZEST1S
2024-06-16 15:04:13,131 [INFO] BoardInfo:872 - No configuration file found for board B-WB1M-WPAN1
2024-06-16 15:04:13,131 [INFO] DbBoards:144 - Board is not supported: B-WB1M-WPAN1
2024-06-16 15:04:13,137 [INFO] BoardInfo:872 - No configuration file found for board B-WL5M-SUBG1
2024-06-16 15:04:13,137 [INFO] DbBoards:144 - Board is not supported: B-WL5M-SUBG1
2024-06-16 15:04:13,298 [INFO] BoardInfo:872 - No configuration file found for board NUCLEO-H503RB
2024-06-16 15:04:13,300 [INFO] DbBoards:144 - Board is not supported: NUCLEO-H503RB
2024-06-16 15:04:13,301 [INFO] BoardInfo:872 - No configuration file found for board NUCLEO-H533RE
2024-06-16 15:04:13,301 [INFO] DbBoards:144 - Board is not supported: NUCLEO-H533RE
2024-06-16 15:04:13,304 [INFO] BoardInfo:872 - No configuration file found for board NUCLEO-H563ZI
2024-06-16 15:04:13,304 [INFO] DbBoards:144 - Board is not supported: NUCLEO-H563ZI
2024-06-16 15:04:13,320 [INFO] BoardInfo:872 - No configuration file found for board NUCLEO-H7S3L8
2024-06-16 15:04:13,320 [INFO] DbBoards:144 - Board is not supported: NUCLEO-H7S3L8
2024-06-16 15:04:13,380 [INFO] BoardInfo:872 - No configuration file found for board NUCLEO-U031R8
2024-06-16 15:04:13,380 [INFO] DbBoards:144 - Board is not supported: NUCLEO-U031R8
2024-06-16 15:04:13,383 [INFO] BoardInfo:872 - No configuration file found for board NUCLEO-U083RC
2024-06-16 15:04:13,383 [INFO] DbBoards:144 - Board is not supported: NUCLEO-U083RC
2024-06-16 15:04:13,385 [INFO] BoardInfo:872 - No configuration file found for board NUCLEO-U545RE-Q
2024-06-16 15:04:13,385 [INFO] DbBoards:144 - Board is not supported: NUCLEO-U545RE-Q
2024-06-16 15:04:13,391 [INFO] BoardInfo:872 - No configuration file found for board NUCLEO-U5A5ZJ-Q
2024-06-16 15:04:13,391 [INFO] DbBoards:144 - Board is not supported: NUCLEO-U5A5ZJ-Q
2024-06-16 15:04:13,396 [INFO] BoardInfo:872 - No configuration file found for board NUCLEO-WBA52CG
2024-06-16 15:04:13,396 [INFO] DbBoards:144 - Board is not supported: NUCLEO-WBA52CG
2024-06-16 15:04:13,396 [INFO] BoardInfo:872 - No configuration file found for board NUCLEO-WBA55CG
2024-06-16 15:04:13,399 [INFO] DbBoards:144 - Board is not supported: NUCLEO-WBA55CG
2024-06-16 15:04:13,407 [INFO] BoardInfo:872 - No configuration file found for board P-NUCLEO-WB55
2024-06-16 15:04:13,407 [INFO] DbBoards:144 - Kit is not supported: P-NUCLEO-WB55
2024-06-16 15:04:13,430 [INFO] BoardInfo:872 - No configuration file found for board STEVAL-ASTRA1B
2024-06-16 15:04:13,430 [INFO] DbBoards:144 - Board is not supported: STEVAL-ASTRA1B
2024-06-16 15:04:13,432 [INFO] BoardInfo:872 - No configuration file found for board STEVAL-BFA001V1B
2024-06-16 15:04:13,432 [INFO] DbBoards:144 - Kit is not supported: STEVAL-BFA001V1B
2024-06-16 15:04:13,435 [INFO] BoardInfo:872 - No configuration file found for board STEVAL-BFA001V2B
2024-06-16 15:04:13,435 [INFO] DbBoards:144 - Kit is not supported: STEVAL-BFA001V2B
2024-06-16 15:04:13,441 [INFO] BoardInfo:872 - No configuration file found for board STEVAL-MKBOXPRO
2024-06-16 15:04:13,443 [INFO] DbBoards:144 - Board is not supported: STEVAL-MKBOXPRO
2024-06-16 15:04:13,446 [INFO] BoardInfo:872 - No configuration file found for board STEVAL-PROTEUS1
2024-06-16 15:04:13,446 [INFO] DbBoards:144 - Board is not supported: STEVAL-PROTEUS1
2024-06-16 15:04:13,450 [INFO] BoardInfo:872 - No configuration file found for board STEVAL-SMARTAG2
2024-06-16 15:04:13,450 [INFO] DbBoards:144 - Board is not supported: STEVAL-SMARTAG2
2024-06-16 15:04:13,451 [INFO] BoardInfo:872 - No configuration file found for board STEVAL-STWINBX1
2024-06-16 15:04:13,451 [INFO] DbBoards:144 - Board is not supported: STEVAL-STWINBX1
2024-06-16 15:04:13,460 [INFO] BoardInfo:872 - No configuration file found for board STM320518-EVAL
2024-06-16 15:04:13,461 [INFO] DbBoards:144 - Board is not supported: STM320518-EVAL
2024-06-16 15:04:13,606 [INFO] BoardInfo:872 - No configuration file found for board STM32H573I-DK
2024-06-16 15:04:13,606 [INFO] DbBoards:144 - Board is not supported: STM32H573I-DK
2024-06-16 15:04:13,642 [INFO] BoardInfo:872 - No configuration file found for board STM32H7S78-DK
2024-06-16 15:04:13,643 [INFO] DbBoards:144 - Board is not supported: STM32H7S78-DK
2024-06-16 15:04:13,680 [INFO] BoardInfo:872 - No configuration file found for board STM32MP135F-DK
2024-06-16 15:04:13,680 [INFO] DbBoards:144 - Board is not supported: STM32MP135F-DK
2024-06-16 15:04:13,700 [INFO] BoardInfo:872 - No configuration file found for board STM32U083C-DK
2024-06-16 15:04:13,700 [INFO] DbBoards:144 - Board is not supported: STM32U083C-DK
2024-06-16 15:04:13,706 [INFO] BoardInfo:872 - No configuration file found for board STM32U5A9J-DK
2024-06-16 15:04:13,706 [INFO] DbBoards:144 - Board is not supported: STM32U5A9J-DK
2024-06-16 15:04:13,709 [INFO] BoardInfo:872 - No configuration file found for board STM32U5G9J-DK1
2024-06-16 15:04:13,711 [INFO] DbBoards:144 - Board is not supported: STM32U5G9J-DK1
2024-06-16 15:04:13,714 [INFO] BoardInfo:872 - No configuration file found for board STM32U5G9J-DK2
2024-06-16 15:04:13,714 [INFO] DbBoards:144 - Board is not supported: STM32U5G9J-DK2
2024-06-16 15:04:13,724 [INFO] BoardInfo:872 - No configuration file found for board STM32WBA55G-DK1
2024-06-16 15:04:13,724 [INFO] DbBoards:144 - Board is not supported: STM32WBA55G-DK1
2024-06-16 15:04:13,724 [INFO] DbBoards:148 - Found 195 boards, 165 are supported
2024-06-16 15:04:13,740 [INFO] ApiDb:407 - Load user favorites file C:\Users\hoatt/.stm32cubeide/favorites.boards.txt: 0 item(s)
2024-06-16 15:04:13,740 [INFO] ApiDb:411 - User favorites Boards=[]
2024-06-16 15:04:13,740 [INFO] DbBoards:174 - Set 0 / 0 favorites Boards
2024-06-16 15:04:13,748 [INFO] ApiDb:654 - CubeFinder database Data Model version=2.1
2024-06-16 15:04:13,751 [INFO] ApiDb:655 - CubeFinder database Configuration version=3.0.39
2024-06-16 15:04:13,751 [INFO] ApiDb:656 - CubeFinder database generation date=2024-06-06 (1717689626)
2024-06-16 15:04:13,751 [INFO] ApiDb:657 - CubeFinder database FW Pack versions=[FP-ATR-ASTRA1_V2.0.0, FP-SNS-FLIGHT1_V5.0.2, FP-SNS-MOTENV1_V5.0.0, FP-SNS-MOTENVWB1_V1.4.0, FP-SNS-SMARTAG2_V1.2.0, STM32Cube_FW_C0_V1.2.0, STM32Cube_FW_F4_V1.28.0, STM32Cube_FW_F7_V1.17.2, STM32Cube_FW_G0_V1.6.2, STM32Cube_FW_G4_V1.6.0, STM32Cube_FW_H5_V1.3.0, STM32Cube_FW_H7RS_V1.1.0, STM32Cube_FW_H7_V1.11.2, STM32Cube_FW_L0_V1.12.2, STM32Cube_FW_L5_V1.5.1, STM32Cube_FW_U0_V1.1.0, STM32Cube_FW_U5_V1.6.0, STM32Cube_FW_WB0_V1.0.0, STM32Cube_FW_WBA_V1.4.0, STM32Cube_FW_WB_V1.20.0, STM32Cube_FW_WL_V1.3.0, X-CUBE-ALGOBUILD_V1.4.0, X-CUBE-ALS_V1.0.2, X-CUBE-AZRTOS-F4_V1.1.0, X-CUBE-AZRTOS-F7_V1.1.0, X-CUBE-AZRTOS-G0_V1.1.0, X-CUBE-AZRTOS-G4_V2.0.0, X-CUBE-AZRTOS-H7RS_V1.0.0, X-CUBE-AZRTOS-H7_V3.2.0, X-CUBE-AZRTOS-L4_V2.0.0, X-CUBE-AZRTOS-L5_V1.1.0, X-CUBE-AZRTOS-WB_V2.0.0, X-CUBE-AZRTOS-WL_V2.0.0, X-CUBE-BLE1_V7.0.0, X-CUBE-BLE2_V3.3.0, X-CUBE-BLEMGR_V3.1.0, X-CUBE-EEPRMA1_V5.1.0, X-CUBE-FREERTOS_V1.2.0, X-CUBE-GNSS1_V6.0.0, X-CUBE-MEMS1_V10.0.0, X-CUBE-NFC4_V3.0.0, X-CUBE-NFC7_V1.0.1, X-CUBE-SFXS2LP1_V4.0.0, X-CUBE-SUBG2_V5.0.0, X-CUBE-TOF1_V3.4.1]
2024-06-16 15:04:15,308 [ERROR] DbExamplesSqlite:409 - Missing JSON key: board_cpn
2024-06-16 15:04:15,308 [ERROR] DbExamplesSqlite:409 - Missing JSON key: board_cpn
2024-06-16 15:04:15,309 [ERROR] DbExamplesSqlite:409 - Missing JSON key: board_cpn
2024-06-16 15:04:15,309 [ERROR] DbExamplesSqlite:409 - Missing JSON key: board_cpn
2024-06-16 15:04:15,595 [INFO] DbExamplesSqlite:367 - Ignored 28 examples not supported by CubeIDE
2024-06-16 15:04:15,595 [INFO] DbExamplesSqlite:368 - Found 8590 examples active
2024-06-16 15:04:15,595 [INFO] DbExamplesSqlite:369 - Found 0 examples obsolete
2024-06-16 15:04:15,595 [INFO] DbExamplesSqlite:370 - Found 0 examples under development
2024-06-16 15:04:15,595 [INFO] DbExamplesSqlite:371 - Found 10 examples not building
2024-06-16 15:04:15,600 [INFO] DbExamples:124 - Found 8572 examples
2024-06-16 15:04:16,081 [ERROR] DbExamples:207 - Found 308 examples with invalid data (board or MCU)
2024-06-16 15:04:16,081 [INFO] DbExamples:221 - Found 102 boards with related examples
2024-06-16 15:04:16,084 [INFO] DbExamples:234 - Found 86 MCUs with related examples
2024-06-16 15:04:16,124 [INFO] ApiDb:398 - User favorites file not found: C:\Users\hoatt/.stm32cubeide/favorites.examples.txt
2024-06-16 15:04:16,124 [INFO] DbExamples:249 - Set 0 / 0 favorites Examples
2024-06-16 15:04:16,480 [INFO] McuFinderGlobals:52 - Set McuFinderConnectedMode to true
2024-06-16 15:04:16,493 [INFO] MultiScanPanel:195 - Auto-refresh data requested => check proxy status ongoing
2024-06-16 15:04:16,500 [INFO] FinderPluginLoader:87 - Searching for filters in installed packs
2024-06-16 15:04:19,078 [INFO] LoadUrlFilesThread:173 - End of LoadServerUrlFiles without Thread
2024-06-16 15:04:19,103 [INFO] DetailPanel:315 - Set advertising image to C:/Users/hoatt/STM32Cube/Repository/\en.prom-stm32h7rs-mcu-finder.jpg
2024-06-16 15:04:44,857 [INFO] MainUpdater:2729 - connection check result : 10
2024-06-16 15:04:44,863 [INFO] MainUpdater:2729 - connection check result : 10
2024-06-16 15:04:44,931 [INFO] MicroXplorer:447 - Change Database Path : 
2024-06-16 15:04:44,931 [INFO] MicroXplorer:477 - Change Database Version : DB.6.0.50
2024-06-16 15:04:44,934 [WARN] ThirdParty:823 - waiting for thirdparty lock release [close project]
2024-06-16 15:04:44,934 [INFO] ThirdParty:825 - entering critical section [close project]
2024-06-16 15:04:44,938 [INFO] ThirdParty:835 - exiting critical section [close project]
2024-06-16 15:04:44,951 [INFO] PinOutPanel:1465 - setPackage(No Configuration,No Configuration)
2024-06-16 15:04:44,965 [INFO] UtilMem:74 - Begin LoadConfig() Used Memory: 630824984 Bytes (834666496)
2024-06-16 15:04:44,970 [INFO] MicroXplorer:447 - Change Database Path : 
2024-06-16 15:04:44,970 [INFO] MicroXplorer:477 - Change Database Version : DB.6.0.50
2024-06-16 15:04:44,970 [INFO] OpenFileManager:303 - Change cursor
2024-06-16 15:04:45,340 [INFO] Mcu:1893 - Initializing MCU STM32F103C8Tx STM32F103C8Tx 
2024-06-16 15:04:45,344 [INFO] Mcu:1906 - No CPN specified => set CPN to STM32F103C8T6
2024-06-16 15:04:47,489 [INFO] Context:599 - Trying to add GPIOservice into a context  which must be forbidden
2024-06-16 15:04:47,929 [INFO] ImportTextPane:183 - (OptionalMessage_ERROR) Unable to find key (Mcu.ThirdPartyNb) in loaded IOC file
2024-06-16 15:04:47,929 [INFO] ImportTextPane:183 - (OptionalMessage_ERROR) Unable to find key (Mcu.PinsNb) in loaded IOC file
2024-06-16 15:04:47,929 [INFO] ImportTextPane:183 - (OptionalMessage_ERROR) Unable to find key (Mcu.IPNb) in loaded IOC file
2024-06-16 15:04:48,049 [WARN] ApiManager:304 - Cannot register API 'Board Extension:GNSS1A1' from pack STMicroelectronics.X-CUBE-GNSS1.6.0.0: no header file found
2024-06-16 15:04:48,049 [WARN] ApiManager:304 - Cannot register API 'Board Support:Custom' from pack STMicroelectronics.X-CUBE-GNSS1.6.0.0: no header file found
2024-06-16 15:04:48,049 [WARN] ApiManager:304 - Cannot register API 'Data Exchange:lib_gnss' from pack STMicroelectronics.X-CUBE-GNSS1.6.0.0: no header file found
2024-06-16 15:04:48,086 [WARN] ApiManager:304 - Cannot register API 'Board Extension:NFC06A1' from pack STMicroelectronics.X-CUBE-NFC6.3.1.0: no header file found
2024-06-16 15:04:48,088 [WARN] ApiManager:304 - Cannot register API 'Board Extension:NFC08A1' from pack STMicroelectronics.X-CUBE-NFC6.3.1.0: no header file found
2024-06-16 15:04:48,092 [INFO] RtosManager:484 - Registered RTOS mode: class=CMSIS, group=RTOS, mode=CMSIS_V1, owner=FREERTOS
2024-06-16 15:04:48,092 [INFO] RtosManager:484 - Registered RTOS mode: class=CMSIS, group=RTOS2, mode=CMSIS_V2, owner=FREERTOS
2024-06-16 15:04:48,092 [INFO] RtosManager:484 - Registered RTOS mode: class=RTOS, group=Core, mode=CMSIS_V1, owner=FREERTOS
2024-06-16 15:04:48,092 [INFO] RtosManager:484 - Registered RTOS mode: class=RTOS, group=Core, mode=CMSIS_V2, owner=FREERTOS
2024-06-16 15:04:48,094 [WARN] ModelIntegratedComponent:181 - Missing modes for component STMicroelectronics:FreeRTOS:0.0.1:STMicroelectronics:RTOS:FreeRTOS:Core:::10.2.0:
2024-06-16 15:04:48,096 [WARN] ApiManager:304 - Cannot register API 'Board Extension:STSAFEA1' from pack STMicroelectronics.X-CUBE-SAFEA1.1.2.2: no header file found
2024-06-16 15:04:48,096 [WARN] ApiManager:304 - Cannot register API 'Board Part:STSAFEA110' from pack STMicroelectronics.X-CUBE-SAFEA1.1.2.2: no header file found
2024-06-16 15:04:48,096 [WARN] ApiManager:304 - Cannot register API 'Security:ST_Cryptolib' from pack STMicroelectronics.X-CUBE-SAFEA1.1.2.2: no header file found
2024-06-16 15:04:48,096 [WARN] ApiManager:304 - Cannot register API 'Security:MbedTLS' from pack STMicroelectronics.X-CUBE-SAFEA1.1.2.2: no header file found
2024-06-16 15:04:48,098 [WARN] ApiManager:304 - Cannot register API 'Board Extension:NFC04A1' from pack STMicroelectronics.X-CUBE-NFC4.3.0.0: no header file found
2024-06-16 15:04:48,105 [WARN] ApiManager:304 - Cannot register API 'Board Extension:S2868A1' from pack STMicroelectronics.X-CUBE-SUBG2.5.0.0: no header file found
2024-06-16 15:04:48,105 [WARN] ApiManager:304 - Cannot register API 'Board Extension:S2868A2' from pack STMicroelectronics.X-CUBE-SUBG2.5.0.0: no header file found
2024-06-16 15:04:48,105 [WARN] ApiManager:304 - Cannot register API 'Board Extension:S2915A1' from pack STMicroelectronics.X-CUBE-SUBG2.5.0.0: no header file found
2024-06-16 15:04:48,116 [WARN] ApiManager:304 - Cannot register API 'Wireless:BlueNRG-MS' from pack STMicroelectronics.X-CUBE-BLE1.7.0.0: no header file found
2024-06-16 15:04:48,121 [WARN] ApiManager:304 - Cannot register API 'Board Extension:EEPRMA2' from pack STMicroelectronics.X-CUBE-EEPRMA1.5.1.0: no header file found
2024-06-16 15:04:48,124 [WARN] ApiManager:304 - Cannot register API 'Board Extension:PGEEZ1' from pack STMicroelectronics.X-CUBE-EEPRMA1.5.1.0: no header file found
2024-06-16 15:04:48,124 [WARN] ApiManager:304 - Cannot register API 'Board Extension:EEICA1' from pack STMicroelectronics.X-CUBE-EEPRMA1.5.1.0: no header file found
2024-06-16 15:04:48,124 [WARN] ApiManager:304 - Cannot register API 'Board Part:M24' from pack STMicroelectronics.X-CUBE-EEPRMA1.5.1.0: no header file found
2024-06-16 15:04:48,124 [WARN] ApiManager:304 - Cannot register API 'Board Part:M95' from pack STMicroelectronics.X-CUBE-EEPRMA1.5.1.0: no header file found
2024-06-16 15:04:48,124 [WARN] ApiManager:304 - Cannot register API 'Board Part:M95P32' from pack STMicroelectronics.X-CUBE-EEPRMA1.5.1.0: no header file found
2024-06-16 15:04:48,124 [WARN] ApiManager:304 - Cannot register API 'Board Part:M24256E-F' from pack STMicroelectronics.X-CUBE-EEPRMA1.5.1.0: no header file found
2024-06-16 15:04:48,124 [WARN] ApiManager:304 - Cannot register API 'Board Part:M24M01E-F' from pack STMicroelectronics.X-CUBE-EEPRMA1.5.1.0: no header file found
2024-06-16 15:04:48,124 [WARN] ApiManager:304 - Cannot register API 'PGEEZ1:SPI' from pack STMicroelectronics.X-CUBE-EEPRMA1.5.1.0: no header file found
2024-06-16 15:04:48,124 [WARN] ApiManager:304 - Cannot register API 'PGEEZ1:QDSPI' from pack STMicroelectronics.X-CUBE-EEPRMA1.5.1.0: no header file found
2024-06-16 15:04:48,127 [WARN] ModelIntegratedComponent:60 - No mode defined for component null
2024-06-16 15:04:48,129 [WARN] ModelIntegratedComponent:60 - No mode defined for component null
2024-06-16 15:04:48,129 [WARN] ModelIntegratedComponent:60 - No mode defined for component null
2024-06-16 15:04:48,129 [WARN] ModelIntegratedComponent:60 - No mode defined for component null
2024-06-16 15:04:48,129 [WARN] ModelIntegratedComponent:60 - No mode defined for component null
2024-06-16 15:04:48,129 [WARN] ModelIntegratedComponent:60 - No mode defined for component null
2024-06-16 15:04:48,129 [WARN] ModelIntegratedComponent:60 - No mode defined for component null
2024-06-16 15:04:48,129 [WARN] ModelIntegratedComponent:60 - No mode defined for component null
2024-06-16 15:04:48,129 [WARN] ModelIntegratedComponent:60 - No mode defined for component null
2024-06-16 15:04:48,129 [WARN] ModelIntegratedComponent:60 - No mode defined for component null
2024-06-16 15:04:48,129 [WARN] ModelIntegratedComponent:60 - No mode defined for component null
2024-06-16 15:04:48,129 [WARN] ModelIntegratedComponent:60 - No mode defined for component null
2024-06-16 15:04:48,129 [WARN] ModelIntegratedComponent:60 - No mode defined for component null
2024-06-16 15:04:48,129 [WARN] ModelIntegratedComponent:60 - No mode defined for component null
2024-06-16 15:04:48,129 [WARN] ModelIntegratedComponent:60 - No mode defined for component null
2024-06-16 15:04:48,129 [WARN] ModelIntegratedComponent:60 - No mode defined for component null
2024-06-16 15:04:48,129 [WARN] ModelIntegratedComponent:60 - No mode defined for component null
2024-06-16 15:04:48,129 [WARN] ModelIntegratedComponent:60 - No mode defined for component null
2024-06-16 15:04:48,131 [WARN] ModelIntegratedComponent:60 - No mode defined for component null
2024-06-16 15:04:48,131 [WARN] ModelIntegratedComponent:60 - No mode defined for component null
2024-06-16 15:04:48,131 [WARN] ModelIntegratedComponent:60 - No mode defined for component null
2024-06-16 15:04:48,131 [WARN] ModelIntegratedComponent:60 - No mode defined for component null
2024-06-16 15:04:48,131 [WARN] ModelIntegratedComponent:60 - No mode defined for component null
2024-06-16 15:04:48,131 [WARN] ModelIntegratedComponent:60 - No mode defined for component null
2024-06-16 15:04:48,131 [WARN] ModelIntegratedComponent:60 - No mode defined for component null
2024-06-16 15:04:48,131 [WARN] ModelIntegratedComponent:60 - No mode defined for component null
2024-06-16 15:04:48,131 [WARN] ModelIntegratedComponent:60 - No mode defined for component null
2024-06-16 15:04:48,131 [WARN] ModelIntegratedComponent:60 - No mode defined for component null
2024-06-16 15:04:48,131 [WARN] ModelIntegratedComponent:60 - No mode defined for component null
2024-06-16 15:04:48,131 [WARN] ModelIntegratedComponent:60 - No mode defined for component null
2024-06-16 15:04:48,131 [WARN] ModelIntegratedComponent:60 - No mode defined for component null
2024-06-16 15:04:48,131 [WARN] ModelIntegratedComponent:60 - No mode defined for component null
2024-06-16 15:04:48,131 [WARN] ModelIntegratedComponent:60 - No mode defined for component null
2024-06-16 15:04:48,588 [WARN] ApiManager:304 - Cannot register API 'Board Extension:IKS01A3' from pack STMicroelectronics.X-CUBE-MEMS1.10.0.0: no header file found
2024-06-16 15:04:48,588 [WARN] ApiManager:304 - Cannot register API 'Board Extension:IKS02A1' from pack STMicroelectronics.X-CUBE-MEMS1.10.0.0: no header file found
2024-06-16 15:04:48,588 [WARN] ApiManager:304 - Cannot register API 'Board Extension:IKS4A1' from pack STMicroelectronics.X-CUBE-MEMS1.10.0.0: no header file found
2024-06-16 15:04:48,604 [WARN] ApiManager:304 - Cannot register API 'Board Extension:NFC07A1' from pack STMicroelectronics.X-CUBE-NFC7.1.0.1: no header file found
2024-06-16 15:04:48,634 [WARN] ApiManager:304 - Cannot register API 'Board Extension:S2868A1' from pack STMicroelectronics.X-CUBE-SFXS2LP1.4.0.0: no header file found
2024-06-16 15:04:48,635 [WARN] ApiManager:304 - Cannot register API 'Board Extension:S2868A2' from pack STMicroelectronics.X-CUBE-SFXS2LP1.4.0.0: no header file found
2024-06-16 15:04:48,635 [WARN] ApiManager:304 - Cannot register API 'Board Extension:S2915A1' from pack STMicroelectronics.X-CUBE-SFXS2LP1.4.0.0: no header file found
2024-06-16 15:04:48,635 [WARN] ApiManager:304 - Cannot register API 'Wireless:BlueNRG-2' from pack STMicroelectronics.X-CUBE-BLE2.3.3.0: no header file found
2024-06-16 15:04:48,673 [INFO] ThirdPartyModel:282 - Start build external matchings
2024-06-16 15:04:49,564 [INFO] ThirdPartyModel:295 - End build external matchings
2024-06-16 15:04:50,198 [INFO] UtilMem:74 - End LoadConfig() Used Memory: 669168104 Bytes (834666496)
2024-06-16 15:04:50,269 [WARN] ThirdParty:785 - waiting for thirdparty lock release [change project]
2024-06-16 15:04:50,269 [INFO] ThirdParty:787 - entering critical section [change project]
2024-06-16 15:04:50,271 [INFO] ThirdParty:977 - CMSIS Pack Vendor :STMicroelectronics X-CUBE-GNSS1 6.0.0
2024-06-16 15:04:50,271 [INFO] ThirdParty:977 - CMSIS Pack Vendor :STMicroelectronics USB_HOST 2.0.0
2024-06-16 15:04:50,271 [INFO] ThirdParty:977 - CMSIS Pack Vendor :STMicroelectronics FP-SNS-MOTENVWB1 1.4.0
2024-06-16 15:04:50,271 [INFO] ThirdParty:977 - CMSIS Pack Vendor :STMicroelectronics X-CUBE-AZRTOS-F4 1.1.0
2024-06-16 15:04:50,271 [INFO] ThirdParty:977 - CMSIS Pack Vendor :STMicroelectronics LIBJPEG 8.0.0
2024-06-16 15:04:50,271 [INFO] ThirdParty:977 - CMSIS Pack Vendor :STMicroelectronics X-CUBE-SMBUS 2.1.0
2024-06-16 15:04:50,271 [INFO] ThirdParty:977 - CMSIS Pack Vendor :STMicroelectronics USB_DEVICE 3.0.0
2024-06-16 15:04:50,271 [INFO] ThirdParty:977 - CMSIS Pack Vendor :STMicroelectronics X-CUBE-TCPP 4.1.0
2024-06-16 15:04:50,271 [INFO] ThirdParty:977 - CMSIS Pack Vendor :STMicroelectronics X-CUBE-FREERTOS 1.2.0
2024-06-16 15:04:50,271 [INFO] ThirdParty:977 - CMSIS Pack Vendor :STMicroelectronics X-CUBE-AZRTOS-WB 2.0.0
2024-06-16 15:04:50,271 [INFO] ThirdParty:977 - CMSIS Pack Vendor :STMicroelectronics X-CUBE-TOUCHGFX 4.23.2
2024-06-16 15:04:50,271 [INFO] ThirdParty:977 - CMSIS Pack Vendor :STMicroelectronics X-CUBE-AZRTOS-F7 1.1.0
2024-06-16 15:04:50,271 [INFO] ThirdParty:977 - CMSIS Pack Vendor :STMicroelectronics X-CUBE-AZRTOS-L5 2.0.0
2024-06-16 15:04:50,271 [INFO] ThirdParty:977 - CMSIS Pack Vendor :STMicroelectronics USB_DEVICE 2.0.0
2024-06-16 15:04:50,271 [INFO] ThirdParty:977 - CMSIS Pack Vendor :STMicroelectronics X-CUBE-NFC6 3.1.0
2024-06-16 15:04:50,273 [INFO] ThirdParty:977 - CMSIS Pack Vendor :STMicroelectronics X-CUBE-ALGOBUILD 1.3.0
2024-06-16 15:04:50,273 [INFO] ThirdParty:977 - CMSIS Pack Vendor :STMicroelectronics FreeRTOS 0.0.1
2024-06-16 15:04:50,273 [INFO] ThirdParty:977 - CMSIS Pack Vendor :STMicroelectronics X-CUBE-AZRTOS-G0 1.1.0
2024-06-16 15:04:50,273 [INFO] ThirdParty:977 - CMSIS Pack Vendor :STMicroelectronics X-CUBE-SAFEA1 1.2.2
2024-06-16 15:04:50,273 [INFO] ThirdParty:977 - CMSIS Pack Vendor :STMicroelectronics X-CUBE-NFC4 3.0.0
2024-06-16 15:04:50,273 [INFO] ThirdParty:977 - CMSIS Pack Vendor :STMicroelectronics X-CUBE-SUBG2 5.0.0
2024-06-16 15:04:50,273 [INFO] ThirdParty:977 - CMSIS Pack Vendor :STMicroelectronics STM32_WPAN 1.0.0
2024-06-16 15:04:50,273 [INFO] ThirdParty:977 - CMSIS Pack Vendor :STMicroelectronics lwIP 2.0.3
2024-06-16 15:04:50,273 [INFO] ThirdParty:977 - CMSIS Pack Vendor :STMicroelectronics FP-SNS-FLIGHT1 5.0.2
2024-06-16 15:04:50,276 [INFO] ThirdParty:977 - CMSIS Pack Vendor :STMicroelectronics USB_HOST 1.0.0
2024-06-16 15:04:50,276 [INFO] ThirdParty:977 - CMSIS Pack Vendor :STMicroelectronics X-CUBE-AI 9.0.0
2024-06-16 15:04:50,276 [INFO] ThirdParty:977 - CMSIS Pack Vendor :STMicroelectronics X-CUBE-AZRTOS-G4 2.0.0
2024-06-16 15:04:50,276 [INFO] ThirdParty:977 - CMSIS Pack Vendor :STMicroelectronics PDM2PCM 3.1.0
2024-06-16 15:04:50,276 [INFO] ThirdParty:977 - CMSIS Pack Vendor :STMicroelectronics PDM2PCM 3.3.0
2024-06-16 15:04:50,276 [INFO] ThirdParty:977 - CMSIS Pack Vendor :STMicroelectronics X-CUBE-DISPLAY 3.0.0
2024-06-16 15:04:50,276 [INFO] ThirdParty:977 - CMSIS Pack Vendor :wolfSSL I-CUBE-wolfSSL 5.7.0
2024-06-16 15:04:50,276 [INFO] ThirdParty:977 - CMSIS Pack Vendor :STMicroelectronics X-CUBE-BLE1 7.0.0
2024-06-16 15:04:50,276 [INFO] ThirdParty:977 - CMSIS Pack Vendor :STMicroelectronics FP-ATR-SIGFOX1 3.2.0
2024-06-16 15:04:50,276 [INFO] ThirdParty:977 - CMSIS Pack Vendor :STMicroelectronics X-CUBE-ISPU 2.0.0
2024-06-16 15:04:50,276 [INFO] ThirdParty:977 - CMSIS Pack Vendor :STMicroelectronics X-CUBE-EEPRMA1 5.1.0
2024-06-16 15:04:50,276 [INFO] ThirdParty:977 - CMSIS Pack Vendor :STMicroelectronics HAL Drivers 0.0.0
2024-06-16 15:04:50,276 [INFO] ThirdParty:977 - CMSIS Pack Vendor :STMicroelectronics MBEDTLS 2.16.2
2024-06-16 15:04:50,276 [INFO] ThirdParty:977 - CMSIS Pack Vendor :STMicroelectronics X-CUBE-ALS 1.0.2
2024-06-16 15:04:50,276 [INFO] ThirdParty:977 - CMSIS Pack Vendor :emotas I-CUBE-CANOPEN 1.3.0
2024-06-16 15:04:50,276 [INFO] ThirdParty:977 - CMSIS Pack Vendor :STMicroelectronics X-CUBE-MEMS1 10.0.0
2024-06-16 15:04:50,276 [INFO] ThirdParty:977 - CMSIS Pack Vendor :STMicroelectronics X-CUBE-NFC7 1.0.1
2024-06-16 15:04:50,276 [INFO] ThirdParty:977 - CMSIS Pack Vendor :STMicroelectronics MBEDTLS 2.14.1
2024-06-16 15:04:50,276 [INFO] ThirdParty:977 - CMSIS Pack Vendor :ITTIA_DB I-CUBE-ITTIADB 8.9.0
2024-06-16 15:04:50,276 [INFO] ThirdParty:977 - CMSIS Pack Vendor :portGmbH I-Cube-SoM-uGOAL 1.1.0
2024-06-16 15:04:50,276 [INFO] ThirdParty:977 - CMSIS Pack Vendor :STMicroelectronics X-CUBE-ALS 1.0.1
2024-06-16 15:04:50,276 [INFO] ThirdParty:977 - CMSIS Pack Vendor :STMicroelectronics X-CUBE-BLEMGR 3.1.0
2024-06-16 15:04:50,276 [INFO] ThirdParty:977 - CMSIS Pack Vendor :STMicroelectronics ThreadX 1.0.0
2024-06-16 15:04:50,276 [INFO] ThirdParty:977 - CMSIS Pack Vendor :STMicroelectronics FP-SNS-SMARTAG2 1.2.0
2024-06-16 15:04:50,276 [INFO] ThirdParty:977 - CMSIS Pack Vendor :STMicroelectronics X-CUBE-AZRTOS-WL 2.0.0
2024-06-16 15:04:50,280 [INFO] ThirdParty:977 - CMSIS Pack Vendor :SEGGER I-CUBE-embOS 1.3.1
2024-06-16 15:04:50,280 [INFO] ThirdParty:977 - CMSIS Pack Vendor :STMicroelectronics X-CUBE-ALGOBUILD 1.4.0
2024-06-16 15:04:50,281 [INFO] ThirdParty:977 - CMSIS Pack Vendor :STMicroelectronics FP-SNS-MOTENV1 5.0.0
2024-06-16 15:04:50,281 [INFO] ThirdParty:977 - CMSIS Pack Vendor :STMicroelectronics USB_DEVICE 1.0.0
2024-06-16 15:04:50,286 [INFO] ThirdParty:977 - CMSIS Pack Vendor :STMicroelectronics X-CUBE-AZRTOS-H7RS 1.0.0
2024-06-16 15:04:50,286 [INFO] ThirdParty:977 - CMSIS Pack Vendor :wolfSSL I-CUBE-wolfMQTT 1.19.0
2024-06-16 15:04:50,286 [INFO] ThirdParty:977 - CMSIS Pack Vendor :STMicroelectronics X-CUBE-AZRTOS-L4 2.0.0
2024-06-16 15:04:50,286 [INFO] ThirdParty:977 - CMSIS Pack Vendor :STMicroelectronics ThreadX 0.0.2
2024-06-16 15:04:50,286 [INFO] ThirdParty:977 - CMSIS Pack Vendor :WES I-CUBE-Cesium 1.3.0
2024-06-16 15:04:50,286 [INFO] ThirdParty:977 - CMSIS Pack Vendor :STMicroelectronics FP-ATR-ASTRA1 2.0.0
2024-06-16 15:04:50,286 [INFO] ThirdParty:977 - CMSIS Pack Vendor :STMicroelectronics lwIP 2.1.2
2024-06-16 15:04:50,286 [INFO] ThirdParty:977 - CMSIS Pack Vendor :STMicroelectronics X-CUBE-SFXS2LP1 4.0.0
2024-06-16 15:04:50,286 [INFO] ThirdParty:977 - CMSIS Pack Vendor :STMicroelectronics X-CUBE-BLE2 3.3.0
2024-06-16 15:04:50,286 [INFO] ThirdParty:977 - CMSIS Pack Vendor :STMicroelectronics X-CUBE-TOF1 3.4.1
2024-06-16 15:04:50,289 [INFO] ThirdParty:977 - CMSIS Pack Vendor :STMicroelectronics X-CUBE-AZRTOS-H7 3.2.0
2024-06-16 15:04:50,289 [INFO] ThirdParty:977 - CMSIS Pack Vendor :Infineon AIROC-Wi-Fi-Bluetooth-STM32 1.6.0
2024-06-16 15:04:50,289 [INFO] ThirdParty:977 - CMSIS Pack Vendor :STMicroelectronics PDM2PCM 3.2.0
2024-06-16 15:04:50,289 [INFO] ThirdParty:793 - exiting critical section [change project]
2024-06-16 15:04:50,940 [INFO] PinOutPanel:1465 - setPackage(No Configuration,No Configuration)
2024-06-16 15:04:50,940 [INFO] PinOutPanel:1465 - setPackage(STM32F103C8Tx,LQFP48)
2024-06-16 15:04:51,717 [INFO] UtilMem:74 - Before build in PCC Used Memory: 601927232 Bytes (834666496)
2024-06-16 15:04:53,193 [INFO] UtilMem:74 - After build in PCC Used Memory: 630987472 Bytes (834666496)
2024-06-16 15:04:53,237 [INFO] IPUIPlugin:75 - create IPUIPlugin
2024-06-16 15:04:53,237 [INFO] IPUIPlugin:75 - create IPUIPlugin
2024-06-16 15:04:53,237 [INFO] IPUIPlugin:75 - create IPUIPlugin
2024-06-16 15:04:53,237 [INFO] IPUIPlugin:75 - create IPUIPlugin
2024-06-16 15:04:53,240 [INFO] IPUIPlugin:75 - create IPUIPlugin
2024-06-16 15:04:53,240 [INFO] IPUIPlugin:75 - create IPUIPlugin
2024-06-16 15:04:53,240 [INFO] IPUIPlugin:75 - create IPUIPlugin
2024-06-16 15:04:53,240 [INFO] IPUIPlugin:75 - create IPUIPlugin
2024-06-16 15:04:53,242 [INFO] IPUIPlugin:75 - create IPUIPlugin
2024-06-16 15:04:53,242 [INFO] IPUIPlugin:75 - create IPUIPlugin
2024-06-16 15:04:53,243 [INFO] IPUIPlugin:75 - create IPUIPlugin
2024-06-16 15:04:53,243 [INFO] IPUIPlugin:75 - create IPUIPlugin
2024-06-16 15:04:53,245 [INFO] IPUIPlugin:75 - create IPUIPlugin
2024-06-16 15:04:53,245 [INFO] IPUIPlugin:75 - create IPUIPlugin
2024-06-16 15:04:53,245 [INFO] IPUIPlugin:75 - create IPUIPlugin
2024-06-16 15:04:53,247 [INFO] IPUIPlugin:75 - create IPUIPlugin
2024-06-16 15:04:53,247 [INFO] IPUIPlugin:75 - create IPUIPlugin
2024-06-16 15:04:53,247 [INFO] IPUIPlugin:75 - create IPUIPlugin
2024-06-16 15:04:53,250 [INFO] IPUIPlugin:75 - create IPUIPlugin
2024-06-16 15:04:53,250 [INFO] IPUIPlugin:75 - create IPUIPlugin
2024-06-16 15:04:53,250 [INFO] IPUIPlugin:75 - create IPUIPlugin
2024-06-16 15:04:53,250 [INFO] IPUIPlugin:75 - create IPUIPlugin
2024-06-16 15:04:53,252 [INFO] IPUIPlugin:75 - create IPUIPlugin
2024-06-16 15:04:53,252 [INFO] IPUIPlugin:75 - create IPUIPlugin
2024-06-16 15:04:53,252 [INFO] IPUIPlugin:75 - create IPUIPlugin
2024-06-16 15:04:53,255 [INFO] IPUIPlugin:75 - create IPUIPlugin
2024-06-16 15:04:53,255 [INFO] IPUIPlugin:75 - create IPUIPlugin
2024-06-16 15:04:53,596 [INFO] OpenFileManager:323 - Restore cursor
2024-06-16 15:04:55,918 [INFO] UtilMem:74 - End SaveConfig() Used Memory: 590817280 Bytes (834666496)
2024-06-16 15:04:55,999 [INFO] UtilMem:74 - End SaveConfig() Used Memory: 601825280 Bytes (834666496)
2024-06-16 15:04:56,870 [INFO] BlockDiagram:2740 - set Specific Code input for plugin: NVIC
2024-06-16 15:04:56,870 [INFO] BlockDiagram:2740 - set Specific Code input for plugin: SYS
2024-06-16 15:04:56,870 [INFO] BlockDiagram:2740 - set Specific Code input for plugin: RCC
2024-06-16 15:04:56,878 [INFO] CodeGenerator:681 - code generatio: config db path: C:\ST\STM32CubeIDE_1.9.0\STM32CubeIDE\plugins\com.st.stm32cube.common.mx_6.5.0.202202251913\\db\
2024-06-16 15:04:57,440 [INFO] CodeEngine:237 - oldGeneratedFile, C:\Users\hoatt\STM32CubeIDE\workspace_1.9.0\Timer\Timer_basic\MXTmpFiles\license.tmp_save
2024-06-16 15:04:58,535 [INFO] CodeEngine:261 - Generated code: C:\Users\hoatt\STM32CubeIDE\workspace_1.9.0\Timer\Timer_basic\MXTmpFiles\license.tmp
2024-06-16 15:04:58,709 [INFO] CodeEngine:237 - oldGeneratedFile, C:\Users\hoatt\STM32CubeIDE\workspace_1.9.0\Timer\Timer_basic\Core\Src\stm32f1xx_it.c_save
2024-06-16 15:04:58,978 [INFO] CodeEngine:261 - Generated code: C:\Users\hoatt\STM32CubeIDE\workspace_1.9.0\Timer\Timer_basic\Core\Src\stm32f1xx_it.c
2024-06-16 15:04:58,991 [INFO] CodeEngine:237 - oldGeneratedFile, C:\Users\hoatt\STM32CubeIDE\workspace_1.9.0\Timer\Timer_basic\Core\Inc\stm32f1xx_it.h_save
2024-06-16 15:04:59,189 [INFO] CodeEngine:261 - Generated code: C:\Users\hoatt\STM32CubeIDE\workspace_1.9.0\Timer\Timer_basic\Core\Inc\stm32f1xx_it.h
2024-06-16 15:04:59,223 [INFO] CodeEngine:237 - oldGeneratedFile, C:\Users\hoatt\STM32CubeIDE\workspace_1.9.0\Timer\Timer_basic\Core\Src\stm32f1xx_hal_msp.c_save
2024-06-16 15:04:59,481 [INFO] CodeEngine:261 - Generated code: C:\Users\hoatt\STM32CubeIDE\workspace_1.9.0\Timer\Timer_basic\Core\Src\stm32f1xx_hal_msp.c
2024-06-16 15:04:59,494 [INFO] CodeEngine:237 - oldGeneratedFile, C:\Users\hoatt\STM32CubeIDE\workspace_1.9.0\Timer\Timer_basic\MXTmpFiles\system.tmp_save
2024-06-16 15:04:59,695 [INFO] CodeEngine:261 - Generated code: C:\Users\hoatt\STM32CubeIDE\workspace_1.9.0\Timer\Timer_basic\MXTmpFiles\system.tmp
2024-06-16 15:04:59,727 [INFO] CodeEngine:237 - oldGeneratedFile, C:\Users\hoatt\STM32CubeIDE\workspace_1.9.0\Timer\Timer_basic\Core\Inc\stm32f1xx_hal_conf.h_save
2024-06-16 15:04:59,892 [INFO] CodeEngine:261 - Generated code: C:\Users\hoatt\STM32CubeIDE\workspace_1.9.0\Timer\Timer_basic\Core\Inc\stm32f1xx_hal_conf.h
2024-06-16 15:04:59,974 [INFO] CodeEngine:237 - oldGeneratedFile, C:\Users\hoatt\STM32CubeIDE\workspace_1.9.0\Timer\Timer_basic\Core\Inc\main.h_save
2024-06-16 15:05:00,160 [INFO] CodeEngine:261 - Generated code: C:\Users\hoatt\STM32CubeIDE\workspace_1.9.0\Timer\Timer_basic\Core\Inc\main.h
2024-06-16 15:05:00,175 [INFO] CodeEngine:237 - oldGeneratedFile, C:\Users\hoatt\STM32CubeIDE\workspace_1.9.0\Timer\Timer_basic\Core\Src\main.c_save
2024-06-16 15:05:00,492 [INFO] CodeEngine:261 - Generated code: C:\Users\hoatt\STM32CubeIDE\workspace_1.9.0\Timer\Timer_basic\Core\Src\main.c
2024-06-16 15:05:02,276 [INFO] ProjectBuilder:2913 - Time for Copy HAL[1] : 386mS.
2024-06-16 15:05:02,299 [INFO] ProjectBuilder:4015 - Project Generator version: 3.16.0
2024-06-16 15:05:02,908 [INFO] ConfigFileManager:1287 - The Die is : DIE410
2024-06-16 15:05:02,934 [INFO] ApiDbMcu:488 - Load IP Config File for FATFS
2024-06-16 15:05:02,992 [INFO] ApiDbMcu:488 - Load IP Config File for FREERTOS
2024-06-16 15:05:03,039 [INFO] ApiDbMcu:488 - Load IP Config File for USB_DEVICE
2024-06-16 15:05:08,585 [INFO] ProjectBuilder:4183 - Time for Generating toolchain IDE Files: 6285mS.
2024-06-16 15:05:08,586 [INFO] ProjectBuilder:2785 - Time for Copy CMSIS : 0mS.
2024-06-16 15:05:08,594 [INFO] ProjectBuilder:2785 - Time for Copy CMSIS : 0mS.
2024-06-16 15:05:10,404 [INFO] McuFinderGlobals:52 - Set McuFinderConnectedMode to true
2024-06-16 15:05:10,411 [INFO] ApiDb:432 - Save user favorites file C:\Users\hoatt/.stm32cubeide/favorites.mcus.txt: 1 item(s)
2024-06-16 15:05:10,413 [INFO] ApiDb:436 - User favorites MCUs=[STM32F103C8T6]
2024-06-16 15:05:25,542 [INFO] UtilMem:74 - End SaveConfig() Used Memory: 590270392 Bytes (946864128)
2024-06-16 15:05:26,737 [INFO] UtilMem:74 - End SaveConfig() Used Memory: 608674584 Bytes (946864128)
2024-06-16 15:05:33,186 [INFO] UtilMem:74 - End SaveConfig() Used Memory: 616575160 Bytes (946864128)
2024-06-16 15:05:33,938 [INFO] BlockDiagram:2740 - set Specific Code input for plugin: NVIC
2024-06-16 15:05:33,940 [INFO] BlockDiagram:2740 - set Specific Code input for plugin: SYS
2024-06-16 15:05:33,940 [INFO] BlockDiagram:2740 - set Specific Code input for plugin: GPIO
2024-06-16 15:05:33,941 [INFO] BlockDiagram:2740 - set Specific Code input for plugin: RCC
2024-06-16 15:05:33,944 [INFO] CodeGenerator:681 - code generatio: config db path: C:\ST\STM32CubeIDE_1.9.0\STM32CubeIDE\plugins\com.st.stm32cube.common.mx_6.5.0.202202251913\\db\
2024-06-16 15:05:34,239 [INFO] CodeEngine:237 - oldGeneratedFile, C:\Users\hoatt\STM32CubeIDE\workspace_1.9.0\Timer\Timer_basic\MXTmpFiles\license.tmp_save
2024-06-16 15:05:34,396 [INFO] CodeEngine:261 - Generated code: C:\Users\hoatt\STM32CubeIDE\workspace_1.9.0\Timer\Timer_basic\MXTmpFiles\license.tmp
2024-06-16 15:05:34,446 [INFO] CodeEngine:237 - oldGeneratedFile, C:\Users\hoatt\STM32CubeIDE\workspace_1.9.0\Timer\Timer_basic\MXTmpFiles\gpio.tmp_save
2024-06-16 15:05:34,604 [INFO] CodeEngine:261 - Generated code: C:\Users\hoatt\STM32CubeIDE\workspace_1.9.0\Timer\Timer_basic\MXTmpFiles\gpio.tmp
2024-06-16 15:05:34,647 [INFO] CodeEngine:237 - oldGeneratedFile, C:\Users\hoatt\STM32CubeIDE\workspace_1.9.0\Timer\Timer_basic\Core\Src\stm32f1xx_it.c_save
2024-06-16 15:05:34,795 [INFO] CodeEngine:261 - Generated code: C:\Users\hoatt\STM32CubeIDE\workspace_1.9.0\Timer\Timer_basic\Core\Src\stm32f1xx_it.c
2024-06-16 15:05:34,815 [INFO] CodeEngine:237 - oldGeneratedFile, C:\Users\hoatt\STM32CubeIDE\workspace_1.9.0\Timer\Timer_basic\Core\Inc\stm32f1xx_it.h_save
2024-06-16 15:05:34,969 [INFO] CodeEngine:261 - Generated code: C:\Users\hoatt\STM32CubeIDE\workspace_1.9.0\Timer\Timer_basic\Core\Inc\stm32f1xx_it.h
2024-06-16 15:05:35,010 [INFO] CodeEngine:237 - oldGeneratedFile, C:\Users\hoatt\STM32CubeIDE\workspace_1.9.0\Timer\Timer_basic\Core\Src\stm32f1xx_hal_msp.c_save
2024-06-16 15:05:35,172 [INFO] CodeEngine:261 - Generated code: C:\Users\hoatt\STM32CubeIDE\workspace_1.9.0\Timer\Timer_basic\Core\Src\stm32f1xx_hal_msp.c
2024-06-16 15:05:35,185 [INFO] CodeEngine:237 - oldGeneratedFile, C:\Users\hoatt\STM32CubeIDE\workspace_1.9.0\Timer\Timer_basic\MXTmpFiles\system.tmp_save
2024-06-16 15:05:35,338 [INFO] CodeEngine:261 - Generated code: C:\Users\hoatt\STM32CubeIDE\workspace_1.9.0\Timer\Timer_basic\MXTmpFiles\system.tmp
2024-06-16 15:05:35,362 [INFO] CodeEngine:237 - oldGeneratedFile, C:\Users\hoatt\STM32CubeIDE\workspace_1.9.0\Timer\Timer_basic\Core\Inc\stm32f1xx_hal_conf.h_save
2024-06-16 15:05:35,579 [INFO] CodeEngine:261 - Generated code: C:\Users\hoatt\STM32CubeIDE\workspace_1.9.0\Timer\Timer_basic\Core\Inc\stm32f1xx_hal_conf.h
2024-06-16 15:05:35,685 [INFO] CodeEngine:237 - oldGeneratedFile, C:\Users\hoatt\STM32CubeIDE\workspace_1.9.0\Timer\Timer_basic\Core\Inc\main.h_save
2024-06-16 15:05:35,852 [INFO] CodeEngine:261 - Generated code: C:\Users\hoatt\STM32CubeIDE\workspace_1.9.0\Timer\Timer_basic\Core\Inc\main.h
2024-06-16 15:05:35,878 [INFO] CodeEngine:237 - oldGeneratedFile, C:\Users\hoatt\STM32CubeIDE\workspace_1.9.0\Timer\Timer_basic\Core\Src\main.c_save
2024-06-16 15:05:36,082 [INFO] CodeEngine:261 - Generated code: C:\Users\hoatt\STM32CubeIDE\workspace_1.9.0\Timer\Timer_basic\Core\Src\main.c
2024-06-16 15:05:40,862 [INFO] ProjectBuilder:2913 - Time for Copy HAL[1] : 723mS.
2024-06-16 15:05:41,011 [INFO] ProjectBuilder:4015 - Project Generator version: 3.16.0
2024-06-16 15:05:41,835 [INFO] ConfigFileManager:1287 - The Die is : DIE410
2024-06-16 15:05:44,246 [INFO] ProjectBuilder:4183 - Time for Generating toolchain IDE Files: 3235mS.
2024-06-16 15:05:44,249 [INFO] ProjectBuilder:2785 - Time for Copy CMSIS : 3mS.
2024-06-16 15:05:44,254 [INFO] ProjectBuilder:2785 - Time for Copy CMSIS : 0mS.
2024-06-16 22:36:14,311 [ERROR] ConfigurationRetriever:139 - IOException on connection: connect timed out
2024-06-16 22:36:35,104 [ERROR] ConfigurationRetriever:139 - IOException on connection: connect timed out
2024-06-19 22:00:22,725 [ERROR] AdobePublisher:162 - Exception while opening the connection: java.net.SocketTimeoutException: Read timed out
2024-06-19 22:53:38,438 [WARN] ServerAccessManage:1054 - Warning during Server Connexion :  timeout connect timed out
2024-06-19 22:53:38,830 [INFO] MainUpdater:2729 - connection check result : 10
2024-06-19 22:53:38,846 [INFO] McuFinderGlobals:52 - Set McuFinderConnectedMode to true
2024-06-19 22:53:40,668 [INFO] ServerAccessManage:359 - Download File mcusAds.json._tmp_
2024-06-19 22:53:40,865 [INFO] LoadUrlFilesThread:146 - End of LoadUrlFiles Thread
2024-06-19 22:53:41,198 [INFO] ServerAccessManage:359 - Download File cube-finder-db.zip
2024-06-19 22:53:58,565 [INFO] FileExtend:235 - Unzip File : cube-finder-db.zip
2024-06-19 22:53:58,565 [INFO] FileExtend:250 - Standard Zip Deflate
2024-06-19 22:54:02,714 [INFO] LoadUrlFilesThread:146 - End of LoadUrlFiles Thread
2024-06-19 22:54:04,779 [INFO] ServerAccessManage:359 - Download File crdb.zip
2024-06-19 22:54:56,842 [ERROR] ServerAccessManage:426 - Timeout Exception during http download :Read timed out
2024-06-19 22:54:56,905 [ERROR] ServerAccessManage:537 - Problem, Http timeout : crdb.zip.
2024-06-19 22:55:10,322 [INFO] LoadUrlFilesThread:146 - End of LoadUrlFiles Thread
2024-06-19 22:55:11,407 [INFO] DbMcusAds:47 - JSON generation date=Thu May 16 16:22:00 ICT 2024 (1715851320852)
2024-06-19 22:55:11,422 [INFO] ApiDb:432 - Save user favorites file C:\Users\hoatt/.stm32cubeide/favorites.mcus.txt: 1 item(s)
2024-06-19 22:55:11,422 [INFO] ApiDb:436 - User favorites MCUs=[STM32F103C8T6]
2024-06-19 22:55:11,454 [INFO] ApiDb:567 - Connected to CubeFinder SQLite database (C:\Users\hoatt\.stmcufinder\plugins\mcufinder\mcu\cube-finder-db.db)
2024-06-19 22:55:12,223 [INFO] ApiDb:654 - CubeFinder database Data Model version=2.1
2024-06-19 22:55:12,223 [INFO] ApiDb:655 - CubeFinder database Configuration version=3.0.39
2024-06-19 22:55:12,223 [INFO] ApiDb:656 - CubeFinder database generation date=2024-06-06 (1717689626)
2024-06-19 22:55:12,223 [INFO] ApiDb:657 - CubeFinder database FW Pack versions=[FP-ATR-ASTRA1_V2.0.0, FP-SNS-FLIGHT1_V5.0.2, FP-SNS-MOTENV1_V5.0.0, FP-SNS-MOTENVWB1_V1.4.0, FP-SNS-SMARTAG2_V1.2.0, STM32Cube_FW_C0_V1.2.0, STM32Cube_FW_F4_V1.28.0, STM32Cube_FW_F7_V1.17.2, STM32Cube_FW_G0_V1.6.2, STM32Cube_FW_G4_V1.6.0, STM32Cube_FW_H5_V1.3.0, STM32Cube_FW_H7RS_V1.1.0, STM32Cube_FW_H7_V1.11.2, STM32Cube_FW_L0_V1.12.2, STM32Cube_FW_L5_V1.5.1, STM32Cube_FW_U0_V1.1.0, STM32Cube_FW_U5_V1.6.0, STM32Cube_FW_WB0_V1.0.0, STM32Cube_FW_WBA_V1.4.0, STM32Cube_FW_WB_V1.20.0, STM32Cube_FW_WL_V1.3.0, X-CUBE-ALGOBUILD_V1.4.0, X-CUBE-ALS_V1.0.2, X-CUBE-AZRTOS-F4_V1.1.0, X-CUBE-AZRTOS-F7_V1.1.0, X-CUBE-AZRTOS-G0_V1.1.0, X-CUBE-AZRTOS-G4_V2.0.0, X-CUBE-AZRTOS-H7RS_V1.0.0, X-CUBE-AZRTOS-H7_V3.2.0, X-CUBE-AZRTOS-L4_V2.0.0, X-CUBE-AZRTOS-L5_V1.1.0, X-CUBE-AZRTOS-WB_V2.0.0, X-CUBE-AZRTOS-WL_V2.0.0, X-CUBE-BLE1_V7.0.0, X-CUBE-BLE2_V3.3.0, X-CUBE-BLEMGR_V3.1.0, X-CUBE-EEPRMA1_V5.1.0, X-CUBE-FREERTOS_V1.2.0, X-CUBE-GNSS1_V6.0.0, X-CUBE-MEMS1_V10.0.0, X-CUBE-NFC4_V3.0.0, X-CUBE-NFC7_V1.0.1, X-CUBE-SFXS2LP1_V4.0.0, X-CUBE-SUBG2_V5.0.0, X-CUBE-TOF1_V3.4.1]
2024-06-19 22:55:15,934 [INFO] MainUpdater:2729 - connection check result : 10
2024-06-19 22:55:16,805 [INFO] ApiDb:212 - Found 97 in-development CPN: [NUCLEO-C031C6, STM32C0116-DK, STM32C011D6Y3TR, STM32C011D6Y6TR, STM32C011F4P3, STM32C011F4P6, STM32C011F4U3, STM32C011F4U6TR, STM32C011F6P3, STM32C011F6P6, STM32C011F6U3, STM32C011F6U6TR, STM32C011J4M3, STM32C011J4M6, STM32C011J6M3, STM32C011J6M6, STM32C0316-DK, STM32C031C4T3, STM32C031C4T6, STM32C031C4U3, STM32C031C4U6, STM32C031C6T3, STM32C031C6T6, STM32C031C6U3, STM32C031C6U6, STM32C031F4P3, STM32C031F4P6, STM32C031F6P3, STM32C031F6P6, STM32C031G4U3, STM32C031G4U6, STM32C031G6U3, STM32C031G6U6, STM32C031K4T3, STM32C031K4T6, STM32C031K4U3, STM32C031K4U6, STM32C031K6T3, STM32C031K6T6, STM32C031K6U3, STM32C031K6U6, STM32G071K8TXN, STM32G071K8UXN, STM32G081GBU6N, STM32G081KBT6N, STM32G081KBUXN, STM32G0B1CCT6N, STM32G0B1KCT6, STM32G0B1NEY6, STM32G0B1NEY6TR, STM32G0B1RCT6N, STM32G0C1CCT6, STM32G0C1CCT6N, STM32G0C1CCU6N, STM32G0C1CET6N, STM32G0C1CEU6N, STM32G0C1KCT6, STM32G0C1NEY6TR, STM32G0C1RCI6N, STM32G0C1RCT6N, STM32G0C1REI6N, STM32G0C1RET6N, STM32G0C1VCI6, STM32G0C1VEI6, STM32G471CCT6, STM32G471CCU6, STM32G471CET3, STM32G471CET6, STM32G471CEU3, STM32G471CEU6, STM32G471MCT6, STM32G471MET3, STM32G471MET6, STM32G471MEY6TR, STM32G471QCT6, STM32G471QET3, STM32G471RCT6, STM32G471RET3, STM32G471RET6, STM32G471VCH6, STM32G471VCI6, STM32G471VCT6, STM32G471VEH3, STM32G471VEH6, STM32G471VEI3, STM32G471VEI6, STM32G471VET3, STM32G471VET6, STM32G474CCT6, STM32L4R5QGI6STR, STM32U595ZJT6Q, STM32U599BJY6QTR, STM32U599NIH6Q, STM32U599NJH6Q, STM32U5A5ZJT6Q, STM32U5A9BJY6QTR, STM32U5A9NJH6Q]
2024-06-19 22:55:16,820 [INFO] DbMcus:201 - Found 4203 MCUs, 4203 are supported
2024-06-19 22:55:16,820 [INFO] ApiDb:407 - Load user favorites file C:\Users\hoatt/.stm32cubeide/favorites.mcus.txt: 1 item(s)
2024-06-19 22:55:16,820 [INFO] ApiDb:411 - User favorites MCUs=[STM32F103C8T6]
2024-06-19 22:55:16,820 [INFO] DbMcus:207 - Set 1 / 1 favorites MCUs
2024-06-19 22:55:16,820 [INFO] ApiDb:432 - Save user favorites file C:\Users\hoatt/.stm32cubeide/favorites.boards.txt: 0 item(s)
2024-06-19 22:55:16,820 [INFO] ApiDb:436 - User favorites Boards=[]
2024-06-19 22:55:16,820 [INFO] ApiDb:567 - Connected to CubeFinder SQLite database (C:\Users\hoatt\.stmcufinder\plugins\mcufinder\mcu\cube-finder-db.db)
2024-06-19 22:55:16,914 [INFO] ApiDb:654 - CubeFinder database Data Model version=2.1
2024-06-19 22:55:16,914 [INFO] ApiDb:655 - CubeFinder database Configuration version=3.0.39
2024-06-19 22:55:16,914 [INFO] ApiDb:656 - CubeFinder database generation date=2024-06-06 (1717689626)
2024-06-19 22:55:16,914 [INFO] ApiDb:657 - CubeFinder database FW Pack versions=[FP-ATR-ASTRA1_V2.0.0, FP-SNS-FLIGHT1_V5.0.2, FP-SNS-MOTENV1_V5.0.0, FP-SNS-MOTENVWB1_V1.4.0, FP-SNS-SMARTAG2_V1.2.0, STM32Cube_FW_C0_V1.2.0, STM32Cube_FW_F4_V1.28.0, STM32Cube_FW_F7_V1.17.2, STM32Cube_FW_G0_V1.6.2, STM32Cube_FW_G4_V1.6.0, STM32Cube_FW_H5_V1.3.0, STM32Cube_FW_H7RS_V1.1.0, STM32Cube_FW_H7_V1.11.2, STM32Cube_FW_L0_V1.12.2, STM32Cube_FW_L5_V1.5.1, STM32Cube_FW_U0_V1.1.0, STM32Cube_FW_U5_V1.6.0, STM32Cube_FW_WB0_V1.0.0, STM32Cube_FW_WBA_V1.4.0, STM32Cube_FW_WB_V1.20.0, STM32Cube_FW_WL_V1.3.0, X-CUBE-ALGOBUILD_V1.4.0, X-CUBE-ALS_V1.0.2, X-CUBE-AZRTOS-F4_V1.1.0, X-CUBE-AZRTOS-F7_V1.1.0, X-CUBE-AZRTOS-G0_V1.1.0, X-CUBE-AZRTOS-G4_V2.0.0, X-CUBE-AZRTOS-H7RS_V1.0.0, X-CUBE-AZRTOS-H7_V3.2.0, X-CUBE-AZRTOS-L4_V2.0.0, X-CUBE-AZRTOS-L5_V1.1.0, X-CUBE-AZRTOS-WB_V2.0.0, X-CUBE-AZRTOS-WL_V2.0.0, X-CUBE-BLE1_V7.0.0, X-CUBE-BLE2_V3.3.0, X-CUBE-BLEMGR_V3.1.0, X-CUBE-EEPRMA1_V5.1.0, X-CUBE-FREERTOS_V1.2.0, X-CUBE-GNSS1_V6.0.0, X-CUBE-MEMS1_V10.0.0, X-CUBE-NFC4_V3.0.0, X-CUBE-NFC7_V1.0.1, X-CUBE-SFXS2LP1_V4.0.0, X-CUBE-SUBG2_V5.0.0, X-CUBE-TOF1_V3.4.1]
2024-06-19 22:55:17,134 [INFO] DbBoardsSqlite:220 - include board P-NUCLEO-WB55-NUCLEO as a kit item of type 'Nucleo-64'
2024-06-19 22:55:17,134 [INFO] DbBoardsSqlite:220 - include board P-NUCLEO-WB55-USBDONGLE as a kit item of type 'Nucleo USB Dongle'
2024-06-19 22:55:17,134 [INFO] DbBoardsSqlite:220 - include board STEVAL-IDP005V1 as a kit item of type 'Evaluation Board'
2024-06-19 22:55:17,134 [INFO] DbBoardsSqlite:220 - include board STEVAL-IDP005V2 as a kit item of type 'Evaluation Board'
2024-06-19 22:55:17,338 [INFO] ApiDb:212 - Found 97 in-development CPN: [NUCLEO-C031C6, STM32C0116-DK, STM32C011D6Y3TR, STM32C011D6Y6TR, STM32C011F4P3, STM32C011F4P6, STM32C011F4U3, STM32C011F4U6TR, STM32C011F6P3, STM32C011F6P6, STM32C011F6U3, STM32C011F6U6TR, STM32C011J4M3, STM32C011J4M6, STM32C011J6M3, STM32C011J6M6, STM32C0316-DK, STM32C031C4T3, STM32C031C4T6, STM32C031C4U3, STM32C031C4U6, STM32C031C6T3, STM32C031C6T6, STM32C031C6U3, STM32C031C6U6, STM32C031F4P3, STM32C031F4P6, STM32C031F6P3, STM32C031F6P6, STM32C031G4U3, STM32C031G4U6, STM32C031G6U3, STM32C031G6U6, STM32C031K4T3, STM32C031K4T6, STM32C031K4U3, STM32C031K4U6, STM32C031K6T3, STM32C031K6T6, STM32C031K6U3, STM32C031K6U6, STM32G071K8TXN, STM32G071K8UXN, STM32G081GBU6N, STM32G081KBT6N, STM32G081KBUXN, STM32G0B1CCT6N, STM32G0B1KCT6, STM32G0B1NEY6, STM32G0B1NEY6TR, STM32G0B1RCT6N, STM32G0C1CCT6, STM32G0C1CCT6N, STM32G0C1CCU6N, STM32G0C1CET6N, STM32G0C1CEU6N, STM32G0C1KCT6, STM32G0C1NEY6TR, STM32G0C1RCI6N, STM32G0C1RCT6N, STM32G0C1REI6N, STM32G0C1RET6N, STM32G0C1VCI6, STM32G0C1VEI6, STM32G471CCT6, STM32G471CCU6, STM32G471CET3, STM32G471CET6, STM32G471CEU3, STM32G471CEU6, STM32G471MCT6, STM32G471MET3, STM32G471MET6, STM32G471MEY6TR, STM32G471QCT6, STM32G471QET3, STM32G471RCT6, STM32G471RET3, STM32G471RET6, STM32G471VCH6, STM32G471VCI6, STM32G471VCT6, STM32G471VEH3, STM32G471VEH6, STM32G471VEI3, STM32G471VEI6, STM32G471VET3, STM32G471VET6, STM32G474CCT6, STM32L4R5QGI6STR, STM32U595ZJT6Q, STM32U599BJY6QTR, STM32U599NIH6Q, STM32U599NJH6Q, STM32U5A5ZJT6Q, STM32U5A9BJY6QTR, STM32U5A9NJH6Q]
2024-06-19 22:55:17,385 [INFO] BoardInfo:872 - No configuration file found for board B-G473E-ZEST1S
2024-06-19 22:55:17,385 [INFO] DbBoards:144 - Board is not supported: B-G473E-ZEST1S
2024-06-19 22:55:17,683 [INFO] BoardInfo:872 - No configuration file found for board B-WB1M-WPAN1
2024-06-19 22:55:17,683 [INFO] DbBoards:144 - Board is not supported: B-WB1M-WPAN1
2024-06-19 22:55:17,715 [INFO] BoardInfo:872 - No configuration file found for board B-WL5M-SUBG1
2024-06-19 22:55:17,715 [INFO] DbBoards:144 - Board is not supported: B-WL5M-SUBG1
2024-06-19 22:55:18,373 [INFO] BoardInfo:872 - No configuration file found for board NUCLEO-H503RB
2024-06-19 22:55:18,373 [INFO] DbBoards:144 - Board is not supported: NUCLEO-H503RB
2024-06-19 22:55:18,373 [INFO] BoardInfo:872 - No configuration file found for board NUCLEO-H533RE
2024-06-19 22:55:18,373 [INFO] DbBoards:144 - Board is not supported: NUCLEO-H533RE
2024-06-19 22:55:18,389 [INFO] BoardInfo:872 - No configuration file found for board NUCLEO-H563ZI
2024-06-19 22:55:18,389 [INFO] DbBoards:144 - Board is not supported: NUCLEO-H563ZI
2024-06-19 22:55:18,389 [INFO] BoardInfo:872 - No configuration file found for board NUCLEO-H7S3L8
2024-06-19 22:55:18,389 [INFO] DbBoards:144 - Board is not supported: NUCLEO-H7S3L8
2024-06-19 22:55:18,436 [INFO] BoardInfo:872 - No configuration file found for board NUCLEO-U031R8
2024-06-19 22:55:18,436 [INFO] DbBoards:144 - Board is not supported: NUCLEO-U031R8
2024-06-19 22:55:18,436 [INFO] BoardInfo:872 - No configuration file found for board NUCLEO-U083RC
2024-06-19 22:55:18,436 [INFO] DbBoards:144 - Board is not supported: NUCLEO-U083RC
2024-06-19 22:55:18,436 [INFO] BoardInfo:872 - No configuration file found for board NUCLEO-U545RE-Q
2024-06-19 22:55:18,436 [INFO] DbBoards:144 - Board is not supported: NUCLEO-U545RE-Q
2024-06-19 22:55:18,436 [INFO] BoardInfo:872 - No configuration file found for board NUCLEO-U5A5ZJ-Q
2024-06-19 22:55:18,436 [INFO] DbBoards:144 - Board is not supported: NUCLEO-U5A5ZJ-Q
2024-06-19 22:55:18,436 [INFO] BoardInfo:872 - No configuration file found for board NUCLEO-WBA52CG
2024-06-19 22:55:18,436 [INFO] DbBoards:144 - Board is not supported: NUCLEO-WBA52CG
2024-06-19 22:55:18,451 [INFO] BoardInfo:872 - No configuration file found for board NUCLEO-WBA55CG
2024-06-19 22:55:18,451 [INFO] DbBoards:144 - Board is not supported: NUCLEO-WBA55CG
2024-06-19 22:55:18,507 [INFO] BoardInfo:872 - No configuration file found for board P-NUCLEO-WB55
2024-06-19 22:55:18,507 [INFO] DbBoards:144 - Kit is not supported: P-NUCLEO-WB55
2024-06-19 22:55:18,514 [INFO] BoardInfo:872 - No configuration file found for board STEVAL-ASTRA1B
2024-06-19 22:55:18,514 [INFO] DbBoards:144 - Board is not supported: STEVAL-ASTRA1B
2024-06-19 22:55:18,514 [INFO] BoardInfo:872 - No configuration file found for board STEVAL-BFA001V1B
2024-06-19 22:55:18,514 [INFO] DbBoards:144 - Kit is not supported: STEVAL-BFA001V1B
2024-06-19 22:55:18,514 [INFO] BoardInfo:872 - No configuration file found for board STEVAL-BFA001V2B
2024-06-19 22:55:18,514 [INFO] DbBoards:144 - Kit is not supported: STEVAL-BFA001V2B
2024-06-19 22:55:18,530 [INFO] BoardInfo:872 - No configuration file found for board STEVAL-MKBOXPRO
2024-06-19 22:55:18,530 [INFO] DbBoards:144 - Board is not supported: STEVAL-MKBOXPRO
2024-06-19 22:55:18,530 [INFO] BoardInfo:872 - No configuration file found for board STEVAL-PROTEUS1
2024-06-19 22:55:18,530 [INFO] DbBoards:144 - Board is not supported: STEVAL-PROTEUS1
2024-06-19 22:55:18,530 [INFO] BoardInfo:872 - No configuration file found for board STEVAL-SMARTAG2
2024-06-19 22:55:18,530 [INFO] DbBoards:144 - Board is not supported: STEVAL-SMARTAG2
2024-06-19 22:55:18,530 [INFO] BoardInfo:872 - No configuration file found for board STEVAL-STWINBX1
2024-06-19 22:55:18,530 [INFO] DbBoards:144 - Board is not supported: STEVAL-STWINBX1
2024-06-19 22:55:18,546 [INFO] BoardInfo:872 - No configuration file found for board STM320518-EVAL
2024-06-19 22:55:18,546 [INFO] DbBoards:144 - Board is not supported: STM320518-EVAL
2024-06-19 22:55:18,609 [INFO] BoardInfo:872 - No configuration file found for board STM32H573I-DK
2024-06-19 22:55:18,609 [INFO] DbBoards:144 - Board is not supported: STM32H573I-DK
2024-06-19 22:55:18,624 [INFO] BoardInfo:872 - No configuration file found for board STM32H7S78-DK
2024-06-19 22:55:18,624 [INFO] DbBoards:144 - Board is not supported: STM32H7S78-DK
2024-06-19 22:55:18,640 [INFO] BoardInfo:872 - No configuration file found for board STM32MP135F-DK
2024-06-19 22:55:18,655 [INFO] DbBoards:144 - Board is not supported: STM32MP135F-DK
2024-06-19 22:55:18,655 [INFO] BoardInfo:872 - No configuration file found for board STM32U083C-DK
2024-06-19 22:55:18,655 [INFO] DbBoards:144 - Board is not supported: STM32U083C-DK
2024-06-19 22:55:18,671 [INFO] BoardInfo:872 - No configuration file found for board STM32U5A9J-DK
2024-06-19 22:55:18,671 [INFO] DbBoards:144 - Board is not supported: STM32U5A9J-DK
2024-06-19 22:55:18,671 [INFO] BoardInfo:872 - No configuration file found for board STM32U5G9J-DK1
2024-06-19 22:55:18,671 [INFO] DbBoards:144 - Board is not supported: STM32U5G9J-DK1
2024-06-19 22:55:18,671 [INFO] BoardInfo:872 - No configuration file found for board STM32U5G9J-DK2
2024-06-19 22:55:18,671 [INFO] DbBoards:144 - Board is not supported: STM32U5G9J-DK2
2024-06-19 22:55:18,671 [INFO] BoardInfo:872 - No configuration file found for board STM32WBA55G-DK1
2024-06-19 22:55:18,671 [INFO] DbBoards:144 - Board is not supported: STM32WBA55G-DK1
2024-06-19 22:55:18,671 [INFO] DbBoards:148 - Found 195 boards, 165 are supported
2024-06-19 22:55:18,671 [INFO] ApiDb:407 - Load user favorites file C:\Users\hoatt/.stm32cubeide/favorites.boards.txt: 0 item(s)
2024-06-19 22:55:18,671 [INFO] ApiDb:411 - User favorites Boards=[]
2024-06-19 22:55:18,671 [INFO] DbBoards:174 - Set 0 / 0 favorites Boards
2024-06-19 22:55:18,765 [ERROR] TargetSelectorAdapter:236 - Unable to refresh data
2024-06-19 22:55:18,765 [INFO] McuFinderGlobals:52 - Set McuFinderConnectedMode to true
2024-06-19 22:55:25,059 [INFO] McuFinderGlobals:52 - Set McuFinderConnectedMode to true
2024-06-19 22:55:25,075 [INFO] MultiScanPanel:195 - Auto-refresh data requested => check proxy status ongoing
2024-06-19 22:55:25,075 [INFO] FinderPluginLoader:87 - Searching for filters in installed packs
2024-06-19 22:55:25,519 [INFO] ServerAccessManage:359 - Download File mcusAds.json._tmp_
2024-06-19 22:55:25,680 [INFO] LoadUrlFilesThread:146 - End of LoadUrlFiles Thread
2024-06-19 22:55:27,532 [INFO] LoadUrlFilesThread:173 - End of LoadServerUrlFiles without Thread
2024-06-19 22:55:27,548 [INFO] DetailPanel:315 - Set advertising image to C:/Users/hoatt/STM32Cube/Repository/\en.prom-stm32h7rs-mcu-finder.jpg
2024-06-19 22:55:29,603 [INFO] MultiScanPanel:787 - Auto Refresh Data is needed due to updater interval setting
2024-06-19 22:55:29,808 [INFO] ServerAccessManage:359 - Download File mcusAds.json._tmp_
2024-06-19 22:55:30,000 [INFO] LoadUrlFilesThread:146 - End of LoadUrlFiles Thread
2024-06-19 22:55:30,949 [INFO] ServerAccessManage:359 - Download File cube-finder-db.zip
2024-06-19 22:55:52,911 [INFO] FileExtend:235 - Unzip File : cube-finder-db.zip
2024-06-19 22:55:52,911 [INFO] FileExtend:250 - Standard Zip Deflate
2024-06-19 22:55:54,305 [INFO] LoadUrlFilesThread:146 - End of LoadUrlFiles Thread
2024-06-19 22:55:55,604 [INFO] ServerAccessManage:359 - Download File crdb.zip
2024-06-19 22:55:58,050 [INFO] FileExtend:235 - Unzip File : crdb.zip
2024-06-19 22:55:58,050 [INFO] FileExtend:250 - Standard Zip Deflate
2024-06-19 22:55:58,214 [INFO] LoadUrlFilesThread:146 - End of LoadUrlFiles Thread
2024-06-19 22:55:59,482 [INFO] ServerAccessManage:359 - Download File tutoVideoDB.zip
2024-06-19 22:55:59,608 [INFO] FileExtend:235 - Unzip File : tutoVideoDB.zip
2024-06-19 22:55:59,608 [INFO] FileExtend:250 - Standard Zip Deflate
2024-06-19 22:55:59,753 [INFO] LoadUrlFilesThread:146 - End of LoadUrlFiles Thread
2024-06-19 22:55:59,753 [INFO] DbMcusAds:47 - JSON generation date=Thu May 16 16:22:00 ICT 2024 (1715851320852)
2024-06-19 22:55:59,769 [INFO] ApiDb:432 - Save user favorites file C:\Users\hoatt/.stm32cubeide/favorites.mcus.txt: 1 item(s)
2024-06-19 22:55:59,769 [INFO] ApiDb:436 - User favorites MCUs=[STM32F103C8T6]
2024-06-19 22:55:59,784 [INFO] ApiDb:567 - Connected to CubeFinder SQLite database (C:\Users\hoatt\.stmcufinder\plugins\mcufinder\mcu\cube-finder-db.db)
2024-06-19 22:55:59,878 [INFO] ApiDb:654 - CubeFinder database Data Model version=2.1
2024-06-19 22:55:59,878 [INFO] ApiDb:655 - CubeFinder database Configuration version=3.0.39
2024-06-19 22:55:59,878 [INFO] ApiDb:656 - CubeFinder database generation date=2024-06-06 (1717689626)
2024-06-19 22:55:59,878 [INFO] ApiDb:657 - CubeFinder database FW Pack versions=[FP-ATR-ASTRA1_V2.0.0, FP-SNS-FLIGHT1_V5.0.2, FP-SNS-MOTENV1_V5.0.0, FP-SNS-MOTENVWB1_V1.4.0, FP-SNS-SMARTAG2_V1.2.0, STM32Cube_FW_C0_V1.2.0, STM32Cube_FW_F4_V1.28.0, STM32Cube_FW_F7_V1.17.2, STM32Cube_FW_G0_V1.6.2, STM32Cube_FW_G4_V1.6.0, STM32Cube_FW_H5_V1.3.0, STM32Cube_FW_H7RS_V1.1.0, STM32Cube_FW_H7_V1.11.2, STM32Cube_FW_L0_V1.12.2, STM32Cube_FW_L5_V1.5.1, STM32Cube_FW_U0_V1.1.0, STM32Cube_FW_U5_V1.6.0, STM32Cube_FW_WB0_V1.0.0, STM32Cube_FW_WBA_V1.4.0, STM32Cube_FW_WB_V1.20.0, STM32Cube_FW_WL_V1.3.0, X-CUBE-ALGOBUILD_V1.4.0, X-CUBE-ALS_V1.0.2, X-CUBE-AZRTOS-F4_V1.1.0, X-CUBE-AZRTOS-F7_V1.1.0, X-CUBE-AZRTOS-G0_V1.1.0, X-CUBE-AZRTOS-G4_V2.0.0, X-CUBE-AZRTOS-H7RS_V1.0.0, X-CUBE-AZRTOS-H7_V3.2.0, X-CUBE-AZRTOS-L4_V2.0.0, X-CUBE-AZRTOS-L5_V1.1.0, X-CUBE-AZRTOS-WB_V2.0.0, X-CUBE-AZRTOS-WL_V2.0.0, X-CUBE-BLE1_V7.0.0, X-CUBE-BLE2_V3.3.0, X-CUBE-BLEMGR_V3.1.0, X-CUBE-EEPRMA1_V5.1.0, X-CUBE-FREERTOS_V1.2.0, X-CUBE-GNSS1_V6.0.0, X-CUBE-MEMS1_V10.0.0, X-CUBE-NFC4_V3.0.0, X-CUBE-NFC7_V1.0.1, X-CUBE-SFXS2LP1_V4.0.0, X-CUBE-SUBG2_V5.0.0, X-CUBE-TOF1_V3.4.1]
2024-06-19 22:56:02,436 [INFO] ApiDb:212 - Found 97 in-development CPN: [NUCLEO-C031C6, STM32C0116-DK, STM32C011D6Y3TR, STM32C011D6Y6TR, STM32C011F4P3, STM32C011F4P6, STM32C011F4U3, STM32C011F4U6TR, STM32C011F6P3, STM32C011F6P6, STM32C011F6U3, STM32C011F6U6TR, STM32C011J4M3, STM32C011J4M6, STM32C011J6M3, STM32C011J6M6, STM32C0316-DK, STM32C031C4T3, STM32C031C4T6, STM32C031C4U3, STM32C031C4U6, STM32C031C6T3, STM32C031C6T6, STM32C031C6U3, STM32C031C6U6, STM32C031F4P3, STM32C031F4P6, STM32C031F6P3, STM32C031F6P6, STM32C031G4U3, STM32C031G4U6, STM32C031G6U3, STM32C031G6U6, STM32C031K4T3, STM32C031K4T6, STM32C031K4U3, STM32C031K4U6, STM32C031K6T3, STM32C031K6T6, STM32C031K6U3, STM32C031K6U6, STM32G071K8TXN, STM32G071K8UXN, STM32G081GBU6N, STM32G081KBT6N, STM32G081KBUXN, STM32G0B1CCT6N, STM32G0B1KCT6, STM32G0B1NEY6, STM32G0B1NEY6TR, STM32G0B1RCT6N, STM32G0C1CCT6, STM32G0C1CCT6N, STM32G0C1CCU6N, STM32G0C1CET6N, STM32G0C1CEU6N, STM32G0C1KCT6, STM32G0C1NEY6TR, STM32G0C1RCI6N, STM32G0C1RCT6N, STM32G0C1REI6N, STM32G0C1RET6N, STM32G0C1VCI6, STM32G0C1VEI6, STM32G471CCT6, STM32G471CCU6, STM32G471CET3, STM32G471CET6, STM32G471CEU3, STM32G471CEU6, STM32G471MCT6, STM32G471MET3, STM32G471MET6, STM32G471MEY6TR, STM32G471QCT6, STM32G471QET3, STM32G471RCT6, STM32G471RET3, STM32G471RET6, STM32G471VCH6, STM32G471VCI6, STM32G471VCT6, STM32G471VEH3, STM32G471VEH6, STM32G471VEI3, STM32G471VEI6, STM32G471VET3, STM32G471VET6, STM32G474CCT6, STM32L4R5QGI6STR, STM32U595ZJT6Q, STM32U599BJY6QTR, STM32U599NIH6Q, STM32U599NJH6Q, STM32U5A5ZJT6Q, STM32U5A9BJY6QTR, STM32U5A9NJH6Q]
2024-06-19 22:56:02,436 [INFO] DbMcus:201 - Found 4203 MCUs, 4203 are supported
2024-06-19 22:56:02,436 [INFO] ApiDb:407 - Load user favorites file C:\Users\hoatt/.stm32cubeide/favorites.mcus.txt: 1 item(s)
2024-06-19 22:56:02,436 [INFO] ApiDb:411 - User favorites MCUs=[STM32F103C8T6]
2024-06-19 22:56:02,436 [INFO] DbMcus:207 - Set 1 / 1 favorites MCUs
2024-06-19 22:56:03,879 [INFO] ApiDb:432 - Save user favorites file C:\Users\hoatt/.stm32cubeide/favorites.boards.txt: 0 item(s)
2024-06-19 22:56:03,879 [INFO] ApiDb:436 - User favorites Boards=[]
2024-06-19 22:56:03,879 [INFO] ApiDb:567 - Connected to CubeFinder SQLite database (C:\Users\hoatt\.stmcufinder\plugins\mcufinder\mcu\cube-finder-db.db)
2024-06-19 22:56:03,957 [INFO] ApiDb:654 - CubeFinder database Data Model version=2.1
2024-06-19 22:56:03,957 [INFO] ApiDb:655 - CubeFinder database Configuration version=3.0.39
2024-06-19 22:56:03,957 [INFO] ApiDb:656 - CubeFinder database generation date=2024-06-06 (1717689626)
2024-06-19 22:56:03,957 [INFO] ApiDb:657 - CubeFinder database FW Pack versions=[FP-ATR-ASTRA1_V2.0.0, FP-SNS-FLIGHT1_V5.0.2, FP-SNS-MOTENV1_V5.0.0, FP-SNS-MOTENVWB1_V1.4.0, FP-SNS-SMARTAG2_V1.2.0, STM32Cube_FW_C0_V1.2.0, STM32Cube_FW_F4_V1.28.0, STM32Cube_FW_F7_V1.17.2, STM32Cube_FW_G0_V1.6.2, STM32Cube_FW_G4_V1.6.0, STM32Cube_FW_H5_V1.3.0, STM32Cube_FW_H7RS_V1.1.0, STM32Cube_FW_H7_V1.11.2, STM32Cube_FW_L0_V1.12.2, STM32Cube_FW_L5_V1.5.1, STM32Cube_FW_U0_V1.1.0, STM32Cube_FW_U5_V1.6.0, STM32Cube_FW_WB0_V1.0.0, STM32Cube_FW_WBA_V1.4.0, STM32Cube_FW_WB_V1.20.0, STM32Cube_FW_WL_V1.3.0, X-CUBE-ALGOBUILD_V1.4.0, X-CUBE-ALS_V1.0.2, X-CUBE-AZRTOS-F4_V1.1.0, X-CUBE-AZRTOS-F7_V1.1.0, X-CUBE-AZRTOS-G0_V1.1.0, X-CUBE-AZRTOS-G4_V2.0.0, X-CUBE-AZRTOS-H7RS_V1.0.0, X-CUBE-AZRTOS-H7_V3.2.0, X-CUBE-AZRTOS-L4_V2.0.0, X-CUBE-AZRTOS-L5_V1.1.0, X-CUBE-AZRTOS-WB_V2.0.0, X-CUBE-AZRTOS-WL_V2.0.0, X-CUBE-BLE1_V7.0.0, X-CUBE-BLE2_V3.3.0, X-CUBE-BLEMGR_V3.1.0, X-CUBE-EEPRMA1_V5.1.0, X-CUBE-FREERTOS_V1.2.0, X-CUBE-GNSS1_V6.0.0, X-CUBE-MEMS1_V10.0.0, X-CUBE-NFC4_V3.0.0, X-CUBE-NFC7_V1.0.1, X-CUBE-SFXS2LP1_V4.0.0, X-CUBE-SUBG2_V5.0.0, X-CUBE-TOF1_V3.4.1]
2024-06-19 22:56:04,036 [INFO] DbBoardsSqlite:220 - include board P-NUCLEO-WB55-NUCLEO as a kit item of type 'Nucleo-64'
2024-06-19 22:56:04,036 [INFO] DbBoardsSqlite:220 - include board P-NUCLEO-WB55-USBDONGLE as a kit item of type 'Nucleo USB Dongle'
2024-06-19 22:56:04,036 [INFO] DbBoardsSqlite:220 - include board STEVAL-IDP005V1 as a kit item of type 'Evaluation Board'
2024-06-19 22:56:04,036 [INFO] DbBoardsSqlite:220 - include board STEVAL-IDP005V2 as a kit item of type 'Evaluation Board'
2024-06-19 22:56:04,115 [INFO] ApiDb:212 - Found 97 in-development CPN: [NUCLEO-C031C6, STM32C0116-DK, STM32C011D6Y3TR, STM32C011D6Y6TR, STM32C011F4P3, STM32C011F4P6, STM32C011F4U3, STM32C011F4U6TR, STM32C011F6P3, STM32C011F6P6, STM32C011F6U3, STM32C011F6U6TR, STM32C011J4M3, STM32C011J4M6, STM32C011J6M3, STM32C011J6M6, STM32C0316-DK, STM32C031C4T3, STM32C031C4T6, STM32C031C4U3, STM32C031C4U6, STM32C031C6T3, STM32C031C6T6, STM32C031C6U3, STM32C031C6U6, STM32C031F4P3, STM32C031F4P6, STM32C031F6P3, STM32C031F6P6, STM32C031G4U3, STM32C031G4U6, STM32C031G6U3, STM32C031G6U6, STM32C031K4T3, STM32C031K4T6, STM32C031K4U3, STM32C031K4U6, STM32C031K6T3, STM32C031K6T6, STM32C031K6U3, STM32C031K6U6, STM32G071K8TXN, STM32G071K8UXN, STM32G081GBU6N, STM32G081KBT6N, STM32G081KBUXN, STM32G0B1CCT6N, STM32G0B1KCT6, STM32G0B1NEY6, STM32G0B1NEY6TR, STM32G0B1RCT6N, STM32G0C1CCT6, STM32G0C1CCT6N, STM32G0C1CCU6N, STM32G0C1CET6N, STM32G0C1CEU6N, STM32G0C1KCT6, STM32G0C1NEY6TR, STM32G0C1RCI6N, STM32G0C1RCT6N, STM32G0C1REI6N, STM32G0C1RET6N, STM32G0C1VCI6, STM32G0C1VEI6, STM32G471CCT6, STM32G471CCU6, STM32G471CET3, STM32G471CET6, STM32G471CEU3, STM32G471CEU6, STM32G471MCT6, STM32G471MET3, STM32G471MET6, STM32G471MEY6TR, STM32G471QCT6, STM32G471QET3, STM32G471RCT6, STM32G471RET3, STM32G471RET6, STM32G471VCH6, STM32G471VCI6, STM32G471VCT6, STM32G471VEH3, STM32G471VEH6, STM32G471VEI3, STM32G471VEI6, STM32G471VET3, STM32G471VET6, STM32G474CCT6, STM32L4R5QGI6STR, STM32U595ZJT6Q, STM32U599BJY6QTR, STM32U599NIH6Q, STM32U599NJH6Q, STM32U5A5ZJT6Q, STM32U5A9BJY6QTR, STM32U5A9NJH6Q]
2024-06-19 22:56:04,130 [INFO] BoardInfo:872 - No configuration file found for board B-G473E-ZEST1S
2024-06-19 22:56:04,130 [INFO] DbBoards:144 - Board is not supported: B-G473E-ZEST1S
2024-06-19 22:56:04,146 [INFO] BoardInfo:872 - No configuration file found for board B-WB1M-WPAN1
2024-06-19 22:56:04,146 [INFO] DbBoards:144 - Board is not supported: B-WB1M-WPAN1
2024-06-19 22:56:04,146 [INFO] BoardInfo:872 - No configuration file found for board B-WL5M-SUBG1
2024-06-19 22:56:04,146 [INFO] DbBoards:144 - Board is not supported: B-WL5M-SUBG1
2024-06-19 22:56:04,209 [INFO] BoardInfo:872 - No configuration file found for board NUCLEO-H503RB
2024-06-19 22:56:04,209 [INFO] DbBoards:144 - Board is not supported: NUCLEO-H503RB
2024-06-19 22:56:04,209 [INFO] BoardInfo:872 - No configuration file found for board NUCLEO-H533RE
2024-06-19 22:56:04,209 [INFO] DbBoards:144 - Board is not supported: NUCLEO-H533RE
2024-06-19 22:56:04,209 [INFO] BoardInfo:872 - No configuration file found for board NUCLEO-H563ZI
2024-06-19 22:56:04,209 [INFO] DbBoards:144 - Board is not supported: NUCLEO-H563ZI
2024-06-19 22:56:04,224 [INFO] BoardInfo:872 - No configuration file found for board NUCLEO-H7S3L8
2024-06-19 22:56:04,224 [INFO] DbBoards:144 - Board is not supported: NUCLEO-H7S3L8
2024-06-19 22:56:04,256 [INFO] BoardInfo:872 - No configuration file found for board NUCLEO-U031R8
2024-06-19 22:56:04,256 [INFO] DbBoards:144 - Board is not supported: NUCLEO-U031R8
2024-06-19 22:56:04,256 [INFO] BoardInfo:872 - No configuration file found for board NUCLEO-U083RC
2024-06-19 22:56:04,256 [INFO] DbBoards:144 - Board is not supported: NUCLEO-U083RC
2024-06-19 22:56:04,256 [INFO] BoardInfo:872 - No configuration file found for board NUCLEO-U545RE-Q
2024-06-19 22:56:04,256 [INFO] DbBoards:144 - Board is not supported: NUCLEO-U545RE-Q
2024-06-19 22:56:04,271 [INFO] BoardInfo:872 - No configuration file found for board NUCLEO-U5A5ZJ-Q
2024-06-19 22:56:04,271 [INFO] DbBoards:144 - Board is not supported: NUCLEO-U5A5ZJ-Q
2024-06-19 22:56:04,271 [INFO] BoardInfo:872 - No configuration file found for board NUCLEO-WBA52CG
2024-06-19 22:56:04,271 [INFO] DbBoards:144 - Board is not supported: NUCLEO-WBA52CG
2024-06-19 22:56:04,271 [INFO] BoardInfo:872 - No configuration file found for board NUCLEO-WBA55CG
2024-06-19 22:56:04,271 [INFO] DbBoards:144 - Board is not supported: NUCLEO-WBA55CG
2024-06-19 22:56:04,287 [INFO] BoardInfo:872 - No configuration file found for board P-NUCLEO-WB55
2024-06-19 22:56:04,287 [INFO] DbBoards:144 - Kit is not supported: P-NUCLEO-WB55
2024-06-19 22:56:04,287 [INFO] BoardInfo:872 - No configuration file found for board STEVAL-ASTRA1B
2024-06-19 22:56:04,287 [INFO] DbBoards:144 - Board is not supported: STEVAL-ASTRA1B
2024-06-19 22:56:04,287 [INFO] BoardInfo:872 - No configuration file found for board STEVAL-BFA001V1B
2024-06-19 22:56:04,287 [INFO] DbBoards:144 - Kit is not supported: STEVAL-BFA001V1B
2024-06-19 22:56:04,287 [INFO] BoardInfo:872 - No configuration file found for board STEVAL-BFA001V2B
2024-06-19 22:56:04,287 [INFO] DbBoards:144 - Kit is not supported: STEVAL-BFA001V2B
2024-06-19 22:56:04,302 [INFO] BoardInfo:872 - No configuration file found for board STEVAL-MKBOXPRO
2024-06-19 22:56:04,302 [INFO] DbBoards:144 - Board is not supported: STEVAL-MKBOXPRO
2024-06-19 22:56:04,302 [INFO] BoardInfo:872 - No configuration file found for board STEVAL-PROTEUS1
2024-06-19 22:56:04,302 [INFO] DbBoards:144 - Board is not supported: STEVAL-PROTEUS1
2024-06-19 22:56:04,310 [INFO] BoardInfo:872 - No configuration file found for board STEVAL-SMARTAG2
2024-06-19 22:56:04,310 [INFO] DbBoards:144 - Board is not supported: STEVAL-SMARTAG2
2024-06-19 22:56:04,310 [INFO] BoardInfo:872 - No configuration file found for board STEVAL-STWINBX1
2024-06-19 22:56:04,310 [INFO] DbBoards:144 - Board is not supported: STEVAL-STWINBX1
2024-06-19 22:56:04,310 [INFO] BoardInfo:872 - No configuration file found for board STM320518-EVAL
2024-06-19 22:56:04,310 [INFO] DbBoards:144 - Board is not supported: STM320518-EVAL
2024-06-19 22:56:04,413 [INFO] BoardInfo:872 - No configuration file found for board STM32H573I-DK
2024-06-19 22:56:04,413 [INFO] DbBoards:144 - Board is not supported: STM32H573I-DK
2024-06-19 22:56:04,444 [INFO] BoardInfo:872 - No configuration file found for board STM32H7S78-DK
2024-06-19 22:56:04,444 [INFO] DbBoards:144 - Board is not supported: STM32H7S78-DK
2024-06-19 22:56:04,476 [INFO] BoardInfo:872 - No configuration file found for board STM32MP135F-DK
2024-06-19 22:56:04,476 [INFO] DbBoards:144 - Board is not supported: STM32MP135F-DK
2024-06-19 22:56:04,491 [INFO] BoardInfo:872 - No configuration file found for board STM32U083C-DK
2024-06-19 22:56:04,491 [INFO] DbBoards:144 - Board is not supported: STM32U083C-DK
2024-06-19 22:56:04,491 [INFO] BoardInfo:872 - No configuration file found for board STM32U5A9J-DK
2024-06-19 22:56:04,491 [INFO] DbBoards:144 - Board is not supported: STM32U5A9J-DK
2024-06-19 22:56:04,491 [INFO] BoardInfo:872 - No configuration file found for board STM32U5G9J-DK1
2024-06-19 22:56:04,491 [INFO] DbBoards:144 - Board is not supported: STM32U5G9J-DK1
2024-06-19 22:56:04,491 [INFO] BoardInfo:872 - No configuration file found for board STM32U5G9J-DK2
2024-06-19 22:56:04,491 [INFO] DbBoards:144 - Board is not supported: STM32U5G9J-DK2
2024-06-19 22:56:04,507 [INFO] BoardInfo:872 - No configuration file found for board STM32WBA55G-DK1
2024-06-19 22:56:04,507 [INFO] DbBoards:144 - Board is not supported: STM32WBA55G-DK1
2024-06-19 22:56:04,510 [INFO] DbBoards:148 - Found 195 boards, 165 are supported
2024-06-19 22:56:04,510 [INFO] ApiDb:407 - Load user favorites file C:\Users\hoatt/.stm32cubeide/favorites.boards.txt: 0 item(s)
2024-06-19 22:56:04,510 [INFO] ApiDb:411 - User favorites Boards=[]
2024-06-19 22:56:04,510 [INFO] DbBoards:174 - Set 0 / 0 favorites Boards
2024-06-19 22:56:05,684 [INFO] LoadUrlFilesThread:173 - End of LoadServerUrlFiles without Thread
2024-06-19 22:56:05,684 [INFO] MultiScanPanel:794 - Refresh data is successful
2024-06-19 22:56:05,684 [INFO] ApiDb:654 - CubeFinder database Data Model version=2.1
2024-06-19 22:56:05,684 [INFO] ApiDb:655 - CubeFinder database Configuration version=3.0.39
2024-06-19 22:56:05,684 [INFO] ApiDb:656 - CubeFinder database generation date=2024-06-06 (1717689626)
2024-06-19 22:56:05,684 [INFO] ApiDb:657 - CubeFinder database FW Pack versions=[FP-ATR-ASTRA1_V2.0.0, FP-SNS-FLIGHT1_V5.0.2, FP-SNS-MOTENV1_V5.0.0, FP-SNS-MOTENVWB1_V1.4.0, FP-SNS-SMARTAG2_V1.2.0, STM32Cube_FW_C0_V1.2.0, STM32Cube_FW_F4_V1.28.0, STM32Cube_FW_F7_V1.17.2, STM32Cube_FW_G0_V1.6.2, STM32Cube_FW_G4_V1.6.0, STM32Cube_FW_H5_V1.3.0, STM32Cube_FW_H7RS_V1.1.0, STM32Cube_FW_H7_V1.11.2, STM32Cube_FW_L0_V1.12.2, STM32Cube_FW_L5_V1.5.1, STM32Cube_FW_U0_V1.1.0, STM32Cube_FW_U5_V1.6.0, STM32Cube_FW_WB0_V1.0.0, STM32Cube_FW_WBA_V1.4.0, STM32Cube_FW_WB_V1.20.0, STM32Cube_FW_WL_V1.3.0, X-CUBE-ALGOBUILD_V1.4.0, X-CUBE-ALS_V1.0.2, X-CUBE-AZRTOS-F4_V1.1.0, X-CUBE-AZRTOS-F7_V1.1.0, X-CUBE-AZRTOS-G0_V1.1.0, X-CUBE-AZRTOS-G4_V2.0.0, X-CUBE-AZRTOS-H7RS_V1.0.0, X-CUBE-AZRTOS-H7_V3.2.0, X-CUBE-AZRTOS-L4_V2.0.0, X-CUBE-AZRTOS-L5_V1.1.0, X-CUBE-AZRTOS-WB_V2.0.0, X-CUBE-AZRTOS-WL_V2.0.0, X-CUBE-BLE1_V7.0.0, X-CUBE-BLE2_V3.3.0, X-CUBE-BLEMGR_V3.1.0, X-CUBE-EEPRMA1_V5.1.0, X-CUBE-FREERTOS_V1.2.0, X-CUBE-GNSS1_V6.0.0, X-CUBE-MEMS1_V10.0.0, X-CUBE-NFC4_V3.0.0, X-CUBE-NFC7_V1.0.1, X-CUBE-SFXS2LP1_V4.0.0, X-CUBE-SUBG2_V5.0.0, X-CUBE-TOF1_V3.4.1]
2024-06-19 22:56:06,767 [ERROR] DbExamplesSqlite:409 - Missing JSON key: board_cpn
2024-06-19 22:56:06,767 [ERROR] DbExamplesSqlite:409 - Missing JSON key: board_cpn
2024-06-19 22:56:06,767 [ERROR] DbExamplesSqlite:409 - Missing JSON key: board_cpn
2024-06-19 22:56:06,767 [ERROR] DbExamplesSqlite:409 - Missing JSON key: board_cpn
2024-06-19 22:56:06,955 [INFO] DbExamplesSqlite:367 - Ignored 28 examples not supported by CubeIDE
2024-06-19 22:56:06,955 [INFO] DbExamplesSqlite:368 - Found 8590 examples active
2024-06-19 22:56:06,955 [INFO] DbExamplesSqlite:369 - Found 0 examples obsolete
2024-06-19 22:56:06,955 [INFO] DbExamplesSqlite:370 - Found 0 examples under development
2024-06-19 22:56:06,955 [INFO] DbExamplesSqlite:371 - Found 10 examples not building
2024-06-19 22:56:06,955 [INFO] DbExamples:124 - Found 8572 examples
2024-06-19 22:56:07,300 [ERROR] DbExamples:207 - Found 308 examples with invalid data (board or MCU)
2024-06-19 22:56:07,300 [INFO] DbExamples:221 - Found 102 boards with related examples
2024-06-19 22:56:07,300 [INFO] DbExamples:234 - Found 86 MCUs with related examples
2024-06-19 22:56:07,331 [INFO] ApiDb:398 - User favorites file not found: C:\Users\hoatt/.stm32cubeide/favorites.examples.txt
2024-06-19 22:56:07,331 [INFO] DbExamples:249 - Set 0 / 0 favorites Examples
2024-06-19 22:56:10,143 [INFO] ServerAccessManage:359 - Download File cube-finder-db.zip
2024-06-19 22:56:31,951 [INFO] FileExtend:235 - Unzip File : cube-finder-db.zip
2024-06-19 22:56:31,951 [INFO] FileExtend:250 - Standard Zip Deflate
2024-06-19 22:56:33,101 [INFO] LoadUrlFilesThread:146 - End of LoadUrlFiles Thread
2024-06-19 22:56:34,076 [INFO] ServerAccessManage:359 - Download File crdb.zip
2024-06-19 22:56:43,904 [INFO] FileExtend:235 - Unzip File : crdb.zip
2024-06-19 22:56:43,904 [INFO] FileExtend:250 - Standard Zip Deflate
2024-06-19 22:56:44,083 [INFO] LoadUrlFilesThread:146 - End of LoadUrlFiles Thread
2024-06-19 22:56:45,355 [INFO] ServerAccessManage:359 - Download File tutoVideoDB.zip
2024-06-19 22:56:45,449 [INFO] FileExtend:235 - Unzip File : tutoVideoDB.zip
2024-06-19 22:56:45,465 [INFO] FileExtend:250 - Standard Zip Deflate
2024-06-19 22:56:45,610 [INFO] LoadUrlFilesThread:146 - End of LoadUrlFiles Thread
2024-06-19 22:56:45,610 [INFO] DbMcusAds:47 - JSON generation date=Thu May 16 16:22:00 ICT 2024 (1715851320852)
2024-06-19 22:56:45,610 [INFO] ApiDb:432 - Save user favorites file C:\Users\hoatt/.stm32cubeide/favorites.mcus.txt: 1 item(s)
2024-06-19 22:56:45,610 [INFO] ApiDb:436 - User favorites MCUs=[STM32F103C8T6]
2024-06-19 22:56:45,610 [INFO] ApiDb:567 - Connected to CubeFinder SQLite database (C:\Users\hoatt\.stmcufinder\plugins\mcufinder\mcu\cube-finder-db.db)
2024-06-19 22:56:45,704 [INFO] ApiDb:654 - CubeFinder database Data Model version=2.1
2024-06-19 22:56:45,704 [INFO] ApiDb:655 - CubeFinder database Configuration version=3.0.39
2024-06-19 22:56:45,704 [INFO] ApiDb:656 - CubeFinder database generation date=2024-06-06 (1717689626)
2024-06-19 22:56:45,704 [INFO] ApiDb:657 - CubeFinder database FW Pack versions=[FP-ATR-ASTRA1_V2.0.0, FP-SNS-FLIGHT1_V5.0.2, FP-SNS-MOTENV1_V5.0.0, FP-SNS-MOTENVWB1_V1.4.0, FP-SNS-SMARTAG2_V1.2.0, STM32Cube_FW_C0_V1.2.0, STM32Cube_FW_F4_V1.28.0, STM32Cube_FW_F7_V1.17.2, STM32Cube_FW_G0_V1.6.2, STM32Cube_FW_G4_V1.6.0, STM32Cube_FW_H5_V1.3.0, STM32Cube_FW_H7RS_V1.1.0, STM32Cube_FW_H7_V1.11.2, STM32Cube_FW_L0_V1.12.2, STM32Cube_FW_L5_V1.5.1, STM32Cube_FW_U0_V1.1.0, STM32Cube_FW_U5_V1.6.0, STM32Cube_FW_WB0_V1.0.0, STM32Cube_FW_WBA_V1.4.0, STM32Cube_FW_WB_V1.20.0, STM32Cube_FW_WL_V1.3.0, X-CUBE-ALGOBUILD_V1.4.0, X-CUBE-ALS_V1.0.2, X-CUBE-AZRTOS-F4_V1.1.0, X-CUBE-AZRTOS-F7_V1.1.0, X-CUBE-AZRTOS-G0_V1.1.0, X-CUBE-AZRTOS-G4_V2.0.0, X-CUBE-AZRTOS-H7RS_V1.0.0, X-CUBE-AZRTOS-H7_V3.2.0, X-CUBE-AZRTOS-L4_V2.0.0, X-CUBE-AZRTOS-L5_V1.1.0, X-CUBE-AZRTOS-WB_V2.0.0, X-CUBE-AZRTOS-WL_V2.0.0, X-CUBE-BLE1_V7.0.0, X-CUBE-BLE2_V3.3.0, X-CUBE-BLEMGR_V3.1.0, X-CUBE-EEPRMA1_V5.1.0, X-CUBE-FREERTOS_V1.2.0, X-CUBE-GNSS1_V6.0.0, X-CUBE-MEMS1_V10.0.0, X-CUBE-NFC4_V3.0.0, X-CUBE-NFC7_V1.0.1, X-CUBE-SFXS2LP1_V4.0.0, X-CUBE-SUBG2_V5.0.0, X-CUBE-TOF1_V3.4.1]
2024-06-19 22:56:49,046 [INFO] ApiDb:212 - Found 97 in-development CPN: [NUCLEO-C031C6, STM32C0116-DK, STM32C011D6Y3TR, STM32C011D6Y6TR, STM32C011F4P3, STM32C011F4P6, STM32C011F4U3, STM32C011F4U6TR, STM32C011F6P3, STM32C011F6P6, STM32C011F6U3, STM32C011F6U6TR, STM32C011J4M3, STM32C011J4M6, STM32C011J6M3, STM32C011J6M6, STM32C0316-DK, STM32C031C4T3, STM32C031C4T6, STM32C031C4U3, STM32C031C4U6, STM32C031C6T3, STM32C031C6T6, STM32C031C6U3, STM32C031C6U6, STM32C031F4P3, STM32C031F4P6, STM32C031F6P3, STM32C031F6P6, STM32C031G4U3, STM32C031G4U6, STM32C031G6U3, STM32C031G6U6, STM32C031K4T3, STM32C031K4T6, STM32C031K4U3, STM32C031K4U6, STM32C031K6T3, STM32C031K6T6, STM32C031K6U3, STM32C031K6U6, STM32G071K8TXN, STM32G071K8UXN, STM32G081GBU6N, STM32G081KBT6N, STM32G081KBUXN, STM32G0B1CCT6N, STM32G0B1KCT6, STM32G0B1NEY6, STM32G0B1NEY6TR, STM32G0B1RCT6N, STM32G0C1CCT6, STM32G0C1CCT6N, STM32G0C1CCU6N, STM32G0C1CET6N, STM32G0C1CEU6N, STM32G0C1KCT6, STM32G0C1NEY6TR, STM32G0C1RCI6N, STM32G0C1RCT6N, STM32G0C1REI6N, STM32G0C1RET6N, STM32G0C1VCI6, STM32G0C1VEI6, STM32G471CCT6, STM32G471CCU6, STM32G471CET3, STM32G471CET6, STM32G471CEU3, STM32G471CEU6, STM32G471MCT6, STM32G471MET3, STM32G471MET6, STM32G471MEY6TR, STM32G471QCT6, STM32G471QET3, STM32G471RCT6, STM32G471RET3, STM32G471RET6, STM32G471VCH6, STM32G471VCI6, STM32G471VCT6, STM32G471VEH3, STM32G471VEH6, STM32G471VEI3, STM32G471VEI6, STM32G471VET3, STM32G471VET6, STM32G474CCT6, STM32L4R5QGI6STR, STM32U595ZJT6Q, STM32U599BJY6QTR, STM32U599NIH6Q, STM32U599NJH6Q, STM32U5A5ZJT6Q, STM32U5A9BJY6QTR, STM32U5A9NJH6Q]
2024-06-19 22:56:49,061 [INFO] DbMcus:201 - Found 4203 MCUs, 4203 are supported
2024-06-19 22:56:49,061 [INFO] ApiDb:407 - Load user favorites file C:\Users\hoatt/.stm32cubeide/favorites.mcus.txt: 1 item(s)
2024-06-19 22:56:49,061 [INFO] ApiDb:411 - User favorites MCUs=[STM32F103C8T6]
2024-06-19 22:56:49,061 [INFO] DbMcus:207 - Set 1 / 1 favorites MCUs
2024-06-19 22:56:50,412 [INFO] ApiDb:432 - Save user favorites file C:\Users\hoatt/.stm32cubeide/favorites.boards.txt: 0 item(s)
2024-06-19 22:56:50,412 [INFO] ApiDb:436 - User favorites Boards=[]
2024-06-19 22:56:50,426 [INFO] ApiDb:567 - Connected to CubeFinder SQLite database (C:\Users\hoatt\.stmcufinder\plugins\mcufinder\mcu\cube-finder-db.db)
2024-06-19 22:56:50,583 [INFO] ApiDb:654 - CubeFinder database Data Model version=2.1
2024-06-19 22:56:50,583 [INFO] ApiDb:655 - CubeFinder database Configuration version=3.0.39
2024-06-19 22:56:50,583 [INFO] ApiDb:656 - CubeFinder database generation date=2024-06-06 (1717689626)
2024-06-19 22:56:50,583 [INFO] ApiDb:657 - CubeFinder database FW Pack versions=[FP-ATR-ASTRA1_V2.0.0, FP-SNS-FLIGHT1_V5.0.2, FP-SNS-MOTENV1_V5.0.0, FP-SNS-MOTENVWB1_V1.4.0, FP-SNS-SMARTAG2_V1.2.0, STM32Cube_FW_C0_V1.2.0, STM32Cube_FW_F4_V1.28.0, STM32Cube_FW_F7_V1.17.2, STM32Cube_FW_G0_V1.6.2, STM32Cube_FW_G4_V1.6.0, STM32Cube_FW_H5_V1.3.0, STM32Cube_FW_H7RS_V1.1.0, STM32Cube_FW_H7_V1.11.2, STM32Cube_FW_L0_V1.12.2, STM32Cube_FW_L5_V1.5.1, STM32Cube_FW_U0_V1.1.0, STM32Cube_FW_U5_V1.6.0, STM32Cube_FW_WB0_V1.0.0, STM32Cube_FW_WBA_V1.4.0, STM32Cube_FW_WB_V1.20.0, STM32Cube_FW_WL_V1.3.0, X-CUBE-ALGOBUILD_V1.4.0, X-CUBE-ALS_V1.0.2, X-CUBE-AZRTOS-F4_V1.1.0, X-CUBE-AZRTOS-F7_V1.1.0, X-CUBE-AZRTOS-G0_V1.1.0, X-CUBE-AZRTOS-G4_V2.0.0, X-CUBE-AZRTOS-H7RS_V1.0.0, X-CUBE-AZRTOS-H7_V3.2.0, X-CUBE-AZRTOS-L4_V2.0.0, X-CUBE-AZRTOS-L5_V1.1.0, X-CUBE-AZRTOS-WB_V2.0.0, X-CUBE-AZRTOS-WL_V2.0.0, X-CUBE-BLE1_V7.0.0, X-CUBE-BLE2_V3.3.0, X-CUBE-BLEMGR_V3.1.0, X-CUBE-EEPRMA1_V5.1.0, X-CUBE-FREERTOS_V1.2.0, X-CUBE-GNSS1_V6.0.0, X-CUBE-MEMS1_V10.0.0, X-CUBE-NFC4_V3.0.0, X-CUBE-NFC7_V1.0.1, X-CUBE-SFXS2LP1_V4.0.0, X-CUBE-SUBG2_V5.0.0, X-CUBE-TOF1_V3.4.1]
2024-06-19 22:56:50,724 [INFO] DbBoardsSqlite:220 - include board P-NUCLEO-WB55-NUCLEO as a kit item of type 'Nucleo-64'
2024-06-19 22:56:50,724 [INFO] DbBoardsSqlite:220 - include board P-NUCLEO-WB55-USBDONGLE as a kit item of type 'Nucleo USB Dongle'
2024-06-19 22:56:50,724 [INFO] DbBoardsSqlite:220 - include board STEVAL-IDP005V1 as a kit item of type 'Evaluation Board'
2024-06-19 22:56:50,724 [INFO] DbBoardsSqlite:220 - include board STEVAL-IDP005V2 as a kit item of type 'Evaluation Board'
2024-06-19 22:56:51,320 [INFO] ApiDb:212 - Found 97 in-development CPN: [NUCLEO-C031C6, STM32C0116-DK, STM32C011D6Y3TR, STM32C011D6Y6TR, STM32C011F4P3, STM32C011F4P6, STM32C011F4U3, STM32C011F4U6TR, STM32C011F6P3, STM32C011F6P6, STM32C011F6U3, STM32C011F6U6TR, STM32C011J4M3, STM32C011J4M6, STM32C011J6M3, STM32C011J6M6, STM32C0316-DK, STM32C031C4T3, STM32C031C4T6, STM32C031C4U3, STM32C031C4U6, STM32C031C6T3, STM32C031C6T6, STM32C031C6U3, STM32C031C6U6, STM32C031F4P3, STM32C031F4P6, STM32C031F6P3, STM32C031F6P6, STM32C031G4U3, STM32C031G4U6, STM32C031G6U3, STM32C031G6U6, STM32C031K4T3, STM32C031K4T6, STM32C031K4U3, STM32C031K4U6, STM32C031K6T3, STM32C031K6T6, STM32C031K6U3, STM32C031K6U6, STM32G071K8TXN, STM32G071K8UXN, STM32G081GBU6N, STM32G081KBT6N, STM32G081KBUXN, STM32G0B1CCT6N, STM32G0B1KCT6, STM32G0B1NEY6, STM32G0B1NEY6TR, STM32G0B1RCT6N, STM32G0C1CCT6, STM32G0C1CCT6N, STM32G0C1CCU6N, STM32G0C1CET6N, STM32G0C1CEU6N, STM32G0C1KCT6, STM32G0C1NEY6TR, STM32G0C1RCI6N, STM32G0C1RCT6N, STM32G0C1REI6N, STM32G0C1RET6N, STM32G0C1VCI6, STM32G0C1VEI6, STM32G471CCT6, STM32G471CCU6, STM32G471CET3, STM32G471CET6, STM32G471CEU3, STM32G471CEU6, STM32G471MCT6, STM32G471MET3, STM32G471MET6, STM32G471MEY6TR, STM32G471QCT6, STM32G471QET3, STM32G471RCT6, STM32G471RET3, STM32G471RET6, STM32G471VCH6, STM32G471VCI6, STM32G471VCT6, STM32G471VEH3, STM32G471VEH6, STM32G471VEI3, STM32G471VEI6, STM32G471VET3, STM32G471VET6, STM32G474CCT6, STM32L4R5QGI6STR, STM32U595ZJT6Q, STM32U599BJY6QTR, STM32U599NIH6Q, STM32U599NJH6Q, STM32U5A5ZJT6Q, STM32U5A9BJY6QTR, STM32U5A9NJH6Q]
2024-06-19 22:56:51,336 [INFO] BoardInfo:872 - No configuration file found for board B-G473E-ZEST1S
2024-06-19 22:56:51,336 [INFO] DbBoards:144 - Board is not supported: B-G473E-ZEST1S
2024-06-19 22:56:51,367 [INFO] BoardInfo:872 - No configuration file found for board B-WB1M-WPAN1
2024-06-19 22:56:51,367 [INFO] DbBoards:144 - Board is not supported: B-WB1M-WPAN1
2024-06-19 22:56:51,383 [INFO] BoardInfo:872 - No configuration file found for board B-WL5M-SUBG1
2024-06-19 22:56:51,383 [INFO] DbBoards:144 - Board is not supported: B-WL5M-SUBG1
2024-06-19 22:56:51,430 [INFO] BoardInfo:872 - No configuration file found for board NUCLEO-H503RB
2024-06-19 22:56:51,430 [INFO] DbBoards:144 - Board is not supported: NUCLEO-H503RB
2024-06-19 22:56:51,430 [INFO] BoardInfo:872 - No configuration file found for board NUCLEO-H533RE
2024-06-19 22:56:51,430 [INFO] DbBoards:144 - Board is not supported: NUCLEO-H533RE
2024-06-19 22:56:51,430 [INFO] BoardInfo:872 - No configuration file found for board NUCLEO-H563ZI
2024-06-19 22:56:51,430 [INFO] DbBoards:144 - Board is not supported: NUCLEO-H563ZI
2024-06-19 22:56:51,445 [INFO] BoardInfo:872 - No configuration file found for board NUCLEO-H7S3L8
2024-06-19 22:56:51,445 [INFO] DbBoards:144 - Board is not supported: NUCLEO-H7S3L8
2024-06-19 22:56:51,477 [INFO] BoardInfo:872 - No configuration file found for board NUCLEO-U031R8
2024-06-19 22:56:51,477 [INFO] DbBoards:144 - Board is not supported: NUCLEO-U031R8
2024-06-19 22:56:51,477 [INFO] BoardInfo:872 - No configuration file found for board NUCLEO-U083RC
2024-06-19 22:56:51,477 [INFO] DbBoards:144 - Board is not supported: NUCLEO-U083RC
2024-06-19 22:56:51,477 [INFO] BoardInfo:872 - No configuration file found for board NUCLEO-U545RE-Q
2024-06-19 22:56:51,477 [INFO] DbBoards:144 - Board is not supported: NUCLEO-U545RE-Q
2024-06-19 22:56:51,477 [INFO] BoardInfo:872 - No configuration file found for board NUCLEO-U5A5ZJ-Q
2024-06-19 22:56:51,477 [INFO] DbBoards:144 - Board is not supported: NUCLEO-U5A5ZJ-Q
2024-06-19 22:56:51,492 [INFO] BoardInfo:872 - No configuration file found for board NUCLEO-WBA52CG
2024-06-19 22:56:51,492 [INFO] DbBoards:144 - Board is not supported: NUCLEO-WBA52CG
2024-06-19 22:56:51,492 [INFO] BoardInfo:872 - No configuration file found for board NUCLEO-WBA55CG
2024-06-19 22:56:51,492 [INFO] DbBoards:144 - Board is not supported: NUCLEO-WBA55CG
2024-06-19 22:56:51,492 [INFO] BoardInfo:872 - No configuration file found for board P-NUCLEO-WB55
2024-06-19 22:56:51,492 [INFO] DbBoards:144 - Kit is not supported: P-NUCLEO-WB55
2024-06-19 22:56:51,492 [INFO] BoardInfo:872 - No configuration file found for board STEVAL-ASTRA1B
2024-06-19 22:56:51,508 [INFO] DbBoards:144 - Board is not supported: STEVAL-ASTRA1B
2024-06-19 22:56:51,508 [INFO] BoardInfo:872 - No configuration file found for board STEVAL-BFA001V1B
2024-06-19 22:56:51,508 [INFO] DbBoards:144 - Kit is not supported: STEVAL-BFA001V1B
2024-06-19 22:56:51,508 [INFO] BoardInfo:872 - No configuration file found for board STEVAL-BFA001V2B
2024-06-19 22:56:51,508 [INFO] DbBoards:144 - Kit is not supported: STEVAL-BFA001V2B
2024-06-19 22:56:51,514 [INFO] BoardInfo:872 - No configuration file found for board STEVAL-MKBOXPRO
2024-06-19 22:56:51,514 [INFO] DbBoards:144 - Board is not supported: STEVAL-MKBOXPRO
2024-06-19 22:56:51,514 [INFO] BoardInfo:872 - No configuration file found for board STEVAL-PROTEUS1
2024-06-19 22:56:51,514 [INFO] DbBoards:144 - Board is not supported: STEVAL-PROTEUS1
2024-06-19 22:56:51,514 [INFO] BoardInfo:872 - No configuration file found for board STEVAL-SMARTAG2
2024-06-19 22:56:51,514 [INFO] DbBoards:144 - Board is not supported: STEVAL-SMARTAG2
2024-06-19 22:56:51,514 [INFO] BoardInfo:872 - No configuration file found for board STEVAL-STWINBX1
2024-06-19 22:56:51,514 [INFO] DbBoards:144 - Board is not supported: STEVAL-STWINBX1
2024-06-19 22:56:51,524 [INFO] BoardInfo:872 - No configuration file found for board STM320518-EVAL
2024-06-19 22:56:51,524 [INFO] DbBoards:144 - Board is not supported: STM320518-EVAL
2024-06-19 22:56:51,602 [INFO] BoardInfo:872 - No configuration file found for board STM32H573I-DK
2024-06-19 22:56:51,602 [INFO] DbBoards:144 - Board is not supported: STM32H573I-DK
2024-06-19 22:56:51,618 [INFO] BoardInfo:872 - No configuration file found for board STM32H7S78-DK
2024-06-19 22:56:51,618 [INFO] DbBoards:144 - Board is not supported: STM32H7S78-DK
2024-06-19 22:56:51,634 [INFO] BoardInfo:872 - No configuration file found for board STM32MP135F-DK
2024-06-19 22:56:51,634 [INFO] DbBoards:144 - Board is not supported: STM32MP135F-DK
2024-06-19 22:56:51,649 [INFO] BoardInfo:872 - No configuration file found for board STM32U083C-DK
2024-06-19 22:56:51,649 [INFO] DbBoards:144 - Board is not supported: STM32U083C-DK
2024-06-19 22:56:51,649 [INFO] BoardInfo:872 - No configuration file found for board STM32U5A9J-DK
2024-06-19 22:56:51,649 [INFO] DbBoards:144 - Board is not supported: STM32U5A9J-DK
2024-06-19 22:56:51,649 [INFO] BoardInfo:872 - No configuration file found for board STM32U5G9J-DK1
2024-06-19 22:56:51,649 [INFO] DbBoards:144 - Board is not supported: STM32U5G9J-DK1
2024-06-19 22:56:51,649 [INFO] BoardInfo:872 - No configuration file found for board STM32U5G9J-DK2
2024-06-19 22:56:51,649 [INFO] DbBoards:144 - Board is not supported: STM32U5G9J-DK2
2024-06-19 22:56:51,665 [INFO] BoardInfo:872 - No configuration file found for board STM32WBA55G-DK1
2024-06-19 22:56:51,665 [INFO] DbBoards:144 - Board is not supported: STM32WBA55G-DK1
2024-06-19 22:56:51,665 [INFO] DbBoards:148 - Found 195 boards, 165 are supported
2024-06-19 22:56:51,665 [INFO] ApiDb:407 - Load user favorites file C:\Users\hoatt/.stm32cubeide/favorites.boards.txt: 0 item(s)
2024-06-19 22:56:51,665 [INFO] ApiDb:411 - User favorites Boards=[]
2024-06-19 22:56:51,665 [INFO] DbBoards:174 - Set 0 / 0 favorites Boards
2024-06-19 22:56:52,356 [INFO] ApiDb:432 - Save user favorites file C:\Users\hoatt/.stm32cubeide/favorites.examples.txt: 0 item(s)
2024-06-19 22:56:52,356 [INFO] ApiDb:436 - User favorites Examples=[]
2024-06-19 22:56:52,356 [INFO] ApiDb:567 - Connected to CubeFinder SQLite database (C:\Users\hoatt\.stmcufinder\plugins\mcufinder\mcu\cube-finder-db.db)
2024-06-19 22:56:52,481 [INFO] ApiDb:654 - CubeFinder database Data Model version=2.1
2024-06-19 22:56:52,481 [INFO] ApiDb:655 - CubeFinder database Configuration version=3.0.39
2024-06-19 22:56:52,481 [INFO] ApiDb:656 - CubeFinder database generation date=2024-06-06 (1717689626)
2024-06-19 22:56:52,481 [INFO] ApiDb:657 - CubeFinder database FW Pack versions=[FP-ATR-ASTRA1_V2.0.0, FP-SNS-FLIGHT1_V5.0.2, FP-SNS-MOTENV1_V5.0.0, FP-SNS-MOTENVWB1_V1.4.0, FP-SNS-SMARTAG2_V1.2.0, STM32Cube_FW_C0_V1.2.0, STM32Cube_FW_F4_V1.28.0, STM32Cube_FW_F7_V1.17.2, STM32Cube_FW_G0_V1.6.2, STM32Cube_FW_G4_V1.6.0, STM32Cube_FW_H5_V1.3.0, STM32Cube_FW_H7RS_V1.1.0, STM32Cube_FW_H7_V1.11.2, STM32Cube_FW_L0_V1.12.2, STM32Cube_FW_L5_V1.5.1, STM32Cube_FW_U0_V1.1.0, STM32Cube_FW_U5_V1.6.0, STM32Cube_FW_WB0_V1.0.0, STM32Cube_FW_WBA_V1.4.0, STM32Cube_FW_WB_V1.20.0, STM32Cube_FW_WL_V1.3.0, X-CUBE-ALGOBUILD_V1.4.0, X-CUBE-ALS_V1.0.2, X-CUBE-AZRTOS-F4_V1.1.0, X-CUBE-AZRTOS-F7_V1.1.0, X-CUBE-AZRTOS-G0_V1.1.0, X-CUBE-AZRTOS-G4_V2.0.0, X-CUBE-AZRTOS-H7RS_V1.0.0, X-CUBE-AZRTOS-H7_V3.2.0, X-CUBE-AZRTOS-L4_V2.0.0, X-CUBE-AZRTOS-L5_V1.1.0, X-CUBE-AZRTOS-WB_V2.0.0, X-CUBE-AZRTOS-WL_V2.0.0, X-CUBE-BLE1_V7.0.0, X-CUBE-BLE2_V3.3.0, X-CUBE-BLEMGR_V3.1.0, X-CUBE-EEPRMA1_V5.1.0, X-CUBE-FREERTOS_V1.2.0, X-CUBE-GNSS1_V6.0.0, X-CUBE-MEMS1_V10.0.0, X-CUBE-NFC4_V3.0.0, X-CUBE-NFC7_V1.0.1, X-CUBE-SFXS2LP1_V4.0.0, X-CUBE-SUBG2_V5.0.0, X-CUBE-TOF1_V3.4.1]
2024-06-19 22:56:53,720 [ERROR] DbExamplesSqlite:409 - Missing JSON key: board_cpn
2024-06-19 22:56:53,720 [ERROR] DbExamplesSqlite:409 - Missing JSON key: board_cpn
2024-06-19 22:56:53,720 [ERROR] DbExamplesSqlite:409 - Missing JSON key: board_cpn
2024-06-19 22:56:53,720 [ERROR] DbExamplesSqlite:409 - Missing JSON key: board_cpn
2024-06-19 22:56:53,971 [INFO] DbExamplesSqlite:367 - Ignored 28 examples not supported by CubeIDE
2024-06-19 22:56:53,971 [INFO] DbExamplesSqlite:368 - Found 8590 examples active
2024-06-19 22:56:53,971 [INFO] DbExamplesSqlite:369 - Found 0 examples obsolete
2024-06-19 22:56:53,971 [INFO] DbExamplesSqlite:370 - Found 0 examples under development
2024-06-19 22:56:53,971 [INFO] DbExamplesSqlite:371 - Found 10 examples not building
2024-06-19 22:56:53,971 [INFO] DbExamples:124 - Found 8572 examples
2024-06-19 22:56:54,065 [ERROR] DbExamples:207 - Found 308 examples with invalid data (board or MCU)
2024-06-19 22:56:54,065 [INFO] DbExamples:221 - Found 102 boards with related examples
2024-06-19 22:56:54,065 [INFO] DbExamples:234 - Found 86 MCUs with related examples
2024-06-19 22:56:54,097 [INFO] ApiDb:407 - Load user favorites file C:\Users\hoatt/.stm32cubeide/favorites.examples.txt: 0 item(s)
2024-06-19 22:56:54,097 [INFO] ApiDb:411 - User favorites Examples=[]
2024-06-19 22:56:54,097 [INFO] DbExamples:249 - Set 0 / 0 favorites Examples
2024-06-19 22:56:54,835 [INFO] LoadUrlFilesThread:173 - End of LoadServerUrlFiles without Thread
2024-06-19 22:56:54,835 [INFO] TargetSelectorAdapter:228 - Refresh data is successful
2024-06-19 22:56:54,973 [INFO] McuFinderGlobals:52 - Set McuFinderConnectedMode to true
2024-06-19 22:56:54,973 [INFO] MultiScanPanel:195 - Auto-refresh data requested => check proxy status ongoing
2024-06-19 22:56:54,989 [INFO] FinderPluginLoader:87 - Searching for filters in installed packs
2024-06-19 22:56:56,301 [INFO] LoadUrlFilesThread:173 - End of LoadServerUrlFiles without Thread
2024-06-19 22:56:56,301 [INFO] DetailPanel:315 - Set advertising image to C:/Users/hoatt/STM32Cube/Repository/\en.prom-stm32h7rs-mcu-finder.jpg
2024-06-19 22:57:21,664 [INFO] MainUpdater:2729 - connection check result : 10
2024-06-19 22:57:21,664 [INFO] MainUpdater:2729 - connection check result : 10
2024-06-19 22:57:21,868 [INFO] MicroXplorer:447 - Change Database Path : 
2024-06-19 22:57:21,868 [INFO] MicroXplorer:477 - Change Database Version : DB.6.0.50
2024-06-19 22:57:21,884 [WARN] ThirdParty:823 - waiting for thirdparty lock release [close project]
2024-06-19 22:57:21,884 [INFO] ThirdParty:825 - entering critical section [close project]
2024-06-19 22:57:21,884 [INFO] ThirdParty:835 - exiting critical section [close project]
2024-06-19 22:57:21,893 [INFO] PinOutPanel:1465 - setPackage(No Configuration,No Configuration)
2024-06-19 22:57:21,962 [INFO] UtilMem:74 - Begin LoadConfig() Used Memory: 890020520 Bytes (1073741824)
2024-06-19 22:57:21,962 [INFO] MicroXplorer:447 - Change Database Path : 
2024-06-19 22:57:21,962 [INFO] MicroXplorer:477 - Change Database Version : DB.6.0.50
2024-06-19 22:57:21,962 [INFO] OpenFileManager:303 - Change cursor
2024-06-19 22:57:22,078 [INFO] RulesReader:57 - Compatibility file has been processed (281 Rules)
2024-06-19 22:57:22,094 [INFO] Mcu:1893 - Initializing MCU STM32F103C8Tx STM32F103C8Tx 
2024-06-19 22:57:22,094 [INFO] Mcu:1906 - No CPN specified => set CPN to STM32F103C8T6
2024-06-19 22:57:23,459 [INFO] Context:599 - Trying to add GPIOservice into a context  which must be forbidden
2024-06-19 22:57:23,697 [INFO] ImportTextPane:183 - (OptionalMessage_ERROR) Unable to find key (Mcu.ThirdPartyNb) in loaded IOC file
2024-06-19 22:57:23,697 [INFO] ImportTextPane:183 - (OptionalMessage_ERROR) Unable to find key (Mcu.PinsNb) in loaded IOC file
2024-06-19 22:57:23,697 [INFO] ImportTextPane:183 - (OptionalMessage_ERROR) Unable to find key (Mcu.IPNb) in loaded IOC file
2024-06-19 22:57:23,725 [WARN] ApiManager:304 - Cannot register API 'Board Extension:GNSS1A1' from pack STMicroelectronics.X-CUBE-GNSS1.6.0.0: no header file found
2024-06-19 22:57:23,725 [WARN] ApiManager:304 - Cannot register API 'Board Support:Custom' from pack STMicroelectronics.X-CUBE-GNSS1.6.0.0: no header file found
2024-06-19 22:57:23,725 [WARN] ApiManager:304 - Cannot register API 'Data Exchange:lib_gnss' from pack STMicroelectronics.X-CUBE-GNSS1.6.0.0: no header file found
2024-06-19 22:57:23,741 [WARN] ApiManager:304 - Cannot register API 'Board Extension:NFC06A1' from pack STMicroelectronics.X-CUBE-NFC6.3.1.0: no header file found
2024-06-19 22:57:23,741 [WARN] ApiManager:304 - Cannot register API 'Board Extension:NFC08A1' from pack STMicroelectronics.X-CUBE-NFC6.3.1.0: no header file found
2024-06-19 22:57:23,741 [INFO] RtosManager:484 - Registered RTOS mode: class=CMSIS, group=RTOS, mode=CMSIS_V1, owner=FREERTOS
2024-06-19 22:57:23,741 [INFO] RtosManager:484 - Registered RTOS mode: class=CMSIS, group=RTOS2, mode=CMSIS_V2, owner=FREERTOS
2024-06-19 22:57:23,741 [INFO] RtosManager:484 - Registered RTOS mode: class=RTOS, group=Core, mode=CMSIS_V1, owner=FREERTOS
2024-06-19 22:57:23,741 [INFO] RtosManager:484 - Registered RTOS mode: class=RTOS, group=Core, mode=CMSIS_V2, owner=FREERTOS
2024-06-19 22:57:23,741 [WARN] ModelIntegratedComponent:181 - Missing modes for component STMicroelectronics:FreeRTOS:0.0.1:STMicroelectronics:RTOS:FreeRTOS:Core:::10.2.0:
2024-06-19 22:57:23,741 [WARN] ApiManager:304 - Cannot register API 'Board Extension:STSAFEA1' from pack STMicroelectronics.X-CUBE-SAFEA1.1.2.2: no header file found
2024-06-19 22:57:23,741 [WARN] ApiManager:304 - Cannot register API 'Board Part:STSAFEA110' from pack STMicroelectronics.X-CUBE-SAFEA1.1.2.2: no header file found
2024-06-19 22:57:23,741 [WARN] ApiManager:304 - Cannot register API 'Security:ST_Cryptolib' from pack STMicroelectronics.X-CUBE-SAFEA1.1.2.2: no header file found
2024-06-19 22:57:23,741 [WARN] ApiManager:304 - Cannot register API 'Security:MbedTLS' from pack STMicroelectronics.X-CUBE-SAFEA1.1.2.2: no header file found
2024-06-19 22:57:23,741 [WARN] ApiManager:304 - Cannot register API 'Board Extension:NFC04A1' from pack STMicroelectronics.X-CUBE-NFC4.3.0.0: no header file found
2024-06-19 22:57:23,741 [WARN] ApiManager:304 - Cannot register API 'Board Extension:S2868A1' from pack STMicroelectronics.X-CUBE-SUBG2.5.0.0: no header file found
2024-06-19 22:57:23,741 [WARN] ApiManager:304 - Cannot register API 'Board Extension:S2868A2' from pack STMicroelectronics.X-CUBE-SUBG2.5.0.0: no header file found
2024-06-19 22:57:23,741 [WARN] ApiManager:304 - Cannot register API 'Board Extension:S2915A1' from pack STMicroelectronics.X-CUBE-SUBG2.5.0.0: no header file found
2024-06-19 22:57:23,757 [WARN] ApiManager:304 - Cannot register API 'Wireless:BlueNRG-MS' from pack STMicroelectronics.X-CUBE-BLE1.7.0.0: no header file found
2024-06-19 22:57:23,757 [WARN] ApiManager:304 - Cannot register API 'Board Extension:EEPRMA2' from pack STMicroelectronics.X-CUBE-EEPRMA1.5.1.0: no header file found
2024-06-19 22:57:23,757 [WARN] ApiManager:304 - Cannot register API 'Board Extension:PGEEZ1' from pack STMicroelectronics.X-CUBE-EEPRMA1.5.1.0: no header file found
2024-06-19 22:57:23,757 [WARN] ApiManager:304 - Cannot register API 'Board Extension:EEICA1' from pack STMicroelectronics.X-CUBE-EEPRMA1.5.1.0: no header file found
2024-06-19 22:57:23,757 [WARN] ApiManager:304 - Cannot register API 'Board Part:M24' from pack STMicroelectronics.X-CUBE-EEPRMA1.5.1.0: no header file found
2024-06-19 22:57:23,757 [WARN] ApiManager:304 - Cannot register API 'Board Part:M95' from pack STMicroelectronics.X-CUBE-EEPRMA1.5.1.0: no header file found
2024-06-19 22:57:23,757 [WARN] ApiManager:304 - Cannot register API 'Board Part:M95P32' from pack STMicroelectronics.X-CUBE-EEPRMA1.5.1.0: no header file found
2024-06-19 22:57:23,757 [WARN] ApiManager:304 - Cannot register API 'Board Part:M24256E-F' from pack STMicroelectronics.X-CUBE-EEPRMA1.5.1.0: no header file found
2024-06-19 22:57:23,757 [WARN] ApiManager:304 - Cannot register API 'Board Part:M24M01E-F' from pack STMicroelectronics.X-CUBE-EEPRMA1.5.1.0: no header file found
2024-06-19 22:57:23,757 [WARN] ApiManager:304 - Cannot register API 'PGEEZ1:SPI' from pack STMicroelectronics.X-CUBE-EEPRMA1.5.1.0: no header file found
2024-06-19 22:57:23,757 [WARN] ApiManager:304 - Cannot register API 'PGEEZ1:QDSPI' from pack STMicroelectronics.X-CUBE-EEPRMA1.5.1.0: no header file found
2024-06-19 22:57:23,757 [WARN] ModelIntegratedComponent:60 - No mode defined for component null
2024-06-19 22:57:23,757 [WARN] ModelIntegratedComponent:60 - No mode defined for component null
2024-06-19 22:57:23,757 [WARN] ModelIntegratedComponent:60 - No mode defined for component null
2024-06-19 22:57:23,757 [WARN] ModelIntegratedComponent:60 - No mode defined for component null
2024-06-19 22:57:23,757 [WARN] ModelIntegratedComponent:60 - No mode defined for component null
2024-06-19 22:57:23,757 [WARN] ModelIntegratedComponent:60 - No mode defined for component null
2024-06-19 22:57:23,757 [WARN] ModelIntegratedComponent:60 - No mode defined for component null
2024-06-19 22:57:23,757 [WARN] ModelIntegratedComponent:60 - No mode defined for component null
2024-06-19 22:57:23,757 [WARN] ModelIntegratedComponent:60 - No mode defined for component null
2024-06-19 22:57:23,757 [WARN] ModelIntegratedComponent:60 - No mode defined for component null
2024-06-19 22:57:23,757 [WARN] ModelIntegratedComponent:60 - No mode defined for component null
2024-06-19 22:57:23,757 [WARN] ModelIntegratedComponent:60 - No mode defined for component null
2024-06-19 22:57:23,757 [WARN] ModelIntegratedComponent:60 - No mode defined for component null
2024-06-19 22:57:23,757 [WARN] ModelIntegratedComponent:60 - No mode defined for component null
2024-06-19 22:57:23,757 [WARN] ModelIntegratedComponent:60 - No mode defined for component null
2024-06-19 22:57:23,757 [WARN] ModelIntegratedComponent:60 - No mode defined for component null
2024-06-19 22:57:23,757 [WARN] ModelIntegratedComponent:60 - No mode defined for component null
2024-06-19 22:57:23,757 [WARN] ModelIntegratedComponent:60 - No mode defined for component null
2024-06-19 22:57:23,757 [WARN] ModelIntegratedComponent:60 - No mode defined for component null
2024-06-19 22:57:23,757 [WARN] ModelIntegratedComponent:60 - No mode defined for component null
2024-06-19 22:57:23,757 [WARN] ModelIntegratedComponent:60 - No mode defined for component null
2024-06-19 22:57:23,757 [WARN] ModelIntegratedComponent:60 - No mode defined for component null
2024-06-19 22:57:23,757 [WARN] ModelIntegratedComponent:60 - No mode defined for component null
2024-06-19 22:57:23,757 [WARN] ModelIntegratedComponent:60 - No mode defined for component null
2024-06-19 22:57:23,757 [WARN] ModelIntegratedComponent:60 - No mode defined for component null
2024-06-19 22:57:23,757 [WARN] ModelIntegratedComponent:60 - No mode defined for component null
2024-06-19 22:57:23,757 [WARN] ModelIntegratedComponent:60 - No mode defined for component null
2024-06-19 22:57:23,757 [WARN] ModelIntegratedComponent:60 - No mode defined for component null
2024-06-19 22:57:23,757 [WARN] ModelIntegratedComponent:60 - No mode defined for component null
2024-06-19 22:57:23,757 [WARN] ModelIntegratedComponent:60 - No mode defined for component null
2024-06-19 22:57:23,757 [WARN] ModelIntegratedComponent:60 - No mode defined for component null
2024-06-19 22:57:23,757 [WARN] ModelIntegratedComponent:60 - No mode defined for component null
2024-06-19 22:57:23,757 [WARN] ModelIntegratedComponent:60 - No mode defined for component null
2024-06-19 22:57:23,945 [WARN] ApiManager:304 - Cannot register API 'Board Extension:IKS01A3' from pack STMicroelectronics.X-CUBE-MEMS1.10.0.0: no header file found
2024-06-19 22:57:23,945 [WARN] ApiManager:304 - Cannot register API 'Board Extension:IKS02A1' from pack STMicroelectronics.X-CUBE-MEMS1.10.0.0: no header file found
2024-06-19 22:57:23,945 [WARN] ApiManager:304 - Cannot register API 'Board Extension:IKS4A1' from pack STMicroelectronics.X-CUBE-MEMS1.10.0.0: no header file found
2024-06-19 22:57:23,945 [WARN] ApiManager:304 - Cannot register API 'Board Extension:NFC07A1' from pack STMicroelectronics.X-CUBE-NFC7.1.0.1: no header file found
2024-06-19 22:57:23,961 [WARN] ApiManager:304 - Cannot register API 'Board Extension:S2868A1' from pack STMicroelectronics.X-CUBE-SFXS2LP1.4.0.0: no header file found
2024-06-19 22:57:23,961 [WARN] ApiManager:304 - Cannot register API 'Board Extension:S2868A2' from pack STMicroelectronics.X-CUBE-SFXS2LP1.4.0.0: no header file found
2024-06-19 22:57:23,961 [WARN] ApiManager:304 - Cannot register API 'Board Extension:S2915A1' from pack STMicroelectronics.X-CUBE-SFXS2LP1.4.0.0: no header file found
2024-06-19 22:57:23,961 [WARN] ApiManager:304 - Cannot register API 'Wireless:BlueNRG-2' from pack STMicroelectronics.X-CUBE-BLE2.3.3.0: no header file found
2024-06-19 22:57:23,998 [INFO] ThirdPartyModel:282 - Start build external matchings
2024-06-19 22:57:24,761 [INFO] ThirdPartyModel:295 - End build external matchings
2024-06-19 22:57:25,139 [INFO] UtilMem:74 - End LoadConfig() Used Memory: 762307032 Bytes (1073741824)
2024-06-19 22:57:25,182 [WARN] ThirdParty:785 - waiting for thirdparty lock release [change project]
2024-06-19 22:57:25,182 [INFO] ThirdParty:787 - entering critical section [change project]
2024-06-19 22:57:25,182 [INFO] ThirdParty:977 - CMSIS Pack Vendor :STMicroelectronics X-CUBE-GNSS1 6.0.0
2024-06-19 22:57:25,182 [INFO] ThirdParty:977 - CMSIS Pack Vendor :STMicroelectronics USB_HOST 2.0.0
2024-06-19 22:57:25,182 [INFO] ThirdParty:977 - CMSIS Pack Vendor :STMicroelectronics FP-SNS-MOTENVWB1 1.4.0
2024-06-19 22:57:25,182 [INFO] ThirdParty:977 - CMSIS Pack Vendor :STMicroelectronics X-CUBE-AZRTOS-F4 1.1.0
2024-06-19 22:57:25,182 [INFO] ThirdParty:977 - CMSIS Pack Vendor :STMicroelectronics LIBJPEG 8.0.0
2024-06-19 22:57:25,182 [INFO] ThirdParty:977 - CMSIS Pack Vendor :STMicroelectronics X-CUBE-SMBUS 2.1.0
2024-06-19 22:57:25,182 [INFO] ThirdParty:977 - CMSIS Pack Vendor :STMicroelectronics USB_DEVICE 3.0.0
2024-06-19 22:57:25,182 [INFO] ThirdParty:977 - CMSIS Pack Vendor :STMicroelectronics X-CUBE-TCPP 4.1.0
2024-06-19 22:57:25,182 [INFO] ThirdParty:977 - CMSIS Pack Vendor :STMicroelectronics X-CUBE-FREERTOS 1.2.0
2024-06-19 22:57:25,182 [INFO] ThirdParty:977 - CMSIS Pack Vendor :STMicroelectronics X-CUBE-AZRTOS-WB 2.0.0
2024-06-19 22:57:25,182 [INFO] ThirdParty:977 - CMSIS Pack Vendor :STMicroelectronics X-CUBE-TOUCHGFX 4.23.2
2024-06-19 22:57:25,182 [INFO] ThirdParty:977 - CMSIS Pack Vendor :STMicroelectronics X-CUBE-AZRTOS-F7 1.1.0
2024-06-19 22:57:25,182 [INFO] ThirdParty:977 - CMSIS Pack Vendor :STMicroelectronics X-CUBE-AZRTOS-L5 2.0.0
2024-06-19 22:57:25,182 [INFO] ThirdParty:977 - CMSIS Pack Vendor :STMicroelectronics USB_DEVICE 2.0.0
2024-06-19 22:57:25,182 [INFO] ThirdParty:977 - CMSIS Pack Vendor :STMicroelectronics X-CUBE-NFC6 3.1.0
2024-06-19 22:57:25,182 [INFO] ThirdParty:977 - CMSIS Pack Vendor :STMicroelectronics X-CUBE-ALGOBUILD 1.3.0
2024-06-19 22:57:25,182 [INFO] ThirdParty:977 - CMSIS Pack Vendor :STMicroelectronics FreeRTOS 0.0.1
2024-06-19 22:57:25,182 [INFO] ThirdParty:977 - CMSIS Pack Vendor :STMicroelectronics X-CUBE-AZRTOS-G0 1.1.0
2024-06-19 22:57:25,182 [INFO] ThirdParty:977 - CMSIS Pack Vendor :STMicroelectronics X-CUBE-SAFEA1 1.2.2
2024-06-19 22:57:25,182 [INFO] ThirdParty:977 - CMSIS Pack Vendor :STMicroelectronics X-CUBE-NFC4 3.0.0
2024-06-19 22:57:25,182 [INFO] ThirdParty:977 - CMSIS Pack Vendor :STMicroelectronics X-CUBE-SUBG2 5.0.0
2024-06-19 22:57:25,182 [INFO] ThirdParty:977 - CMSIS Pack Vendor :STMicroelectronics STM32_WPAN 1.0.0
2024-06-19 22:57:25,182 [INFO] ThirdParty:977 - CMSIS Pack Vendor :STMicroelectronics lwIP 2.0.3
2024-06-19 22:57:25,198 [INFO] ThirdParty:977 - CMSIS Pack Vendor :STMicroelectronics FP-SNS-FLIGHT1 5.0.2
2024-06-19 22:57:25,198 [INFO] ThirdParty:977 - CMSIS Pack Vendor :STMicroelectronics USB_HOST 1.0.0
2024-06-19 22:57:25,198 [INFO] ThirdParty:977 - CMSIS Pack Vendor :STMicroelectronics X-CUBE-AI 9.0.0
2024-06-19 22:57:25,198 [INFO] ThirdParty:977 - CMSIS Pack Vendor :STMicroelectronics X-CUBE-AZRTOS-G4 2.0.0
2024-06-19 22:57:25,198 [INFO] ThirdParty:977 - CMSIS Pack Vendor :STMicroelectronics PDM2PCM 3.1.0
2024-06-19 22:57:25,198 [INFO] ThirdParty:977 - CMSIS Pack Vendor :STMicroelectronics PDM2PCM 3.3.0
2024-06-19 22:57:25,198 [INFO] ThirdParty:977 - CMSIS Pack Vendor :STMicroelectronics X-CUBE-DISPLAY 3.0.0
2024-06-19 22:57:25,198 [INFO] ThirdParty:977 - CMSIS Pack Vendor :wolfSSL I-CUBE-wolfSSL 5.7.0
2024-06-19 22:57:25,198 [INFO] ThirdParty:977 - CMSIS Pack Vendor :STMicroelectronics X-CUBE-BLE1 7.0.0
2024-06-19 22:57:25,198 [INFO] ThirdParty:977 - CMSIS Pack Vendor :STMicroelectronics FP-ATR-SIGFOX1 3.2.0
2024-06-19 22:57:25,198 [INFO] ThirdParty:977 - CMSIS Pack Vendor :STMicroelectronics X-CUBE-ISPU 2.0.0
2024-06-19 22:57:25,198 [INFO] ThirdParty:977 - CMSIS Pack Vendor :STMicroelectronics X-CUBE-EEPRMA1 5.1.0
2024-06-19 22:57:25,198 [INFO] ThirdParty:977 - CMSIS Pack Vendor :STMicroelectronics HAL Drivers 0.0.0
2024-06-19 22:57:25,198 [INFO] ThirdParty:977 - CMSIS Pack Vendor :STMicroelectronics MBEDTLS 2.16.2
2024-06-19 22:57:25,198 [INFO] ThirdParty:977 - CMSIS Pack Vendor :STMicroelectronics X-CUBE-ALS 1.0.2
2024-06-19 22:57:25,198 [INFO] ThirdParty:977 - CMSIS Pack Vendor :emotas I-CUBE-CANOPEN 1.3.0
2024-06-19 22:57:25,198 [INFO] ThirdParty:977 - CMSIS Pack Vendor :STMicroelectronics X-CUBE-MEMS1 10.0.0
2024-06-19 22:57:25,198 [INFO] ThirdParty:977 - CMSIS Pack Vendor :STMicroelectronics X-CUBE-NFC7 1.0.1
2024-06-19 22:57:25,198 [INFO] ThirdParty:977 - CMSIS Pack Vendor :STMicroelectronics MBEDTLS 2.14.1
2024-06-19 22:57:25,198 [INFO] ThirdParty:977 - CMSIS Pack Vendor :ITTIA_DB I-CUBE-ITTIADB 8.9.0
2024-06-19 22:57:25,198 [INFO] ThirdParty:977 - CMSIS Pack Vendor :portGmbH I-Cube-SoM-uGOAL 1.1.0
2024-06-19 22:57:25,198 [INFO] ThirdParty:977 - CMSIS Pack Vendor :STMicroelectronics X-CUBE-ALS 1.0.1
2024-06-19 22:57:25,198 [INFO] ThirdParty:977 - CMSIS Pack Vendor :STMicroelectronics X-CUBE-BLEMGR 3.1.0
2024-06-19 22:57:25,198 [INFO] ThirdParty:977 - CMSIS Pack Vendor :STMicroelectronics ThreadX 1.0.0
2024-06-19 22:57:25,198 [INFO] ThirdParty:977 - CMSIS Pack Vendor :STMicroelectronics FP-SNS-SMARTAG2 1.2.0
2024-06-19 22:57:25,198 [INFO] ThirdParty:977 - CMSIS Pack Vendor :STMicroelectronics X-CUBE-AZRTOS-WL 2.0.0
2024-06-19 22:57:25,198 [INFO] ThirdParty:977 - CMSIS Pack Vendor :SEGGER I-CUBE-embOS 1.3.1
2024-06-19 22:57:25,198 [INFO] ThirdParty:977 - CMSIS Pack Vendor :STMicroelectronics X-CUBE-ALGOBUILD 1.4.0
2024-06-19 22:57:25,198 [INFO] ThirdParty:977 - CMSIS Pack Vendor :STMicroelectronics FP-SNS-MOTENV1 5.0.0
2024-06-19 22:57:25,198 [INFO] ThirdParty:977 - CMSIS Pack Vendor :STMicroelectronics USB_DEVICE 1.0.0
2024-06-19 22:57:25,198 [INFO] ThirdParty:977 - CMSIS Pack Vendor :STMicroelectronics X-CUBE-AZRTOS-H7RS 1.0.0
2024-06-19 22:57:25,198 [INFO] ThirdParty:977 - CMSIS Pack Vendor :wolfSSL I-CUBE-wolfMQTT 1.19.0
2024-06-19 22:57:25,198 [INFO] ThirdParty:977 - CMSIS Pack Vendor :STMicroelectronics X-CUBE-AZRTOS-L4 2.0.0
2024-06-19 22:57:25,198 [INFO] ThirdParty:977 - CMSIS Pack Vendor :STMicroelectronics ThreadX 0.0.2
2024-06-19 22:57:25,198 [INFO] ThirdParty:977 - CMSIS Pack Vendor :WES I-CUBE-Cesium 1.3.0
2024-06-19 22:57:25,198 [INFO] ThirdParty:977 - CMSIS Pack Vendor :STMicroelectronics FP-ATR-ASTRA1 2.0.0
2024-06-19 22:57:25,198 [INFO] ThirdParty:977 - CMSIS Pack Vendor :STMicroelectronics lwIP 2.1.2
2024-06-19 22:57:25,198 [INFO] ThirdParty:977 - CMSIS Pack Vendor :STMicroelectronics X-CUBE-SFXS2LP1 4.0.0
2024-06-19 22:57:25,200 [INFO] ThirdParty:977 - CMSIS Pack Vendor :STMicroelectronics X-CUBE-BLE2 3.3.0
2024-06-19 22:57:25,200 [INFO] ThirdParty:977 - CMSIS Pack Vendor :STMicroelectronics X-CUBE-TOF1 3.4.1
2024-06-19 22:57:25,200 [INFO] ThirdParty:977 - CMSIS Pack Vendor :STMicroelectronics X-CUBE-AZRTOS-H7 3.2.0
2024-06-19 22:57:25,200 [INFO] ThirdParty:977 - CMSIS Pack Vendor :Infineon AIROC-Wi-Fi-Bluetooth-STM32 1.6.0
2024-06-19 22:57:25,200 [INFO] ThirdParty:977 - CMSIS Pack Vendor :STMicroelectronics PDM2PCM 3.2.0
2024-06-19 22:57:25,200 [INFO] ThirdParty:793 - exiting critical section [change project]
2024-06-19 22:57:25,434 [INFO] PinOutPanel:1465 - setPackage(No Configuration,No Configuration)
2024-06-19 22:57:25,449 [INFO] PinOutPanel:1465 - setPackage(STM32F103C8Tx,LQFP48)
2024-06-19 22:57:25,732 [INFO] UtilMem:74 - Before build in PCC Used Memory: 708212696 Bytes (1073741824)
2024-06-19 22:57:26,281 [INFO] UtilMem:74 - After build in PCC Used Memory: 750155736 Bytes (1073741824)
2024-06-19 22:57:26,303 [INFO] IPUIPlugin:75 - create IPUIPlugin
2024-06-19 22:57:26,303 [INFO] IPUIPlugin:75 - create IPUIPlugin
2024-06-19 22:57:26,303 [INFO] IPUIPlugin:75 - create IPUIPlugin
2024-06-19 22:57:26,303 [INFO] IPUIPlugin:75 - create IPUIPlugin
2024-06-19 22:57:26,303 [INFO] IPUIPlugin:75 - create IPUIPlugin
2024-06-19 22:57:26,303 [INFO] IPUIPlugin:75 - create IPUIPlugin
2024-06-19 22:57:26,303 [INFO] IPUIPlugin:75 - create IPUIPlugin
2024-06-19 22:57:26,312 [INFO] IPUIPlugin:75 - create IPUIPlugin
2024-06-19 22:57:26,312 [INFO] IPUIPlugin:75 - create IPUIPlugin
2024-06-19 22:57:26,312 [INFO] IPUIPlugin:75 - create IPUIPlugin
2024-06-19 22:57:26,312 [INFO] IPUIPlugin:75 - create IPUIPlugin
2024-06-19 22:57:26,312 [INFO] IPUIPlugin:75 - create IPUIPlugin
2024-06-19 22:57:26,312 [INFO] IPUIPlugin:75 - create IPUIPlugin
2024-06-19 22:57:26,312 [INFO] IPUIPlugin:75 - create IPUIPlugin
2024-06-19 22:57:26,312 [INFO] IPUIPlugin:75 - create IPUIPlugin
2024-06-19 22:57:26,312 [INFO] IPUIPlugin:75 - create IPUIPlugin
2024-06-19 22:57:26,312 [INFO] IPUIPlugin:75 - create IPUIPlugin
2024-06-19 22:57:26,312 [INFO] IPUIPlugin:75 - create IPUIPlugin
2024-06-19 22:57:26,312 [INFO] IPUIPlugin:75 - create IPUIPlugin
2024-06-19 22:57:26,312 [INFO] IPUIPlugin:75 - create IPUIPlugin
2024-06-19 22:57:26,312 [INFO] IPUIPlugin:75 - create IPUIPlugin
2024-06-19 22:57:26,312 [INFO] IPUIPlugin:75 - create IPUIPlugin
2024-06-19 22:57:26,312 [INFO] IPUIPlugin:75 - create IPUIPlugin
2024-06-19 22:57:26,312 [INFO] IPUIPlugin:75 - create IPUIPlugin
2024-06-19 22:57:26,312 [INFO] IPUIPlugin:75 - create IPUIPlugin
2024-06-19 22:57:26,312 [INFO] IPUIPlugin:75 - create IPUIPlugin
2024-06-19 22:57:26,312 [INFO] IPUIPlugin:75 - create IPUIPlugin
2024-06-19 22:57:26,408 [INFO] OpenFileManager:323 - Restore cursor
2024-06-19 22:57:27,396 [INFO] UtilMem:74 - End SaveConfig() Used Memory: 797591888 Bytes (1073741824)
2024-06-19 22:57:27,443 [INFO] UtilMem:74 - End SaveConfig() Used Memory: 809784424 Bytes (1073741824)
2024-06-19 22:57:27,835 [INFO] BlockDiagram:2740 - set Specific Code input for plugin: NVIC
2024-06-19 22:57:27,835 [INFO] BlockDiagram:2740 - set Specific Code input for plugin: SYS
2024-06-19 22:57:27,835 [INFO] BlockDiagram:2740 - set Specific Code input for plugin: RCC
2024-06-19 22:57:27,835 [INFO] CodeGenerator:681 - code generatio: config db path: C:\ST\STM32CubeIDE_1.9.0\STM32CubeIDE\plugins\com.st.stm32cube.common.mx_6.5.0.202202251913\\db\
2024-06-19 22:57:28,588 [INFO] CodeEngine:237 - oldGeneratedFile, C:\Users\hoatt\STM32CubeIDE\workspace_1.9.0\Timer\Timer_systick\MXTmpFiles\license.tmp_save
2024-06-19 22:57:28,808 [INFO] CodeEngine:261 - Generated code: C:\Users\hoatt\STM32CubeIDE\workspace_1.9.0\Timer\Timer_systick\MXTmpFiles\license.tmp
2024-06-19 22:57:28,908 [INFO] CodeEngine:237 - oldGeneratedFile, C:\Users\hoatt\STM32CubeIDE\workspace_1.9.0\Timer\Timer_systick\Core\Src\stm32f1xx_it.c_save
2024-06-19 22:57:29,090 [INFO] CodeEngine:261 - Generated code: C:\Users\hoatt\STM32CubeIDE\workspace_1.9.0\Timer\Timer_systick\Core\Src\stm32f1xx_it.c
2024-06-19 22:57:29,109 [INFO] CodeEngine:237 - oldGeneratedFile, C:\Users\hoatt\STM32CubeIDE\workspace_1.9.0\Timer\Timer_systick\Core\Inc\stm32f1xx_it.h_save
2024-06-19 22:57:29,310 [INFO] CodeEngine:261 - Generated code: C:\Users\hoatt\STM32CubeIDE\workspace_1.9.0\Timer\Timer_systick\Core\Inc\stm32f1xx_it.h
2024-06-19 22:57:29,420 [INFO] CodeEngine:237 - oldGeneratedFile, C:\Users\hoatt\STM32CubeIDE\workspace_1.9.0\Timer\Timer_systick\Core\Src\stm32f1xx_hal_msp.c_save
2024-06-19 22:57:29,655 [INFO] CodeEngine:261 - Generated code: C:\Users\hoatt\STM32CubeIDE\workspace_1.9.0\Timer\Timer_systick\Core\Src\stm32f1xx_hal_msp.c
2024-06-19 22:57:29,655 [INFO] CodeEngine:237 - oldGeneratedFile, C:\Users\hoatt\STM32CubeIDE\workspace_1.9.0\Timer\Timer_systick\MXTmpFiles\system.tmp_save
2024-06-19 22:57:29,796 [INFO] CodeEngine:261 - Generated code: C:\Users\hoatt\STM32CubeIDE\workspace_1.9.0\Timer\Timer_systick\MXTmpFiles\system.tmp
2024-06-19 22:57:29,812 [INFO] CodeEngine:237 - oldGeneratedFile, C:\Users\hoatt\STM32CubeIDE\workspace_1.9.0\Timer\Timer_systick\Core\Inc\stm32f1xx_hal_conf.h_save
2024-06-19 22:57:29,953 [INFO] CodeEngine:261 - Generated code: C:\Users\hoatt\STM32CubeIDE\workspace_1.9.0\Timer\Timer_systick\Core\Inc\stm32f1xx_hal_conf.h
2024-06-19 22:57:30,047 [INFO] CodeEngine:237 - oldGeneratedFile, C:\Users\hoatt\STM32CubeIDE\workspace_1.9.0\Timer\Timer_systick\Core\Inc\main.h_save
2024-06-19 22:57:30,189 [INFO] CodeEngine:261 - Generated code: C:\Users\hoatt\STM32CubeIDE\workspace_1.9.0\Timer\Timer_systick\Core\Inc\main.h
2024-06-19 22:57:30,204 [INFO] CodeEngine:237 - oldGeneratedFile, C:\Users\hoatt\STM32CubeIDE\workspace_1.9.0\Timer\Timer_systick\Core\Src\main.c_save
2024-06-19 22:57:30,314 [INFO] CodeEngine:261 - Generated code: C:\Users\hoatt\STM32CubeIDE\workspace_1.9.0\Timer\Timer_systick\Core\Src\main.c
2024-06-19 22:57:31,414 [INFO] ProjectBuilder:2913 - Time for Copy HAL[1] : 393mS.
2024-06-19 22:57:31,429 [INFO] ProjectBuilder:4015 - Project Generator version: 3.16.0
2024-06-19 22:57:31,821 [INFO] ConfigFileManager:1287 - The Die is : DIE410
2024-06-19 22:57:31,837 [INFO] ApiDbMcu:488 - Load IP Config File for FATFS
2024-06-19 22:57:31,868 [INFO] ApiDbMcu:488 - Load IP Config File for FREERTOS
2024-06-19 22:57:31,884 [INFO] ApiDbMcu:488 - Load IP Config File for USB_DEVICE
2024-06-19 22:57:37,782 [INFO] ProjectBuilder:4183 - Time for Generating toolchain IDE Files: 6353mS.
2024-06-19 22:57:37,782 [INFO] ProjectBuilder:2785 - Time for Copy CMSIS : 0mS.
2024-06-19 22:57:37,798 [INFO] ProjectBuilder:2785 - Time for Copy CMSIS : 0mS.
2024-06-19 22:57:38,968 [INFO] McuFinderGlobals:52 - Set McuFinderConnectedMode to true
2024-06-19 22:57:38,968 [INFO] ApiDb:432 - Save user favorites file C:\Users\hoatt/.stm32cubeide/favorites.mcus.txt: 1 item(s)
2024-06-19 22:57:38,968 [INFO] ApiDb:436 - User favorites MCUs=[STM32F103C8T6]
2024-06-19 22:57:51,138 [INFO] UtilMem:74 - End SaveConfig() Used Memory: 821396152 Bytes (1073741824)
2024-06-19 22:57:53,509 [INFO] UtilMem:74 - End SaveConfig() Used Memory: 641177712 Bytes (1073741824)
2024-06-19 22:57:54,931 [INFO] UtilMem:74 - End SaveConfig() Used Memory: 750854624 Bytes (1073741824)
2024-06-19 22:57:55,269 [INFO] BlockDiagram:2740 - set Specific Code input for plugin: NVIC
2024-06-19 22:57:55,269 [INFO] BlockDiagram:2740 - set Specific Code input for plugin: SYS
2024-06-19 22:57:55,269 [INFO] BlockDiagram:2740 - set Specific Code input for plugin: GPIO
2024-06-19 22:57:55,269 [INFO] BlockDiagram:2740 - set Specific Code input for plugin: RCC
2024-06-19 22:57:55,274 [INFO] CodeGenerator:681 - code generatio: config db path: C:\ST\STM32CubeIDE_1.9.0\STM32CubeIDE\plugins\com.st.stm32cube.common.mx_6.5.0.202202251913\\db\
2024-06-19 22:57:55,588 [INFO] CodeEngine:237 - oldGeneratedFile, C:\Users\hoatt\STM32CubeIDE\workspace_1.9.0\Timer\Timer_systick\MXTmpFiles\license.tmp_save
2024-06-19 22:57:55,713 [INFO] CodeEngine:261 - Generated code: C:\Users\hoatt\STM32CubeIDE\workspace_1.9.0\Timer\Timer_systick\MXTmpFiles\license.tmp
2024-06-19 22:57:55,770 [INFO] CodeEngine:237 - oldGeneratedFile, C:\Users\hoatt\STM32CubeIDE\workspace_1.9.0\Timer\Timer_systick\MXTmpFiles\gpio.tmp_save
2024-06-19 22:57:55,886 [INFO] CodeEngine:261 - Generated code: C:\Users\hoatt\STM32CubeIDE\workspace_1.9.0\Timer\Timer_systick\MXTmpFiles\gpio.tmp
2024-06-19 22:57:55,917 [INFO] CodeEngine:237 - oldGeneratedFile, C:\Users\hoatt\STM32CubeIDE\workspace_1.9.0\Timer\Timer_systick\Core\Src\stm32f1xx_it.c_save
2024-06-19 22:57:56,043 [INFO] CodeEngine:261 - Generated code: C:\Users\hoatt\STM32CubeIDE\workspace_1.9.0\Timer\Timer_systick\Core\Src\stm32f1xx_it.c
2024-06-19 22:57:56,058 [INFO] CodeEngine:237 - oldGeneratedFile, C:\Users\hoatt\STM32CubeIDE\workspace_1.9.0\Timer\Timer_systick\Core\Inc\stm32f1xx_it.h_save
2024-06-19 22:57:56,200 [INFO] CodeEngine:261 - Generated code: C:\Users\hoatt\STM32CubeIDE\workspace_1.9.0\Timer\Timer_systick\Core\Inc\stm32f1xx_it.h
2024-06-19 22:57:56,231 [INFO] CodeEngine:237 - oldGeneratedFile, C:\Users\hoatt\STM32CubeIDE\workspace_1.9.0\Timer\Timer_systick\Core\Src\stm32f1xx_hal_msp.c_save
2024-06-19 22:57:56,472 [INFO] CodeEngine:261 - Generated code: C:\Users\hoatt\STM32CubeIDE\workspace_1.9.0\Timer\Timer_systick\Core\Src\stm32f1xx_hal_msp.c
2024-06-19 22:57:56,482 [INFO] CodeEngine:237 - oldGeneratedFile, C:\Users\hoatt\STM32CubeIDE\workspace_1.9.0\Timer\Timer_systick\MXTmpFiles\system.tmp_save
2024-06-19 22:57:56,608 [INFO] CodeEngine:261 - Generated code: C:\Users\hoatt\STM32CubeIDE\workspace_1.9.0\Timer\Timer_systick\MXTmpFiles\system.tmp
2024-06-19 22:57:56,639 [INFO] CodeEngine:237 - oldGeneratedFile, C:\Users\hoatt\STM32CubeIDE\workspace_1.9.0\Timer\Timer_systick\Core\Inc\stm32f1xx_hal_conf.h_save
2024-06-19 22:57:56,781 [INFO] CodeEngine:261 - Generated code: C:\Users\hoatt\STM32CubeIDE\workspace_1.9.0\Timer\Timer_systick\Core\Inc\stm32f1xx_hal_conf.h
2024-06-19 22:57:56,843 [INFO] CodeEngine:237 - oldGeneratedFile, C:\Users\hoatt\STM32CubeIDE\workspace_1.9.0\Timer\Timer_systick\Core\Inc\main.h_save
2024-06-19 22:57:56,969 [INFO] CodeEngine:261 - Generated code: C:\Users\hoatt\STM32CubeIDE\workspace_1.9.0\Timer\Timer_systick\Core\Inc\main.h
2024-06-19 22:57:56,985 [INFO] CodeEngine:237 - oldGeneratedFile, C:\Users\hoatt\STM32CubeIDE\workspace_1.9.0\Timer\Timer_systick\Core\Src\main.c_save
2024-06-19 22:57:57,126 [INFO] CodeEngine:261 - Generated code: C:\Users\hoatt\STM32CubeIDE\workspace_1.9.0\Timer\Timer_systick\Core\Src\main.c
2024-06-19 22:57:58,129 [INFO] ProjectBuilder:2913 - Time for Copy HAL[1] : 392mS.
2024-06-19 22:57:58,145 [INFO] ProjectBuilder:4015 - Project Generator version: 3.16.0
2024-06-19 22:57:58,537 [INFO] ConfigFileManager:1287 - The Die is : DIE410
2024-06-19 22:58:00,734 [INFO] ProjectBuilder:4183 - Time for Generating toolchain IDE Files: 2589mS.
2024-06-19 22:58:00,734 [INFO] ProjectBuilder:2785 - Time for Copy CMSIS : 0mS.
2024-06-19 22:58:00,734 [INFO] ProjectBuilder:2785 - Time for Copy CMSIS : 0mS.
2024-06-20 00:42:22,289 [INFO] MainUpdater:2729 - connection check result : 10
2024-06-20 00:42:23,043 [INFO] McuFinderGlobals:52 - Set McuFinderConnectedMode to true
2024-06-20 00:42:23,090 [INFO] MultiScanPanel:195 - Auto-refresh data requested => check proxy status ongoing
2024-06-20 00:42:23,106 [INFO] FinderPluginLoader:87 - Searching for filters in installed packs
2024-06-20 00:42:28,385 [INFO] LoadUrlFilesThread:173 - End of LoadServerUrlFiles without Thread
2024-06-20 00:42:28,393 [INFO] DetailPanel:315 - Set advertising image to C:/Users/hoatt/STM32Cube/Repository/\en.prom-stm32h7rs-mcu-finder.jpg
2024-06-20 00:42:30,749 [INFO] ApiDb:567 - Connected to CubeFinder SQLite database (C:\Users\hoatt\.stmcufinder\plugins\mcufinder\mcu\cube-finder-db.db)
2024-06-20 00:42:31,058 [INFO] ApiDb:654 - CubeFinder database Data Model version=2.1
2024-06-20 00:42:31,058 [INFO] ApiDb:655 - CubeFinder database Configuration version=3.0.39
2024-06-20 00:42:31,060 [INFO] ApiDb:656 - CubeFinder database generation date=2024-06-06 (1717689626)
2024-06-20 00:42:31,060 [INFO] ApiDb:657 - CubeFinder database FW Pack versions=[FP-ATR-ASTRA1_V2.0.0, FP-SNS-FLIGHT1_V5.0.2, FP-SNS-MOTENV1_V5.0.0, FP-SNS-MOTENVWB1_V1.4.0, FP-SNS-SMARTAG2_V1.2.0, STM32Cube_FW_C0_V1.2.0, STM32Cube_FW_F4_V1.28.0, STM32Cube_FW_F7_V1.17.2, STM32Cube_FW_G0_V1.6.2, STM32Cube_FW_G4_V1.6.0, STM32Cube_FW_H5_V1.3.0, STM32Cube_FW_H7RS_V1.1.0, STM32Cube_FW_H7_V1.11.2, STM32Cube_FW_L0_V1.12.2, STM32Cube_FW_L5_V1.5.1, STM32Cube_FW_U0_V1.1.0, STM32Cube_FW_U5_V1.6.0, STM32Cube_FW_WB0_V1.0.0, STM32Cube_FW_WBA_V1.4.0, STM32Cube_FW_WB_V1.20.0, STM32Cube_FW_WL_V1.3.0, X-CUBE-ALGOBUILD_V1.4.0, X-CUBE-ALS_V1.0.2, X-CUBE-AZRTOS-F4_V1.1.0, X-CUBE-AZRTOS-F7_V1.1.0, X-CUBE-AZRTOS-G0_V1.1.0, X-CUBE-AZRTOS-G4_V2.0.0, X-CUBE-AZRTOS-H7RS_V1.0.0, X-CUBE-AZRTOS-H7_V3.2.0, X-CUBE-AZRTOS-L4_V2.0.0, X-CUBE-AZRTOS-L5_V1.1.0, X-CUBE-AZRTOS-WB_V2.0.0, X-CUBE-AZRTOS-WL_V2.0.0, X-CUBE-BLE1_V7.0.0, X-CUBE-BLE2_V3.3.0, X-CUBE-BLEMGR_V3.1.0, X-CUBE-EEPRMA1_V5.1.0, X-CUBE-FREERTOS_V1.2.0, X-CUBE-GNSS1_V6.0.0, X-CUBE-MEMS1_V10.0.0, X-CUBE-NFC4_V3.0.0, X-CUBE-NFC7_V1.0.1, X-CUBE-SFXS2LP1_V4.0.0, X-CUBE-SUBG2_V5.0.0, X-CUBE-TOF1_V3.4.1]
2024-06-20 00:42:33,559 [ERROR] DbExamplesSqlite:409 - Missing JSON key: board_cpn
2024-06-20 00:42:33,561 [ERROR] DbExamplesSqlite:409 - Missing JSON key: board_cpn
2024-06-20 00:42:33,564 [ERROR] DbExamplesSqlite:409 - Missing JSON key: board_cpn
2024-06-20 00:42:33,564 [ERROR] DbExamplesSqlite:409 - Missing JSON key: board_cpn
2024-06-20 00:42:33,882 [INFO] DbExamplesSqlite:367 - Ignored 28 examples not supported by CubeIDE
2024-06-20 00:42:33,882 [INFO] DbExamplesSqlite:368 - Found 8590 examples active
2024-06-20 00:42:33,882 [INFO] DbExamplesSqlite:369 - Found 0 examples obsolete
2024-06-20 00:42:33,882 [INFO] DbExamplesSqlite:370 - Found 0 examples under development
2024-06-20 00:42:33,883 [INFO] DbExamplesSqlite:371 - Found 10 examples not building
2024-06-20 00:42:33,891 [INFO] DbExamples:124 - Found 8572 examples
2024-06-20 00:42:34,237 [ERROR] DbExamples:207 - Found 308 examples with invalid data (board or MCU)
2024-06-20 00:42:34,242 [INFO] DbExamples:221 - Found 102 boards with related examples
2024-06-20 00:42:34,250 [INFO] DbExamples:234 - Found 86 MCUs with related examples
2024-06-20 00:42:34,307 [INFO] ApiDb:407 - Load user favorites file C:\Users\hoatt/.stm32cubeide/favorites.examples.txt: 0 item(s)
2024-06-20 00:42:34,312 [INFO] ApiDb:411 - User favorites Examples=[]
2024-06-20 00:42:34,312 [INFO] DbExamples:249 - Set 0 / 0 favorites Examples
2024-06-20 00:42:35,757 [INFO] MultiScanPanel:787 - Auto Refresh Data is not needed
2024-06-20 00:43:25,977 [INFO] MainUpdater:2729 - connection check result : 10
2024-06-20 00:43:25,991 [INFO] MainUpdater:2729 - connection check result : 10
2024-06-20 00:43:26,262 [INFO] MicroXplorer:447 - Change Database Path : 
2024-06-20 00:43:26,264 [INFO] MicroXplorer:477 - Change Database Version : DB.6.0.50
2024-06-20 00:43:26,286 [WARN] ThirdParty:823 - waiting for thirdparty lock release [close project]
2024-06-20 00:43:26,286 [INFO] ThirdParty:825 - entering critical section [close project]
2024-06-20 00:43:26,288 [INFO] ThirdParty:835 - exiting critical section [close project]
2024-06-20 00:43:26,293 [INFO] PinOutPanel:1465 - setPackage(No Configuration,No Configuration)
2024-06-20 00:43:26,300 [INFO] UtilMem:74 - Begin LoadConfig() Used Memory: 879451144 Bytes (1073741824)
2024-06-20 00:43:26,303 [INFO] MicroXplorer:447 - Change Database Path : 
2024-06-20 00:43:26,303 [INFO] MicroXplorer:477 - Change Database Version : DB.6.0.50
2024-06-20 00:43:26,303 [INFO] OpenFileManager:303 - Change cursor
2024-06-20 00:43:26,375 [INFO] RulesReader:57 - Compatibility file has been processed (281 Rules)
2024-06-20 00:43:26,383 [INFO] Mcu:1893 - Initializing MCU STM32F103C8Tx STM32F103C8Tx 
2024-06-20 00:43:26,386 [INFO] Mcu:1906 - No CPN specified => set CPN to STM32F103C8T6
2024-06-20 00:43:28,921 [INFO] Context:599 - Trying to add GPIOservice into a context  which must be forbidden
2024-06-20 00:43:35,467 [INFO] ImportTextPane:183 - (OptionalMessage_ERROR) Unable to find key (Mcu.ThirdPartyNb) in loaded IOC file
2024-06-20 00:43:35,473 [INFO] ImportTextPane:183 - (OptionalMessage_ERROR) Unable to find key (Mcu.PinsNb) in loaded IOC file
2024-06-20 00:43:35,473 [INFO] ImportTextPane:183 - (OptionalMessage_ERROR) Unable to find key (Mcu.IPNb) in loaded IOC file
2024-06-20 00:43:35,816 [WARN] ApiManager:304 - Cannot register API 'Board Extension:GNSS1A1' from pack STMicroelectronics.X-CUBE-GNSS1.6.0.0: no header file found
2024-06-20 00:43:35,827 [WARN] ApiManager:304 - Cannot register API 'Board Support:Custom' from pack STMicroelectronics.X-CUBE-GNSS1.6.0.0: no header file found
2024-06-20 00:43:35,827 [WARN] ApiManager:304 - Cannot register API 'Data Exchange:lib_gnss' from pack STMicroelectronics.X-CUBE-GNSS1.6.0.0: no header file found
2024-06-20 00:43:35,972 [WARN] ApiManager:304 - Cannot register API 'Board Extension:NFC06A1' from pack STMicroelectronics.X-CUBE-NFC6.3.1.0: no header file found
2024-06-20 00:43:35,972 [WARN] ApiManager:304 - Cannot register API 'Board Extension:NFC08A1' from pack STMicroelectronics.X-CUBE-NFC6.3.1.0: no header file found
2024-06-20 00:43:35,984 [INFO] RtosManager:484 - Registered RTOS mode: class=CMSIS, group=RTOS, mode=CMSIS_V1, owner=FREERTOS
2024-06-20 00:43:35,990 [INFO] RtosManager:484 - Registered RTOS mode: class=CMSIS, group=RTOS2, mode=CMSIS_V2, owner=FREERTOS
2024-06-20 00:43:35,994 [INFO] RtosManager:484 - Registered RTOS mode: class=RTOS, group=Core, mode=CMSIS_V1, owner=FREERTOS
2024-06-20 00:43:35,996 [INFO] RtosManager:484 - Registered RTOS mode: class=RTOS, group=Core, mode=CMSIS_V2, owner=FREERTOS
2024-06-20 00:43:35,996 [WARN] ModelIntegratedComponent:181 - Missing modes for component STMicroelectronics:FreeRTOS:0.0.1:STMicroelectronics:RTOS:FreeRTOS:Core:::10.2.0:
2024-06-20 00:43:36,050 [WARN] ApiManager:304 - Cannot register API 'Board Extension:STSAFEA1' from pack STMicroelectronics.X-CUBE-SAFEA1.1.2.2: no header file found
2024-06-20 00:43:36,050 [WARN] ApiManager:304 - Cannot register API 'Board Part:STSAFEA110' from pack STMicroelectronics.X-CUBE-SAFEA1.1.2.2: no header file found
2024-06-20 00:43:36,050 [WARN] ApiManager:304 - Cannot register API 'Security:ST_Cryptolib' from pack STMicroelectronics.X-CUBE-SAFEA1.1.2.2: no header file found
2024-06-20 00:43:36,050 [WARN] ApiManager:304 - Cannot register API 'Security:MbedTLS' from pack STMicroelectronics.X-CUBE-SAFEA1.1.2.2: no header file found
2024-06-20 00:43:36,058 [WARN] ApiManager:304 - Cannot register API 'Board Extension:NFC04A1' from pack STMicroelectronics.X-CUBE-NFC4.3.0.0: no header file found
2024-06-20 00:43:36,094 [WARN] ApiManager:304 - Cannot register API 'Board Extension:S2868A1' from pack STMicroelectronics.X-CUBE-SUBG2.5.0.0: no header file found
2024-06-20 00:43:36,094 [WARN] ApiManager:304 - Cannot register API 'Board Extension:S2868A2' from pack STMicroelectronics.X-CUBE-SUBG2.5.0.0: no header file found
2024-06-20 00:43:36,097 [WARN] ApiManager:304 - Cannot register API 'Board Extension:S2915A1' from pack STMicroelectronics.X-CUBE-SUBG2.5.0.0: no header file found
2024-06-20 00:43:36,110 [WARN] ApiManager:304 - Cannot register API 'Wireless:BlueNRG-MS' from pack STMicroelectronics.X-CUBE-BLE1.7.0.0: no header file found
2024-06-20 00:43:36,127 [WARN] ApiManager:304 - Cannot register API 'Board Extension:EEPRMA2' from pack STMicroelectronics.X-CUBE-EEPRMA1.5.1.0: no header file found
2024-06-20 00:43:36,127 [WARN] ApiManager:304 - Cannot register API 'Board Extension:PGEEZ1' from pack STMicroelectronics.X-CUBE-EEPRMA1.5.1.0: no header file found
2024-06-20 00:43:36,127 [WARN] ApiManager:304 - Cannot register API 'Board Extension:EEICA1' from pack STMicroelectronics.X-CUBE-EEPRMA1.5.1.0: no header file found
2024-06-20 00:43:36,127 [WARN] ApiManager:304 - Cannot register API 'Board Part:M24' from pack STMicroelectronics.X-CUBE-EEPRMA1.5.1.0: no header file found
2024-06-20 00:43:36,127 [WARN] ApiManager:304 - Cannot register API 'Board Part:M95' from pack STMicroelectronics.X-CUBE-EEPRMA1.5.1.0: no header file found
2024-06-20 00:43:36,127 [WARN] ApiManager:304 - Cannot register API 'Board Part:M95P32' from pack STMicroelectronics.X-CUBE-EEPRMA1.5.1.0: no header file found
2024-06-20 00:43:36,127 [WARN] ApiManager:304 - Cannot register API 'Board Part:M24256E-F' from pack STMicroelectronics.X-CUBE-EEPRMA1.5.1.0: no header file found
2024-06-20 00:43:36,129 [WARN] ApiManager:304 - Cannot register API 'Board Part:M24M01E-F' from pack STMicroelectronics.X-CUBE-EEPRMA1.5.1.0: no header file found
2024-06-20 00:43:36,129 [WARN] ApiManager:304 - Cannot register API 'PGEEZ1:SPI' from pack STMicroelectronics.X-CUBE-EEPRMA1.5.1.0: no header file found
2024-06-20 00:43:36,132 [WARN] ApiManager:304 - Cannot register API 'PGEEZ1:QDSPI' from pack STMicroelectronics.X-CUBE-EEPRMA1.5.1.0: no header file found
2024-06-20 00:43:36,148 [WARN] ModelIntegratedComponent:60 - No mode defined for component null
2024-06-20 00:43:36,164 [WARN] ModelIntegratedComponent:60 - No mode defined for component null
2024-06-20 00:43:36,164 [WARN] ModelIntegratedComponent:60 - No mode defined for component null
2024-06-20 00:43:36,164 [WARN] ModelIntegratedComponent:60 - No mode defined for component null
2024-06-20 00:43:36,167 [WARN] ModelIntegratedComponent:60 - No mode defined for component null
2024-06-20 00:43:36,167 [WARN] ModelIntegratedComponent:60 - No mode defined for component null
2024-06-20 00:43:36,167 [WARN] ModelIntegratedComponent:60 - No mode defined for component null
2024-06-20 00:43:36,172 [WARN] ModelIntegratedComponent:60 - No mode defined for component null
2024-06-20 00:43:36,173 [WARN] ModelIntegratedComponent:60 - No mode defined for component null
2024-06-20 00:43:36,173 [WARN] ModelIntegratedComponent:60 - No mode defined for component null
2024-06-20 00:43:36,175 [WARN] ModelIntegratedComponent:60 - No mode defined for component null
2024-06-20 00:43:36,175 [WARN] ModelIntegratedComponent:60 - No mode defined for component null
2024-06-20 00:43:36,180 [WARN] ModelIntegratedComponent:60 - No mode defined for component null
2024-06-20 00:43:36,180 [WARN] ModelIntegratedComponent:60 - No mode defined for component null
2024-06-20 00:43:36,180 [WARN] ModelIntegratedComponent:60 - No mode defined for component null
2024-06-20 00:43:36,199 [WARN] ModelIntegratedComponent:60 - No mode defined for component null
2024-06-20 00:43:36,199 [WARN] ModelIntegratedComponent:60 - No mode defined for component null
2024-06-20 00:43:36,200 [WARN] ModelIntegratedComponent:60 - No mode defined for component null
2024-06-20 00:43:36,200 [WARN] ModelIntegratedComponent:60 - No mode defined for component null
2024-06-20 00:43:36,203 [WARN] ModelIntegratedComponent:60 - No mode defined for component null
2024-06-20 00:43:36,203 [WARN] ModelIntegratedComponent:60 - No mode defined for component null
2024-06-20 00:43:36,203 [WARN] ModelIntegratedComponent:60 - No mode defined for component null
2024-06-20 00:43:36,203 [WARN] ModelIntegratedComponent:60 - No mode defined for component null
2024-06-20 00:43:36,205 [WARN] ModelIntegratedComponent:60 - No mode defined for component null
2024-06-20 00:43:36,216 [WARN] ModelIntegratedComponent:60 - No mode defined for component null
2024-06-20 00:43:36,216 [WARN] ModelIntegratedComponent:60 - No mode defined for component null
2024-06-20 00:43:36,216 [WARN] ModelIntegratedComponent:60 - No mode defined for component null
2024-06-20 00:43:36,216 [WARN] ModelIntegratedComponent:60 - No mode defined for component null
2024-06-20 00:43:36,218 [WARN] ModelIntegratedComponent:60 - No mode defined for component null
2024-06-20 00:43:36,218 [WARN] ModelIntegratedComponent:60 - No mode defined for component null
2024-06-20 00:43:36,218 [WARN] ModelIntegratedComponent:60 - No mode defined for component null
2024-06-20 00:43:36,221 [WARN] ModelIntegratedComponent:60 - No mode defined for component null
2024-06-20 00:43:36,221 [WARN] ModelIntegratedComponent:60 - No mode defined for component null
2024-06-20 00:43:36,988 [WARN] ApiManager:304 - Cannot register API 'Board Extension:IKS01A3' from pack STMicroelectronics.X-CUBE-MEMS1.10.0.0: no header file found
2024-06-20 00:43:36,988 [WARN] ApiManager:304 - Cannot register API 'Board Extension:IKS02A1' from pack STMicroelectronics.X-CUBE-MEMS1.10.0.0: no header file found
2024-06-20 00:43:36,988 [WARN] ApiManager:304 - Cannot register API 'Board Extension:IKS4A1' from pack STMicroelectronics.X-CUBE-MEMS1.10.0.0: no header file found
2024-06-20 00:43:36,993 [WARN] ApiManager:304 - Cannot register API 'Board Extension:NFC07A1' from pack STMicroelectronics.X-CUBE-NFC7.1.0.1: no header file found
2024-06-20 00:43:37,012 [WARN] ApiManager:304 - Cannot register API 'Board Extension:S2868A1' from pack STMicroelectronics.X-CUBE-SFXS2LP1.4.0.0: no header file found
2024-06-20 00:43:37,012 [WARN] ApiManager:304 - Cannot register API 'Board Extension:S2868A2' from pack STMicroelectronics.X-CUBE-SFXS2LP1.4.0.0: no header file found
2024-06-20 00:43:37,012 [WARN] ApiManager:304 - Cannot register API 'Board Extension:S2915A1' from pack STMicroelectronics.X-CUBE-SFXS2LP1.4.0.0: no header file found
2024-06-20 00:43:37,012 [WARN] ApiManager:304 - Cannot register API 'Wireless:BlueNRG-2' from pack STMicroelectronics.X-CUBE-BLE2.3.3.0: no header file found
2024-06-20 00:43:37,031 [INFO] ThirdPartyModel:282 - Start build external matchings
2024-06-20 00:43:38,060 [INFO] ThirdPartyModel:295 - End build external matchings
2024-06-20 00:43:38,681 [INFO] UtilMem:74 - End LoadConfig() Used Memory: 881113576 Bytes (1073741824)
2024-06-20 00:43:38,879 [WARN] ThirdParty:785 - waiting for thirdparty lock release [change project]
2024-06-20 00:43:38,881 [INFO] ThirdParty:787 - entering critical section [change project]
2024-06-20 00:43:38,884 [INFO] ThirdParty:977 - CMSIS Pack Vendor :STMicroelectronics X-CUBE-GNSS1 6.0.0
2024-06-20 00:43:38,890 [INFO] ThirdParty:977 - CMSIS Pack Vendor :STMicroelectronics USB_HOST 2.0.0
2024-06-20 00:43:38,890 [INFO] ThirdParty:977 - CMSIS Pack Vendor :STMicroelectronics FP-SNS-MOTENVWB1 1.4.0
2024-06-20 00:43:38,890 [INFO] ThirdParty:977 - CMSIS Pack Vendor :STMicroelectronics X-CUBE-AZRTOS-F4 1.1.0
2024-06-20 00:43:38,890 [INFO] ThirdParty:977 - CMSIS Pack Vendor :STMicroelectronics LIBJPEG 8.0.0
2024-06-20 00:43:38,890 [INFO] ThirdParty:977 - CMSIS Pack Vendor :STMicroelectronics X-CUBE-SMBUS 2.1.0
2024-06-20 00:43:38,890 [INFO] ThirdParty:977 - CMSIS Pack Vendor :STMicroelectronics USB_DEVICE 3.0.0
2024-06-20 00:43:38,890 [INFO] ThirdParty:977 - CMSIS Pack Vendor :STMicroelectronics X-CUBE-TCPP 4.1.0
2024-06-20 00:43:38,892 [INFO] ThirdParty:977 - CMSIS Pack Vendor :STMicroelectronics X-CUBE-FREERTOS 1.2.0
2024-06-20 00:43:38,892 [INFO] ThirdParty:977 - CMSIS Pack Vendor :STMicroelectronics X-CUBE-AZRTOS-WB 2.0.0
2024-06-20 00:43:38,892 [INFO] ThirdParty:977 - CMSIS Pack Vendor :STMicroelectronics X-CUBE-TOUCHGFX 4.23.2
2024-06-20 00:43:38,892 [INFO] ThirdParty:977 - CMSIS Pack Vendor :STMicroelectronics X-CUBE-AZRTOS-F7 1.1.0
2024-06-20 00:43:38,892 [INFO] ThirdParty:977 - CMSIS Pack Vendor :STMicroelectronics X-CUBE-AZRTOS-L5 2.0.0
2024-06-20 00:43:38,892 [INFO] ThirdParty:977 - CMSIS Pack Vendor :STMicroelectronics USB_DEVICE 2.0.0
2024-06-20 00:43:38,892 [INFO] ThirdParty:977 - CMSIS Pack Vendor :STMicroelectronics X-CUBE-NFC6 3.1.0
2024-06-20 00:43:38,892 [INFO] ThirdParty:977 - CMSIS Pack Vendor :STMicroelectronics X-CUBE-ALGOBUILD 1.3.0
2024-06-20 00:43:38,892 [INFO] ThirdParty:977 - CMSIS Pack Vendor :STMicroelectronics FreeRTOS 0.0.1
2024-06-20 00:43:38,892 [INFO] ThirdParty:977 - CMSIS Pack Vendor :STMicroelectronics X-CUBE-AZRTOS-G0 1.1.0
2024-06-20 00:43:38,892 [INFO] ThirdParty:977 - CMSIS Pack Vendor :STMicroelectronics X-CUBE-SAFEA1 1.2.2
2024-06-20 00:43:38,892 [INFO] ThirdParty:977 - CMSIS Pack Vendor :STMicroelectronics X-CUBE-NFC4 3.0.0
2024-06-20 00:43:38,892 [INFO] ThirdParty:977 - CMSIS Pack Vendor :STMicroelectronics X-CUBE-SUBG2 5.0.0
2024-06-20 00:43:38,892 [INFO] ThirdParty:977 - CMSIS Pack Vendor :STMicroelectronics STM32_WPAN 1.0.0
2024-06-20 00:43:38,892 [INFO] ThirdParty:977 - CMSIS Pack Vendor :STMicroelectronics lwIP 2.0.3
2024-06-20 00:43:38,892 [INFO] ThirdParty:977 - CMSIS Pack Vendor :STMicroelectronics FP-SNS-FLIGHT1 5.0.2
2024-06-20 00:43:38,892 [INFO] ThirdParty:977 - CMSIS Pack Vendor :STMicroelectronics USB_HOST 1.0.0
2024-06-20 00:43:38,892 [INFO] ThirdParty:977 - CMSIS Pack Vendor :STMicroelectronics X-CUBE-AI 9.0.0
2024-06-20 00:43:38,892 [INFO] ThirdParty:977 - CMSIS Pack Vendor :STMicroelectronics X-CUBE-AZRTOS-G4 2.0.0
2024-06-20 00:43:38,892 [INFO] ThirdParty:977 - CMSIS Pack Vendor :STMicroelectronics PDM2PCM 3.1.0
2024-06-20 00:43:38,892 [INFO] ThirdParty:977 - CMSIS Pack Vendor :STMicroelectronics PDM2PCM 3.3.0
2024-06-20 00:43:38,892 [INFO] ThirdParty:977 - CMSIS Pack Vendor :STMicroelectronics X-CUBE-DISPLAY 3.0.0
2024-06-20 00:43:38,892 [INFO] ThirdParty:977 - CMSIS Pack Vendor :wolfSSL I-CUBE-wolfSSL 5.7.0
2024-06-20 00:43:38,892 [INFO] ThirdParty:977 - CMSIS Pack Vendor :STMicroelectronics X-CUBE-BLE1 7.0.0
2024-06-20 00:43:38,892 [INFO] ThirdParty:977 - CMSIS Pack Vendor :STMicroelectronics FP-ATR-SIGFOX1 3.2.0
2024-06-20 00:43:38,892 [INFO] ThirdParty:977 - CMSIS Pack Vendor :STMicroelectronics X-CUBE-ISPU 2.0.0
2024-06-20 00:43:38,892 [INFO] ThirdParty:977 - CMSIS Pack Vendor :STMicroelectronics X-CUBE-EEPRMA1 5.1.0
2024-06-20 00:43:38,892 [INFO] ThirdParty:977 - CMSIS Pack Vendor :STMicroelectronics HAL Drivers 0.0.0
2024-06-20 00:43:38,895 [INFO] ThirdParty:977 - CMSIS Pack Vendor :STMicroelectronics MBEDTLS 2.16.2
2024-06-20 00:43:38,895 [INFO] ThirdParty:977 - CMSIS Pack Vendor :STMicroelectronics X-CUBE-ALS 1.0.2
2024-06-20 00:43:38,895 [INFO] ThirdParty:977 - CMSIS Pack Vendor :emotas I-CUBE-CANOPEN 1.3.0
2024-06-20 00:43:38,895 [INFO] ThirdParty:977 - CMSIS Pack Vendor :STMicroelectronics X-CUBE-MEMS1 10.0.0
2024-06-20 00:43:38,895 [INFO] ThirdParty:977 - CMSIS Pack Vendor :STMicroelectronics X-CUBE-NFC7 1.0.1
2024-06-20 00:43:38,895 [INFO] ThirdParty:977 - CMSIS Pack Vendor :STMicroelectronics MBEDTLS 2.14.1
2024-06-20 00:43:38,895 [INFO] ThirdParty:977 - CMSIS Pack Vendor :ITTIA_DB I-CUBE-ITTIADB 8.9.0
2024-06-20 00:43:38,895 [INFO] ThirdParty:977 - CMSIS Pack Vendor :portGmbH I-Cube-SoM-uGOAL 1.1.0
2024-06-20 00:43:38,895 [INFO] ThirdParty:977 - CMSIS Pack Vendor :STMicroelectronics X-CUBE-ALS 1.0.1
2024-06-20 00:43:38,895 [INFO] ThirdParty:977 - CMSIS Pack Vendor :STMicroelectronics X-CUBE-BLEMGR 3.1.0
2024-06-20 00:43:38,895 [INFO] ThirdParty:977 - CMSIS Pack Vendor :STMicroelectronics ThreadX 1.0.0
2024-06-20 00:43:38,895 [INFO] ThirdParty:977 - CMSIS Pack Vendor :STMicroelectronics FP-SNS-SMARTAG2 1.2.0
2024-06-20 00:43:38,895 [INFO] ThirdParty:977 - CMSIS Pack Vendor :STMicroelectronics X-CUBE-AZRTOS-WL 2.0.0
2024-06-20 00:43:38,895 [INFO] ThirdParty:977 - CMSIS Pack Vendor :SEGGER I-CUBE-embOS 1.3.1
2024-06-20 00:43:38,895 [INFO] ThirdParty:977 - CMSIS Pack Vendor :STMicroelectronics X-CUBE-ALGOBUILD 1.4.0
2024-06-20 00:43:38,895 [INFO] ThirdParty:977 - CMSIS Pack Vendor :STMicroelectronics FP-SNS-MOTENV1 5.0.0
2024-06-20 00:43:38,897 [INFO] ThirdParty:977 - CMSIS Pack Vendor :STMicroelectronics USB_DEVICE 1.0.0
2024-06-20 00:43:38,897 [INFO] ThirdParty:977 - CMSIS Pack Vendor :STMicroelectronics X-CUBE-AZRTOS-H7RS 1.0.0
2024-06-20 00:43:38,897 [INFO] ThirdParty:977 - CMSIS Pack Vendor :wolfSSL I-CUBE-wolfMQTT 1.19.0
2024-06-20 00:43:38,897 [INFO] ThirdParty:977 - CMSIS Pack Vendor :STMicroelectronics X-CUBE-AZRTOS-L4 2.0.0
2024-06-20 00:43:38,897 [INFO] ThirdParty:977 - CMSIS Pack Vendor :STMicroelectronics ThreadX 0.0.2
2024-06-20 00:43:38,897 [INFO] ThirdParty:977 - CMSIS Pack Vendor :WES I-CUBE-Cesium 1.3.0
2024-06-20 00:43:38,897 [INFO] ThirdParty:977 - CMSIS Pack Vendor :STMicroelectronics FP-ATR-ASTRA1 2.0.0
2024-06-20 00:43:38,897 [INFO] ThirdParty:977 - CMSIS Pack Vendor :STMicroelectronics lwIP 2.1.2
2024-06-20 00:43:38,897 [INFO] ThirdParty:977 - CMSIS Pack Vendor :STMicroelectronics X-CUBE-SFXS2LP1 4.0.0
2024-06-20 00:43:38,898 [INFO] ThirdParty:977 - CMSIS Pack Vendor :STMicroelectronics X-CUBE-BLE2 3.3.0
2024-06-20 00:43:38,898 [INFO] ThirdParty:977 - CMSIS Pack Vendor :STMicroelectronics X-CUBE-TOF1 3.4.1
2024-06-20 00:43:38,898 [INFO] ThirdParty:977 - CMSIS Pack Vendor :STMicroelectronics X-CUBE-AZRTOS-H7 3.2.0
2024-06-20 00:43:38,898 [INFO] ThirdParty:977 - CMSIS Pack Vendor :Infineon AIROC-Wi-Fi-Bluetooth-STM32 1.6.0
2024-06-20 00:43:38,898 [INFO] ThirdParty:977 - CMSIS Pack Vendor :STMicroelectronics PDM2PCM 3.2.0
2024-06-20 00:43:38,903 [INFO] ThirdParty:793 - exiting critical section [change project]
2024-06-20 00:43:39,649 [INFO] PinOutPanel:1465 - setPackage(No Configuration,No Configuration)
2024-06-20 00:43:39,652 [INFO] PinOutPanel:1465 - setPackage(STM32F103C8Tx,LQFP48)
2024-06-20 00:43:40,130 [INFO] UtilMem:74 - Before build in PCC Used Memory: 761362736 Bytes (1073741824)
2024-06-20 00:43:40,633 [INFO] UtilMem:74 - After build in PCC Used Memory: 803307816 Bytes (1073741824)
2024-06-20 00:43:40,662 [INFO] IPUIPlugin:75 - create IPUIPlugin
2024-06-20 00:43:40,662 [INFO] IPUIPlugin:75 - create IPUIPlugin
2024-06-20 00:43:40,665 [INFO] IPUIPlugin:75 - create IPUIPlugin
2024-06-20 00:43:40,665 [INFO] IPUIPlugin:75 - create IPUIPlugin
2024-06-20 00:43:40,665 [INFO] IPUIPlugin:75 - create IPUIPlugin
2024-06-20 00:43:40,665 [INFO] IPUIPlugin:75 - create IPUIPlugin
2024-06-20 00:43:40,665 [INFO] IPUIPlugin:75 - create IPUIPlugin
2024-06-20 00:43:40,665 [INFO] IPUIPlugin:75 - create IPUIPlugin
2024-06-20 00:43:40,665 [INFO] IPUIPlugin:75 - create IPUIPlugin
2024-06-20 00:43:40,665 [INFO] IPUIPlugin:75 - create IPUIPlugin
2024-06-20 00:43:40,665 [INFO] IPUIPlugin:75 - create IPUIPlugin
2024-06-20 00:43:40,665 [INFO] IPUIPlugin:75 - create IPUIPlugin
2024-06-20 00:43:40,665 [INFO] IPUIPlugin:75 - create IPUIPlugin
2024-06-20 00:43:40,665 [INFO] IPUIPlugin:75 - create IPUIPlugin
2024-06-20 00:43:40,665 [INFO] IPUIPlugin:75 - create IPUIPlugin
2024-06-20 00:43:40,668 [INFO] IPUIPlugin:75 - create IPUIPlugin
2024-06-20 00:43:40,668 [INFO] IPUIPlugin:75 - create IPUIPlugin
2024-06-20 00:43:40,668 [INFO] IPUIPlugin:75 - create IPUIPlugin
2024-06-20 00:43:40,668 [INFO] IPUIPlugin:75 - create IPUIPlugin
2024-06-20 00:43:40,668 [INFO] IPUIPlugin:75 - create IPUIPlugin
2024-06-20 00:43:40,668 [INFO] IPUIPlugin:75 - create IPUIPlugin
2024-06-20 00:43:40,668 [INFO] IPUIPlugin:75 - create IPUIPlugin
2024-06-20 00:43:40,668 [INFO] IPUIPlugin:75 - create IPUIPlugin
2024-06-20 00:43:40,668 [INFO] IPUIPlugin:75 - create IPUIPlugin
2024-06-20 00:43:40,668 [INFO] IPUIPlugin:75 - create IPUIPlugin
2024-06-20 00:43:40,670 [INFO] IPUIPlugin:75 - create IPUIPlugin
2024-06-20 00:43:40,671 [INFO] IPUIPlugin:75 - create IPUIPlugin
2024-06-20 00:43:40,735 [INFO] OpenFileManager:323 - Restore cursor
2024-06-20 00:43:41,814 [INFO] UtilMem:74 - End SaveConfig() Used Memory: 850959864 Bytes (1073741824)
2024-06-20 00:43:41,886 [INFO] UtilMem:74 - End SaveConfig() Used Memory: 862896144 Bytes (1073741824)
2024-06-20 00:43:42,279 [INFO] BlockDiagram:2740 - set Specific Code input for plugin: NVIC
2024-06-20 00:43:42,281 [INFO] BlockDiagram:2740 - set Specific Code input for plugin: SYS
2024-06-20 00:43:42,281 [INFO] BlockDiagram:2740 - set Specific Code input for plugin: RCC
2024-06-20 00:43:42,286 [INFO] CodeGenerator:681 - code generatio: config db path: C:\ST\STM32CubeIDE_1.9.0\STM32CubeIDE\plugins\com.st.stm32cube.common.mx_6.5.0.202202251913\\db\
2024-06-20 00:43:42,945 [INFO] CodeEngine:237 - oldGeneratedFile, C:\Users\hoatt\STM32CubeIDE\workspace_1.9.0\Timer\Timer_PWM\MXTmpFiles\license.tmp_save
2024-06-20 00:43:43,092 [INFO] CodeEngine:261 - Generated code: C:\Users\hoatt\STM32CubeIDE\workspace_1.9.0\Timer\Timer_PWM\MXTmpFiles\license.tmp
2024-06-20 00:43:43,180 [INFO] CodeEngine:237 - oldGeneratedFile, C:\Users\hoatt\STM32CubeIDE\workspace_1.9.0\Timer\Timer_PWM\Core\Src\stm32f1xx_it.c_save
2024-06-20 00:43:43,443 [INFO] CodeEngine:261 - Generated code: C:\Users\hoatt\STM32CubeIDE\workspace_1.9.0\Timer\Timer_PWM\Core\Src\stm32f1xx_it.c
2024-06-20 00:43:43,457 [INFO] CodeEngine:237 - oldGeneratedFile, C:\Users\hoatt\STM32CubeIDE\workspace_1.9.0\Timer\Timer_PWM\Core\Inc\stm32f1xx_it.h_save
2024-06-20 00:43:43,633 [INFO] CodeEngine:261 - Generated code: C:\Users\hoatt\STM32CubeIDE\workspace_1.9.0\Timer\Timer_PWM\Core\Inc\stm32f1xx_it.h
2024-06-20 00:43:43,682 [INFO] CodeEngine:237 - oldGeneratedFile, C:\Users\hoatt\STM32CubeIDE\workspace_1.9.0\Timer\Timer_PWM\Core\Src\stm32f1xx_hal_msp.c_save
2024-06-20 00:43:43,967 [INFO] CodeEngine:261 - Generated code: C:\Users\hoatt\STM32CubeIDE\workspace_1.9.0\Timer\Timer_PWM\Core\Src\stm32f1xx_hal_msp.c
2024-06-20 00:43:43,980 [INFO] CodeEngine:237 - oldGeneratedFile, C:\Users\hoatt\STM32CubeIDE\workspace_1.9.0\Timer\Timer_PWM\MXTmpFiles\system.tmp_save
2024-06-20 00:43:44,106 [INFO] CodeEngine:261 - Generated code: C:\Users\hoatt\STM32CubeIDE\workspace_1.9.0\Timer\Timer_PWM\MXTmpFiles\system.tmp
2024-06-20 00:43:44,133 [INFO] CodeEngine:237 - oldGeneratedFile, C:\Users\hoatt\STM32CubeIDE\workspace_1.9.0\Timer\Timer_PWM\Core\Inc\stm32f1xx_hal_conf.h_save
2024-06-20 00:43:44,268 [INFO] CodeEngine:261 - Generated code: C:\Users\hoatt\STM32CubeIDE\workspace_1.9.0\Timer\Timer_PWM\Core\Inc\stm32f1xx_hal_conf.h
2024-06-20 00:43:44,335 [INFO] CodeEngine:237 - oldGeneratedFile, C:\Users\hoatt\STM32CubeIDE\workspace_1.9.0\Timer\Timer_PWM\Core\Inc\main.h_save
2024-06-20 00:43:44,524 [INFO] CodeEngine:261 - Generated code: C:\Users\hoatt\STM32CubeIDE\workspace_1.9.0\Timer\Timer_PWM\Core\Inc\main.h
2024-06-20 00:43:44,537 [INFO] CodeEngine:237 - oldGeneratedFile, C:\Users\hoatt\STM32CubeIDE\workspace_1.9.0\Timer\Timer_PWM\Core\Src\main.c_save
2024-06-20 00:43:44,700 [INFO] CodeEngine:261 - Generated code: C:\Users\hoatt\STM32CubeIDE\workspace_1.9.0\Timer\Timer_PWM\Core\Src\main.c
2024-06-20 00:43:46,422 [INFO] ProjectBuilder:2913 - Time for Copy HAL[1] : 696mS.
2024-06-20 00:43:46,435 [INFO] ProjectBuilder:4015 - Project Generator version: 3.16.0
2024-06-20 00:43:47,040 [INFO] ConfigFileManager:1287 - The Die is : DIE410
2024-06-20 00:43:47,065 [INFO] ApiDbMcu:488 - Load IP Config File for FATFS
2024-06-20 00:43:47,114 [INFO] ApiDbMcu:488 - Load IP Config File for FREERTOS
2024-06-20 00:43:47,154 [INFO] ApiDbMcu:488 - Load IP Config File for USB_DEVICE
2024-06-20 00:44:00,630 [INFO] ProjectBuilder:4183 - Time for Generating toolchain IDE Files: 14195mS.
2024-06-20 00:44:00,633 [INFO] ProjectBuilder:2785 - Time for Copy CMSIS : 3mS.
2024-06-20 00:44:00,658 [INFO] ProjectBuilder:2785 - Time for Copy CMSIS : 0mS.
2024-06-20 00:44:02,183 [INFO] McuFinderGlobals:52 - Set McuFinderConnectedMode to true
2024-06-20 00:44:02,186 [INFO] ApiDb:432 - Save user favorites file C:\Users\hoatt/.stm32cubeide/favorites.mcus.txt: 1 item(s)
2024-06-20 00:44:02,189 [INFO] ApiDb:436 - User favorites MCUs=[STM32F103C8T6]
2024-06-20 00:44:18,305 [INFO] UtilMem:74 - End SaveConfig() Used Memory: 652689248 Bytes (1073741824)
2024-06-20 00:44:18,478 [INFO] UtilMem:74 - End SaveConfig() Used Memory: 667088032 Bytes (1073741824)
2024-06-20 00:44:20,549 [INFO] UtilMem:74 - End SaveConfig() Used Memory: 744887512 Bytes (1073741824)
2024-06-20 00:44:21,005 [INFO] BlockDiagram:2740 - set Specific Code input for plugin: NVIC
2024-06-20 00:44:21,005 [INFO] BlockDiagram:2740 - set Specific Code input for plugin: SYS
2024-06-20 00:44:21,005 [INFO] BlockDiagram:2740 - set Specific Code input for plugin: GPIO
2024-06-20 00:44:21,005 [INFO] BlockDiagram:2740 - set Specific Code input for plugin: RCC
2024-06-20 00:44:21,005 [INFO] CodeGenerator:681 - code generatio: config db path: C:\ST\STM32CubeIDE_1.9.0\STM32CubeIDE\plugins\com.st.stm32cube.common.mx_6.5.0.202202251913\\db\
2024-06-20 00:44:21,162 [ERROR] FilesUtils:113 - C:\Users\hoatt\.stmcube\.STM32CUBEMX_PLUGIN6.5.0Repository.ser (Access is denied)
2024-06-20 00:44:21,397 [INFO] CodeEngine:237 - oldGeneratedFile, C:\Users\hoatt\STM32CubeIDE\workspace_1.9.0\Timer\Timer_PWM\MXTmpFiles\license.tmp_save
2024-06-20 00:44:21,538 [INFO] CodeEngine:261 - Generated code: C:\Users\hoatt\STM32CubeIDE\workspace_1.9.0\Timer\Timer_PWM\MXTmpFiles\license.tmp
2024-06-20 00:44:21,570 [INFO] CodeEngine:237 - oldGeneratedFile, C:\Users\hoatt\STM32CubeIDE\workspace_1.9.0\Timer\Timer_PWM\MXTmpFiles\gpio.tmp_save
2024-06-20 00:44:21,726 [INFO] CodeEngine:261 - Generated code: C:\Users\hoatt\STM32CubeIDE\workspace_1.9.0\Timer\Timer_PWM\MXTmpFiles\gpio.tmp
2024-06-20 00:44:21,774 [INFO] CodeEngine:237 - oldGeneratedFile, C:\Users\hoatt\STM32CubeIDE\workspace_1.9.0\Timer\Timer_PWM\Core\Src\stm32f1xx_it.c_save
2024-06-20 00:44:21,936 [INFO] CodeEngine:261 - Generated code: C:\Users\hoatt\STM32CubeIDE\workspace_1.9.0\Timer\Timer_PWM\Core\Src\stm32f1xx_it.c
2024-06-20 00:44:21,946 [INFO] CodeEngine:237 - oldGeneratedFile, C:\Users\hoatt\STM32CubeIDE\workspace_1.9.0\Timer\Timer_PWM\Core\Inc\stm32f1xx_it.h_save
2024-06-20 00:44:22,150 [INFO] CodeEngine:261 - Generated code: C:\Users\hoatt\STM32CubeIDE\workspace_1.9.0\Timer\Timer_PWM\Core\Inc\stm32f1xx_it.h
2024-06-20 00:44:22,197 [INFO] CodeEngine:237 - oldGeneratedFile, C:\Users\hoatt\STM32CubeIDE\workspace_1.9.0\Timer\Timer_PWM\Core\Src\stm32f1xx_hal_msp.c_save
2024-06-20 00:44:22,438 [INFO] CodeEngine:261 - Generated code: C:\Users\hoatt\STM32CubeIDE\workspace_1.9.0\Timer\Timer_PWM\Core\Src\stm32f1xx_hal_msp.c
2024-06-20 00:44:22,464 [INFO] CodeEngine:237 - oldGeneratedFile, C:\Users\hoatt\STM32CubeIDE\workspace_1.9.0\Timer\Timer_PWM\MXTmpFiles\system.tmp_save
2024-06-20 00:44:22,589 [INFO] CodeEngine:261 - Generated code: C:\Users\hoatt\STM32CubeIDE\workspace_1.9.0\Timer\Timer_PWM\MXTmpFiles\system.tmp
2024-06-20 00:44:22,638 [INFO] CodeEngine:237 - oldGeneratedFile, C:\Users\hoatt\STM32CubeIDE\workspace_1.9.0\Timer\Timer_PWM\Core\Inc\stm32f1xx_hal_conf.h_save
2024-06-20 00:44:22,809 [INFO] CodeEngine:261 - Generated code: C:\Users\hoatt\STM32CubeIDE\workspace_1.9.0\Timer\Timer_PWM\Core\Inc\stm32f1xx_hal_conf.h
2024-06-20 00:44:22,888 [INFO] CodeEngine:237 - oldGeneratedFile, C:\Users\hoatt\STM32CubeIDE\workspace_1.9.0\Timer\Timer_PWM\Core\Inc\main.h_save
2024-06-20 00:44:23,155 [INFO] CodeEngine:261 - Generated code: C:\Users\hoatt\STM32CubeIDE\workspace_1.9.0\Timer\Timer_PWM\Core\Inc\main.h
2024-06-20 00:44:23,186 [INFO] CodeEngine:237 - oldGeneratedFile, C:\Users\hoatt\STM32CubeIDE\workspace_1.9.0\Timer\Timer_PWM\Core\Src\main.c_save
2024-06-20 00:44:23,375 [INFO] CodeEngine:261 - Generated code: C:\Users\hoatt\STM32CubeIDE\workspace_1.9.0\Timer\Timer_PWM\Core\Src\main.c
2024-06-20 00:44:25,764 [INFO] ProjectBuilder:2913 - Time for Copy HAL[1] : 805mS.
2024-06-20 00:44:25,776 [INFO] ProjectBuilder:4015 - Project Generator version: 3.16.0
2024-06-20 00:44:26,494 [INFO] ConfigFileManager:1287 - The Die is : DIE410
2024-06-20 00:44:39,226 [INFO] ProjectBuilder:4183 - Time for Generating toolchain IDE Files: 13450mS.
2024-06-20 00:44:39,229 [INFO] ProjectBuilder:2785 - Time for Copy CMSIS : 3mS.
2024-06-20 00:44:39,237 [INFO] ProjectBuilder:2785 - Time for Copy CMSIS : 0mS.
2024-06-20 21:21:35,325 [INFO] Activator:177 - 


2024-06-20 21:21:35,341 [INFO] Activator:178 - !SESSION log4j initialized
2024-06-20 21:21:44,341 [ERROR] AnalyticsContext:980 - The ST intranet updater server is unknown: mcucrossselector.codex.cro.st.com
2024-06-21 00:42:50,138 [INFO] McuFinderGlobals:39 - Set McuFinder mode to 2 (CubeIDE integrated)
2024-06-21 00:42:54,264 [INFO] ApplicationProperties:181 - Using Application install path: C:\ST\STM32CubeIDE_1.9.0\STM32CubeIDE\plugins\com.st.stm32cube.common.mx_6.5.0.202202251913
2024-06-21 00:42:54,302 [INFO] DbMcusXml:72 - Set database path to: C:\ST\STM32CubeIDE_1.9.0\STM32CubeIDE\plugins\com.st.stm32cube.common.mx_6.5.0.202202251913\\db\/mcu/
2024-06-21 00:42:54,302 [INFO] ApiDb:260 - Set plugin database path to: C:\ST\STM32CubeIDE_1.9.0\STM32CubeIDE\plugins\com.st.stm32cube.common.mx_6.5.0.202202251913\\db\/plugins/boardmanager/
2024-06-21 00:42:54,318 [WARN] ApiDb:245 - Overriding images path with different value:  => C:\ST\STM32CubeIDE_1.9.0\STM32CubeIDE\plugins\com.st.stm32cube.common.mx_6.5.0.202202251913\\db\/plugins/mcufinder/images/
2024-06-21 00:42:54,349 [INFO] ApiDb:226 - Set database path to: C:\Users\hoatt\.stmcufinder\plugins\mcufinder//mcu/
2024-06-21 00:42:54,349 [INFO] DbMcusAds:119 - Set database path to: C:\Users\hoatt\.stmcufinder\plugins\mcufinder//mcu/
2024-06-21 00:42:54,729 [INFO] CrossReferenceDbSqlite:196 - Set database path to: C:\Users\hoatt\.stmcufinder\plugins\mcufinder//mcu/cs/
2024-06-21 00:42:54,994 [INFO] RulesReader:57 - Compatibility file has been processed (281 Rules)
2024-06-21 00:42:55,246 [INFO] DbMcusXml:72 - Set database path to: C:\ST\STM32CubeIDE_1.9.0\STM32CubeIDE\plugins\com.st.stm32cube.common.mx_6.5.0.202202251913\\db\/mcu/
2024-06-21 00:42:55,246 [INFO] ApiDb:260 - Set plugin database path to: C:\ST\STM32CubeIDE_1.9.0\STM32CubeIDE\plugins\com.st.stm32cube.common.mx_6.5.0.202202251913\\db\/plugins/boardmanager/
2024-06-21 00:42:55,246 [INFO] ApiDb:247 - Set plugin images path to: C:\ST\STM32CubeIDE_1.9.0\STM32CubeIDE\plugins\com.st.stm32cube.common.mx_6.5.0.202202251913\\db\/plugins/mcufinder/images/
2024-06-21 00:42:55,246 [WARN] DbFile:35 - Overriding database path with different value: C:\Users\hoatt\.stmcufinder\plugins\mcufinder/ => C:\Users\hoatt\.stmcufinder\plugins\mcufinder
2024-06-21 00:42:55,246 [INFO] ApiDb:226 - Set database path to: C:\Users\hoatt\.stmcufinder\plugins\mcufinder//mcu/
2024-06-21 00:42:55,246 [WARN] DbFile:35 - Overriding database path with different value: C:\Users\hoatt\.stmcufinder\plugins\mcufinder/ => C:\Users\hoatt\.stmcufinder\plugins\mcufinder
2024-06-21 00:42:55,246 [INFO] DbMcusAds:119 - Set database path to: C:\Users\hoatt\.stmcufinder\plugins\mcufinder//mcu/
2024-06-21 00:42:55,246 [WARN] DbFile:35 - Overriding database path with different value: C:\Users\hoatt\.stmcufinder\plugins\mcufinder/ => C:\Users\hoatt\.stmcufinder\plugins\mcufinder
2024-06-21 00:42:55,246 [WARN] DbFile:35 - Overriding database path with different value: C:\Users\hoatt\.stmcufinder\plugins\mcufinder/ => C:\Users\hoatt\.stmcufinder\plugins\mcufinder
2024-06-21 00:42:55,246 [INFO] CrossReferenceDbSqlite:196 - Set database path to: C:\Users\hoatt\.stmcufinder\plugins\mcufinder//mcu/cs/
2024-06-21 00:42:55,481 [INFO] MainPanel:230 - HeapMemory: 614465536
2024-06-21 00:42:55,752 [INFO] DbMcusXml:72 - Set database path to: C:\ST\STM32CubeIDE_1.9.0\STM32CubeIDE\plugins\com.st.stm32cube.common.mx_6.5.0.202202251913\\db\/mcu/
2024-06-21 00:42:55,752 [INFO] ApiDb:260 - Set plugin database path to: C:\ST\STM32CubeIDE_1.9.0\STM32CubeIDE\plugins\com.st.stm32cube.common.mx_6.5.0.202202251913\\db\/plugins/boardmanager/
2024-06-21 00:42:55,752 [INFO] ApiDb:247 - Set plugin images path to: C:\ST\STM32CubeIDE_1.9.0\STM32CubeIDE\plugins\com.st.stm32cube.common.mx_6.5.0.202202251913\\db\/plugins/mcufinder/images/
2024-06-21 00:42:55,768 [WARN] DbFile:35 - Overriding database path with different value: C:\Users\hoatt\.stmcufinder\plugins\mcufinder/ => C:\Users\hoatt\.stmcufinder\plugins\mcufinder
2024-06-21 00:42:55,768 [INFO] ApiDb:226 - Set database path to: C:\Users\hoatt\.stmcufinder\plugins\mcufinder//mcu/
2024-06-21 00:42:55,768 [WARN] DbFile:35 - Overriding database path with different value: C:\Users\hoatt\.stmcufinder\plugins\mcufinder/ => C:\Users\hoatt\.stmcufinder\plugins\mcufinder
2024-06-21 00:42:55,768 [INFO] DbMcusAds:119 - Set database path to: C:\Users\hoatt\.stmcufinder\plugins\mcufinder//mcu/
2024-06-21 00:42:55,768 [WARN] DbFile:35 - Overriding database path with different value: C:\Users\hoatt\.stmcufinder\plugins\mcufinder/ => C:\Users\hoatt\.stmcufinder\plugins\mcufinder
2024-06-21 00:42:55,768 [WARN] DbFile:35 - Overriding database path with different value: C:\Users\hoatt\.stmcufinder\plugins\mcufinder/ => C:\Users\hoatt\.stmcufinder\plugins\mcufinder
2024-06-21 00:42:55,768 [INFO] CrossReferenceDbSqlite:196 - Set database path to: C:\Users\hoatt\.stmcufinder\plugins\mcufinder//mcu/cs/
2024-06-21 00:42:55,814 [INFO] ApplicationProperties:181 - Using Application install path: C:\ST\STM32CubeIDE_1.9.0\STM32CubeIDE\plugins\com.st.stm32cube.common.mx_6.5.0.202202251913
2024-06-21 00:42:55,814 [INFO] PluginManage:188 - Search for loadable plugins [exclusion list=, ]
2024-06-21 00:42:55,830 [INFO] PluginManage:302 - Check plugin analytics
2024-06-21 00:42:56,171 [ERROR] AnalyticsContext:980 - The ST intranet updater server is unknown: mcucrossselector.codex.cro.st.com
2024-06-21 00:42:56,297 [INFO] AnalyticsPlugin:257 - Accepted Software Licenses: 
2024-06-21 00:42:56,297 [INFO] AnalyticsPlugin:259 - Accepted CMSIS Pack Licenses: 
2024-06-21 00:42:56,297 [INFO] AnalyticsPlugin:261 - Accepted Firmware Licenses: 
2024-06-21 00:42:56,313 [INFO] PluginManage:352 - Loaded plugin analytics (category:tool,tabindex:-1)
2024-06-21 00:42:56,313 [INFO] PluginManage:302 - Check plugin clock
2024-06-21 00:42:56,359 [INFO] PluginManage:352 - Loaded plugin clock (category:base,tabindex:2)
2024-06-21 00:42:56,359 [INFO] PluginManage:302 - Check plugin ddr
2024-06-21 00:42:56,369 [INFO] PluginManage:352 - Loaded plugin ddr (category:tool,tabindex:6)
2024-06-21 00:42:56,369 [INFO] PluginManage:302 - Check plugin filemanager
2024-06-21 00:42:56,805 [INFO] PluginManage:352 - Loaded plugin filemanager (category:base,tabindex:10)
2024-06-21 00:42:56,805 [INFO] PluginManage:302 - Check plugin ipmanager
2024-06-21 00:42:56,821 [INFO] PluginManage:352 - Loaded plugin ipmanager (category:base,tabindex:5)
2024-06-21 00:42:56,821 [INFO] PluginManage:302 - Check plugin lpbam
2024-06-21 00:42:56,852 [INFO] PluginManage:352 - Loaded plugin lpbam (category:base,tabindex:0)
2024-06-21 00:42:56,852 [INFO] PluginManage:302 - Check plugin pinoutandconfiguration
2024-06-21 00:42:56,870 [INFO] PluginManage:352 - Loaded plugin pinoutandconfiguration (category:base,tabindex:1)
2024-06-21 00:42:56,870 [INFO] PluginManage:302 - Check plugin pinoutconfig
2024-06-21 00:42:56,946 [INFO] PluginManage:352 - Loaded plugin pinoutconfig (category:base,tabindex:0)
2024-06-21 00:42:56,946 [INFO] PluginManage:302 - Check plugin power
2024-06-21 00:42:56,994 [INFO] PluginManage:352 - Loaded plugin power (category:power,tabindex:4)
2024-06-21 00:42:56,994 [INFO] PluginManage:302 - Check plugin projectmanager
2024-06-21 00:42:57,041 [INFO] PluginManage:352 - Loaded plugin projectmanager (category:projectmanager,tabindex:3)
2024-06-21 00:42:57,041 [INFO] PluginManage:302 - Check plugin thirdparty
2024-06-21 00:42:57,433 [WARN] IntegrityCheckThread:78 - waiting for thirdparty lock release [integrity check]
2024-06-21 00:42:57,433 [INFO] PluginManage:352 - Loaded plugin thirdparty (category:base,tabindex:-1)
2024-06-21 00:42:57,433 [INFO] IntegrityCheckThread:80 - entering critical section [integrity check]
2024-06-21 00:42:57,433 [INFO] PluginManage:302 - Check plugin tools
2024-06-21 00:42:57,433 [INFO] ThirdPartyUpdaterWithRetryManager:66 - Updater plugin not ready yet. [1/15]
2024-06-21 00:42:57,449 [INFO] PluginManage:352 - Loaded plugin tools (category:base,tabindex:7)
2024-06-21 00:42:57,449 [INFO] PluginManage:302 - Check plugin tutovideos
2024-06-21 00:42:58,202 [INFO] PluginManage:352 - Loaded plugin tutovideos (category:base,tabindex:-1)
2024-06-21 00:42:58,202 [INFO] PluginManage:302 - Check plugin updater
2024-06-21 00:42:58,258 [INFO] PluginManage:352 - Loaded plugin updater (category:base,tabindex:12)
2024-06-21 00:42:58,268 [INFO] PluginManage:275 - PluginManage : Loaded plugins [14]
2024-06-21 00:42:59,154 [INFO] PinOutPanel:1465 - setPackage(No Configuration,No Configuration)
2024-06-21 00:42:59,412 [INFO] IPUIPlugin:75 - create IPUIPlugin
2024-06-21 00:42:59,412 [INFO] PluginManager:213 - loadIPPluginJar : add adc
2024-06-21 00:42:59,412 [INFO] IPUIPlugin:75 - create IPUIPlugin
2024-06-21 00:42:59,412 [INFO] PluginManager:213 - loadIPPluginJar : add aes
2024-06-21 00:42:59,428 [INFO] IPUIPlugin:75 - create IPUIPlugin
2024-06-21 00:42:59,428 [INFO] PluginManager:213 - loadIPPluginJar : add can
2024-06-21 00:42:59,428 [INFO] IPUIPlugin:75 - create IPUIPlugin
2024-06-21 00:42:59,428 [INFO] PluginManager:213 - loadIPPluginJar : add comp
2024-06-21 00:42:59,444 [INFO] IPUIPlugin:75 - create IPUIPlugin
2024-06-21 00:42:59,444 [INFO] PluginManager:213 - loadIPPluginJar : add cryp
2024-06-21 00:42:59,460 [INFO] IPUIPlugin:75 - create IPUIPlugin
2024-06-21 00:42:59,460 [INFO] PluginManager:213 - loadIPPluginJar : add dfsdm
2024-06-21 00:42:59,475 [INFO] IPUIPlugin:75 - create IPUIPlugin
2024-06-21 00:42:59,475 [INFO] PluginManager:213 - loadIPPluginJar : add dma
2024-06-21 00:42:59,475 [INFO] IPUIPlugin:75 - create IPUIPlugin
2024-06-21 00:42:59,491 [INFO] PluginManager:213 - loadIPPluginJar : add dma3
2024-06-21 00:42:59,491 [INFO] IPUIPlugin:75 - create IPUIPlugin
2024-06-21 00:42:59,491 [INFO] PluginManager:213 - loadIPPluginJar : add fatfs
2024-06-21 00:42:59,506 [INFO] IPUIPlugin:75 - create IPUIPlugin
2024-06-21 00:42:59,506 [INFO] PluginManager:213 - loadIPPluginJar : add fmc
2024-06-21 00:42:59,522 [INFO] IPUIPlugin:75 - create IPUIPlugin
2024-06-21 00:42:59,522 [INFO] PluginManager:213 - loadIPPluginJar : add freertos
2024-06-21 00:42:59,538 [INFO] IPUIPlugin:75 - create IPUIPlugin
2024-06-21 00:42:59,538 [INFO] PluginManager:213 - loadIPPluginJar : add genericplugin
2024-06-21 00:42:59,538 [INFO] IPUIPlugin:75 - create IPUIPlugin
2024-06-21 00:42:59,538 [INFO] PluginManager:213 - loadIPPluginJar : add gfxmmu
2024-06-21 00:42:59,568 [INFO] IPUIPlugin:75 - create IPUIPlugin
2024-06-21 00:42:59,568 [INFO] PluginManager:213 - loadIPPluginJar : add gic
2024-06-21 00:42:59,586 [INFO] IPUIPlugin:75 - create IPUIPlugin
2024-06-21 00:42:59,586 [INFO] PluginManager:213 - loadIPPluginJar : add gpio
2024-06-21 00:42:59,601 [INFO] IPUIPlugin:75 - create IPUIPlugin
2024-06-21 00:42:59,602 [INFO] PluginManager:213 - loadIPPluginJar : add gtzc
2024-06-21 00:42:59,615 [INFO] IPUIPlugin:75 - create IPUIPlugin
2024-06-21 00:42:59,618 [INFO] PluginManager:213 - loadIPPluginJar : add hash
2024-06-21 00:42:59,623 [INFO] IPUIPlugin:75 - create IPUIPlugin
2024-06-21 00:42:59,628 [INFO] PluginManager:213 - loadIPPluginJar : add i2c
2024-06-21 00:42:59,639 [INFO] IPUIPlugin:75 - create IPUIPlugin
2024-06-21 00:42:59,639 [INFO] PluginManager:213 - loadIPPluginJar : add i2s
2024-06-21 00:42:59,651 [INFO] IPUIPlugin:75 - create IPUIPlugin
2024-06-21 00:42:59,652 [INFO] PluginManager:213 - loadIPPluginJar : add ipddr
2024-06-21 00:42:59,671 [INFO] IPUIPlugin:75 - create IPUIPlugin
2024-06-21 00:42:59,671 [INFO] PluginManager:213 - loadIPPluginJar : add linkedlist
2024-06-21 00:42:59,679 [INFO] IPUIPlugin:75 - create IPUIPlugin
2024-06-21 00:42:59,684 [INFO] PluginManager:213 - loadIPPluginJar : add lorawan
2024-06-21 00:42:59,687 [INFO] IPUIPlugin:75 - create IPUIPlugin
2024-06-21 00:42:59,687 [INFO] PluginManager:213 - loadIPPluginJar : add ltdc
2024-06-21 00:42:59,712 [INFO] IPUIPlugin:75 - create IPUIPlugin
2024-06-21 00:42:59,712 [INFO] PluginManager:213 - loadIPPluginJar : add mdma
2024-06-21 00:42:59,727 [INFO] IPUIPlugin:75 - create IPUIPlugin
2024-06-21 00:42:59,727 [INFO] PluginManager:213 - loadIPPluginJar : add nvic
2024-06-21 00:42:59,743 [INFO] IPUIPlugin:75 - create IPUIPlugin
2024-06-21 00:42:59,743 [INFO] PluginManager:213 - loadIPPluginJar : add opamp
2024-06-21 00:42:59,759 [INFO] IPUIPlugin:75 - create IPUIPlugin
2024-06-21 00:42:59,759 [INFO] PluginManager:213 - loadIPPluginJar : add openamp
2024-06-21 00:42:59,776 [INFO] IPUIPlugin:75 - create IPUIPlugin
2024-06-21 00:42:59,776 [INFO] PluginManager:213 - loadIPPluginJar : add pdm2pcm
2024-06-21 00:42:59,799 [INFO] IPUIPlugin:75 - create IPUIPlugin
2024-06-21 00:42:59,801 [INFO] PluginManager:213 - loadIPPluginJar : add plateformsettings
2024-06-21 00:42:59,807 [INFO] IPUIPlugin:75 - create IPUIPlugin
2024-06-21 00:42:59,807 [INFO] PluginManager:213 - loadIPPluginJar : add quadspi
2024-06-21 00:42:59,817 [INFO] IPUIPlugin:75 - create IPUIPlugin
2024-06-21 00:42:59,817 [INFO] PluginManager:213 - loadIPPluginJar : add resmgrutility
2024-06-21 00:42:59,831 [INFO] IPUIPlugin:75 - create IPUIPlugin
2024-06-21 00:42:59,831 [INFO] PluginManager:213 - loadIPPluginJar : add sai
2024-06-21 00:42:59,831 [INFO] IPUIPlugin:75 - create IPUIPlugin
2024-06-21 00:42:59,831 [INFO] PluginManager:213 - loadIPPluginJar : add spi
2024-06-21 00:42:59,855 [INFO] IPUIPlugin:75 - create IPUIPlugin
2024-06-21 00:42:59,855 [INFO] PluginManager:213 - loadIPPluginJar : add stm32_wpan
2024-06-21 00:42:59,868 [INFO] IPUIPlugin:75 - create IPUIPlugin
2024-06-21 00:42:59,871 [INFO] PluginManager:213 - loadIPPluginJar : add tim
2024-06-21 00:42:59,879 [INFO] IPUIPlugin:75 - create IPUIPlugin
2024-06-21 00:42:59,879 [INFO] PluginManager:213 - loadIPPluginJar : add touchsensing
2024-06-21 00:42:59,888 [INFO] IPUIPlugin:75 - create IPUIPlugin
2024-06-21 00:42:59,888 [INFO] PluginManager:213 - loadIPPluginJar : add tracer_emb
2024-06-21 00:42:59,888 [INFO] IPUIPlugin:75 - create IPUIPlugin
2024-06-21 00:42:59,888 [INFO] PluginManager:213 - loadIPPluginJar : add ts
2024-06-21 00:42:59,903 [INFO] IPUIPlugin:75 - create IPUIPlugin
2024-06-21 00:42:59,903 [INFO] PluginManager:213 - loadIPPluginJar : add tsc
2024-06-21 00:42:59,903 [INFO] IPUIPlugin:75 - create IPUIPlugin
2024-06-21 00:42:59,903 [INFO] PluginManager:213 - loadIPPluginJar : add ucpd
2024-06-21 00:42:59,919 [INFO] IPUIPlugin:75 - create IPUIPlugin
2024-06-21 00:42:59,919 [INFO] PluginManager:213 - loadIPPluginJar : add usart
2024-06-21 00:42:59,935 [INFO] IPUIPlugin:75 - create IPUIPlugin
2024-06-21 00:42:59,935 [INFO] PluginManager:213 - loadIPPluginJar : add usbx
2024-06-21 00:43:00,440 [INFO] ThirdPartyUpdaterWithRetryManager:66 - Updater plugin not ready yet. [2/15]
2024-06-21 00:43:00,691 [FATAL] Updater:297 - Updater called before beeing initialized
2024-06-21 00:43:01,268 [FATAL] Updater:297 - Updater called before beeing initialized
2024-06-21 00:43:01,287 [INFO] DbMcusAds:47 - JSON generation date=Thu May 16 16:22:00 ICT 2024 (1715851320852)
2024-06-21 00:43:01,287 [FATAL] Updater:297 - Updater called before beeing initialized
2024-06-21 00:43:01,503 [WARN] DetailPanel:320 - Failed to get advertising image, set to default
2024-06-21 00:43:01,904 [FATAL] Updater:297 - Updater called before beeing initialized
2024-06-21 00:43:01,914 [FATAL] Updater:297 - Updater called before beeing initialized
2024-06-21 00:43:01,914 [FATAL] Updater:297 - Updater called before beeing initialized
2024-06-21 00:43:01,914 [WARN] DetailPanel:320 - Failed to get advertising image, set to default
2024-06-21 00:43:01,914 [FATAL] Updater:297 - Updater called before beeing initialized
2024-06-21 00:43:02,185 [INFO] Updater:1026 - Updater Version found : 6.5.0
2024-06-21 00:43:02,239 [INFO] ApplicationProperties:181 - Using Application install path: C:\ST\STM32CubeIDE_1.9.0\STM32CubeIDE\plugins\com.st.stm32cube.common.mx_6.5.0.202202251913
2024-06-21 00:43:03,445 [FATAL] Updater:297 - Updater called before beeing initialized
2024-06-21 00:43:03,445 [ERROR] IntegrityCheckThread:124 - Cannot retrieve database content from updater: error 21
2024-06-21 00:43:03,445 [INFO] ThirdParty:925 - Integrity check success = false
2024-06-21 00:43:03,445 [INFO] IntegrityCheckThread:94 - exiting critical section [integrity check]
2024-06-21 00:43:03,445 [INFO] IntegrityCheckThread:97 - End integrity checks thread
2024-06-21 00:43:03,642 [INFO] MainUpdater:2729 - connection check result : 10
2024-06-21 00:43:03,650 [INFO] MainUpdater:3414 - Updater definition file requires update
2024-06-21 00:43:03,650 [INFO] MainUpdater:276 - Updater Check For Update Now.
2024-06-21 00:43:03,658 [INFO] MicroXplorer:477 - Change Database Version : DB.6.0.50
2024-06-21 00:43:03,796 [INFO] ServerAccessManage:359 - Download File updaters.zip
2024-06-21 00:43:03,942 [INFO] FileExtend:235 - Unzip File : updaters.zip
2024-06-21 00:43:03,942 [INFO] FileExtend:250 - Standard Zip Deflate
2024-06-21 00:43:06,648 [INFO] ServerAccessManage:359 - Download File PacksControlFlags.xml
2024-06-21 00:43:06,826 [INFO] ServerAccessManage:359 - Download File cubemx.pidx
2024-06-21 00:43:07,198 [INFO] LoadServerUpdatesThread:362 - End of LoadServerUpdate Thread
2024-06-21 00:43:07,439 [INFO] CheckServerUpdateThread:115 - End of CheckServer Thread
2024-06-21 00:43:07,643 [INFO] MainUpdater:2729 - connection check result : 10
2024-06-21 00:43:07,643 [INFO] MainUpdater:2729 - connection check result : 10
2024-06-21 00:43:07,990 [INFO] MicroXplorer:447 - Change Database Path : 
2024-06-21 00:43:07,990 [INFO] MicroXplorer:477 - Change Database Version : DB.6.0.50
2024-06-21 00:43:07,990 [WARN] ThirdParty:823 - waiting for thirdparty lock release [close project]
2024-06-21 00:43:07,990 [INFO] ThirdParty:825 - entering critical section [close project]
2024-06-21 00:43:07,999 [INFO] ThirdParty:835 - exiting critical section [close project]
2024-06-21 00:43:08,021 [INFO] PinOutPanel:1465 - setPackage(No Configuration,No Configuration)
2024-06-21 00:43:08,057 [INFO] UtilMem:74 - Begin LoadConfig() Used Memory: 574253496 Bytes (855638016)
2024-06-21 00:43:08,071 [INFO] MicroXplorer:447 - Change Database Path : 
2024-06-21 00:43:08,071 [INFO] MicroXplorer:477 - Change Database Version : DB.6.0.50
2024-06-21 00:43:08,071 [INFO] OpenFileManager:303 - Change cursor
2024-06-21 00:43:08,121 [WARN] IntegrityCheckThread:78 - waiting for thirdparty lock release [integrity check]
2024-06-21 00:43:08,121 [INFO] IntegrityCheckThread:80 - entering critical section [integrity check]
2024-06-21 00:43:09,166 [WARN] PackLoader:238 - Cannot read IP mode file for STMicroelectronics.FP-SNS-MOTENVWB1.1.4.0
2024-06-21 00:43:09,204 [WARN] PackLoader:238 - Cannot read IP mode file for STMicroelectronics.X-CUBE-SMBUS.2.1.0
2024-06-21 00:43:09,229 [WARN] PackLoader:238 - Cannot read IP mode file for STMicroelectronics.X-CUBE-TOUCHGFX.4.23.2
2024-06-21 00:43:09,303 [WARN] PackLoader:238 - Cannot read IP mode file for STMicroelectronics.X-CUBE-AZRTOS-F7.1.1.0
2024-06-21 00:43:09,334 [WARN] PackLoader:238 - Cannot read IP mode file for STMicroelectronics.FP-SNS-FLIGHT1.5.0.2
2024-06-21 00:43:09,350 [WARN] PackLoader:238 - Cannot read IP mode file for STMicroelectronics.X-CUBE-DISPLAY.3.0.0
2024-06-21 00:43:09,389 [WARN] PackLoader:238 - Cannot read IP mode file for STMicroelectronics.X-CUBE-BLE1.7.0.0
2024-06-21 00:43:09,413 [WARN] PackLoader:238 - Cannot read IP mode file for emotas.I-CUBE-CANOPEN.1.3.0
2024-06-21 00:43:09,444 [WARN] PackLoader:238 - Cannot read IP mode file for STMicroelectronics.X-CUBE-BLEMGR.3.1.0
2024-06-21 00:43:09,460 [WARN] PackLoader:238 - Cannot read IP mode file for STMicroelectronics.FP-SNS-SMARTAG2.1.2.0
2024-06-21 00:43:09,492 [INFO] LogOutputStream:76 - [STDOUT_REDIRECT] 1 : Invalid condition id : UX_CORESTACK_Condition cause : null
2024-06-21 00:43:09,492 [INFO] LogOutputStream:76 - [STDOUT_REDIRECT] 1 : Invalid condition id : UX_CORESTACK_Condition cause : null
2024-06-21 00:43:09,492 [INFO] LogOutputStream:76 - [STDOUT_REDIRECT] 1 : Invalid condition id : UX_CORESTACK_Condition cause : null
2024-06-21 00:43:09,492 [INFO] LogOutputStream:76 - [STDOUT_REDIRECT] 1 : Invalid condition id : UX_CORESTACK_Condition cause : null
2024-06-21 00:43:09,508 [INFO] LogOutputStream:76 - [STDOUT_REDIRECT] 1 : Invalid condition id : UX_CORESTACK_Condition cause : null
2024-06-21 00:43:09,508 [WARN] PackLoader:238 - Cannot read IP mode file for STMicroelectronics.X-CUBE-AZRTOS-WL.2.0.0
2024-06-21 00:43:09,539 [WARN] PackLoader:238 - Cannot read IP mode file for STMicroelectronics.FP-SNS-MOTENV1.5.0.0
2024-06-21 00:43:09,578 [WARN] PackLoader:238 - Cannot read IP mode file for wolfSSL.I-CUBE-wolfMQTT.1.19.0
2024-06-21 00:43:09,621 [WARN] PackLoader:238 - Cannot read IP mode file for WES.I-CUBE-Cesium.1.3.0
2024-06-21 00:43:09,651 [WARN] PackLoader:238 - Cannot read IP mode file for STMicroelectronics.X-CUBE-BLE2.3.3.0
2024-06-21 00:43:09,672 [WARN] PackLoader:238 - Cannot read IP mode file for STMicroelectronics.X-CUBE-TCPP.4.1.0
2024-06-21 00:43:09,695 [WARN] PackLoader:238 - Cannot read IP mode file for STMicroelectronics.X-CUBE-ALGOBUILD.1.3.0
2024-06-21 00:43:09,737 [WARN] PackLoader:238 - Cannot read IP mode file for STMicroelectronics.X-CUBE-AZRTOS-G0.1.1.0
2024-06-21 00:43:09,770 [WARN] PackLoader:238 - Cannot read IP mode file for STMicroelectronics.X-CUBE-SAFEA1.1.2.2
2024-06-21 00:43:09,790 [WARN] PackLoader:238 - Cannot read IP mode file for STMicroelectronics.X-CUBE-NFC4.3.0.0
2024-06-21 00:43:09,801 [WARN] PackLoader:238 - Cannot read IP mode file for wolfSSL.I-CUBE-wolfSSL.5.7.0
2024-06-21 00:43:09,816 [WARN] PackLoader:238 - Cannot read IP mode file for STMicroelectronics.FP-ATR-SIGFOX1.3.2.0
2024-06-21 00:43:09,834 [WARN] PackLoader:238 - Cannot read IP mode file for STMicroelectronics.X-CUBE-EEPRMA1.5.1.0
2024-06-21 00:43:09,848 [WARN] PackLoader:238 - Cannot read IP mode file for ITTIA_DB.I-CUBE-ITTIADB.8.9.0
2024-06-21 00:43:09,958 [WARN] PackLoader:238 - Cannot read IP mode file for SEGGER.I-CUBE-embOS.1.3.1
2024-06-21 00:43:10,120 [WARN] PackLoader:238 - Cannot read IP mode file for STMicroelectronics.X-CUBE-ALGOBUILD.1.4.0
2024-06-21 00:43:10,137 [WARN] PackLoader:238 - Cannot read IP mode file for STMicroelectronics.X-CUBE-GNSS1.6.0.0
2024-06-21 00:43:10,184 [WARN] PackLoader:238 - Cannot read IP mode file for STMicroelectronics.X-CUBE-AZRTOS-F4.1.1.0
2024-06-21 00:43:10,204 [WARN] PackLoader:238 - Cannot read IP mode file for STMicroelectronics.X-CUBE-FREERTOS.1.2.0
2024-06-21 00:43:10,252 [WARN] PackLoader:238 - Cannot read IP mode file for STMicroelectronics.X-CUBE-AZRTOS-L5.2.0.0
2024-06-21 00:43:10,270 [WARN] PackLoader:238 - Cannot read IP mode file for STMicroelectronics.X-CUBE-NFC6.3.1.0
2024-06-21 00:43:10,290 [WARN] PackLoader:238 - Cannot read IP mode file for STMicroelectronics.X-CUBE-AI.9.0.0
2024-06-21 00:43:10,303 [WARN] PackLoader:238 - Cannot read IP mode file for STMicroelectronics.X-CUBE-NFC7.1.0.1
2024-06-21 00:43:10,339 [WARN] ConditionMgr:437 - getConditionDescription Invalid condition id : LAN8742 Phy interface Condition cause : null
2024-06-21 00:43:10,339 [WARN] PackLoader:238 - Cannot read IP mode file for STMicroelectronics.X-CUBE-AZRTOS-L4.2.0.0
2024-06-21 00:43:10,347 [WARN] ConditionMgr:1038 - genDependencies : Invalid condition id : LAN8742 Phy interface Condition cause : null
2024-06-21 00:43:10,347 [WARN] ConditionMgr:1038 - genDependencies : Invalid condition id : LAN8742 Phy interface Condition cause : null
2024-06-21 00:43:10,347 [WARN] ConditionMgr:1038 - genDependencies : Invalid condition id : LAN8742 Phy interface Condition cause : null
2024-06-21 00:43:10,372 [WARN] PackLoader:238 - Cannot read IP mode file for STMicroelectronics.X-CUBE-SFXS2LP1.4.0.0
2024-06-21 00:43:10,396 [WARN] ConditionMgr:437 - getConditionDescription Invalid condition id : UX DEVICE CLASS RTOS Condition cause : null
2024-06-21 00:43:10,396 [WARN] ConditionMgr:437 - getConditionDescription Invalid condition id : UX DEVICE CLASS RTOS Condition cause : null
2024-06-21 00:43:10,396 [WARN] PackLoader:238 - Cannot read IP mode file for STMicroelectronics.X-CUBE-AZRTOS-WB.2.0.0
2024-06-21 00:43:10,396 [WARN] ConditionMgr:1038 - genDependencies : Invalid condition id : UX DEVICE CLASS RTOS Condition cause : null
2024-06-21 00:43:10,396 [WARN] ConditionMgr:1038 - genDependencies : Invalid condition id : UX DEVICE CLASS RTOS Condition cause : null
2024-06-21 00:43:10,396 [WARN] ConditionMgr:1038 - genDependencies : Invalid condition id : UX DEVICE CLASS RTOS Condition cause : null
2024-06-21 00:43:10,396 [WARN] ConditionMgr:1038 - genDependencies : Invalid condition id : UX DEVICE CLASS RTOS Condition cause : null
2024-06-21 00:43:10,396 [WARN] ConditionMgr:1038 - genDependencies : Invalid condition id : UX DEVICE CLASS RTOS Condition cause : null
2024-06-21 00:43:10,428 [WARN] PackLoader:238 - Cannot read IP mode file for STMicroelectronics.X-CUBE-SUBG2.5.0.0
2024-06-21 00:43:10,460 [WARN] PackLoader:238 - Cannot read IP mode file for STMicroelectronics.X-CUBE-AZRTOS-G4.2.0.0
2024-06-21 00:43:10,475 [WARN] PackLoader:238 - Cannot read IP mode file for STMicroelectronics.X-CUBE-ISPU.2.0.0
2024-06-21 00:43:10,491 [WARN] PackLoader:238 - Cannot read IP mode file for STMicroelectronics.X-CUBE-ALS.1.0.2
2024-06-21 00:43:10,663 [WARN] PackLoader:238 - Cannot read IP mode file for STMicroelectronics.X-CUBE-MEMS1.10.0.0
2024-06-21 00:43:11,292 [WARN] PackLoader:238 - Cannot read IP mode file for portGmbH.I-Cube-SoM-uGOAL.1.1.0
2024-06-21 00:43:11,302 [WARN] PackLoader:238 - Cannot read IP mode file for STMicroelectronics.X-CUBE-ALS.1.0.1
2024-06-21 00:43:11,367 [WARN] PackLoader:238 - Cannot read IP mode file for STMicroelectronics.X-CUBE-AZRTOS-H7RS.1.0.0
2024-06-21 00:43:11,383 [WARN] PackLoader:238 - Cannot read IP mode file for STMicroelectronics.FP-ATR-ASTRA1.2.0.0
2024-06-21 00:43:11,420 [WARN] PackLoader:238 - Cannot read IP mode file for STMicroelectronics.X-CUBE-TOF1.3.4.1
2024-06-21 00:43:11,492 [WARN] PackLoader:238 - Cannot read IP mode file for STMicroelectronics.X-CUBE-AZRTOS-H7.3.2.0
2024-06-21 00:43:11,533 [WARN] PackLoader:238 - Cannot read IP mode file for Infineon.AIROC-Wi-Fi-Bluetooth-STM32.1.6.0
2024-06-21 00:43:11,541 [INFO] ThirdParty:925 - Integrity check success = true
2024-06-21 00:43:11,541 [INFO] IntegrityCheckThread:94 - exiting critical section [integrity check]
2024-06-21 00:43:11,541 [INFO] IntegrityCheckThread:97 - End integrity checks thread
2024-06-21 00:43:11,620 [INFO] Mcu:1893 - Initializing MCU STM32F103C(8-B)Tx STM32F103C8Tx STM32F103C8T6
2024-06-21 00:43:14,216 [INFO] Context:599 - Trying to add GPIOservice into a context  which must be forbidden
2024-06-21 00:43:14,978 [WARN] ApiManager:304 - Cannot register API 'Board Extension:GNSS1A1' from pack STMicroelectronics.X-CUBE-GNSS1.6.0.0: no header file found
2024-06-21 00:43:14,978 [WARN] ApiManager:304 - Cannot register API 'Board Support:Custom' from pack STMicroelectronics.X-CUBE-GNSS1.6.0.0: no header file found
2024-06-21 00:43:14,978 [WARN] ApiManager:304 - Cannot register API 'Data Exchange:lib_gnss' from pack STMicroelectronics.X-CUBE-GNSS1.6.0.0: no header file found
2024-06-21 00:43:15,040 [WARN] ApiManager:304 - Cannot register API 'Board Extension:NFC06A1' from pack STMicroelectronics.X-CUBE-NFC6.3.1.0: no header file found
2024-06-21 00:43:15,040 [WARN] ApiManager:304 - Cannot register API 'Board Extension:NFC08A1' from pack STMicroelectronics.X-CUBE-NFC6.3.1.0: no header file found
2024-06-21 00:43:15,040 [INFO] RtosManager:484 - Registered RTOS mode: class=CMSIS, group=RTOS, mode=CMSIS_V1, owner=FREERTOS
2024-06-21 00:43:15,040 [INFO] RtosManager:484 - Registered RTOS mode: class=CMSIS, group=RTOS2, mode=CMSIS_V2, owner=FREERTOS
2024-06-21 00:43:15,040 [INFO] RtosManager:484 - Registered RTOS mode: class=RTOS, group=Core, mode=CMSIS_V1, owner=FREERTOS
2024-06-21 00:43:15,040 [INFO] RtosManager:484 - Registered RTOS mode: class=RTOS, group=Core, mode=CMSIS_V2, owner=FREERTOS
2024-06-21 00:43:15,040 [WARN] ModelIntegratedComponent:181 - Missing modes for component STMicroelectronics:FreeRTOS:0.0.1:STMicroelectronics:RTOS:FreeRTOS:Core:::10.2.0:
2024-06-21 00:43:15,056 [WARN] ApiManager:304 - Cannot register API 'Board Extension:STSAFEA1' from pack STMicroelectronics.X-CUBE-SAFEA1.1.2.2: no header file found
2024-06-21 00:43:15,056 [WARN] ApiManager:304 - Cannot register API 'Board Part:STSAFEA110' from pack STMicroelectronics.X-CUBE-SAFEA1.1.2.2: no header file found
2024-06-21 00:43:15,056 [WARN] ApiManager:304 - Cannot register API 'Security:ST_Cryptolib' from pack STMicroelectronics.X-CUBE-SAFEA1.1.2.2: no header file found
2024-06-21 00:43:15,056 [WARN] ApiManager:304 - Cannot register API 'Security:MbedTLS' from pack STMicroelectronics.X-CUBE-SAFEA1.1.2.2: no header file found
2024-06-21 00:43:15,056 [WARN] ApiManager:304 - Cannot register API 'Board Extension:NFC04A1' from pack STMicroelectronics.X-CUBE-NFC4.3.0.0: no header file found
2024-06-21 00:43:15,072 [WARN] ApiManager:304 - Cannot register API 'Board Extension:S2868A1' from pack STMicroelectronics.X-CUBE-SUBG2.5.0.0: no header file found
2024-06-21 00:43:15,072 [WARN] ApiManager:304 - Cannot register API 'Board Extension:S2868A2' from pack STMicroelectronics.X-CUBE-SUBG2.5.0.0: no header file found
2024-06-21 00:43:15,072 [WARN] ApiManager:304 - Cannot register API 'Board Extension:S2915A1' from pack STMicroelectronics.X-CUBE-SUBG2.5.0.0: no header file found
2024-06-21 00:43:15,087 [WARN] ApiManager:304 - Cannot register API 'Wireless:BlueNRG-MS' from pack STMicroelectronics.X-CUBE-BLE1.7.0.0: no header file found
2024-06-21 00:43:15,099 [WARN] ApiManager:304 - Cannot register API 'Board Extension:EEPRMA2' from pack STMicroelectronics.X-CUBE-EEPRMA1.5.1.0: no header file found
2024-06-21 00:43:15,099 [WARN] ApiManager:304 - Cannot register API 'Board Extension:PGEEZ1' from pack STMicroelectronics.X-CUBE-EEPRMA1.5.1.0: no header file found
2024-06-21 00:43:15,099 [WARN] ApiManager:304 - Cannot register API 'Board Extension:EEICA1' from pack STMicroelectronics.X-CUBE-EEPRMA1.5.1.0: no header file found
2024-06-21 00:43:15,099 [WARN] ApiManager:304 - Cannot register API 'Board Part:M24' from pack STMicroelectronics.X-CUBE-EEPRMA1.5.1.0: no header file found
2024-06-21 00:43:15,099 [WARN] ApiManager:304 - Cannot register API 'Board Part:M95' from pack STMicroelectronics.X-CUBE-EEPRMA1.5.1.0: no header file found
2024-06-21 00:43:15,099 [WARN] ApiManager:304 - Cannot register API 'Board Part:M95P32' from pack STMicroelectronics.X-CUBE-EEPRMA1.5.1.0: no header file found
2024-06-21 00:43:15,099 [WARN] ApiManager:304 - Cannot register API 'Board Part:M24256E-F' from pack STMicroelectronics.X-CUBE-EEPRMA1.5.1.0: no header file found
2024-06-21 00:43:15,099 [WARN] ApiManager:304 - Cannot register API 'Board Part:M24M01E-F' from pack STMicroelectronics.X-CUBE-EEPRMA1.5.1.0: no header file found
2024-06-21 00:43:15,099 [WARN] ApiManager:304 - Cannot register API 'PGEEZ1:SPI' from pack STMicroelectronics.X-CUBE-EEPRMA1.5.1.0: no header file found
2024-06-21 00:43:15,099 [WARN] ApiManager:304 - Cannot register API 'PGEEZ1:QDSPI' from pack STMicroelectronics.X-CUBE-EEPRMA1.5.1.0: no header file found
2024-06-21 00:43:15,103 [WARN] ModelIntegratedComponent:60 - No mode defined for component null
2024-06-21 00:43:15,103 [WARN] ModelIntegratedComponent:60 - No mode defined for component null
2024-06-21 00:43:15,103 [WARN] ModelIntegratedComponent:60 - No mode defined for component null
2024-06-21 00:43:15,103 [WARN] ModelIntegratedComponent:60 - No mode defined for component null
2024-06-21 00:43:15,103 [WARN] ModelIntegratedComponent:60 - No mode defined for component null
2024-06-21 00:43:15,103 [WARN] ModelIntegratedComponent:60 - No mode defined for component null
2024-06-21 00:43:15,103 [WARN] ModelIntegratedComponent:60 - No mode defined for component null
2024-06-21 00:43:15,103 [WARN] ModelIntegratedComponent:60 - No mode defined for component null
2024-06-21 00:43:15,103 [WARN] ModelIntegratedComponent:60 - No mode defined for component null
2024-06-21 00:43:15,103 [WARN] ModelIntegratedComponent:60 - No mode defined for component null
2024-06-21 00:43:15,103 [WARN] ModelIntegratedComponent:60 - No mode defined for component null
2024-06-21 00:43:15,103 [WARN] ModelIntegratedComponent:60 - No mode defined for component null
2024-06-21 00:43:15,103 [WARN] ModelIntegratedComponent:60 - No mode defined for component null
2024-06-21 00:43:15,103 [WARN] ModelIntegratedComponent:60 - No mode defined for component null
2024-06-21 00:43:15,103 [WARN] ModelIntegratedComponent:60 - No mode defined for component null
2024-06-21 00:43:15,103 [WARN] ModelIntegratedComponent:60 - No mode defined for component null
2024-06-21 00:43:15,103 [WARN] ModelIntegratedComponent:60 - No mode defined for component null
2024-06-21 00:43:15,103 [WARN] ModelIntegratedComponent:60 - No mode defined for component null
2024-06-21 00:43:15,103 [WARN] ModelIntegratedComponent:60 - No mode defined for component null
2024-06-21 00:43:15,103 [WARN] ModelIntegratedComponent:60 - No mode defined for component null
2024-06-21 00:43:15,103 [WARN] ModelIntegratedComponent:60 - No mode defined for component null
2024-06-21 00:43:15,103 [WARN] ModelIntegratedComponent:60 - No mode defined for component null
2024-06-21 00:43:15,103 [WARN] ModelIntegratedComponent:60 - No mode defined for component null
2024-06-21 00:43:15,103 [WARN] ModelIntegratedComponent:60 - No mode defined for component null
2024-06-21 00:43:15,103 [WARN] ModelIntegratedComponent:60 - No mode defined for component null
2024-06-21 00:43:15,103 [WARN] ModelIntegratedComponent:60 - No mode defined for component null
2024-06-21 00:43:15,103 [WARN] ModelIntegratedComponent:60 - No mode defined for component null
2024-06-21 00:43:15,103 [WARN] ModelIntegratedComponent:60 - No mode defined for component null
2024-06-21 00:43:15,103 [WARN] ModelIntegratedComponent:60 - No mode defined for component null
2024-06-21 00:43:15,103 [WARN] ModelIntegratedComponent:60 - No mode defined for component null
2024-06-21 00:43:15,103 [WARN] ModelIntegratedComponent:60 - No mode defined for component null
2024-06-21 00:43:15,103 [WARN] ModelIntegratedComponent:60 - No mode defined for component null
2024-06-21 00:43:15,103 [WARN] ModelIntegratedComponent:60 - No mode defined for component null
2024-06-21 00:43:15,449 [WARN] ApiManager:304 - Cannot register API 'Board Extension:IKS01A3' from pack STMicroelectronics.X-CUBE-MEMS1.10.0.0: no header file found
2024-06-21 00:43:15,449 [WARN] ApiManager:304 - Cannot register API 'Board Extension:IKS02A1' from pack STMicroelectronics.X-CUBE-MEMS1.10.0.0: no header file found
2024-06-21 00:43:15,449 [WARN] ApiManager:304 - Cannot register API 'Board Extension:IKS4A1' from pack STMicroelectronics.X-CUBE-MEMS1.10.0.0: no header file found
2024-06-21 00:43:15,464 [WARN] ApiManager:304 - Cannot register API 'Board Extension:NFC07A1' from pack STMicroelectronics.X-CUBE-NFC7.1.0.1: no header file found
2024-06-21 00:43:15,506 [WARN] ApiManager:304 - Cannot register API 'Board Extension:S2868A1' from pack STMicroelectronics.X-CUBE-SFXS2LP1.4.0.0: no header file found
2024-06-21 00:43:15,506 [WARN] ApiManager:304 - Cannot register API 'Board Extension:S2868A2' from pack STMicroelectronics.X-CUBE-SFXS2LP1.4.0.0: no header file found
2024-06-21 00:43:15,506 [WARN] ApiManager:304 - Cannot register API 'Board Extension:S2915A1' from pack STMicroelectronics.X-CUBE-SFXS2LP1.4.0.0: no header file found
2024-06-21 00:43:15,518 [WARN] ApiManager:304 - Cannot register API 'Wireless:BlueNRG-2' from pack STMicroelectronics.X-CUBE-BLE2.3.3.0: no header file found
2024-06-21 00:43:15,566 [INFO] ThirdPartyModel:282 - Start build external matchings
2024-06-21 00:43:16,853 [INFO] ThirdPartyModel:295 - End build external matchings
2024-06-21 00:43:17,483 [INFO] UtilMem:74 - End LoadConfig() Used Memory: 693628496 Bytes (855638016)
2024-06-21 00:43:18,706 [INFO] ApiDb:567 - Connected to CubeFinder SQLite database (C:\Users\hoatt\.stmcufinder\plugins\mcufinder\mcu\cube-finder-db.db)
2024-06-21 00:43:18,992 [INFO] ApiDb:654 - CubeFinder database Data Model version=2.1
2024-06-21 00:43:18,992 [INFO] ApiDb:655 - CubeFinder database Configuration version=3.0.39
2024-06-21 00:43:18,992 [INFO] ApiDb:656 - CubeFinder database generation date=2024-06-06 (1717689626)
2024-06-21 00:43:18,992 [INFO] ApiDb:657 - CubeFinder database FW Pack versions=[FP-ATR-ASTRA1_V2.0.0, FP-SNS-FLIGHT1_V5.0.2, FP-SNS-MOTENV1_V5.0.0, FP-SNS-MOTENVWB1_V1.4.0, FP-SNS-SMARTAG2_V1.2.0, STM32Cube_FW_C0_V1.2.0, STM32Cube_FW_F4_V1.28.0, STM32Cube_FW_F7_V1.17.2, STM32Cube_FW_G0_V1.6.2, STM32Cube_FW_G4_V1.6.0, STM32Cube_FW_H5_V1.3.0, STM32Cube_FW_H7RS_V1.1.0, STM32Cube_FW_H7_V1.11.2, STM32Cube_FW_L0_V1.12.2, STM32Cube_FW_L5_V1.5.1, STM32Cube_FW_U0_V1.1.0, STM32Cube_FW_U5_V1.6.0, STM32Cube_FW_WB0_V1.0.0, STM32Cube_FW_WBA_V1.4.0, STM32Cube_FW_WB_V1.20.0, STM32Cube_FW_WL_V1.3.0, X-CUBE-ALGOBUILD_V1.4.0, X-CUBE-ALS_V1.0.2, X-CUBE-AZRTOS-F4_V1.1.0, X-CUBE-AZRTOS-F7_V1.1.0, X-CUBE-AZRTOS-G0_V1.1.0, X-CUBE-AZRTOS-G4_V2.0.0, X-CUBE-AZRTOS-H7RS_V1.0.0, X-CUBE-AZRTOS-H7_V3.2.0, X-CUBE-AZRTOS-L4_V2.0.0, X-CUBE-AZRTOS-L5_V1.1.0, X-CUBE-AZRTOS-WB_V2.0.0, X-CUBE-AZRTOS-WL_V2.0.0, X-CUBE-BLE1_V7.0.0, X-CUBE-BLE2_V3.3.0, X-CUBE-BLEMGR_V3.1.0, X-CUBE-EEPRMA1_V5.1.0, X-CUBE-FREERTOS_V1.2.0, X-CUBE-GNSS1_V6.0.0, X-CUBE-MEMS1_V10.0.0, X-CUBE-NFC4_V3.0.0, X-CUBE-NFC7_V1.0.1, X-CUBE-SFXS2LP1_V4.0.0, X-CUBE-SUBG2_V5.0.0, X-CUBE-TOF1_V3.4.1]
2024-06-21 00:43:25,250 [INFO] ApiDb:212 - Found 97 in-development CPN: [NUCLEO-C031C6, STM32C0116-DK, STM32C011D6Y3TR, STM32C011D6Y6TR, STM32C011F4P3, STM32C011F4P6, STM32C011F4U3, STM32C011F4U6TR, STM32C011F6P3, STM32C011F6P6, STM32C011F6U3, STM32C011F6U6TR, STM32C011J4M3, STM32C011J4M6, STM32C011J6M3, STM32C011J6M6, STM32C0316-DK, STM32C031C4T3, STM32C031C4T6, STM32C031C4U3, STM32C031C4U6, STM32C031C6T3, STM32C031C6T6, STM32C031C6U3, STM32C031C6U6, STM32C031F4P3, STM32C031F4P6, STM32C031F6P3, STM32C031F6P6, STM32C031G4U3, STM32C031G4U6, STM32C031G6U3, STM32C031G6U6, STM32C031K4T3, STM32C031K4T6, STM32C031K4U3, STM32C031K4U6, STM32C031K6T3, STM32C031K6T6, STM32C031K6U3, STM32C031K6U6, STM32G071K8TXN, STM32G071K8UXN, STM32G081GBU6N, STM32G081KBT6N, STM32G081KBUXN, STM32G0B1CCT6N, STM32G0B1KCT6, STM32G0B1NEY6, STM32G0B1NEY6TR, STM32G0B1RCT6N, STM32G0C1CCT6, STM32G0C1CCT6N, STM32G0C1CCU6N, STM32G0C1CET6N, STM32G0C1CEU6N, STM32G0C1KCT6, STM32G0C1NEY6TR, STM32G0C1RCI6N, STM32G0C1RCT6N, STM32G0C1REI6N, STM32G0C1RET6N, STM32G0C1VCI6, STM32G0C1VEI6, STM32G471CCT6, STM32G471CCU6, STM32G471CET3, STM32G471CET6, STM32G471CEU3, STM32G471CEU6, STM32G471MCT6, STM32G471MET3, STM32G471MET6, STM32G471MEY6TR, STM32G471QCT6, STM32G471QET3, STM32G471RCT6, STM32G471RET3, STM32G471RET6, STM32G471VCH6, STM32G471VCI6, STM32G471VCT6, STM32G471VEH3, STM32G471VEH6, STM32G471VEI3, STM32G471VEI6, STM32G471VET3, STM32G471VET6, STM32G474CCT6, STM32L4R5QGI6STR, STM32U595ZJT6Q, STM32U599BJY6QTR, STM32U599NIH6Q, STM32U599NJH6Q, STM32U5A5ZJT6Q, STM32U5A9BJY6QTR, STM32U5A9NJH6Q]
2024-06-21 00:43:25,250 [INFO] DbMcus:201 - Found 4203 MCUs, 4203 are supported
2024-06-21 00:43:25,265 [INFO] ApiDb:407 - Load user favorites file C:\Users\hoatt/.stm32cubeide/favorites.mcus.txt: 1 item(s)
2024-06-21 00:43:25,265 [INFO] ApiDb:411 - User favorites MCUs=[STM32F103C8T6]
2024-06-21 00:43:25,265 [INFO] DbMcus:207 - Set 1 / 1 favorites MCUs
2024-06-21 00:43:25,564 [WARN] ThirdParty:785 - waiting for thirdparty lock release [change project]
2024-06-21 00:43:25,564 [INFO] ThirdParty:787 - entering critical section [change project]
2024-06-21 00:43:25,564 [INFO] ThirdParty:977 - CMSIS Pack Vendor :STMicroelectronics X-CUBE-GNSS1 6.0.0
2024-06-21 00:43:25,564 [INFO] ThirdParty:977 - CMSIS Pack Vendor :STMicroelectronics USB_HOST 2.0.0
2024-06-21 00:43:25,564 [INFO] ThirdParty:977 - CMSIS Pack Vendor :STMicroelectronics FP-SNS-MOTENVWB1 1.4.0
2024-06-21 00:43:25,564 [INFO] ThirdParty:977 - CMSIS Pack Vendor :STMicroelectronics X-CUBE-AZRTOS-F4 1.1.0
2024-06-21 00:43:25,564 [INFO] ThirdParty:977 - CMSIS Pack Vendor :STMicroelectronics LIBJPEG 8.0.0
2024-06-21 00:43:25,564 [INFO] ThirdParty:977 - CMSIS Pack Vendor :STMicroelectronics X-CUBE-SMBUS 2.1.0
2024-06-21 00:43:25,564 [INFO] ThirdParty:977 - CMSIS Pack Vendor :STMicroelectronics USB_DEVICE 3.0.0
2024-06-21 00:43:25,564 [INFO] ThirdParty:977 - CMSIS Pack Vendor :STMicroelectronics X-CUBE-TCPP 4.1.0
2024-06-21 00:43:25,564 [INFO] ThirdParty:977 - CMSIS Pack Vendor :STMicroelectronics X-CUBE-FREERTOS 1.2.0
2024-06-21 00:43:25,564 [INFO] ThirdParty:977 - CMSIS Pack Vendor :STMicroelectronics X-CUBE-AZRTOS-WB 2.0.0
2024-06-21 00:43:25,564 [INFO] ThirdParty:977 - CMSIS Pack Vendor :STMicroelectronics X-CUBE-TOUCHGFX 4.23.2
2024-06-21 00:43:25,564 [INFO] ThirdParty:977 - CMSIS Pack Vendor :STMicroelectronics X-CUBE-AZRTOS-F7 1.1.0
2024-06-21 00:43:25,564 [INFO] ThirdParty:977 - CMSIS Pack Vendor :STMicroelectronics X-CUBE-AZRTOS-L5 2.0.0
2024-06-21 00:43:25,564 [INFO] ThirdParty:977 - CMSIS Pack Vendor :STMicroelectronics USB_DEVICE 2.0.0
2024-06-21 00:43:25,564 [INFO] ThirdParty:977 - CMSIS Pack Vendor :STMicroelectronics X-CUBE-NFC6 3.1.0
2024-06-21 00:43:25,564 [INFO] ThirdParty:977 - CMSIS Pack Vendor :STMicroelectronics X-CUBE-ALGOBUILD 1.3.0
2024-06-21 00:43:25,564 [INFO] ThirdParty:977 - CMSIS Pack Vendor :STMicroelectronics FreeRTOS 0.0.1
2024-06-21 00:43:25,564 [INFO] ThirdParty:977 - CMSIS Pack Vendor :STMicroelectronics X-CUBE-AZRTOS-G0 1.1.0
2024-06-21 00:43:25,564 [INFO] ThirdParty:977 - CMSIS Pack Vendor :STMicroelectronics X-CUBE-SAFEA1 1.2.2
2024-06-21 00:43:25,564 [INFO] ThirdParty:977 - CMSIS Pack Vendor :STMicroelectronics X-CUBE-NFC4 3.0.0
2024-06-21 00:43:25,564 [INFO] ThirdParty:977 - CMSIS Pack Vendor :STMicroelectronics X-CUBE-SUBG2 5.0.0
2024-06-21 00:43:25,564 [INFO] ThirdParty:977 - CMSIS Pack Vendor :STMicroelectronics STM32_WPAN 1.0.0
2024-06-21 00:43:25,564 [INFO] ThirdParty:977 - CMSIS Pack Vendor :STMicroelectronics lwIP 2.0.3
2024-06-21 00:43:25,564 [INFO] ThirdParty:977 - CMSIS Pack Vendor :STMicroelectronics FP-SNS-FLIGHT1 5.0.2
2024-06-21 00:43:25,579 [INFO] ThirdParty:977 - CMSIS Pack Vendor :STMicroelectronics USB_HOST 1.0.0
2024-06-21 00:43:25,579 [INFO] ThirdParty:977 - CMSIS Pack Vendor :STMicroelectronics X-CUBE-AI 9.0.0
2024-06-21 00:43:25,579 [INFO] ThirdParty:977 - CMSIS Pack Vendor :STMicroelectronics X-CUBE-AZRTOS-G4 2.0.0
2024-06-21 00:43:25,579 [INFO] ThirdParty:977 - CMSIS Pack Vendor :STMicroelectronics PDM2PCM 3.1.0
2024-06-21 00:43:25,579 [INFO] ThirdParty:977 - CMSIS Pack Vendor :STMicroelectronics PDM2PCM 3.3.0
2024-06-21 00:43:25,579 [INFO] ThirdParty:977 - CMSIS Pack Vendor :STMicroelectronics X-CUBE-DISPLAY 3.0.0
2024-06-21 00:43:25,579 [INFO] ThirdParty:977 - CMSIS Pack Vendor :wolfSSL I-CUBE-wolfSSL 5.7.0
2024-06-21 00:43:25,579 [INFO] ThirdParty:977 - CMSIS Pack Vendor :STMicroelectronics X-CUBE-BLE1 7.0.0
2024-06-21 00:43:25,579 [INFO] ThirdParty:977 - CMSIS Pack Vendor :STMicroelectronics FP-ATR-SIGFOX1 3.2.0
2024-06-21 00:43:25,579 [INFO] ThirdParty:977 - CMSIS Pack Vendor :STMicroelectronics X-CUBE-ISPU 2.0.0
2024-06-21 00:43:25,579 [INFO] ThirdParty:977 - CMSIS Pack Vendor :STMicroelectronics X-CUBE-EEPRMA1 5.1.0
2024-06-21 00:43:25,579 [INFO] ThirdParty:977 - CMSIS Pack Vendor :STMicroelectronics HAL Drivers 0.0.0
2024-06-21 00:43:25,579 [INFO] ThirdParty:977 - CMSIS Pack Vendor :STMicroelectronics MBEDTLS 2.16.2
2024-06-21 00:43:25,579 [INFO] ThirdParty:977 - CMSIS Pack Vendor :STMicroelectronics X-CUBE-ALS 1.0.2
2024-06-21 00:43:25,579 [INFO] ThirdParty:977 - CMSIS Pack Vendor :emotas I-CUBE-CANOPEN 1.3.0
2024-06-21 00:43:25,579 [INFO] ThirdParty:977 - CMSIS Pack Vendor :STMicroelectronics X-CUBE-MEMS1 10.0.0
2024-06-21 00:43:25,579 [INFO] ThirdParty:977 - CMSIS Pack Vendor :STMicroelectronics X-CUBE-NFC7 1.0.1
2024-06-21 00:43:25,579 [INFO] ThirdParty:977 - CMSIS Pack Vendor :STMicroelectronics MBEDTLS 2.14.1
2024-06-21 00:43:25,579 [INFO] ThirdParty:977 - CMSIS Pack Vendor :ITTIA_DB I-CUBE-ITTIADB 8.9.0
2024-06-21 00:43:25,579 [INFO] ThirdParty:977 - CMSIS Pack Vendor :portGmbH I-Cube-SoM-uGOAL 1.1.0
2024-06-21 00:43:25,579 [INFO] ThirdParty:977 - CMSIS Pack Vendor :STMicroelectronics X-CUBE-ALS 1.0.1
2024-06-21 00:43:25,579 [INFO] ThirdParty:977 - CMSIS Pack Vendor :STMicroelectronics X-CUBE-BLEMGR 3.1.0
2024-06-21 00:43:25,579 [INFO] ThirdParty:977 - CMSIS Pack Vendor :STMicroelectronics ThreadX 1.0.0
2024-06-21 00:43:25,579 [INFO] ThirdParty:977 - CMSIS Pack Vendor :STMicroelectronics FP-SNS-SMARTAG2 1.2.0
2024-06-21 00:43:25,579 [INFO] ThirdParty:977 - CMSIS Pack Vendor :STMicroelectronics X-CUBE-AZRTOS-WL 2.0.0
2024-06-21 00:43:25,579 [INFO] ThirdParty:977 - CMSIS Pack Vendor :SEGGER I-CUBE-embOS 1.3.1
2024-06-21 00:43:25,579 [INFO] ThirdParty:977 - CMSIS Pack Vendor :STMicroelectronics X-CUBE-ALGOBUILD 1.4.0
2024-06-21 00:43:25,579 [INFO] ThirdParty:977 - CMSIS Pack Vendor :STMicroelectronics FP-SNS-MOTENV1 5.0.0
2024-06-21 00:43:25,579 [INFO] ThirdParty:977 - CMSIS Pack Vendor :STMicroelectronics USB_DEVICE 1.0.0
2024-06-21 00:43:25,579 [INFO] ThirdParty:977 - CMSIS Pack Vendor :STMicroelectronics X-CUBE-AZRTOS-H7RS 1.0.0
2024-06-21 00:43:25,579 [INFO] ThirdParty:977 - CMSIS Pack Vendor :wolfSSL I-CUBE-wolfMQTT 1.19.0
2024-06-21 00:43:25,579 [INFO] ThirdParty:977 - CMSIS Pack Vendor :STMicroelectronics X-CUBE-AZRTOS-L4 2.0.0
2024-06-21 00:43:25,579 [INFO] ThirdParty:977 - CMSIS Pack Vendor :STMicroelectronics ThreadX 0.0.2
2024-06-21 00:43:25,579 [INFO] ThirdParty:977 - CMSIS Pack Vendor :WES I-CUBE-Cesium 1.3.0
2024-06-21 00:43:25,579 [INFO] ThirdParty:977 - CMSIS Pack Vendor :STMicroelectronics FP-ATR-ASTRA1 2.0.0
2024-06-21 00:43:25,579 [INFO] ThirdParty:977 - CMSIS Pack Vendor :STMicroelectronics lwIP 2.1.2
2024-06-21 00:43:25,579 [INFO] ThirdParty:977 - CMSIS Pack Vendor :STMicroelectronics X-CUBE-SFXS2LP1 4.0.0
2024-06-21 00:43:25,579 [INFO] ThirdParty:977 - CMSIS Pack Vendor :STMicroelectronics X-CUBE-BLE2 3.3.0
2024-06-21 00:43:25,579 [INFO] ThirdParty:977 - CMSIS Pack Vendor :STMicroelectronics X-CUBE-TOF1 3.4.1
2024-06-21 00:43:25,579 [INFO] ThirdParty:977 - CMSIS Pack Vendor :STMicroelectronics X-CUBE-AZRTOS-H7 3.2.0
2024-06-21 00:43:25,579 [INFO] ThirdParty:977 - CMSIS Pack Vendor :Infineon AIROC-Wi-Fi-Bluetooth-STM32 1.6.0
2024-06-21 00:43:25,579 [INFO] ThirdParty:977 - CMSIS Pack Vendor :STMicroelectronics PDM2PCM 3.2.0
2024-06-21 00:43:25,579 [INFO] ThirdParty:793 - exiting critical section [change project]
2024-06-21 00:43:26,709 [INFO] PinOutPanel:1465 - setPackage(No Configuration,No Configuration)
2024-06-21 00:43:26,709 [INFO] PinOutPanel:1465 - setPackage(STM32F103C8Tx,LQFP48)
2024-06-21 00:43:28,278 [INFO] UtilMem:74 - Before build in PCC Used Memory: 618322736 Bytes (855638016)
2024-06-21 00:43:30,475 [INFO] UtilMem:74 - After build in PCC Used Memory: 626509632 Bytes (855638016)
2024-06-21 00:43:30,538 [INFO] IPUIPlugin:75 - create IPUIPlugin
2024-06-21 00:43:30,538 [INFO] IPUIPlugin:75 - create IPUIPlugin
2024-06-21 00:43:30,538 [INFO] IPUIPlugin:75 - create IPUIPlugin
2024-06-21 00:43:30,538 [INFO] IPUIPlugin:75 - create IPUIPlugin
2024-06-21 00:43:30,538 [INFO] IPUIPlugin:75 - create IPUIPlugin
2024-06-21 00:43:30,538 [INFO] IPUIPlugin:75 - create IPUIPlugin
2024-06-21 00:43:30,538 [INFO] IPUIPlugin:75 - create IPUIPlugin
2024-06-21 00:43:30,538 [INFO] IPUIPlugin:75 - create IPUIPlugin
2024-06-21 00:43:30,538 [INFO] IPUIPlugin:75 - create IPUIPlugin
2024-06-21 00:43:30,538 [INFO] IPUIPlugin:75 - create IPUIPlugin
2024-06-21 00:43:30,538 [INFO] IPUIPlugin:75 - create IPUIPlugin
2024-06-21 00:43:30,538 [INFO] IPUIPlugin:75 - create IPUIPlugin
2024-06-21 00:43:30,538 [INFO] IPUIPlugin:75 - create IPUIPlugin
2024-06-21 00:43:30,554 [INFO] IPUIPlugin:75 - create IPUIPlugin
2024-06-21 00:43:30,554 [INFO] IPUIPlugin:75 - create IPUIPlugin
2024-06-21 00:43:30,554 [INFO] IPUIPlugin:75 - create IPUIPlugin
2024-06-21 00:43:30,554 [INFO] IPUIPlugin:75 - create IPUIPlugin
2024-06-21 00:43:30,554 [INFO] IPUIPlugin:75 - create IPUIPlugin
2024-06-21 00:43:30,554 [INFO] IPUIPlugin:75 - create IPUIPlugin
2024-06-21 00:43:30,554 [INFO] IPUIPlugin:75 - create IPUIPlugin
2024-06-21 00:43:30,554 [INFO] IPUIPlugin:75 - create IPUIPlugin
2024-06-21 00:43:30,554 [INFO] IPUIPlugin:75 - create IPUIPlugin
2024-06-21 00:43:30,554 [INFO] IPUIPlugin:75 - create IPUIPlugin
2024-06-21 00:43:30,554 [INFO] IPUIPlugin:75 - create IPUIPlugin
2024-06-21 00:43:30,554 [INFO] IPUIPlugin:75 - create IPUIPlugin
2024-06-21 00:43:30,554 [INFO] IPUIPlugin:75 - create IPUIPlugin
2024-06-21 00:43:30,554 [INFO] IPUIPlugin:75 - create IPUIPlugin
2024-06-21 00:43:31,081 [INFO] OpenFileManager:323 - Restore cursor
2024-06-21 00:44:39,899 [INFO] UtilMem:74 - End SaveConfig() Used Memory: 680944512 Bytes (855638016)
2024-06-21 00:44:43,259 [INFO] UtilMem:74 - End SaveConfig() Used Memory: 709663912 Bytes (855638016)
2024-06-21 00:44:48,296 [INFO] UtilMem:74 - End SaveConfig() Used Memory: 626611304 Bytes (855638016)
2024-06-21 00:44:49,301 [INFO] BlockDiagram:2740 - set Specific Code input for plugin: NVIC
2024-06-21 00:44:49,301 [INFO] BlockDiagram:2740 - set Specific Code input for plugin: SYS
2024-06-21 00:44:49,301 [INFO] BlockDiagram:2740 - set Specific Code input for plugin: GPIO
2024-06-21 00:44:49,301 [INFO] BlockDiagram:2740 - set Specific Code input for plugin: RCC
2024-06-21 00:44:49,316 [INFO] CodeGenerator:681 - code generatio: config db path: C:\ST\STM32CubeIDE_1.9.0\STM32CubeIDE\plugins\com.st.stm32cube.common.mx_6.5.0.202202251913\\db\
2024-06-21 00:44:50,022 [INFO] CodeEngine:237 - oldGeneratedFile, C:\Users\hoatt\STM32CubeIDE\workspace_1.9.0\Timer\Timer_PWM\MXTmpFiles\license.tmp_save
2024-06-21 00:44:50,978 [INFO] CodeEngine:261 - Generated code: C:\Users\hoatt\STM32CubeIDE\workspace_1.9.0\Timer\Timer_PWM\MXTmpFiles\license.tmp
2024-06-21 00:44:51,262 [INFO] CodeEngine:237 - oldGeneratedFile, C:\Users\hoatt\STM32CubeIDE\workspace_1.9.0\Timer\Timer_PWM\MXTmpFiles\gpio.tmp_save
2024-06-21 00:44:51,498 [INFO] CodeEngine:261 - Generated code: C:\Users\hoatt\STM32CubeIDE\workspace_1.9.0\Timer\Timer_PWM\MXTmpFiles\gpio.tmp
2024-06-21 00:44:51,579 [INFO] CodeEngine:237 - oldGeneratedFile, C:\Users\hoatt\STM32CubeIDE\workspace_1.9.0\Timer\Timer_PWM\Core\Src\stm32f1xx_it.c_save
2024-06-21 00:44:51,880 [INFO] CodeEngine:261 - Generated code: C:\Users\hoatt\STM32CubeIDE\workspace_1.9.0\Timer\Timer_PWM\Core\Src\stm32f1xx_it.c
2024-06-21 00:44:51,890 [INFO] CodeEngine:237 - oldGeneratedFile, C:\Users\hoatt\STM32CubeIDE\workspace_1.9.0\Timer\Timer_PWM\Core\Inc\stm32f1xx_it.h_save
2024-06-21 00:44:52,094 [INFO] CodeEngine:261 - Generated code: C:\Users\hoatt\STM32CubeIDE\workspace_1.9.0\Timer\Timer_PWM\Core\Inc\stm32f1xx_it.h
2024-06-21 00:44:52,157 [INFO] CodeEngine:237 - oldGeneratedFile, C:\Users\hoatt\STM32CubeIDE\workspace_1.9.0\Timer\Timer_PWM\Core\Src\stm32f1xx_hal_msp.c_save
2024-06-21 00:44:52,424 [INFO] CodeEngine:261 - Generated code: C:\Users\hoatt\STM32CubeIDE\workspace_1.9.0\Timer\Timer_PWM\Core\Src\stm32f1xx_hal_msp.c
2024-06-21 00:44:52,440 [INFO] CodeEngine:237 - oldGeneratedFile, C:\Users\hoatt\STM32CubeIDE\workspace_1.9.0\Timer\Timer_PWM\MXTmpFiles\system.tmp_save
2024-06-21 00:44:52,691 [INFO] CodeEngine:261 - Generated code: C:\Users\hoatt\STM32CubeIDE\workspace_1.9.0\Timer\Timer_PWM\MXTmpFiles\system.tmp
2024-06-21 00:44:52,738 [INFO] CodeEngine:237 - oldGeneratedFile, C:\Users\hoatt\STM32CubeIDE\workspace_1.9.0\Timer\Timer_PWM\Core\Inc\stm32f1xx_hal_conf.h_save
2024-06-21 00:44:53,005 [INFO] CodeEngine:261 - Generated code: C:\Users\hoatt\STM32CubeIDE\workspace_1.9.0\Timer\Timer_PWM\Core\Inc\stm32f1xx_hal_conf.h
2024-06-21 00:44:53,115 [INFO] CodeEngine:237 - oldGeneratedFile, C:\Users\hoatt\STM32CubeIDE\workspace_1.9.0\Timer\Timer_PWM\Core\Inc\main.h_save
2024-06-21 00:44:53,335 [INFO] CodeEngine:261 - Generated code: C:\Users\hoatt\STM32CubeIDE\workspace_1.9.0\Timer\Timer_PWM\Core\Inc\main.h
2024-06-21 00:44:53,350 [INFO] CodeEngine:237 - oldGeneratedFile, C:\Users\hoatt\STM32CubeIDE\workspace_1.9.0\Timer\Timer_PWM\Core\Src\main.c_save
2024-06-21 00:44:54,355 [INFO] CodeEngine:261 - Generated code: C:\Users\hoatt\STM32CubeIDE\workspace_1.9.0\Timer\Timer_PWM\Core\Src\main.c
2024-06-21 00:44:56,521 [INFO] ProjectBuilder:2913 - Time for Copy HAL[1] : 691mS.
2024-06-21 00:44:56,583 [INFO] ProjectBuilder:4015 - Project Generator version: 3.16.0
2024-06-21 00:44:57,431 [INFO] ConfigFileManager:1287 - The Die is : DIE410
2024-06-21 00:44:57,462 [INFO] ApiDbMcu:488 - Load IP Config File for FATFS
2024-06-21 00:44:57,541 [INFO] ApiDbMcu:488 - Load IP Config File for FREERTOS
2024-06-21 00:44:57,651 [INFO] ApiDbMcu:488 - Load IP Config File for USB_DEVICE
2024-06-21 00:45:02,062 [INFO] ProjectBuilder:4183 - Time for Generating toolchain IDE Files: 5479mS.
2024-06-21 00:45:02,062 [INFO] ProjectBuilder:2785 - Time for Copy CMSIS : 0mS.
2024-06-21 00:45:02,078 [INFO] ProjectBuilder:2785 - Time for Copy CMSIS : 0mS.
2024-07-06 12:16:49,202 [INFO] Activator:177 - 


2024-07-06 12:16:49,202 [INFO] Activator:178 - !SESSION log4j initialized
2024-07-06 12:16:58,364 [ERROR] AnalyticsContext:980 - The ST intranet updater server is unknown: mcucrossselector.codex.cro.st.com
2024-07-13 21:15:13,868 [ERROR] ConfigurationRetriever:139 - IOException on connection: connect timed out
2024-07-13 21:15:16,076 [ERROR] ConfigurationRetriever:139 - IOException on connection: Read timed out
2024-07-13 21:15:18,079 [ERROR] ConfigurationRetriever:139 - IOException on connection: connect timed out
2024-07-13 21:16:58,635 [ERROR] ConfigurationRetriever:139 - IOException on connection: Read timed out
2024-07-13 21:17:00,646 [ERROR] ConfigurationRetriever:139 - IOException on connection: connect timed out
2024-07-13 21:17:02,658 [ERROR] ConfigurationRetriever:139 - IOException on connection: connect timed out
2024-07-13 21:18:04,685 [ERROR] ConfigurationRetriever:139 - IOException on connection: Read timed out
2024-07-13 21:18:06,693 [ERROR] ConfigurationRetriever:139 - IOException on connection: connect timed out
2024-07-13 21:18:09,709 [ERROR] ConfigurationRetriever:139 - IOException on connection: Read timed out
2024-07-18 00:00:40,890 [INFO] Activator:177 - 


2024-07-18 00:00:40,894 [INFO] Activator:178 - !SESSION log4j initialized
2024-07-18 00:00:58,704 [ERROR] AnalyticsContext:980 - The ST intranet updater server is unknown: mcucrossselector.codex.cro.st.com
2024-07-21 14:02:31,144 [INFO] Activator:177 - 


2024-07-21 14:02:31,152 [INFO] Activator:178 - !SESSION log4j initialized
