2024-05-03 13:39:06,268 [INFO] Activator:177 - 


2024-05-03 13:39:06,284 [INFO] Activator:178 - !SESSION log4j initialized
2024-05-03 13:39:11,629 [ERROR] AnalyticsContext:980 - The ST intranet updater server is unknown: mcucrossselector.codex.cro.st.com
2024-05-03 13:57:57,202 [INFO] Activator:177 - 


2024-05-03 13:57:57,202 [INFO] Activator:178 - !SESSION log4j initialized
2024-05-03 13:58:00,778 [ERROR] AnalyticsContext:980 - The ST intranet updater server is unknown: mcucrossselector.codex.cro.st.com
2024-05-03 13:58:09,695 [INFO] McuFinderGlobals:39 - Set McuFinder mode to 2 (CubeIDE integrated)
2024-05-03 13:58:10,087 [INFO] ApplicationProperties:181 - Using Application install path: C:\ST\STM32CubeIDE_1.9.0\STM32CubeIDE\plugins\com.st.stm32cube.common.mx_6.5.0.202202251913
2024-05-03 13:58:10,119 [INFO] DbMcusXml:72 - Set database path to: C:\ST\STM32CubeIDE_1.9.0\STM32CubeIDE\plugins\com.st.stm32cube.common.mx_6.5.0.202202251913\\db\/mcu/
2024-05-03 13:58:10,119 [INFO] ApiDb:260 - Set plugin database path to: C:\ST\STM32CubeIDE_1.9.0\STM32CubeIDE\plugins\com.st.stm32cube.common.mx_6.5.0.202202251913\\db\/plugins/boardmanager/
2024-05-03 13:58:10,119 [WARN] ApiDb:245 - Overriding images path with different value:  => C:\ST\STM32CubeIDE_1.9.0\STM32CubeIDE\plugins\com.st.stm32cube.common.mx_6.5.0.202202251913\\db\/plugins/mcufinder/images/
2024-05-03 13:58:11,813 [ERROR] ApiFinderProperties:213 - Failed to read file additional_hw_images/X-NUCLEO-S2915A1.jpg: C:\Users\hoatt\.stmcufinder\plugins\mcufinder\mcu\additional_hw_images\X-NUCLEO-S2915A1.jpg (The system cannot find the path specified)
2024-05-03 13:58:11,829 [ERROR] ApiFinderProperties:213 - Failed to read file additional_hw_images/X-NUCLEO-S2868A2.jpg: C:\Users\hoatt\.stmcufinder\plugins\mcufinder\mcu\additional_hw_images\X-NUCLEO-S2868A2.jpg (The system cannot find the path specified)
2024-05-03 13:58:11,829 [ERROR] ApiFinderProperties:213 - Failed to read file additional_hw_images/X-NUCLEO-S2868A1.jpg: C:\Users\hoatt\.stmcufinder\plugins\mcufinder\mcu\additional_hw_images\X-NUCLEO-S2868A1.jpg (The system cannot find the path specified)
2024-05-03 13:58:11,829 [ERROR] ApiFinderProperties:213 - Failed to read file additional_hw_images/X-NUCLEO-NFC04A1.jpg: C:\Users\hoatt\.stmcufinder\plugins\mcufinder\mcu\additional_hw_images\X-NUCLEO-NFC04A1.jpg (The system cannot find the path specified)
2024-05-03 13:58:11,829 [ERROR] ApiFinderProperties:213 - Failed to read file additional_hw_images/X-NUCLEO-IKS02A1.jpg: C:\Users\hoatt\.stmcufinder\plugins\mcufinder\mcu\additional_hw_images\X-NUCLEO-IKS02A1.jpg (The system cannot find the path specified)
2024-05-03 13:58:11,844 [ERROR] ApiFinderProperties:213 - Failed to read file additional_hw_images/X-NUCLEO-IKS01A3.jpg: C:\Users\hoatt\.stmcufinder\plugins\mcufinder\mcu\additional_hw_images\X-NUCLEO-IKS01A3.jpg (The system cannot find the path specified)
2024-05-03 13:58:11,844 [ERROR] ApiFinderProperties:213 - Failed to read file additional_hw_images/X-NUCLEO-IKS01A2.jpg: C:\Users\hoatt\.stmcufinder\plugins\mcufinder\mcu\additional_hw_images\X-NUCLEO-IKS01A2.jpg (The system cannot find the path specified)
2024-05-03 13:58:11,844 [ERROR] ApiFinderProperties:213 - Failed to read file additional_hw_images/X-NUCLEO-IDB05A2.jpg: C:\Users\hoatt\.stmcufinder\plugins\mcufinder\mcu\additional_hw_images\X-NUCLEO-IDB05A2.jpg (The system cannot find the path specified)
2024-05-03 13:58:11,860 [ERROR] ApiFinderProperties:213 - Failed to read file additional_hw_images/X-NUCLEO-EEPRMA2.jpg: C:\Users\hoatt\.stmcufinder\plugins\mcufinder\mcu\additional_hw_images\X-NUCLEO-EEPRMA2.jpg (The system cannot find the path specified)
2024-05-03 13:58:11,860 [ERROR] ApiFinderProperties:213 - Failed to read file additional_hw_images/X-NUCLEO-EEPRMA1.jpg: C:\Users\hoatt\.stmcufinder\plugins\mcufinder\mcu\additional_hw_images\X-NUCLEO-EEPRMA1.jpg (The system cannot find the path specified)
2024-05-03 13:58:11,860 [ERROR] ApiFinderProperties:213 - Failed to read file additional_hw_images/X-NUCLEO-BNRG2A1.jpg: C:\Users\hoatt\.stmcufinder\plugins\mcufinder\mcu\additional_hw_images\X-NUCLEO-BNRG2A1.jpg (The system cannot find the path specified)
2024-05-03 13:58:11,869 [ERROR] ApiFinderProperties:213 - Failed to read file additional_hw_images/X-NUCLEO-6283A1.jpg: C:\Users\hoatt\.stmcufinder\plugins\mcufinder\mcu\additional_hw_images\X-NUCLEO-6283A1.jpg (The system cannot find the path specified)
2024-05-03 13:58:11,869 [ERROR] ApiFinderProperties:213 - Failed to read file additional_hw_images/VD6283TX.jpg: C:\Users\hoatt\.stmcufinder\plugins\mcufinder\mcu\additional_hw_images\VD6283TX.jpg (The system cannot find the path specified)
2024-05-03 13:58:11,869 [ERROR] ApiFinderProperties:213 - Failed to read file additional_hw_images/STTS751.jpg: C:\Users\hoatt\.stmcufinder\plugins\mcufinder\mcu\additional_hw_images\STTS751.jpg (The system cannot find the path specified)
2024-05-03 13:58:11,876 [ERROR] ApiFinderProperties:213 - Failed to read file additional_hw_images/STEVAL-MKI209V1K.jpg: C:\Users\hoatt\.stmcufinder\plugins\mcufinder\mcu\additional_hw_images\STEVAL-MKI209V1K.jpg (The system cannot find the path specified)
2024-05-03 13:58:11,876 [ERROR] ApiFinderProperties:213 - Failed to read file additional_hw_images/ST25DV04K.jpg: C:\Users\hoatt\.stmcufinder\plugins\mcufinder\mcu\additional_hw_images\ST25DV04K.jpg (The system cannot find the path specified)
2024-05-03 13:58:11,876 [ERROR] ApiFinderProperties:213 - Failed to read file additional_hw_images/S2-LP.jpg: C:\Users\hoatt\.stmcufinder\plugins\mcufinder\mcu\additional_hw_images\S2-LP.jpg (The system cannot find the path specified)
2024-05-03 13:58:11,876 [ERROR] ApiFinderProperties:213 - Failed to read file additional_hw_images/M95M04-DR.jpg: C:\Users\hoatt\.stmcufinder\plugins\mcufinder\mcu\additional_hw_images\M95M04-DR.jpg (The system cannot find the path specified)
2024-05-03 13:58:11,876 [ERROR] ApiFinderProperties:213 - Failed to read file additional_hw_images/M95M01-DF.jpg: C:\Users\hoatt\.stmcufinder\plugins\mcufinder\mcu\additional_hw_images\M95M01-DF.jpg (The system cannot find the path specified)
2024-05-03 13:58:11,876 [ERROR] ApiFinderProperties:213 - Failed to read file additional_hw_images/M95256-DF.jpg: C:\Users\hoatt\.stmcufinder\plugins\mcufinder\mcu\additional_hw_images\M95256-DF.jpg (The system cannot find the path specified)
2024-05-03 13:58:11,876 [ERROR] ApiFinderProperties:213 - Failed to read file additional_hw_images/M95040-R.jpg: C:\Users\hoatt\.stmcufinder\plugins\mcufinder\mcu\additional_hw_images\M95040-R.jpg (The system cannot find the path specified)
2024-05-03 13:58:11,876 [ERROR] ApiFinderProperties:213 - Failed to read file additional_hw_images/M24M01-DF.jpg: C:\Users\hoatt\.stmcufinder\plugins\mcufinder\mcu\additional_hw_images\M24M01-DF.jpg (The system cannot find the path specified)
2024-05-03 13:58:11,876 [ERROR] ApiFinderProperties:213 - Failed to read file additional_hw_images/M24C02-F.jpg: C:\Users\hoatt\.stmcufinder\plugins\mcufinder\mcu\additional_hw_images\M24C02-F.jpg (The system cannot find the path specified)
2024-05-03 13:58:11,876 [ERROR] ApiFinderProperties:213 - Failed to read file additional_hw_images/M24256-DF.jpg: C:\Users\hoatt\.stmcufinder\plugins\mcufinder\mcu\additional_hw_images\M24256-DF.jpg (The system cannot find the path specified)
2024-05-03 13:58:11,876 [ERROR] ApiFinderProperties:213 - Failed to read file additional_hw_images/LSM6DSO.jpg: C:\Users\hoatt\.stmcufinder\plugins\mcufinder\mcu\additional_hw_images\LSM6DSO.jpg (The system cannot find the path specified)
2024-05-03 13:58:11,876 [ERROR] ApiFinderProperties:213 - Failed to read file additional_hw_images/LSM6DSL.jpg: C:\Users\hoatt\.stmcufinder\plugins\mcufinder\mcu\additional_hw_images\LSM6DSL.jpg (The system cannot find the path specified)
2024-05-03 13:58:11,876 [ERROR] ApiFinderProperties:213 - Failed to read file additional_hw_images/LSM303AGR.jpg: C:\Users\hoatt\.stmcufinder\plugins\mcufinder\mcu\additional_hw_images\LSM303AGR.jpg (The system cannot find the path specified)
2024-05-03 13:58:11,876 [ERROR] ApiFinderProperties:213 - Failed to read file additional_hw_images/LPS22HH.jpg: C:\Users\hoatt\.stmcufinder\plugins\mcufinder\mcu\additional_hw_images\LPS22HH.jpg (The system cannot find the path specified)
2024-05-03 13:58:11,892 [ERROR] ApiFinderProperties:213 - Failed to read file additional_hw_images/LPS22HB.jpg: C:\Users\hoatt\.stmcufinder\plugins\mcufinder\mcu\additional_hw_images\LPS22HB.jpg (The system cannot find the path specified)
2024-05-03 13:58:11,892 [ERROR] ApiFinderProperties:213 - Failed to read file additional_hw_images/LIS2MDL.jpg: C:\Users\hoatt\.stmcufinder\plugins\mcufinder\mcu\additional_hw_images\LIS2MDL.jpg (The system cannot find the path specified)
2024-05-03 13:58:11,892 [ERROR] ApiFinderProperties:213 - Failed to read file additional_hw_images/LIS2DW12.jpg: C:\Users\hoatt\.stmcufinder\plugins\mcufinder\mcu\additional_hw_images\LIS2DW12.jpg (The system cannot find the path specified)
2024-05-03 13:58:11,892 [ERROR] ApiFinderProperties:213 - Failed to read file additional_hw_images/ISM330DHCX.jpg: C:\Users\hoatt\.stmcufinder\plugins\mcufinder\mcu\additional_hw_images\ISM330DHCX.jpg (The system cannot find the path specified)
2024-05-03 13:58:11,892 [ERROR] ApiFinderProperties:213 - Failed to read file additional_hw_images/IMP34DT05.jpg: C:\Users\hoatt\.stmcufinder\plugins\mcufinder\mcu\additional_hw_images\IMP34DT05.jpg (The system cannot find the path specified)
2024-05-03 13:58:11,892 [ERROR] ApiFinderProperties:213 - Failed to read file additional_hw_images/IIS2MDC.jpg: C:\Users\hoatt\.stmcufinder\plugins\mcufinder\mcu\additional_hw_images\IIS2MDC.jpg (The system cannot find the path specified)
2024-05-03 13:58:11,907 [ERROR] ApiFinderProperties:213 - Failed to read file additional_hw_images/IIS2ICLX.jpg: C:\Users\hoatt\.stmcufinder\plugins\mcufinder\mcu\additional_hw_images\IIS2ICLX.jpg (The system cannot find the path specified)
2024-05-03 13:58:11,907 [ERROR] ApiFinderProperties:213 - Failed to read file additional_hw_images/IIS2DLPC.jpg: C:\Users\hoatt\.stmcufinder\plugins\mcufinder\mcu\additional_hw_images\IIS2DLPC.jpg (The system cannot find the path specified)
2024-05-03 13:58:11,907 [ERROR] ApiFinderProperties:213 - Failed to read file additional_hw_images/HTS221.jpg: C:\Users\hoatt\.stmcufinder\plugins\mcufinder\mcu\additional_hw_images\HTS221.jpg (The system cannot find the path specified)
2024-05-03 13:58:11,907 [ERROR] ApiFinderProperties:213 - Failed to read file additional_hw_images/BlueNRG-M2SP.jpg: C:\Users\hoatt\.stmcufinder\plugins\mcufinder\mcu\additional_hw_images\BlueNRG-M2SP.jpg (The system cannot find the path specified)
2024-05-03 13:58:11,907 [ERROR] ApiFinderProperties:213 - Failed to read file additional_hw_images/BlueNRG-M0.jpg: C:\Users\hoatt\.stmcufinder\plugins\mcufinder\mcu\additional_hw_images\BlueNRG-M0.jpg (The system cannot find the path specified)
2024-05-03 13:58:11,986 [WARN] ApiFinderProperties:104 - C:\Users\hoatt\.stmcufinder\plugins\mcufinder\mcu\mcuFinder.mfd doesn't exist
2024-05-03 13:58:11,986 [INFO] ApiDb:226 - Set database path to: C:\Users\hoatt\.stmcufinder\plugins\mcufinder//mcu/
2024-05-03 13:58:11,986 [INFO] DbMcusAds:119 - Set database path to: C:\Users\hoatt\.stmcufinder\plugins\mcufinder//mcu/
2024-05-03 13:58:12,033 [INFO] CrossReferenceDbSqlite:196 - Set database path to: C:\Users\hoatt\.stmcufinder\plugins\mcufinder//mcu/cs/
2024-05-03 13:58:12,158 [INFO] RulesReader:57 - Compatibility file has been processed (281 Rules)
2024-05-03 13:58:12,315 [INFO] DbMcusXml:72 - Set database path to: C:\ST\STM32CubeIDE_1.9.0\STM32CubeIDE\plugins\com.st.stm32cube.common.mx_6.5.0.202202251913\\db\/mcu/
2024-05-03 13:58:12,315 [INFO] ApiDb:260 - Set plugin database path to: C:\ST\STM32CubeIDE_1.9.0\STM32CubeIDE\plugins\com.st.stm32cube.common.mx_6.5.0.202202251913\\db\/plugins/boardmanager/
2024-05-03 13:58:12,315 [INFO] ApiDb:247 - Set plugin images path to: C:\ST\STM32CubeIDE_1.9.0\STM32CubeIDE\plugins\com.st.stm32cube.common.mx_6.5.0.202202251913\\db\/plugins/mcufinder/images/
2024-05-03 13:58:12,315 [WARN] DbFile:35 - Overriding database path with different value: C:\Users\hoatt\.stmcufinder\plugins\mcufinder/ => C:\Users\hoatt\.stmcufinder\plugins\mcufinder
2024-05-03 13:58:12,315 [INFO] ApiDb:226 - Set database path to: C:\Users\hoatt\.stmcufinder\plugins\mcufinder//mcu/
2024-05-03 13:58:12,315 [WARN] DbFile:35 - Overriding database path with different value: C:\Users\hoatt\.stmcufinder\plugins\mcufinder/ => C:\Users\hoatt\.stmcufinder\plugins\mcufinder
2024-05-03 13:58:12,315 [INFO] DbMcusAds:119 - Set database path to: C:\Users\hoatt\.stmcufinder\plugins\mcufinder//mcu/
2024-05-03 13:58:12,315 [WARN] DbFile:35 - Overriding database path with different value: C:\Users\hoatt\.stmcufinder\plugins\mcufinder/ => C:\Users\hoatt\.stmcufinder\plugins\mcufinder
2024-05-03 13:58:12,315 [WARN] DbFile:35 - Overriding database path with different value: C:\Users\hoatt\.stmcufinder\plugins\mcufinder/ => C:\Users\hoatt\.stmcufinder\plugins\mcufinder
2024-05-03 13:58:12,315 [INFO] CrossReferenceDbSqlite:196 - Set database path to: C:\Users\hoatt\.stmcufinder\plugins\mcufinder//mcu/cs/
2024-05-03 13:58:12,441 [INFO] MainPanel:230 - HeapMemory: 268435456
2024-05-03 13:58:12,630 [INFO] DbMcusXml:72 - Set database path to: C:\ST\STM32CubeIDE_1.9.0\STM32CubeIDE\plugins\com.st.stm32cube.common.mx_6.5.0.202202251913\\db\/mcu/
2024-05-03 13:58:12,630 [INFO] ApiDb:260 - Set plugin database path to: C:\ST\STM32CubeIDE_1.9.0\STM32CubeIDE\plugins\com.st.stm32cube.common.mx_6.5.0.202202251913\\db\/plugins/boardmanager/
2024-05-03 13:58:12,630 [INFO] ApiDb:247 - Set plugin images path to: C:\ST\STM32CubeIDE_1.9.0\STM32CubeIDE\plugins\com.st.stm32cube.common.mx_6.5.0.202202251913\\db\/plugins/mcufinder/images/
2024-05-03 13:58:12,630 [WARN] DbFile:35 - Overriding database path with different value: C:\Users\hoatt\.stmcufinder\plugins\mcufinder/ => C:\Users\hoatt\.stmcufinder\plugins\mcufinder
2024-05-03 13:58:12,630 [INFO] ApiDb:226 - Set database path to: C:\Users\hoatt\.stmcufinder\plugins\mcufinder//mcu/
2024-05-03 13:58:12,630 [WARN] DbFile:35 - Overriding database path with different value: C:\Users\hoatt\.stmcufinder\plugins\mcufinder/ => C:\Users\hoatt\.stmcufinder\plugins\mcufinder
2024-05-03 13:58:12,630 [INFO] DbMcusAds:119 - Set database path to: C:\Users\hoatt\.stmcufinder\plugins\mcufinder//mcu/
2024-05-03 13:58:12,630 [WARN] DbFile:35 - Overriding database path with different value: C:\Users\hoatt\.stmcufinder\plugins\mcufinder/ => C:\Users\hoatt\.stmcufinder\plugins\mcufinder
2024-05-03 13:58:12,630 [WARN] DbFile:35 - Overriding database path with different value: C:\Users\hoatt\.stmcufinder\plugins\mcufinder/ => C:\Users\hoatt\.stmcufinder\plugins\mcufinder
2024-05-03 13:58:12,630 [INFO] CrossReferenceDbSqlite:196 - Set database path to: C:\Users\hoatt\.stmcufinder\plugins\mcufinder//mcu/cs/
2024-05-03 13:58:12,670 [INFO] ApplicationProperties:181 - Using Application install path: C:\ST\STM32CubeIDE_1.9.0\STM32CubeIDE\plugins\com.st.stm32cube.common.mx_6.5.0.202202251913
2024-05-03 13:58:12,670 [INFO] PluginManage:188 - Search for loadable plugins [exclusion list=, ]
2024-05-03 13:58:12,677 [INFO] PluginManage:302 - Check plugin analytics
2024-05-03 13:58:12,786 [ERROR] AnalyticsContext:980 - The ST intranet updater server is unknown: mcucrossselector.codex.cro.st.com
2024-05-03 13:58:12,896 [INFO] AnalyticsPlugin:257 - Accepted Software Licenses: 
2024-05-03 13:58:12,896 [INFO] AnalyticsPlugin:259 - Accepted CMSIS Pack Licenses: 
2024-05-03 13:58:12,896 [INFO] AnalyticsPlugin:261 - Accepted Firmware Licenses: 
2024-05-03 13:58:12,912 [INFO] PluginManage:352 - Loaded plugin analytics (category:tool,tabindex:-1)
2024-05-03 13:58:12,912 [INFO] PluginManage:302 - Check plugin clock
2024-05-03 13:58:12,943 [INFO] PluginManage:352 - Loaded plugin clock (category:base,tabindex:2)
2024-05-03 13:58:12,943 [INFO] PluginManage:302 - Check plugin ddr
2024-05-03 13:58:12,943 [INFO] PluginManage:352 - Loaded plugin ddr (category:tool,tabindex:6)
2024-05-03 13:58:12,943 [INFO] PluginManage:302 - Check plugin filemanager
2024-05-03 13:58:13,178 [INFO] PluginManage:352 - Loaded plugin filemanager (category:base,tabindex:10)
2024-05-03 13:58:13,178 [INFO] PluginManage:302 - Check plugin ipmanager
2024-05-03 13:58:13,210 [INFO] PluginManage:352 - Loaded plugin ipmanager (category:base,tabindex:5)
2024-05-03 13:58:13,210 [INFO] PluginManage:302 - Check plugin lpbam
2024-05-03 13:58:13,225 [INFO] PluginManage:352 - Loaded plugin lpbam (category:base,tabindex:0)
2024-05-03 13:58:13,225 [INFO] PluginManage:302 - Check plugin pinoutandconfiguration
2024-05-03 13:58:13,241 [INFO] PluginManage:352 - Loaded plugin pinoutandconfiguration (category:base,tabindex:1)
2024-05-03 13:58:13,241 [INFO] PluginManage:302 - Check plugin pinoutconfig
2024-05-03 13:58:13,273 [INFO] PluginManage:352 - Loaded plugin pinoutconfig (category:base,tabindex:0)
2024-05-03 13:58:13,273 [INFO] PluginManage:302 - Check plugin power
2024-05-03 13:58:13,288 [INFO] PluginManage:352 - Loaded plugin power (category:power,tabindex:4)
2024-05-03 13:58:13,288 [INFO] PluginManage:302 - Check plugin projectmanager
2024-05-03 13:58:13,304 [INFO] PluginManage:352 - Loaded plugin projectmanager (category:projectmanager,tabindex:3)
2024-05-03 13:58:13,304 [INFO] PluginManage:302 - Check plugin thirdparty
2024-05-03 13:58:13,477 [WARN] IntegrityCheckThread:78 - waiting for thirdparty lock release [integrity check]
2024-05-03 13:58:13,477 [INFO] PluginManage:352 - Loaded plugin thirdparty (category:base,tabindex:-1)
2024-05-03 13:58:13,477 [INFO] IntegrityCheckThread:80 - entering critical section [integrity check]
2024-05-03 13:58:13,477 [INFO] PluginManage:302 - Check plugin tools
2024-05-03 13:58:13,477 [INFO] ThirdPartyUpdaterWithRetryManager:66 - Updater plugin not ready yet. [1/15]
2024-05-03 13:58:13,477 [INFO] PluginManage:352 - Loaded plugin tools (category:base,tabindex:7)
2024-05-03 13:58:13,477 [INFO] PluginManage:302 - Check plugin tutovideos
2024-05-03 13:58:13,727 [INFO] PluginManage:352 - Loaded plugin tutovideos (category:base,tabindex:-1)
2024-05-03 13:58:13,727 [INFO] PluginManage:302 - Check plugin updater
2024-05-03 13:58:13,759 [INFO] PluginManage:352 - Loaded plugin updater (category:base,tabindex:12)
2024-05-03 13:58:13,759 [INFO] PluginManage:275 - PluginManage : Loaded plugins [14]
2024-05-03 13:58:14,174 [INFO] PinOutPanel:1465 - setPackage(No Configuration,No Configuration)
2024-05-03 13:58:14,308 [INFO] IPUIPlugin:75 - create IPUIPlugin
2024-05-03 13:58:14,308 [INFO] PluginManager:213 - loadIPPluginJar : add adc
2024-05-03 13:58:14,308 [INFO] IPUIPlugin:75 - create IPUIPlugin
2024-05-03 13:58:14,308 [INFO] PluginManager:213 - loadIPPluginJar : add aes
2024-05-03 13:58:14,308 [INFO] IPUIPlugin:75 - create IPUIPlugin
2024-05-03 13:58:14,308 [INFO] PluginManager:213 - loadIPPluginJar : add can
2024-05-03 13:58:14,324 [INFO] IPUIPlugin:75 - create IPUIPlugin
2024-05-03 13:58:14,324 [INFO] PluginManager:213 - loadIPPluginJar : add comp
2024-05-03 13:58:14,324 [INFO] IPUIPlugin:75 - create IPUIPlugin
2024-05-03 13:58:14,324 [INFO] PluginManager:213 - loadIPPluginJar : add cryp
2024-05-03 13:58:14,324 [INFO] IPUIPlugin:75 - create IPUIPlugin
2024-05-03 13:58:14,324 [INFO] PluginManager:213 - loadIPPluginJar : add dfsdm
2024-05-03 13:58:14,339 [INFO] IPUIPlugin:75 - create IPUIPlugin
2024-05-03 13:58:14,339 [INFO] PluginManager:213 - loadIPPluginJar : add dma
2024-05-03 13:58:14,339 [INFO] IPUIPlugin:75 - create IPUIPlugin
2024-05-03 13:58:14,339 [INFO] PluginManager:213 - loadIPPluginJar : add dma3
2024-05-03 13:58:14,339 [INFO] IPUIPlugin:75 - create IPUIPlugin
2024-05-03 13:58:14,339 [INFO] PluginManager:213 - loadIPPluginJar : add fatfs
2024-05-03 13:58:14,355 [INFO] IPUIPlugin:75 - create IPUIPlugin
2024-05-03 13:58:14,355 [INFO] PluginManager:213 - loadIPPluginJar : add fmc
2024-05-03 13:58:14,371 [INFO] IPUIPlugin:75 - create IPUIPlugin
2024-05-03 13:58:14,374 [INFO] PluginManager:213 - loadIPPluginJar : add freertos
2024-05-03 13:58:14,374 [INFO] IPUIPlugin:75 - create IPUIPlugin
2024-05-03 13:58:14,374 [INFO] PluginManager:213 - loadIPPluginJar : add genericplugin
2024-05-03 13:58:14,374 [INFO] IPUIPlugin:75 - create IPUIPlugin
2024-05-03 13:58:14,374 [INFO] PluginManager:213 - loadIPPluginJar : add gfxmmu
2024-05-03 13:58:14,387 [INFO] IPUIPlugin:75 - create IPUIPlugin
2024-05-03 13:58:14,387 [INFO] PluginManager:213 - loadIPPluginJar : add gic
2024-05-03 13:58:14,387 [INFO] IPUIPlugin:75 - create IPUIPlugin
2024-05-03 13:58:14,387 [INFO] PluginManager:213 - loadIPPluginJar : add gpio
2024-05-03 13:58:14,387 [INFO] IPUIPlugin:75 - create IPUIPlugin
2024-05-03 13:58:14,387 [INFO] PluginManager:213 - loadIPPluginJar : add gtzc
2024-05-03 13:58:14,402 [INFO] IPUIPlugin:75 - create IPUIPlugin
2024-05-03 13:58:14,402 [INFO] PluginManager:213 - loadIPPluginJar : add hash
2024-05-03 13:58:14,402 [INFO] IPUIPlugin:75 - create IPUIPlugin
2024-05-03 13:58:14,402 [INFO] PluginManager:213 - loadIPPluginJar : add i2c
2024-05-03 13:58:14,402 [INFO] IPUIPlugin:75 - create IPUIPlugin
2024-05-03 13:58:14,402 [INFO] PluginManager:213 - loadIPPluginJar : add i2s
2024-05-03 13:58:14,418 [INFO] IPUIPlugin:75 - create IPUIPlugin
2024-05-03 13:58:14,418 [INFO] PluginManager:213 - loadIPPluginJar : add ipddr
2024-05-03 13:58:14,418 [INFO] IPUIPlugin:75 - create IPUIPlugin
2024-05-03 13:58:14,418 [INFO] PluginManager:213 - loadIPPluginJar : add linkedlist
2024-05-03 13:58:14,418 [INFO] IPUIPlugin:75 - create IPUIPlugin
2024-05-03 13:58:14,418 [INFO] PluginManager:213 - loadIPPluginJar : add lorawan
2024-05-03 13:58:14,434 [INFO] IPUIPlugin:75 - create IPUIPlugin
2024-05-03 13:58:14,434 [INFO] PluginManager:213 - loadIPPluginJar : add ltdc
2024-05-03 13:58:14,434 [INFO] IPUIPlugin:75 - create IPUIPlugin
2024-05-03 13:58:14,434 [INFO] PluginManager:213 - loadIPPluginJar : add mdma
2024-05-03 13:58:14,449 [INFO] IPUIPlugin:75 - create IPUIPlugin
2024-05-03 13:58:14,449 [INFO] PluginManager:213 - loadIPPluginJar : add nvic
2024-05-03 13:58:14,449 [INFO] IPUIPlugin:75 - create IPUIPlugin
2024-05-03 13:58:14,449 [INFO] PluginManager:213 - loadIPPluginJar : add opamp
2024-05-03 13:58:14,449 [INFO] IPUIPlugin:75 - create IPUIPlugin
2024-05-03 13:58:14,449 [INFO] PluginManager:213 - loadIPPluginJar : add openamp
2024-05-03 13:58:14,465 [INFO] IPUIPlugin:75 - create IPUIPlugin
2024-05-03 13:58:14,465 [INFO] PluginManager:213 - loadIPPluginJar : add pdm2pcm
2024-05-03 13:58:14,474 [INFO] IPUIPlugin:75 - create IPUIPlugin
2024-05-03 13:58:14,474 [INFO] PluginManager:213 - loadIPPluginJar : add plateformsettings
2024-05-03 13:58:14,481 [INFO] IPUIPlugin:75 - create IPUIPlugin
2024-05-03 13:58:14,481 [INFO] PluginManager:213 - loadIPPluginJar : add quadspi
2024-05-03 13:58:14,481 [INFO] IPUIPlugin:75 - create IPUIPlugin
2024-05-03 13:58:14,481 [INFO] PluginManager:213 - loadIPPluginJar : add resmgrutility
2024-05-03 13:58:14,481 [INFO] IPUIPlugin:75 - create IPUIPlugin
2024-05-03 13:58:14,481 [INFO] PluginManager:213 - loadIPPluginJar : add sai
2024-05-03 13:58:14,497 [INFO] IPUIPlugin:75 - create IPUIPlugin
2024-05-03 13:58:14,497 [INFO] PluginManager:213 - loadIPPluginJar : add spi
2024-05-03 13:58:14,497 [INFO] IPUIPlugin:75 - create IPUIPlugin
2024-05-03 13:58:14,497 [INFO] PluginManager:213 - loadIPPluginJar : add stm32_wpan
2024-05-03 13:58:14,497 [INFO] IPUIPlugin:75 - create IPUIPlugin
2024-05-03 13:58:14,497 [INFO] PluginManager:213 - loadIPPluginJar : add tim
2024-05-03 13:58:14,512 [INFO] IPUIPlugin:75 - create IPUIPlugin
2024-05-03 13:58:14,512 [INFO] PluginManager:213 - loadIPPluginJar : add touchsensing
2024-05-03 13:58:14,512 [INFO] IPUIPlugin:75 - create IPUIPlugin
2024-05-03 13:58:14,512 [INFO] PluginManager:213 - loadIPPluginJar : add tracer_emb
2024-05-03 13:58:14,512 [INFO] IPUIPlugin:75 - create IPUIPlugin
2024-05-03 13:58:14,512 [INFO] PluginManager:213 - loadIPPluginJar : add ts
2024-05-03 13:58:14,528 [INFO] IPUIPlugin:75 - create IPUIPlugin
2024-05-03 13:58:14,528 [INFO] PluginManager:213 - loadIPPluginJar : add tsc
2024-05-03 13:58:14,528 [INFO] IPUIPlugin:75 - create IPUIPlugin
2024-05-03 13:58:14,528 [INFO] PluginManager:213 - loadIPPluginJar : add ucpd
2024-05-03 13:58:14,528 [INFO] IPUIPlugin:75 - create IPUIPlugin
2024-05-03 13:58:14,528 [INFO] PluginManager:213 - loadIPPluginJar : add usart
2024-05-03 13:58:14,543 [INFO] IPUIPlugin:75 - create IPUIPlugin
2024-05-03 13:58:14,543 [INFO] PluginManager:213 - loadIPPluginJar : add usbx
2024-05-03 13:58:14,963 [FATAL] Updater:297 - Updater called before beeing initialized
2024-05-03 13:58:15,151 [FATAL] Updater:297 - Updater called before beeing initialized
2024-05-03 13:58:15,151 [INFO] DbMcusAds:47 - JSON generation date=Thu Sep 30 13:55:09 ICT 2021 (1632984909247)
2024-05-03 13:58:15,151 [FATAL] Updater:297 - Updater called before beeing initialized
2024-05-03 13:58:15,214 [WARN] DetailPanel:320 - Failed to get advertising image, set to default
2024-05-03 13:58:15,355 [FATAL] Updater:297 - Updater called before beeing initialized
2024-05-03 13:58:15,355 [FATAL] Updater:297 - Updater called before beeing initialized
2024-05-03 13:58:15,355 [FATAL] Updater:297 - Updater called before beeing initialized
2024-05-03 13:58:15,355 [WARN] DetailPanel:320 - Failed to get advertising image, set to default
2024-05-03 13:58:15,355 [FATAL] Updater:297 - Updater called before beeing initialized
2024-05-03 13:58:15,418 [INFO] Updater:1026 - Updater Version found : 6.5.0
2024-05-03 13:58:15,449 [INFO] ApplicationProperties:181 - Using Application install path: C:\ST\STM32CubeIDE_1.9.0\STM32CubeIDE\plugins\com.st.stm32cube.common.mx_6.5.0.202202251913
2024-05-03 13:58:15,496 [INFO] MainUpdater:512 - Copy updater definitions from MX database
2024-05-03 13:58:15,528 [INFO] MainUpdater:545 - Copy flag file definitions from MX database
2024-05-03 13:58:15,528 [INFO] MainUpdater:561 - Copy thirdparty index definitions from MX database
2024-05-03 13:58:15,528 [INFO] MainUpdater:580 - Copy default thirdparty db definitions from MX database
2024-05-03 13:58:16,187 [INFO] MainUpdater:2729 - connection check result : 10
2024-05-03 13:58:16,187 [INFO] MainUpdater:3414 - Updater definition file requires update
2024-05-03 13:58:16,187 [INFO] MainUpdater:276 - Updater Check For Update Now.
2024-05-03 13:58:16,187 [INFO] MicroXplorer:477 - Change Database Version : DB.6.0.50
2024-05-03 13:58:16,218 [INFO] ServerAccessManage:359 - Download File updaters.zip
2024-05-03 13:58:16,281 [INFO] FileExtend:235 - Unzip File : updaters.zip
2024-05-03 13:58:16,281 [INFO] FileExtend:250 - Standard Zip Deflate
2024-05-03 13:58:16,485 [WARN] MainUpdater:1180 - Updater busy. Cannot search thirdparties
2024-05-03 13:58:16,485 [INFO] ThirdPartyUpdaterWithRetryManager:92 - Updater plugin is busy. [1/15]
2024-05-03 13:58:16,971 [INFO] ServerAccessManage:359 - Download File PacksControlFlags.xml
2024-05-03 13:58:17,018 [INFO] ServerAccessManage:359 - Download File cubemx.pidx
2024-05-03 13:58:17,222 [INFO] ServerAccessManage:359 - Download File STMicroelectronics.FP-ATR-ASTRA1.pdsc
2024-05-03 13:58:17,614 [INFO] ServerAccessManage:359 - Download File STMicroelectronics.FP-ATR-SIGFOX1.pdsc
2024-05-03 13:58:17,834 [INFO] ServerAccessManage:359 - Download File STMicroelectronics.FP-SNS-FLIGHT1.pdsc
2024-05-03 13:58:18,148 [INFO] ServerAccessManage:359 - Download File STMicroelectronics.FP-SNS-MOTENV1.pdsc
2024-05-03 13:58:18,383 [INFO] ServerAccessManage:359 - Download File STMicroelectronics.FP-SNS-MOTENVWB1.pdsc
2024-05-03 13:58:18,587 [INFO] ServerAccessManage:359 - Download File STMicroelectronics.FP-SNS-SMARTAG2.pdsc
2024-05-03 13:58:18,712 [INFO] ServerAccessManage:359 - Download File STMicroelectronics.X-CUBE-AI.pdsc
2024-05-03 13:58:19,293 [INFO] ServerAccessManage:359 - Download File STMicroelectronics.X-CUBE-ALS.pdsc
2024-05-03 13:58:19,418 [INFO] ServerAccessManage:359 - Download File STMicroelectronics.X-CUBE-BLE1.pdsc
2024-05-03 13:58:19,497 [WARN] MainUpdater:1180 - Updater busy. Cannot search thirdparties
2024-05-03 13:58:19,497 [INFO] ThirdPartyUpdaterWithRetryManager:92 - Updater plugin is busy. [2/15]
2024-05-03 13:58:21,411 [ERROR] ServerAccessManage:975 - Problem, file not found on Server
2024-05-03 13:58:21,505 [INFO] ServerAccessManage:359 - Download File STMicroelectronics.X-CUBE-BLE2.pdsc
2024-05-03 13:58:22,509 [WARN] MainUpdater:1180 - Updater busy. Cannot search thirdparties
2024-05-03 13:58:22,509 [INFO] ThirdPartyUpdaterWithRetryManager:92 - Updater plugin is busy. [3/15]
2024-05-03 13:58:22,807 [INFO] ServerAccessManage:359 - Download File STMicroelectronics.X-CUBE-BLEMGR.pdsc
2024-05-03 13:58:25,521 [WARN] MainUpdater:1180 - Updater busy. Cannot search thirdparties
2024-05-03 13:58:25,521 [INFO] ThirdPartyUpdaterWithRetryManager:92 - Updater plugin is busy. [4/15]
2024-05-03 13:58:26,807 [INFO] ServerAccessManage:359 - Download File STMicroelectronics.X-CUBE-DISPLAY.pdsc
2024-05-03 13:58:27,262 [INFO] ServerAccessManage:359 - Download File STMicroelectronics.X-CUBE-EEPRMA1.pdsc
2024-05-03 13:58:28,305 [ERROR] ServerAccessManage:975 - Problem, file not found on Server
2024-05-03 13:58:28,533 [WARN] MainUpdater:1180 - Updater busy. Cannot search thirdparties
2024-05-03 13:58:28,533 [INFO] ThirdPartyUpdaterWithRetryManager:92 - Updater plugin is busy. [5/15]
2024-05-03 13:58:28,799 [ERROR] ServerAccessManage:975 - Problem, file not found on Server
2024-05-03 13:58:29,270 [INFO] ServerAccessManage:359 - Download File STMicroelectronics.X-CUBE-FREERTOS.pdsc
2024-05-03 13:58:29,693 [INFO] ServerAccessManage:359 - Download File STMicroelectronics.X-CUBE-GNSS1.pdsc
2024-05-03 13:58:31,153 [ERROR] ServerAccessManage:975 - Problem, file not found on Server
2024-05-03 13:58:31,545 [WARN] MainUpdater:1180 - Updater busy. Cannot search thirdparties
2024-05-03 13:58:31,545 [INFO] ThirdPartyUpdaterWithRetryManager:92 - Updater plugin is busy. [6/15]
2024-05-03 13:58:32,047 [ERROR] ServerAccessManage:975 - Problem, file not found on Server
2024-05-03 13:58:33,004 [ERROR] ServerAccessManage:975 - Problem, file not found on Server
2024-05-03 13:58:33,961 [ERROR] ServerAccessManage:975 - Problem, file not found on Server
2024-05-03 13:58:34,557 [WARN] MainUpdater:1180 - Updater busy. Cannot search thirdparties
2024-05-03 13:58:34,557 [INFO] ThirdPartyUpdaterWithRetryManager:92 - Updater plugin is busy. [7/15]
2024-05-03 13:58:34,902 [ERROR] ServerAccessManage:975 - Problem, file not found on Server
2024-05-03 13:58:35,844 [ERROR] ServerAccessManage:975 - Problem, file not found on Server
2024-05-03 13:58:35,875 [INFO] ServerAccessManage:359 - Download File STMicroelectronics.X-CUBE-ISPU.pdsc
2024-05-03 13:58:36,157 [INFO] ServerAccessManage:359 - Download File STMicroelectronics.X-CUBE-MEMS1.pdsc
2024-05-03 13:58:36,596 [INFO] MainUpdater:2729 - connection check result : 10
2024-05-03 13:58:37,396 [INFO] ServerAccessManage:359 - Download File STMicroelectronics.X-CUBE-NFC4.pdsc
2024-05-03 13:58:37,569 [WARN] MainUpdater:1180 - Updater busy. Cannot search thirdparties
2024-05-03 13:58:37,569 [INFO] ThirdPartyUpdaterWithRetryManager:92 - Updater plugin is busy. [8/15]
2024-05-03 13:58:38,127 [INFO] ServerAccessManage:359 - Download File STMicroelectronics.X-CUBE-NFC6.pdsc
2024-05-03 13:58:38,291 [INFO] ServerAccessManage:359 - Download File STMicroelectronics.X-CUBE-NFC7.pdsc
2024-05-03 13:58:38,558 [INFO] ServerAccessManage:359 - Download File STMicroelectronics.X-CUBE-SFXS2LP1.pdsc
2024-05-03 13:58:38,903 [INFO] ServerAccessManage:359 - Download File STMicroelectronics.X-CUBE-SAFEA1.pdsc
2024-05-03 13:58:39,044 [INFO] ServerAccessManage:359 - Download File STMicroelectronics.X-CUBE-SUBG2.pdsc
2024-05-03 13:58:39,609 [INFO] ServerAccessManage:359 - Download File STMicroelectronics.X-CUBE-SMBUS.pdsc
2024-05-03 13:58:40,582 [WARN] MainUpdater:1180 - Updater busy. Cannot search thirdparties
2024-05-03 13:58:40,582 [INFO] ThirdPartyUpdaterWithRetryManager:92 - Updater plugin is busy. [9/15]
2024-05-03 13:58:43,594 [WARN] MainUpdater:1180 - Updater busy. Cannot search thirdparties
2024-05-03 13:58:43,594 [INFO] ThirdPartyUpdaterWithRetryManager:92 - Updater plugin is busy. [10/15]
2024-05-03 13:58:43,955 [ERROR] ServerAccessManage:975 - Problem, file not found on Server
2024-05-03 13:58:43,970 [INFO] ServerAccessManage:359 - Download File STMicroelectronics.X-CUBE-TCPP.pdsc
2024-05-03 13:58:44,143 [INFO] ServerAccessManage:359 - Download File STMicroelectronics.X-CUBE-TOF1.pdsc
2024-05-03 13:58:46,371 [ERROR] ServerAccessManage:975 - Problem, file not found on Server
2024-05-03 13:58:46,465 [INFO] ServerAccessManage:359 - Download File STMicroelectronics.X-CUBE-TOUCHGFX.pdsc
2024-05-03 13:58:46,606 [WARN] MainUpdater:1180 - Updater busy. Cannot search thirdparties
2024-05-03 13:58:46,606 [INFO] ThirdPartyUpdaterWithRetryManager:92 - Updater plugin is busy. [11/15]
2024-05-03 13:58:48,505 [INFO] ServerAccessManage:359 - Download File STMicroelectronics.X-CUBE-ALGOBUILD.pdsc
2024-05-03 13:58:48,852 [INFO] ServerAccessManage:359 - Download File STMicroelectronics.X-CUBE-AZRTOS-H7.pdsc
2024-05-03 13:58:49,619 [WARN] MainUpdater:1180 - Updater busy. Cannot search thirdparties
2024-05-03 13:58:49,619 [INFO] ThirdPartyUpdaterWithRetryManager:92 - Updater plugin is busy. [12/15]
2024-05-03 13:58:49,713 [INFO] ServerAccessManage:359 - Download File STMicroelectronics.X-CUBE-AZRTOS-H7RS.pdsc
2024-05-03 13:58:49,854 [INFO] ServerAccessManage:359 - Download File STMicroelectronics.X-CUBE-AZRTOS-F4.pdsc
2024-05-03 13:58:50,042 [INFO] ServerAccessManage:359 - Download File STMicroelectronics.X-CUBE-AZRTOS-F7.pdsc
2024-05-03 13:58:50,255 [INFO] ServerAccessManage:359 - Download File STMicroelectronics.X-CUBE-AZRTOS-L4.pdsc
2024-05-03 13:58:50,466 [INFO] ServerAccessManage:359 - Download File STMicroelectronics.X-CUBE-AZRTOS-L5.pdsc
2024-05-03 13:58:50,701 [INFO] ServerAccessManage:359 - Download File STMicroelectronics.X-CUBE-AZRTOS-G0.pdsc
2024-05-03 13:58:50,937 [INFO] ServerAccessManage:359 - Download File STMicroelectronics.X-CUBE-AZRTOS-G4.pdsc
2024-05-03 13:58:51,078 [INFO] ServerAccessManage:359 - Download File STMicroelectronics.X-CUBE-AZRTOS-WB.pdsc
2024-05-03 13:58:51,266 [INFO] ServerAccessManage:359 - Download File STMicroelectronics.X-CUBE-AZRTOS-WL.pdsc
2024-05-03 13:58:52,631 [WARN] MainUpdater:1180 - Updater busy. Cannot search thirdparties
2024-05-03 13:58:52,631 [INFO] ThirdPartyUpdaterWithRetryManager:92 - Updater plugin is busy. [13/15]
2024-05-03 13:58:52,725 [INFO] ServerAccessManage:359 - Download File wolfSSL.I-CUBE-wolfSSL.pdsc
2024-05-03 13:58:55,643 [WARN] MainUpdater:1180 - Updater busy. Cannot search thirdparties
2024-05-03 13:58:55,643 [INFO] ThirdPartyUpdaterWithRetryManager:92 - Updater plugin is busy. [14/15]
2024-05-03 13:58:57,290 [INFO] McuFinderGlobals:52 - Set McuFinderConnectedMode to true
2024-05-03 13:58:57,306 [INFO] MultiScanPanel:195 - Auto-refresh data requested => check proxy status ongoing
2024-05-03 13:58:57,306 [INFO] FinderPluginLoader:87 - Searching for filters in installed packs
2024-05-03 13:58:57,463 [INFO] ApiDb:567 - Connected to CubeFinder SQLite database (C:\Users\hoatt\.stmcufinder\plugins\mcufinder\mcu\cube-finder-db.db)
2024-05-03 13:58:57,494 [INFO] ApiDb:654 - CubeFinder database Data Model version=2.1
2024-05-03 13:58:57,494 [INFO] ApiDb:655 - CubeFinder database Configuration version=3.0.28
2024-05-03 13:58:57,494 [INFO] ApiDb:656 - CubeFinder database generation date=2022-02-18 (1645170766)
2024-05-03 13:58:57,494 [INFO] ApiDb:657 - CubeFinder database FW Pack versions=[STM32Cube_FW_C0_V1.0.0, STM32Cube_FW_F4_V1.27.0, STM32Cube_FW_F7_V1.16.2, STM32Cube_FW_G0_V1.5.0, STM32Cube_FW_G4_V1.5.0, STM32Cube_FW_H7_V1.10.0, STM32Cube_FW_L5_V1.4.0, STM32Cube_FW_U5_V1.1.0, STM32Cube_FW_WB_V1.13.1, STM32Cube_FW_WL_V1.2.0, X-CUBE-ALGOBUILD_V1.3.0, X-CUBE-ALS_V1.0.1, X-CUBE-AZRTOS-F4_V1.0.0, X-CUBE-AZRTOS-F7_V1.0.0, X-CUBE-AZRTOS-G0_V1.0.0, X-CUBE-AZRTOS-G4_V1.0.0, X-CUBE-AZRTOS-H7_V2.0.0, X-CUBE-AZRTOS-L4_V1.0.0, X-CUBE-AZRTOS-L5_V1.0.0, X-CUBE-AZRTOS-WL_V1.0.0, X-CUBE-BLE1_V6.2.1, X-CUBE-BLE2_V3.2.2, X-CUBE-EEPRMA1_V3.1.0, X-CUBE-GNSS1_V5.2.0, X-CUBE-MEMS1_V9.1.0, X-CUBE-NFC4_V2.0.3, X-CUBE-SFXS2LP1_V3.1.0, X-CUBE-SUBG2_V4.2.0]
2024-05-03 13:58:58,655 [WARN] MainUpdater:1180 - Updater busy. Cannot search thirdparties
2024-05-03 13:58:58,655 [INFO] ThirdPartyUpdaterWithRetryManager:92 - Updater plugin is busy. [15/15]
2024-05-03 13:58:58,655 [ERROR] IntegrityCheckThread:124 - Cannot retrieve database content from updater: error -1
2024-05-03 13:58:58,655 [INFO] ThirdParty:925 - Integrity check success = false
2024-05-03 13:58:58,655 [INFO] IntegrityCheckThread:94 - exiting critical section [integrity check]
2024-05-03 13:58:58,655 [INFO] IntegrityCheckThread:97 - End integrity checks thread
2024-05-03 13:58:59,659 [INFO] ApiDb:212 - Found 97 in-development CPN: [NUCLEO-C031C6, STM32C0116-DK, STM32C011D6Y3TR, STM32C011D6Y6TR, STM32C011F4P3, STM32C011F4P6, STM32C011F4U3, STM32C011F4U6TR, STM32C011F6P3, STM32C011F6P6, STM32C011F6U3, STM32C011F6U6TR, STM32C011J4M3, STM32C011J4M6, STM32C011J6M3, STM32C011J6M6, STM32C0316-DK, STM32C031C4T3, STM32C031C4T6, STM32C031C4U3, STM32C031C4U6, STM32C031C6T3, STM32C031C6T6, STM32C031C6U3, STM32C031C6U6, STM32C031F4P3, STM32C031F4P6, STM32C031F6P3, STM32C031F6P6, STM32C031G4U3, STM32C031G4U6, STM32C031G6U3, STM32C031G6U6, STM32C031K4T3, STM32C031K4T6, STM32C031K4U3, STM32C031K4U6, STM32C031K6T3, STM32C031K6T6, STM32C031K6U3, STM32C031K6U6, STM32G071K8TXN, STM32G071K8UXN, STM32G081GBU6N, STM32G081KBT6N, STM32G081KBUXN, STM32G0B1CCT6N, STM32G0B1KCT6, STM32G0B1NEY6, STM32G0B1NEY6TR, STM32G0B1RCT6N, STM32G0C1CCT6, STM32G0C1CCT6N, STM32G0C1CCU6N, STM32G0C1CET6N, STM32G0C1CEU6N, STM32G0C1KCT6, STM32G0C1NEY6TR, STM32G0C1RCI6N, STM32G0C1RCT6N, STM32G0C1REI6N, STM32G0C1RET6N, STM32G0C1VCI6, STM32G0C1VEI6, STM32G471CCT6, STM32G471CCU6, STM32G471CET3, STM32G471CET6, STM32G471CEU3, STM32G471CEU6, STM32G471MCT6, STM32G471MET3, STM32G471MET6, STM32G471MEY6TR, STM32G471QCT6, STM32G471QET3, STM32G471RCT6, STM32G471RET3, STM32G471RET6, STM32G471VCH6, STM32G471VCI6, STM32G471VCT6, STM32G471VEH3, STM32G471VEH6, STM32G471VEI3, STM32G471VEI6, STM32G471VET3, STM32G471VET6, STM32G474CCT6, STM32L4R5QGI6STR, STM32U595ZJT6Q, STM32U599BJY6QTR, STM32U599NIH6Q, STM32U599NJH6Q, STM32U5A5ZJT6Q, STM32U5A9BJY6QTR, STM32U5A9NJH6Q]
2024-05-03 13:58:59,659 [INFO] DbMcus:201 - Found 3458 MCUs, 3458 are supported
2024-05-03 13:58:59,659 [INFO] ApiDb:398 - User favorites file not found: C:\Users\hoatt/.stm32cubeide/favorites.mcus.txt
2024-05-03 13:58:59,659 [INFO] DbMcus:207 - Set 0 / 0 favorites MCUs
2024-05-03 13:59:01,542 [ERROR] ServerAccessManage:975 - Problem, file not found on Server
2024-05-03 13:59:01,824 [ERROR] WebUtils:379 - Updater is busy
2024-05-03 13:59:01,824 [WARN] DetailPanel:320 - Failed to get advertising image, set to default
2024-05-03 13:59:02,154 [ERROR] ServerAccessManage:975 - Problem, file not found on Server
2024-05-03 13:59:02,624 [INFO] MultiScanPanel:787 - Auto Refresh Data is needed due to updater interval setting
2024-05-03 13:59:02,624 [ERROR] WebUtils:638 - Updater is busy
2024-05-03 13:59:02,765 [ERROR] ServerAccessManage:975 - Problem, file not found on Server
2024-05-03 13:59:07,194 [INFO] ServerAccessManage:359 - Download File SEGGER.I-CUBE-embOS.pdsc
2024-05-03 13:59:07,388 [INFO] DbMcusAds:47 - JSON generation date=Thu Sep 30 13:55:09 ICT 2021 (1632984909247)
2024-05-03 13:59:07,394 [INFO] ApiDb:432 - Save user favorites file C:\Users\hoatt/.stm32cubeide/favorites.mcus.txt: 0 item(s)
2024-05-03 13:59:07,394 [INFO] ApiDb:436 - User favorites MCUs=[]
2024-05-03 13:59:07,394 [INFO] ApiDb:567 - Connected to CubeFinder SQLite database (C:\Users\hoatt\.stmcufinder\plugins\mcufinder\mcu\cube-finder-db.db)
2024-05-03 13:59:07,419 [INFO] ApiDb:654 - CubeFinder database Data Model version=2.1
2024-05-03 13:59:07,419 [INFO] ApiDb:655 - CubeFinder database Configuration version=3.0.28
2024-05-03 13:59:07,419 [INFO] ApiDb:656 - CubeFinder database generation date=2022-02-18 (1645170766)
2024-05-03 13:59:07,419 [INFO] ApiDb:657 - CubeFinder database FW Pack versions=[STM32Cube_FW_C0_V1.0.0, STM32Cube_FW_F4_V1.27.0, STM32Cube_FW_F7_V1.16.2, STM32Cube_FW_G0_V1.5.0, STM32Cube_FW_G4_V1.5.0, STM32Cube_FW_H7_V1.10.0, STM32Cube_FW_L5_V1.4.0, STM32Cube_FW_U5_V1.1.0, STM32Cube_FW_WB_V1.13.1, STM32Cube_FW_WL_V1.2.0, X-CUBE-ALGOBUILD_V1.3.0, X-CUBE-ALS_V1.0.1, X-CUBE-AZRTOS-F4_V1.0.0, X-CUBE-AZRTOS-F7_V1.0.0, X-CUBE-AZRTOS-G0_V1.0.0, X-CUBE-AZRTOS-G4_V1.0.0, X-CUBE-AZRTOS-H7_V2.0.0, X-CUBE-AZRTOS-L4_V1.0.0, X-CUBE-AZRTOS-L5_V1.0.0, X-CUBE-AZRTOS-WL_V1.0.0, X-CUBE-BLE1_V6.2.1, X-CUBE-BLE2_V3.2.2, X-CUBE-EEPRMA1_V3.1.0, X-CUBE-GNSS1_V5.2.0, X-CUBE-MEMS1_V9.1.0, X-CUBE-NFC4_V2.0.3, X-CUBE-SFXS2LP1_V3.1.0, X-CUBE-SUBG2_V4.2.0]
2024-05-03 13:59:09,380 [INFO] ApiDb:212 - Found 97 in-development CPN: [NUCLEO-C031C6, STM32C0116-DK, STM32C011D6Y3TR, STM32C011D6Y6TR, STM32C011F4P3, STM32C011F4P6, STM32C011F4U3, STM32C011F4U6TR, STM32C011F6P3, STM32C011F6P6, STM32C011F6U3, STM32C011F6U6TR, STM32C011J4M3, STM32C011J4M6, STM32C011J6M3, STM32C011J6M6, STM32C0316-DK, STM32C031C4T3, STM32C031C4T6, STM32C031C4U3, STM32C031C4U6, STM32C031C6T3, STM32C031C6T6, STM32C031C6U3, STM32C031C6U6, STM32C031F4P3, STM32C031F4P6, STM32C031F6P3, STM32C031F6P6, STM32C031G4U3, STM32C031G4U6, STM32C031G6U3, STM32C031G6U6, STM32C031K4T3, STM32C031K4T6, STM32C031K4U3, STM32C031K4U6, STM32C031K6T3, STM32C031K6T6, STM32C031K6U3, STM32C031K6U6, STM32G071K8TXN, STM32G071K8UXN, STM32G081GBU6N, STM32G081KBT6N, STM32G081KBUXN, STM32G0B1CCT6N, STM32G0B1KCT6, STM32G0B1NEY6, STM32G0B1NEY6TR, STM32G0B1RCT6N, STM32G0C1CCT6, STM32G0C1CCT6N, STM32G0C1CCU6N, STM32G0C1CET6N, STM32G0C1CEU6N, STM32G0C1KCT6, STM32G0C1NEY6TR, STM32G0C1RCI6N, STM32G0C1RCT6N, STM32G0C1REI6N, STM32G0C1RET6N, STM32G0C1VCI6, STM32G0C1VEI6, STM32G471CCT6, STM32G471CCU6, STM32G471CET3, STM32G471CET6, STM32G471CEU3, STM32G471CEU6, STM32G471MCT6, STM32G471MET3, STM32G471MET6, STM32G471MEY6TR, STM32G471QCT6, STM32G471QET3, STM32G471RCT6, STM32G471RET3, STM32G471RET6, STM32G471VCH6, STM32G471VCI6, STM32G471VCT6, STM32G471VEH3, STM32G471VEH6, STM32G471VEI3, STM32G471VEI6, STM32G471VET3, STM32G471VET6, STM32G474CCT6, STM32L4R5QGI6STR, STM32U595ZJT6Q, STM32U599BJY6QTR, STM32U599NIH6Q, STM32U599NJH6Q, STM32U5A5ZJT6Q, STM32U5A9BJY6QTR, STM32U5A9NJH6Q]
2024-05-03 13:59:09,380 [INFO] DbMcus:201 - Found 3458 MCUs, 3458 are supported
2024-05-03 13:59:09,380 [INFO] ApiDb:407 - Load user favorites file C:\Users\hoatt/.stm32cubeide/favorites.mcus.txt: 0 item(s)
2024-05-03 13:59:09,380 [INFO] ApiDb:411 - User favorites MCUs=[]
2024-05-03 13:59:09,380 [INFO] DbMcus:207 - Set 0 / 0 favorites MCUs
2024-05-03 13:59:10,557 [ERROR] MultiScanPanel:802 - Unable to refresh data
2024-05-03 13:59:10,588 [INFO] ApiDb:654 - CubeFinder database Data Model version=2.1
2024-05-03 13:59:10,588 [INFO] ApiDb:655 - CubeFinder database Configuration version=3.0.28
2024-05-03 13:59:10,588 [INFO] ApiDb:656 - CubeFinder database generation date=2022-02-18 (1645170766)
2024-05-03 13:59:10,588 [INFO] ApiDb:657 - CubeFinder database FW Pack versions=[STM32Cube_FW_C0_V1.0.0, STM32Cube_FW_F4_V1.27.0, STM32Cube_FW_F7_V1.16.2, STM32Cube_FW_G0_V1.5.0, STM32Cube_FW_G4_V1.5.0, STM32Cube_FW_H7_V1.10.0, STM32Cube_FW_L5_V1.4.0, STM32Cube_FW_U5_V1.1.0, STM32Cube_FW_WB_V1.13.1, STM32Cube_FW_WL_V1.2.0, X-CUBE-ALGOBUILD_V1.3.0, X-CUBE-ALS_V1.0.1, X-CUBE-AZRTOS-F4_V1.0.0, X-CUBE-AZRTOS-F7_V1.0.0, X-CUBE-AZRTOS-G0_V1.0.0, X-CUBE-AZRTOS-G4_V1.0.0, X-CUBE-AZRTOS-H7_V2.0.0, X-CUBE-AZRTOS-L4_V1.0.0, X-CUBE-AZRTOS-L5_V1.0.0, X-CUBE-AZRTOS-WL_V1.0.0, X-CUBE-BLE1_V6.2.1, X-CUBE-BLE2_V3.2.2, X-CUBE-EEPRMA1_V3.1.0, X-CUBE-GNSS1_V5.2.0, X-CUBE-MEMS1_V9.1.0, X-CUBE-NFC4_V2.0.3, X-CUBE-SFXS2LP1_V3.1.0, X-CUBE-SUBG2_V4.2.0]
2024-05-03 13:59:10,714 [INFO] DbBoardsSqlite:220 - include board P-NUCLEO-WB55-NUCLEO as a kit item of type 'Nucleo-64'
2024-05-03 13:59:10,714 [INFO] DbBoardsSqlite:220 - include board P-NUCLEO-WB55-USBDONGLE as a kit item of type 'Nucleo USB Dongle'
2024-05-03 13:59:10,714 [INFO] DbBoardsSqlite:220 - include board STEVAL-IDP005V1 as a kit item of type 'Evaluation Board'
2024-05-03 13:59:10,714 [INFO] DbBoardsSqlite:220 - include board STEVAL-IDP005V2 as a kit item of type 'Evaluation Board'
2024-05-03 13:59:10,730 [INFO] ApiDb:212 - Found 97 in-development CPN: [NUCLEO-C031C6, STM32C0116-DK, STM32C011D6Y3TR, STM32C011D6Y6TR, STM32C011F4P3, STM32C011F4P6, STM32C011F4U3, STM32C011F4U6TR, STM32C011F6P3, STM32C011F6P6, STM32C011F6U3, STM32C011F6U6TR, STM32C011J4M3, STM32C011J4M6, STM32C011J6M3, STM32C011J6M6, STM32C0316-DK, STM32C031C4T3, STM32C031C4T6, STM32C031C4U3, STM32C031C4U6, STM32C031C6T3, STM32C031C6T6, STM32C031C6U3, STM32C031C6U6, STM32C031F4P3, STM32C031F4P6, STM32C031F6P3, STM32C031F6P6, STM32C031G4U3, STM32C031G4U6, STM32C031G6U3, STM32C031G6U6, STM32C031K4T3, STM32C031K4T6, STM32C031K4U3, STM32C031K4U6, STM32C031K6T3, STM32C031K6T6, STM32C031K6U3, STM32C031K6U6, STM32G071K8TXN, STM32G071K8UXN, STM32G081GBU6N, STM32G081KBT6N, STM32G081KBUXN, STM32G0B1CCT6N, STM32G0B1KCT6, STM32G0B1NEY6, STM32G0B1NEY6TR, STM32G0B1RCT6N, STM32G0C1CCT6, STM32G0C1CCT6N, STM32G0C1CCU6N, STM32G0C1CET6N, STM32G0C1CEU6N, STM32G0C1KCT6, STM32G0C1NEY6TR, STM32G0C1RCI6N, STM32G0C1RCT6N, STM32G0C1REI6N, STM32G0C1RET6N, STM32G0C1VCI6, STM32G0C1VEI6, STM32G471CCT6, STM32G471CCU6, STM32G471CET3, STM32G471CET6, STM32G471CEU3, STM32G471CEU6, STM32G471MCT6, STM32G471MET3, STM32G471MET6, STM32G471MEY6TR, STM32G471QCT6, STM32G471QET3, STM32G471RCT6, STM32G471RET3, STM32G471RET6, STM32G471VCH6, STM32G471VCI6, STM32G471VCT6, STM32G471VEH3, STM32G471VEH6, STM32G471VEI3, STM32G471VEI6, STM32G471VET3, STM32G471VET6, STM32G474CCT6, STM32L4R5QGI6STR, STM32U595ZJT6Q, STM32U599BJY6QTR, STM32U599NIH6Q, STM32U599NJH6Q, STM32U5A5ZJT6Q, STM32U5A9BJY6QTR, STM32U5A9NJH6Q]
2024-05-03 13:59:10,761 [INFO] BoardInfo:872 - No configuration file found for board B-G431B-ESC1
2024-05-03 13:59:10,761 [INFO] DbBoards:144 - Board is not supported: B-G431B-ESC1
2024-05-03 13:59:10,777 [INFO] BoardInfo:872 - No configuration file found for board I-NUCLEO-LRWAN1
2024-05-03 13:59:10,777 [INFO] DbBoards:144 - Board is not supported: I-NUCLEO-LRWAN1
2024-05-03 13:59:10,918 [INFO] BoardInfo:872 - No configuration file found for board P-NUCLEO-WB55
2024-05-03 13:59:10,918 [INFO] DbBoards:144 - Kit is not supported: P-NUCLEO-WB55
2024-05-03 13:59:10,918 [INFO] BoardInfo:872 - No configuration file found for board STEVAL-BFA001V1B
2024-05-03 13:59:10,918 [INFO] DbBoards:144 - Kit is not supported: STEVAL-BFA001V1B
2024-05-03 13:59:10,918 [INFO] BoardInfo:872 - No configuration file found for board STEVAL-BFA001V2B
2024-05-03 13:59:10,918 [INFO] DbBoards:144 - Kit is not supported: STEVAL-BFA001V2B
2024-05-03 13:59:11,122 [INFO] DbBoards:148 - Found 174 boards, 169 are supported
2024-05-03 13:59:11,137 [INFO] ApiDb:398 - User favorites file not found: C:\Users\hoatt/.stm32cubeide/favorites.boards.txt
2024-05-03 13:59:11,137 [INFO] DbBoards:174 - Set 0 / 0 favorites Boards
2024-05-03 13:59:34,055 [INFO] McuFinderGlobals:52 - Set McuFinderConnectedMode to true
2024-05-03 13:59:34,055 [INFO] ApiDb:432 - Save user favorites file C:\Users\hoatt/.stm32cubeide/favorites.mcus.txt: 0 item(s)
2024-05-03 13:59:34,055 [INFO] ApiDb:436 - User favorites MCUs=[]
2024-05-03 14:00:15,707 [INFO] ServerAccessManage:359 - Download File portGmbH.I-Cube-SoM-uGOAL.pdsc
2024-05-03 14:00:21,459 [ERROR] ServerAccessManage:975 - Problem, file not found on Server
2024-05-03 14:00:21,924 [ERROR] ServerAccessManage:975 - Problem, file not found on Server
2024-05-03 14:00:23,508 [ERROR] ServerAccessManage:975 - Problem, file not found on Server
2024-05-03 14:00:35,051 [INFO] ServerAccessManage:359 - Download File emotas.I-CUBE-CANOPEN.pdsc
2024-05-03 14:00:37,358 [INFO] ServerAccessManage:359 - Download File WES.I-CUBE-Cesium.pdsc
2024-05-03 14:00:38,143 [ERROR] ServerAccessManage:975 - Problem, file not found on Server
2024-05-03 14:00:38,535 [ERROR] ServerAccessManage:975 - Problem, file not found on Server
2024-05-03 14:00:40,781 [INFO] ServerAccessManage:359 - Download File ITTIA_DB.I-CUBE-ITTIADB.pdsc
2024-05-03 14:00:48,283 [INFO] ServerAccessManage:359 - Download File Infineon.AIROC-Wi-Fi-Bluetooth-STM32.pdsc
2024-05-03 14:00:54,011 [INFO] MainUpdater:2729 - connection check result : 10
2024-05-03 14:00:54,105 [INFO] ServerAccessManage:359 - Download File Cesanta.I-CUBE-Mongoose.pdsc
2024-05-03 14:00:56,349 [ERROR] ServerAccessManage:975 - Problem, file not found on Server
2024-05-03 14:00:56,443 [WARN] CheckServerUpdateThread:144 - Open CheckUpdateFile Fail
2024-05-03 14:00:56,459 [WARN] PackLoader:238 - Cannot read IP mode file for STMicroelectronics.FP-ATR-ASTRA1.2.0.0
2024-05-03 14:00:56,459 [WARN] PackLoader:238 - Cannot read IP mode file for STMicroelectronics.FP-ATR-SIGFOX1.3.2.0
2024-05-03 14:00:56,475 [WARN] PackLoader:238 - Cannot read IP mode file for STMicroelectronics.FP-SNS-FLIGHT1.5.0.2
2024-05-03 14:00:56,490 [WARN] PackLoader:238 - Cannot read IP mode file for STMicroelectronics.FP-SNS-MOTENV1.5.0.0
2024-05-03 14:00:56,490 [WARN] PackLoader:238 - Cannot read IP mode file for STMicroelectronics.FP-SNS-MOTENVWB1.1.4.0
2024-05-03 14:00:56,506 [WARN] PackLoader:238 - Cannot read IP mode file for STMicroelectronics.FP-SNS-SMARTAG2.1.2.0
2024-05-03 14:00:56,522 [WARN] PackLoader:238 - Cannot read IP mode file for STMicroelectronics.X-CUBE-AI.9.0.0
2024-05-03 14:00:56,522 [WARN] PackLoader:238 - Cannot read IP mode file for STMicroelectronics.X-CUBE-ALS.1.0.1
2024-05-03 14:00:56,539 [WARN] PackLoader:238 - Cannot read IP mode file for STMicroelectronics.X-CUBE-BLE1.7.0.0
2024-05-03 14:00:56,553 [WARN] PackLoader:238 - Cannot read IP mode file for STMicroelectronics.X-CUBE-BLE2.3.3.0
2024-05-03 14:00:56,569 [WARN] PackLoader:238 - Cannot read IP mode file for STMicroelectronics.X-CUBE-BLEMGR.3.1.0
2024-05-03 14:00:56,585 [INFO] CheckServerUpdateThread:115 - End of CheckServer Thread
2024-05-03 14:00:56,585 [WARN] PackLoader:238 - Cannot read IP mode file for STMicroelectronics.X-CUBE-DISPLAY.3.0.0
2024-05-03 14:00:56,600 [WARN] PackLoader:238 - Cannot read IP mode file for STMicroelectronics.X-CUBE-EEPRMA1.5.1.0
2024-05-03 14:00:56,616 [WARN] PackLoader:238 - Cannot read IP mode file for STMicroelectronics.X-CUBE-FREERTOS.1.2.0
2024-05-03 14:00:56,616 [WARN] PackLoader:238 - Cannot read IP mode file for STMicroelectronics.X-CUBE-GNSS1.6.0.0
2024-05-03 14:00:56,639 [WARN] PackLoader:238 - Cannot read IP mode file for STMicroelectronics.X-CUBE-ISPU.2.0.0
2024-05-03 14:00:56,663 [INFO] McuFinderGlobals:52 - Set McuFinderConnectedMode to true
2024-05-03 14:00:56,726 [WARN] PackLoader:238 - Cannot read IP mode file for STMicroelectronics.X-CUBE-MEMS1.10.0.0
2024-05-03 14:00:56,883 [INFO] ServerAccessManage:359 - Download File mcusAds.json._tmp_
2024-05-03 14:00:56,946 [WARN] PackLoader:238 - Cannot read IP mode file for STMicroelectronics.X-CUBE-NFC4.3.0.0
2024-05-03 14:00:56,961 [WARN] PackLoader:238 - Cannot read IP mode file for STMicroelectronics.X-CUBE-NFC6.3.1.0
2024-05-03 14:00:56,961 [WARN] PackLoader:238 - Cannot read IP mode file for STMicroelectronics.X-CUBE-NFC7.1.0.1
2024-05-03 14:00:56,977 [WARN] PackLoader:238 - Cannot read IP mode file for STMicroelectronics.X-CUBE-SFXS2LP1.4.0.0
2024-05-03 14:00:56,993 [WARN] PackLoader:238 - Cannot read IP mode file for STMicroelectronics.X-CUBE-SAFEA1.1.2.2
2024-05-03 14:00:57,008 [WARN] PackLoader:238 - Cannot read IP mode file for STMicroelectronics.X-CUBE-SUBG2.5.0.0
2024-05-03 14:00:57,024 [INFO] LoadUrlFilesThread:146 - End of LoadUrlFiles Thread
2024-05-03 14:00:57,040 [WARN] PackLoader:238 - Cannot read IP mode file for STMicroelectronics.X-CUBE-SMBUS.2.1.0
2024-05-03 14:00:57,040 [WARN] PackLoader:238 - Cannot read IP mode file for STMicroelectronics.X-CUBE-TCPP.4.1.0
2024-05-03 14:00:57,071 [WARN] PackLoader:238 - Cannot read IP mode file for STMicroelectronics.X-CUBE-TOF1.3.4.1
2024-05-03 14:00:57,102 [WARN] PackLoader:238 - Cannot read IP mode file for STMicroelectronics.X-CUBE-TOUCHGFX.4.23.2
2024-05-03 14:00:57,118 [WARN] PackLoader:238 - Cannot read IP mode file for STMicroelectronics.X-CUBE-ALGOBUILD.1.3.0
2024-05-03 14:00:57,165 [WARN] PackLoader:238 - Cannot read IP mode file for STMicroelectronics.X-CUBE-AZRTOS-H7.3.2.0
2024-05-03 14:00:57,212 [WARN] PackLoader:238 - Cannot read IP mode file for STMicroelectronics.X-CUBE-AZRTOS-H7RS.1.0.0
2024-05-03 14:00:57,244 [WARN] PackLoader:238 - Cannot read IP mode file for STMicroelectronics.X-CUBE-AZRTOS-F4.1.1.0
2024-05-03 14:00:57,259 [WARN] PackLoader:238 - Cannot read IP mode file for STMicroelectronics.X-CUBE-AZRTOS-F7.1.1.0
2024-05-03 14:00:57,291 [WARN] ConditionMgr:437 - getConditionDescription Invalid condition id : LAN8742 Phy interface Condition cause : null
2024-05-03 14:00:57,291 [WARN] PackLoader:238 - Cannot read IP mode file for STMicroelectronics.X-CUBE-AZRTOS-L4.2.0.0
2024-05-03 14:00:57,291 [WARN] ConditionMgr:1038 - genDependencies : Invalid condition id : LAN8742 Phy interface Condition cause : null
2024-05-03 14:00:57,291 [WARN] ConditionMgr:1038 - genDependencies : Invalid condition id : LAN8742 Phy interface Condition cause : null
2024-05-03 14:00:57,291 [WARN] ConditionMgr:1038 - genDependencies : Invalid condition id : LAN8742 Phy interface Condition cause : null
2024-05-03 14:00:57,306 [WARN] PackLoader:238 - Cannot read IP mode file for STMicroelectronics.X-CUBE-AZRTOS-L5.2.0.0
2024-05-03 14:00:57,322 [INFO] ServerAccessManage:359 - Download File cube-finder-db.zip
2024-05-03 14:00:57,341 [WARN] PackLoader:238 - Cannot read IP mode file for STMicroelectronics.X-CUBE-AZRTOS-G0.1.1.0
2024-05-03 14:00:57,369 [WARN] PackLoader:238 - Cannot read IP mode file for STMicroelectronics.X-CUBE-AZRTOS-G4.2.0.0
2024-05-03 14:00:57,385 [WARN] ConditionMgr:437 - getConditionDescription Invalid condition id : UX DEVICE CLASS RTOS Condition cause : null
2024-05-03 14:00:57,401 [WARN] ConditionMgr:437 - getConditionDescription Invalid condition id : UX DEVICE CLASS RTOS Condition cause : null
2024-05-03 14:00:57,401 [WARN] PackLoader:238 - Cannot read IP mode file for STMicroelectronics.X-CUBE-AZRTOS-WB.2.0.0
2024-05-03 14:00:57,401 [WARN] ConditionMgr:1038 - genDependencies : Invalid condition id : UX DEVICE CLASS RTOS Condition cause : null
2024-05-03 14:00:57,401 [WARN] ConditionMgr:1038 - genDependencies : Invalid condition id : UX DEVICE CLASS RTOS Condition cause : null
2024-05-03 14:00:57,401 [WARN] ConditionMgr:1038 - genDependencies : Invalid condition id : UX DEVICE CLASS RTOS Condition cause : null
2024-05-03 14:00:57,401 [WARN] ConditionMgr:1038 - genDependencies : Invalid condition id : UX DEVICE CLASS RTOS Condition cause : null
2024-05-03 14:00:57,401 [WARN] ConditionMgr:1038 - genDependencies : Invalid condition id : UX DEVICE CLASS RTOS Condition cause : null
2024-05-03 14:00:57,416 [INFO] LogOutputStream:76 - [STDOUT_REDIRECT] 1 : Invalid condition id : UX_CORESTACK_Condition cause : null
2024-05-03 14:00:57,432 [INFO] LogOutputStream:76 - [STDOUT_REDIRECT] 1 : Invalid condition id : UX_CORESTACK_Condition cause : null
2024-05-03 14:00:57,432 [INFO] LogOutputStream:76 - [STDOUT_REDIRECT] 1 : Invalid condition id : UX_CORESTACK_Condition cause : null
2024-05-03 14:00:57,441 [INFO] LogOutputStream:76 - [STDOUT_REDIRECT] 1 : Invalid condition id : UX_CORESTACK_Condition cause : null
2024-05-03 14:00:57,441 [INFO] LogOutputStream:76 - [STDOUT_REDIRECT] 1 : Invalid condition id : UX_CORESTACK_Condition cause : null
2024-05-03 14:00:57,448 [WARN] PackLoader:238 - Cannot read IP mode file for STMicroelectronics.X-CUBE-AZRTOS-WL.2.0.0
2024-05-03 14:00:57,463 [WARN] PackLoader:238 - Cannot read IP mode file for wolfSSL.I-CUBE-wolfSSL.5.7.0
2024-05-03 14:00:57,511 [WARN] PackLoader:238 - Cannot read IP mode file for SEGGER.I-CUBE-embOS.1.3.1
2024-05-03 14:00:57,589 [WARN] PackLoader:238 - Cannot read IP mode file for portGmbH.I-Cube-SoM-uGOAL.1.1.0
2024-05-03 14:00:57,605 [WARN] PackLoader:238 - Cannot read IP mode file for emotas.I-CUBE-CANOPEN.1.3.0
2024-05-03 14:00:57,620 [WARN] PackLoader:238 - Cannot read IP mode file for WES.I-CUBE-Cesium.1.3.0
2024-05-03 14:00:57,620 [WARN] PackLoader:238 - Cannot read IP mode file for ITTIA_DB.I-CUBE-ITTIADB.8.9.0
2024-05-03 14:00:57,641 [WARN] PackLoader:238 - Cannot read IP mode file for Infineon.AIROC-Wi-Fi-Bluetooth-STM32.1.6.0
2024-05-03 14:00:57,652 [WARN] PackLoader:238 - Cannot read IP mode file for Cesanta.I-CUBE-Mongoose.7.13.0
2024-05-03 14:00:57,652 [INFO] PopulateThirdPartyThread:60 - Ending populate Thread
2024-05-03 14:00:57,668 [INFO] ThirdParty:977 - CMSIS Pack Vendor :STMicroelectronics X-CUBE-DISPLAY 3.0.0
2024-05-03 14:00:57,668 [INFO] ThirdParty:977 - CMSIS Pack Vendor :STMicroelectronics X-CUBE-GNSS1 6.0.0
2024-05-03 14:00:57,668 [INFO] ThirdParty:977 - CMSIS Pack Vendor :STMicroelectronics FP-SNS-MOTENVWB1 1.4.0
2024-05-03 14:00:57,668 [INFO] ThirdParty:977 - CMSIS Pack Vendor :STMicroelectronics X-CUBE-AZRTOS-F4 1.1.0
2024-05-03 14:00:57,668 [INFO] ThirdParty:977 - CMSIS Pack Vendor :wolfSSL I-CUBE-wolfSSL 5.7.0
2024-05-03 14:00:57,668 [INFO] ThirdParty:977 - CMSIS Pack Vendor :STMicroelectronics FP-ATR-SIGFOX1 3.2.0
2024-05-03 14:00:57,668 [INFO] ThirdParty:977 - CMSIS Pack Vendor :STMicroelectronics X-CUBE-BLE1 7.0.0
2024-05-03 14:00:57,668 [INFO] ThirdParty:977 - CMSIS Pack Vendor :STMicroelectronics X-CUBE-SMBUS 2.1.0
2024-05-03 14:00:57,668 [INFO] ThirdParty:977 - CMSIS Pack Vendor :STMicroelectronics X-CUBE-ISPU 2.0.0
2024-05-03 14:00:57,668 [INFO] ThirdParty:977 - CMSIS Pack Vendor :STMicroelectronics X-CUBE-TCPP 4.1.0
2024-05-03 14:00:57,668 [INFO] ThirdParty:977 - CMSIS Pack Vendor :STMicroelectronics X-CUBE-EEPRMA1 5.1.0
2024-05-03 14:00:57,668 [INFO] ThirdParty:977 - CMSIS Pack Vendor :STMicroelectronics X-CUBE-FREERTOS 1.2.0
2024-05-03 14:00:57,668 [INFO] ThirdParty:977 - CMSIS Pack Vendor :STMicroelectronics X-CUBE-AZRTOS-WB 2.0.0
2024-05-03 14:00:57,668 [INFO] ThirdParty:977 - CMSIS Pack Vendor :emotas I-CUBE-CANOPEN 1.3.0
2024-05-03 14:00:57,668 [INFO] ThirdParty:977 - CMSIS Pack Vendor :STMicroelectronics X-CUBE-MEMS1 10.0.0
2024-05-03 14:00:57,668 [INFO] ThirdParty:977 - CMSIS Pack Vendor :STMicroelectronics X-CUBE-NFC7 1.0.1
2024-05-03 14:00:57,668 [INFO] ThirdParty:977 - CMSIS Pack Vendor :ITTIA_DB I-CUBE-ITTIADB 8.9.0
2024-05-03 14:00:57,668 [INFO] ThirdParty:977 - CMSIS Pack Vendor :STMicroelectronics X-CUBE-TOUCHGFX 4.23.2
2024-05-03 14:00:57,668 [INFO] ThirdParty:977 - CMSIS Pack Vendor :STMicroelectronics X-CUBE-AZRTOS-F7 1.1.0
2024-05-03 14:00:57,668 [INFO] ThirdParty:977 - CMSIS Pack Vendor :STMicroelectronics X-CUBE-AZRTOS-L5 2.0.0
2024-05-03 14:00:57,668 [INFO] ThirdParty:977 - CMSIS Pack Vendor :STMicroelectronics X-CUBE-ALS 1.0.1
2024-05-03 14:00:57,668 [INFO] ThirdParty:977 - CMSIS Pack Vendor :portGmbH I-Cube-SoM-uGOAL 1.1.0
2024-05-03 14:00:57,668 [INFO] ThirdParty:977 - CMSIS Pack Vendor :STMicroelectronics X-CUBE-NFC6 3.1.0
2024-05-03 14:00:57,668 [INFO] ThirdParty:977 - CMSIS Pack Vendor :STMicroelectronics X-CUBE-BLEMGR 3.1.0
2024-05-03 14:00:57,668 [INFO] ThirdParty:977 - CMSIS Pack Vendor :STMicroelectronics FP-SNS-SMARTAG2 1.2.0
2024-05-03 14:00:57,668 [INFO] ThirdParty:977 - CMSIS Pack Vendor :STMicroelectronics X-CUBE-ALGOBUILD 1.3.0
2024-05-03 14:00:57,668 [INFO] ThirdParty:977 - CMSIS Pack Vendor :STMicroelectronics X-CUBE-AZRTOS-WL 2.0.0
2024-05-03 14:00:57,668 [INFO] ThirdParty:977 - CMSIS Pack Vendor :SEGGER I-CUBE-embOS 1.3.1
2024-05-03 14:00:57,668 [INFO] ThirdParty:977 - CMSIS Pack Vendor :STMicroelectronics FP-SNS-MOTENV1 5.0.0
2024-05-03 14:00:57,668 [INFO] ThirdParty:977 - CMSIS Pack Vendor :STMicroelectronics X-CUBE-AZRTOS-G0 1.1.0
2024-05-03 14:00:57,668 [INFO] ThirdParty:977 - CMSIS Pack Vendor :STMicroelectronics X-CUBE-NFC4 3.0.0
2024-05-03 14:00:57,668 [INFO] ThirdParty:977 - CMSIS Pack Vendor :STMicroelectronics X-CUBE-SAFEA1 1.2.2
2024-05-03 14:00:57,668 [INFO] ThirdParty:977 - CMSIS Pack Vendor :STMicroelectronics X-CUBE-SUBG2 5.0.0
2024-05-03 14:00:57,668 [INFO] ThirdParty:977 - CMSIS Pack Vendor :STMicroelectronics X-CUBE-AZRTOS-H7RS 1.0.0
2024-05-03 14:00:57,668 [INFO] ThirdParty:977 - CMSIS Pack Vendor :STMicroelectronics X-CUBE-AZRTOS-L4 2.0.0
2024-05-03 14:00:57,668 [INFO] ThirdParty:977 - CMSIS Pack Vendor :STMicroelectronics FP-ATR-ASTRA1 2.0.0
2024-05-03 14:00:57,668 [INFO] ThirdParty:977 - CMSIS Pack Vendor :WES I-CUBE-Cesium 1.3.0
2024-05-03 14:00:57,668 [INFO] ThirdParty:977 - CMSIS Pack Vendor :STMicroelectronics X-CUBE-SFXS2LP1 4.0.0
2024-05-03 14:00:57,668 [INFO] ThirdParty:977 - CMSIS Pack Vendor :STMicroelectronics FP-SNS-FLIGHT1 5.0.2
2024-05-03 14:00:57,668 [INFO] ThirdParty:977 - CMSIS Pack Vendor :STMicroelectronics X-CUBE-BLE2 3.3.0
2024-05-03 14:00:57,668 [INFO] ThirdParty:977 - CMSIS Pack Vendor :Cesanta I-CUBE-Mongoose 7.13.0
2024-05-03 14:00:57,668 [INFO] ThirdParty:977 - CMSIS Pack Vendor :STMicroelectronics X-CUBE-AI 9.0.0
2024-05-03 14:00:57,668 [INFO] ThirdParty:977 - CMSIS Pack Vendor :STMicroelectronics X-CUBE-TOF1 3.4.1
2024-05-03 14:00:57,668 [INFO] ThirdParty:977 - CMSIS Pack Vendor :STMicroelectronics X-CUBE-AZRTOS-G4 2.0.0
2024-05-03 14:00:57,668 [INFO] ThirdParty:977 - CMSIS Pack Vendor :STMicroelectronics X-CUBE-AZRTOS-H7 3.2.0
2024-05-03 14:00:57,668 [INFO] ThirdParty:977 - CMSIS Pack Vendor :Infineon AIROC-Wi-Fi-Bluetooth-STM32 1.6.0
2024-05-03 14:00:57,668 [INFO] LoadServerUpdatesThread:362 - End of LoadServerUpdate Thread
2024-05-03 14:01:04,304 [INFO] FileExtend:235 - Unzip File : cube-finder-db.zip
2024-05-03 14:01:04,304 [INFO] FileExtend:250 - Standard Zip Deflate
2024-05-03 14:01:05,669 [INFO] LoadUrlFilesThread:146 - End of LoadUrlFiles Thread
2024-05-03 14:01:06,783 [INFO] ServerAccessManage:359 - Download File crdb.zip
2024-05-03 14:01:08,132 [INFO] FileExtend:235 - Unzip File : crdb.zip
2024-05-03 14:01:08,132 [INFO] FileExtend:250 - Standard Zip Deflate
2024-05-03 14:01:08,320 [INFO] LoadUrlFilesThread:146 - End of LoadUrlFiles Thread
2024-05-03 14:01:08,478 [INFO] ServerAccessManage:359 - Download File tutoVideoDB.zip
2024-05-03 14:01:08,509 [INFO] FileExtend:235 - Unzip File : tutoVideoDB.zip
2024-05-03 14:01:08,509 [INFO] FileExtend:250 - Standard Zip Deflate
2024-05-03 14:01:08,634 [INFO] LoadUrlFilesThread:146 - End of LoadUrlFiles Thread
2024-05-03 14:01:08,650 [INFO] DbMcusAds:47 - JSON generation date=Thu May 02 15:37:29 ICT 2024 (1714639049318)
2024-05-03 14:01:08,650 [INFO] ApiDb:432 - Save user favorites file C:\Users\hoatt/.stm32cubeide/favorites.mcus.txt: 0 item(s)
2024-05-03 14:01:08,650 [INFO] ApiDb:436 - User favorites MCUs=[]
2024-05-03 14:01:08,650 [INFO] ApiDb:567 - Connected to CubeFinder SQLite database (C:\Users\hoatt\.stmcufinder\plugins\mcufinder\mcu\cube-finder-db.db)
2024-05-03 14:01:08,791 [INFO] ApiDb:654 - CubeFinder database Data Model version=2.1
2024-05-03 14:01:08,791 [INFO] ApiDb:655 - CubeFinder database Configuration version=3.0.39
2024-05-03 14:01:08,791 [INFO] ApiDb:656 - CubeFinder database generation date=2024-04-15 (1713193726)
2024-05-03 14:01:08,791 [INFO] ApiDb:657 - CubeFinder database FW Pack versions=[FP-ATR-ASTRA1_V2.0.0, FP-SNS-FLIGHT1_V5.0.1, FP-SNS-FLIGHT1_V5.0.2, FP-SNS-MOTENV1_V4.3.1, FP-SNS-MOTENV1_V4.3.2, FP-SNS-MOTENVWB1_V1.3.1, FP-SNS-SMARTAG2_V1.2.0, STM32Cube_FW_C0_V1.1.0, STM32Cube_FW_F4_V1.28.0, STM32Cube_FW_F7_V1.17.0, STM32Cube_FW_G0_V1.6.2, STM32Cube_FW_G4_V1.5.2, STM32Cube_FW_H5_V0.5.1, STM32Cube_FW_H5_V1.1.1, STM32Cube_FW_H5_V1.2.0, STM32Cube_FW_H5_V1.2.0RC4, STM32Cube_FW_H7RS_V1.0.0, STM32Cube_FW_H7RS_V1.0.0RC4, STM32Cube_FW_H7_V1.11.0, STM32Cube_FW_L0_V1.12.2, STM32Cube_FW_L5_V1.5.1, STM32Cube_FW_U0_V1.0.0, STM32Cube_FW_U0_V1.0.0RC1, STM32Cube_FW_U5_V1.3.0RC4, STM32Cube_FW_U5_V1.5.0, STM32Cube_FW_U5_V1.5.0RC1, STM32Cube_FW_WBA_V1.0.0RC1, STM32Cube_FW_WBA_V1.2.0, STM32Cube_FW_WBA_V1.2.0RC2, STM32Cube_FW_WBA_V1.3.0, STM32Cube_FW_WBA_V1.3.0RC1, STM32Cube_FW_WB_V1.15.0RC1, STM32Cube_FW_WB_V1.16.0, STM32Cube_FW_WB_V1.16.0RC2, STM32Cube_FW_WB_V1.18.0, STM32Cube_FW_WB_V1.19.0, STM32Cube_FW_WL_V1.3.0, X-CUBE-ALGOBUILD_V1.3.0, X-CUBE-ALS_V1.0.1, X-CUBE-AZRTOS-F4_V1.1.0, X-CUBE-AZRTOS-F7_V1.1.0, X-CUBE-AZRTOS-G0_V1.1.0, X-CUBE-AZRTOS-G4_V2.0.0, X-CUBE-AZRTOS-H7_V3.2.0, X-CUBE-AZRTOS-L4_V1.0.0, X-CUBE-AZRTOS-L4_V2.0.0, X-CUBE-AZRTOS-L5_V1.1.0, X-CUBE-AZRTOS-WB_V2.0.0, X-CUBE-AZRTOS-WL_V2.0.0, X-CUBE-BLE1_V7.0.0, X-CUBE-BLE2_V3.3.0, X-CUBE-BLEMGR_V3.1.0, X-CUBE-EEPRMA1_V4.1.0, X-CUBE-EEPRMA1_V5.1.0, X-CUBE-FREERTOS_V1.1.0, X-CUBE-GNSS1_V6.0.0, X-CUBE-MEMS1_V10.0.0, X-CUBE-MEMS1_V9.1.0, X-CUBE-MEMS1_V9.4.0, X-CUBE-MEMS1_V9.6.0, X-CUBE-NFC4_V3.0.0, X-CUBE-NFC7_V1.0.1, X-CUBE-SFXS2LP1_V4.0.0, X-CUBE-SUBG2_V5.0.0, X-CUBE-TOF1_V3.4.0]
2024-05-03 14:01:12,023 [INFO] ApiDb:212 - Found 97 in-development CPN: [NUCLEO-C031C6, STM32C0116-DK, STM32C011D6Y3TR, STM32C011D6Y6TR, STM32C011F4P3, STM32C011F4P6, STM32C011F4U3, STM32C011F4U6TR, STM32C011F6P3, STM32C011F6P6, STM32C011F6U3, STM32C011F6U6TR, STM32C011J4M3, STM32C011J4M6, STM32C011J6M3, STM32C011J6M6, STM32C0316-DK, STM32C031C4T3, STM32C031C4T6, STM32C031C4U3, STM32C031C4U6, STM32C031C6T3, STM32C031C6T6, STM32C031C6U3, STM32C031C6U6, STM32C031F4P3, STM32C031F4P6, STM32C031F6P3, STM32C031F6P6, STM32C031G4U3, STM32C031G4U6, STM32C031G6U3, STM32C031G6U6, STM32C031K4T3, STM32C031K4T6, STM32C031K4U3, STM32C031K4U6, STM32C031K6T3, STM32C031K6T6, STM32C031K6U3, STM32C031K6U6, STM32G071K8TXN, STM32G071K8UXN, STM32G081GBU6N, STM32G081KBT6N, STM32G081KBUXN, STM32G0B1CCT6N, STM32G0B1KCT6, STM32G0B1NEY6, STM32G0B1NEY6TR, STM32G0B1RCT6N, STM32G0C1CCT6, STM32G0C1CCT6N, STM32G0C1CCU6N, STM32G0C1CET6N, STM32G0C1CEU6N, STM32G0C1KCT6, STM32G0C1NEY6TR, STM32G0C1RCI6N, STM32G0C1RCT6N, STM32G0C1REI6N, STM32G0C1RET6N, STM32G0C1VCI6, STM32G0C1VEI6, STM32G471CCT6, STM32G471CCU6, STM32G471CET3, STM32G471CET6, STM32G471CEU3, STM32G471CEU6, STM32G471MCT6, STM32G471MET3, STM32G471MET6, STM32G471MEY6TR, STM32G471QCT6, STM32G471QET3, STM32G471RCT6, STM32G471RET3, STM32G471RET6, STM32G471VCH6, STM32G471VCI6, STM32G471VCT6, STM32G471VEH3, STM32G471VEH6, STM32G471VEI3, STM32G471VEI6, STM32G471VET3, STM32G471VET6, STM32G474CCT6, STM32L4R5QGI6STR, STM32U595ZJT6Q, STM32U599BJY6QTR, STM32U599NIH6Q, STM32U599NJH6Q, STM32U5A5ZJT6Q, STM32U5A9BJY6QTR, STM32U5A9NJH6Q]
2024-05-03 14:01:12,039 [INFO] DbMcus:201 - Found 4063 MCUs, 4063 are supported
2024-05-03 14:01:12,039 [INFO] ApiDb:407 - Load user favorites file C:\Users\hoatt/.stm32cubeide/favorites.mcus.txt: 0 item(s)
2024-05-03 14:01:12,039 [INFO] ApiDb:411 - User favorites MCUs=[]
2024-05-03 14:01:12,039 [INFO] DbMcus:207 - Set 0 / 0 favorites MCUs
2024-05-03 14:01:12,039 [INFO] ApiDb:432 - Save user favorites file C:\Users\hoatt/.stm32cubeide/favorites.boards.txt: 0 item(s)
2024-05-03 14:01:12,039 [INFO] ApiDb:436 - User favorites Boards=[]
2024-05-03 14:01:12,039 [INFO] ApiDb:567 - Connected to CubeFinder SQLite database (C:\Users\hoatt\.stmcufinder\plugins\mcufinder\mcu\cube-finder-db.db)
2024-05-03 14:01:12,211 [INFO] ApiDb:654 - CubeFinder database Data Model version=2.1
2024-05-03 14:01:12,211 [INFO] ApiDb:655 - CubeFinder database Configuration version=3.0.39
2024-05-03 14:01:12,211 [INFO] ApiDb:656 - CubeFinder database generation date=2024-04-15 (1713193726)
2024-05-03 14:01:12,211 [INFO] ApiDb:657 - CubeFinder database FW Pack versions=[FP-ATR-ASTRA1_V2.0.0, FP-SNS-FLIGHT1_V5.0.1, FP-SNS-FLIGHT1_V5.0.2, FP-SNS-MOTENV1_V4.3.1, FP-SNS-MOTENV1_V4.3.2, FP-SNS-MOTENVWB1_V1.3.1, FP-SNS-SMARTAG2_V1.2.0, STM32Cube_FW_C0_V1.1.0, STM32Cube_FW_F4_V1.28.0, STM32Cube_FW_F7_V1.17.0, STM32Cube_FW_G0_V1.6.2, STM32Cube_FW_G4_V1.5.2, STM32Cube_FW_H5_V0.5.1, STM32Cube_FW_H5_V1.1.1, STM32Cube_FW_H5_V1.2.0, STM32Cube_FW_H5_V1.2.0RC4, STM32Cube_FW_H7RS_V1.0.0, STM32Cube_FW_H7RS_V1.0.0RC4, STM32Cube_FW_H7_V1.11.0, STM32Cube_FW_L0_V1.12.2, STM32Cube_FW_L5_V1.5.1, STM32Cube_FW_U0_V1.0.0, STM32Cube_FW_U0_V1.0.0RC1, STM32Cube_FW_U5_V1.3.0RC4, STM32Cube_FW_U5_V1.5.0, STM32Cube_FW_U5_V1.5.0RC1, STM32Cube_FW_WBA_V1.0.0RC1, STM32Cube_FW_WBA_V1.2.0, STM32Cube_FW_WBA_V1.2.0RC2, STM32Cube_FW_WBA_V1.3.0, STM32Cube_FW_WBA_V1.3.0RC1, STM32Cube_FW_WB_V1.15.0RC1, STM32Cube_FW_WB_V1.16.0, STM32Cube_FW_WB_V1.16.0RC2, STM32Cube_FW_WB_V1.18.0, STM32Cube_FW_WB_V1.19.0, STM32Cube_FW_WL_V1.3.0, X-CUBE-ALGOBUILD_V1.3.0, X-CUBE-ALS_V1.0.1, X-CUBE-AZRTOS-F4_V1.1.0, X-CUBE-AZRTOS-F7_V1.1.0, X-CUBE-AZRTOS-G0_V1.1.0, X-CUBE-AZRTOS-G4_V2.0.0, X-CUBE-AZRTOS-H7_V3.2.0, X-CUBE-AZRTOS-L4_V1.0.0, X-CUBE-AZRTOS-L4_V2.0.0, X-CUBE-AZRTOS-L5_V1.1.0, X-CUBE-AZRTOS-WB_V2.0.0, X-CUBE-AZRTOS-WL_V2.0.0, X-CUBE-BLE1_V7.0.0, X-CUBE-BLE2_V3.3.0, X-CUBE-BLEMGR_V3.1.0, X-CUBE-EEPRMA1_V4.1.0, X-CUBE-EEPRMA1_V5.1.0, X-CUBE-FREERTOS_V1.1.0, X-CUBE-GNSS1_V6.0.0, X-CUBE-MEMS1_V10.0.0, X-CUBE-MEMS1_V9.1.0, X-CUBE-MEMS1_V9.4.0, X-CUBE-MEMS1_V9.6.0, X-CUBE-NFC4_V3.0.0, X-CUBE-NFC7_V1.0.1, X-CUBE-SFXS2LP1_V4.0.0, X-CUBE-SUBG2_V5.0.0, X-CUBE-TOF1_V3.4.0]
2024-05-03 14:01:12,321 [INFO] DbBoardsSqlite:220 - include board P-NUCLEO-WB55-NUCLEO as a kit item of type 'Nucleo-64'
2024-05-03 14:01:12,321 [INFO] DbBoardsSqlite:220 - include board P-NUCLEO-WB55-USBDONGLE as a kit item of type 'Nucleo USB Dongle'
2024-05-03 14:01:12,321 [INFO] DbBoardsSqlite:220 - include board STEVAL-IDP005V1 as a kit item of type 'Evaluation Board'
2024-05-03 14:01:12,321 [INFO] DbBoardsSqlite:220 - include board STEVAL-IDP005V2 as a kit item of type 'Evaluation Board'
2024-05-03 14:01:12,415 [INFO] ApiDb:212 - Found 97 in-development CPN: [NUCLEO-C031C6, STM32C0116-DK, STM32C011D6Y3TR, STM32C011D6Y6TR, STM32C011F4P3, STM32C011F4P6, STM32C011F4U3, STM32C011F4U6TR, STM32C011F6P3, STM32C011F6P6, STM32C011F6U3, STM32C011F6U6TR, STM32C011J4M3, STM32C011J4M6, STM32C011J6M3, STM32C011J6M6, STM32C0316-DK, STM32C031C4T3, STM32C031C4T6, STM32C031C4U3, STM32C031C4U6, STM32C031C6T3, STM32C031C6T6, STM32C031C6U3, STM32C031C6U6, STM32C031F4P3, STM32C031F4P6, STM32C031F6P3, STM32C031F6P6, STM32C031G4U3, STM32C031G4U6, STM32C031G6U3, STM32C031G6U6, STM32C031K4T3, STM32C031K4T6, STM32C031K4U3, STM32C031K4U6, STM32C031K6T3, STM32C031K6T6, STM32C031K6U3, STM32C031K6U6, STM32G071K8TXN, STM32G071K8UXN, STM32G081GBU6N, STM32G081KBT6N, STM32G081KBUXN, STM32G0B1CCT6N, STM32G0B1KCT6, STM32G0B1NEY6, STM32G0B1NEY6TR, STM32G0B1RCT6N, STM32G0C1CCT6, STM32G0C1CCT6N, STM32G0C1CCU6N, STM32G0C1CET6N, STM32G0C1CEU6N, STM32G0C1KCT6, STM32G0C1NEY6TR, STM32G0C1RCI6N, STM32G0C1RCT6N, STM32G0C1REI6N, STM32G0C1RET6N, STM32G0C1VCI6, STM32G0C1VEI6, STM32G471CCT6, STM32G471CCU6, STM32G471CET3, STM32G471CET6, STM32G471CEU3, STM32G471CEU6, STM32G471MCT6, STM32G471MET3, STM32G471MET6, STM32G471MEY6TR, STM32G471QCT6, STM32G471QET3, STM32G471RCT6, STM32G471RET3, STM32G471RET6, STM32G471VCH6, STM32G471VCI6, STM32G471VCT6, STM32G471VEH3, STM32G471VEH6, STM32G471VEI3, STM32G471VEI6, STM32G471VET3, STM32G471VET6, STM32G474CCT6, STM32L4R5QGI6STR, STM32U595ZJT6Q, STM32U599BJY6QTR, STM32U599NIH6Q, STM32U599NJH6Q, STM32U5A5ZJT6Q, STM32U5A9BJY6QTR, STM32U5A9NJH6Q]
2024-05-03 14:01:12,462 [INFO] BoardInfo:872 - No configuration file found for board B-G473E-ZEST1S
2024-05-03 14:01:12,462 [INFO] DbBoards:144 - Board is not supported: B-G473E-ZEST1S
2024-05-03 14:01:12,478 [INFO] BoardInfo:872 - No configuration file found for board B-WB1M-WPAN1
2024-05-03 14:01:12,478 [INFO] DbBoards:144 - Board is not supported: B-WB1M-WPAN1
2024-05-03 14:01:12,478 [INFO] BoardInfo:872 - No configuration file found for board B-WL5M-SUBG1
2024-05-03 14:01:12,478 [INFO] DbBoards:144 - Board is not supported: B-WL5M-SUBG1
2024-05-03 14:01:12,576 [INFO] BoardInfo:872 - No configuration file found for board NUCLEO-H503RB
2024-05-03 14:01:12,576 [INFO] DbBoards:144 - Board is not supported: NUCLEO-H503RB
2024-05-03 14:01:12,576 [INFO] BoardInfo:872 - No configuration file found for board NUCLEO-H533RE
2024-05-03 14:01:12,576 [INFO] DbBoards:144 - Board is not supported: NUCLEO-H533RE
2024-05-03 14:01:12,576 [INFO] BoardInfo:872 - No configuration file found for board NUCLEO-H563ZI
2024-05-03 14:01:12,576 [INFO] DbBoards:144 - Board is not supported: NUCLEO-H563ZI
2024-05-03 14:01:12,604 [INFO] BoardInfo:872 - No configuration file found for board NUCLEO-H7S3L8
2024-05-03 14:01:12,604 [INFO] DbBoards:144 - Board is not supported: NUCLEO-H7S3L8
2024-05-03 14:01:12,651 [INFO] BoardInfo:872 - No configuration file found for board NUCLEO-U031R8
2024-05-03 14:01:12,651 [INFO] DbBoards:144 - Board is not supported: NUCLEO-U031R8
2024-05-03 14:01:12,651 [INFO] BoardInfo:872 - No configuration file found for board NUCLEO-U083RC
2024-05-03 14:01:12,651 [INFO] DbBoards:144 - Board is not supported: NUCLEO-U083RC
2024-05-03 14:01:12,651 [INFO] BoardInfo:872 - No configuration file found for board NUCLEO-U545RE-Q
2024-05-03 14:01:12,651 [INFO] DbBoards:144 - Board is not supported: NUCLEO-U545RE-Q
2024-05-03 14:01:12,651 [INFO] BoardInfo:872 - No configuration file found for board NUCLEO-U5A5ZJ-Q
2024-05-03 14:01:12,651 [INFO] DbBoards:144 - Board is not supported: NUCLEO-U5A5ZJ-Q
2024-05-03 14:01:12,666 [INFO] BoardInfo:872 - No configuration file found for board NUCLEO-WBA52CG
2024-05-03 14:01:12,666 [INFO] DbBoards:144 - Board is not supported: NUCLEO-WBA52CG
2024-05-03 14:01:12,666 [INFO] BoardInfo:872 - No configuration file found for board NUCLEO-WBA55CG
2024-05-03 14:01:12,666 [INFO] DbBoards:144 - Board is not supported: NUCLEO-WBA55CG
2024-05-03 14:01:12,676 [INFO] BoardInfo:872 - No configuration file found for board P-NUCLEO-WB55
2024-05-03 14:01:12,676 [INFO] DbBoards:144 - Kit is not supported: P-NUCLEO-WB55
2024-05-03 14:01:12,682 [INFO] BoardInfo:872 - No configuration file found for board STEVAL-ASTRA1B
2024-05-03 14:01:12,682 [INFO] DbBoards:144 - Board is not supported: STEVAL-ASTRA1B
2024-05-03 14:01:12,682 [INFO] BoardInfo:872 - No configuration file found for board STEVAL-BFA001V1B
2024-05-03 14:01:12,682 [INFO] DbBoards:144 - Kit is not supported: STEVAL-BFA001V1B
2024-05-03 14:01:12,682 [INFO] BoardInfo:872 - No configuration file found for board STEVAL-BFA001V2B
2024-05-03 14:01:12,682 [INFO] DbBoards:144 - Kit is not supported: STEVAL-BFA001V2B
2024-05-03 14:01:12,682 [INFO] BoardInfo:872 - No configuration file found for board STEVAL-MKBOXPRO
2024-05-03 14:01:12,682 [INFO] DbBoards:144 - Board is not supported: STEVAL-MKBOXPRO
2024-05-03 14:01:12,682 [INFO] BoardInfo:872 - No configuration file found for board STEVAL-PROTEUS1
2024-05-03 14:01:12,682 [INFO] DbBoards:144 - Board is not supported: STEVAL-PROTEUS1
2024-05-03 14:01:12,698 [INFO] BoardInfo:872 - No configuration file found for board STEVAL-SMARTAG2
2024-05-03 14:01:12,698 [INFO] DbBoards:144 - Board is not supported: STEVAL-SMARTAG2
2024-05-03 14:01:12,698 [INFO] BoardInfo:872 - No configuration file found for board STEVAL-STWINBX1
2024-05-03 14:01:12,698 [INFO] DbBoards:144 - Board is not supported: STEVAL-STWINBX1
2024-05-03 14:01:12,698 [INFO] BoardInfo:872 - No configuration file found for board STM320518-EVAL
2024-05-03 14:01:12,698 [INFO] DbBoards:144 - Board is not supported: STM320518-EVAL
2024-05-03 14:01:12,823 [INFO] BoardInfo:872 - No configuration file found for board STM32H573I-DK
2024-05-03 14:01:12,823 [INFO] DbBoards:144 - Board is not supported: STM32H573I-DK
2024-05-03 14:01:12,854 [INFO] BoardInfo:872 - No configuration file found for board STM32H7S78-DK
2024-05-03 14:01:12,854 [INFO] DbBoards:144 - Board is not supported: STM32H7S78-DK
2024-05-03 14:01:12,876 [INFO] BoardInfo:872 - No configuration file found for board STM32MP135F-DK
2024-05-03 14:01:12,876 [INFO] DbBoards:144 - Board is not supported: STM32MP135F-DK
2024-05-03 14:01:12,886 [INFO] BoardInfo:872 - No configuration file found for board STM32U083C-DK
2024-05-03 14:01:12,901 [INFO] DbBoards:144 - Board is not supported: STM32U083C-DK
2024-05-03 14:01:12,901 [INFO] BoardInfo:872 - No configuration file found for board STM32U5A9J-DK
2024-05-03 14:01:12,901 [INFO] DbBoards:144 - Board is not supported: STM32U5A9J-DK
2024-05-03 14:01:12,901 [INFO] BoardInfo:872 - No configuration file found for board STM32U5G9J-DK1
2024-05-03 14:01:12,901 [INFO] DbBoards:144 - Board is not supported: STM32U5G9J-DK1
2024-05-03 14:01:12,901 [INFO] BoardInfo:872 - No configuration file found for board STM32U5G9J-DK2
2024-05-03 14:01:12,901 [INFO] DbBoards:144 - Board is not supported: STM32U5G9J-DK2
2024-05-03 14:01:12,901 [INFO] BoardInfo:872 - No configuration file found for board STM32WBA55G-DK1
2024-05-03 14:01:12,901 [INFO] DbBoards:144 - Board is not supported: STM32WBA55G-DK1
2024-05-03 14:01:12,901 [INFO] DbBoards:148 - Found 199 boards, 169 are supported
2024-05-03 14:01:12,917 [INFO] ApiDb:407 - Load user favorites file C:\Users\hoatt/.stm32cubeide/favorites.boards.txt: 0 item(s)
2024-05-03 14:01:12,917 [INFO] ApiDb:411 - User favorites Boards=[]
2024-05-03 14:01:12,917 [INFO] DbBoards:174 - Set 0 / 0 favorites Boards
2024-05-03 14:01:12,996 [INFO] ServerAccessManage:359 - Download File 
2024-05-03 14:01:13,011 [INFO] LoadUrlFilesThread:173 - End of LoadServerUrlFiles without Thread
2024-05-03 14:01:13,011 [INFO] TargetSelectorAdapter:228 - Refresh data is successful
2024-05-03 14:01:13,027 [INFO] ApiDb:654 - CubeFinder database Data Model version=2.1
2024-05-03 14:01:13,027 [INFO] ApiDb:655 - CubeFinder database Configuration version=3.0.39
2024-05-03 14:01:13,027 [INFO] ApiDb:656 - CubeFinder database generation date=2024-04-15 (1713193726)
2024-05-03 14:01:13,027 [INFO] ApiDb:657 - CubeFinder database FW Pack versions=[FP-ATR-ASTRA1_V2.0.0, FP-SNS-FLIGHT1_V5.0.1, FP-SNS-FLIGHT1_V5.0.2, FP-SNS-MOTENV1_V4.3.1, FP-SNS-MOTENV1_V4.3.2, FP-SNS-MOTENVWB1_V1.3.1, FP-SNS-SMARTAG2_V1.2.0, STM32Cube_FW_C0_V1.1.0, STM32Cube_FW_F4_V1.28.0, STM32Cube_FW_F7_V1.17.0, STM32Cube_FW_G0_V1.6.2, STM32Cube_FW_G4_V1.5.2, STM32Cube_FW_H5_V0.5.1, STM32Cube_FW_H5_V1.1.1, STM32Cube_FW_H5_V1.2.0, STM32Cube_FW_H5_V1.2.0RC4, STM32Cube_FW_H7RS_V1.0.0, STM32Cube_FW_H7RS_V1.0.0RC4, STM32Cube_FW_H7_V1.11.0, STM32Cube_FW_L0_V1.12.2, STM32Cube_FW_L5_V1.5.1, STM32Cube_FW_U0_V1.0.0, STM32Cube_FW_U0_V1.0.0RC1, STM32Cube_FW_U5_V1.3.0RC4, STM32Cube_FW_U5_V1.5.0, STM32Cube_FW_U5_V1.5.0RC1, STM32Cube_FW_WBA_V1.0.0RC1, STM32Cube_FW_WBA_V1.2.0, STM32Cube_FW_WBA_V1.2.0RC2, STM32Cube_FW_WBA_V1.3.0, STM32Cube_FW_WBA_V1.3.0RC1, STM32Cube_FW_WB_V1.15.0RC1, STM32Cube_FW_WB_V1.16.0, STM32Cube_FW_WB_V1.16.0RC2, STM32Cube_FW_WB_V1.18.0, STM32Cube_FW_WB_V1.19.0, STM32Cube_FW_WL_V1.3.0, X-CUBE-ALGOBUILD_V1.3.0, X-CUBE-ALS_V1.0.1, X-CUBE-AZRTOS-F4_V1.1.0, X-CUBE-AZRTOS-F7_V1.1.0, X-CUBE-AZRTOS-G0_V1.1.0, X-CUBE-AZRTOS-G4_V2.0.0, X-CUBE-AZRTOS-H7_V3.2.0, X-CUBE-AZRTOS-L4_V1.0.0, X-CUBE-AZRTOS-L4_V2.0.0, X-CUBE-AZRTOS-L5_V1.1.0, X-CUBE-AZRTOS-WB_V2.0.0, X-CUBE-AZRTOS-WL_V2.0.0, X-CUBE-BLE1_V7.0.0, X-CUBE-BLE2_V3.3.0, X-CUBE-BLEMGR_V3.1.0, X-CUBE-EEPRMA1_V4.1.0, X-CUBE-EEPRMA1_V5.1.0, X-CUBE-FREERTOS_V1.1.0, X-CUBE-GNSS1_V6.0.0, X-CUBE-MEMS1_V10.0.0, X-CUBE-MEMS1_V9.1.0, X-CUBE-MEMS1_V9.4.0, X-CUBE-MEMS1_V9.6.0, X-CUBE-NFC4_V3.0.0, X-CUBE-NFC7_V1.0.1, X-CUBE-SFXS2LP1_V4.0.0, X-CUBE-SUBG2_V5.0.0, X-CUBE-TOF1_V3.4.0]
2024-05-03 14:01:14,597 [ERROR] DbExamplesSqlite:409 - Missing JSON key: board_cpn
2024-05-03 14:01:14,597 [ERROR] DbExamplesSqlite:409 - Missing JSON key: board_cpn
2024-05-03 14:01:14,612 [ERROR] DbExamplesSqlite:409 - Missing JSON key: board_cpn
2024-05-03 14:01:14,612 [ERROR] DbExamplesSqlite:409 - Missing JSON key: board_cpn
2024-05-03 14:01:14,801 [INFO] DbExamplesSqlite:367 - Ignored 60 examples not supported by CubeIDE
2024-05-03 14:01:14,801 [INFO] DbExamplesSqlite:368 - Found 8152 examples active
2024-05-03 14:01:14,801 [INFO] DbExamplesSqlite:369 - Found 871 examples obsolete
2024-05-03 14:01:14,801 [INFO] DbExamplesSqlite:370 - Found 0 examples under development
2024-05-03 14:01:14,801 [INFO] DbExamplesSqlite:371 - Found 10 examples not building
2024-05-03 14:01:14,801 [INFO] DbExamples:124 - Found 8102 examples
2024-05-03 14:01:14,848 [ERROR] DbExamples:207 - Found 11 examples with invalid data (board or MCU)
2024-05-03 14:01:14,848 [INFO] DbExamples:221 - Found 101 boards with related examples
2024-05-03 14:01:14,848 [INFO] DbExamples:234 - Found 85 MCUs with related examples
2024-05-03 14:01:14,895 [INFO] ApiDb:398 - User favorites file not found: C:\Users\hoatt/.stm32cubeide/favorites.examples.txt
2024-05-03 14:01:14,895 [INFO] DbExamples:249 - Set 0 / 0 favorites Examples
2024-05-03 14:01:14,989 [INFO] McuFinderGlobals:52 - Set McuFinderConnectedMode to true
2024-05-03 14:01:15,005 [INFO] MultiScanPanel:195 - Auto-refresh data requested => check proxy status ongoing
2024-05-03 14:01:15,005 [INFO] FinderPluginLoader:87 - Searching for filters in installed packs
2024-05-03 14:01:16,448 [INFO] LoadUrlFilesThread:173 - End of LoadServerUrlFiles without Thread
2024-05-03 14:01:16,526 [INFO] DetailPanel:315 - Set advertising image to C:/Users/hoatt/STM32Cube/Repository/\en.prom-stm32h7rs-mcu-finder.png
2024-05-03 14:01:46,098 [INFO] MainUpdater:2729 - connection check result : 10
2024-05-03 14:01:46,098 [INFO] MainUpdater:2729 - connection check result : 10
2024-05-03 14:01:46,161 [INFO] MicroXplorer:447 - Change Database Path : 
2024-05-03 14:01:46,161 [INFO] MicroXplorer:477 - Change Database Version : DB.6.0.50
2024-05-03 14:01:46,161 [WARN] ThirdParty:823 - waiting for thirdparty lock release [close project]
2024-05-03 14:01:46,161 [INFO] ThirdParty:825 - entering critical section [close project]
2024-05-03 14:01:46,161 [INFO] ThirdParty:835 - exiting critical section [close project]
2024-05-03 14:01:46,161 [INFO] PinOutPanel:1465 - setPackage(No Configuration,No Configuration)
2024-05-03 14:01:46,177 [INFO] UtilMem:74 - Begin LoadConfig() Used Memory: 612265184 Bytes (821035008)
2024-05-03 14:01:46,177 [INFO] MicroXplorer:447 - Change Database Path : 
2024-05-03 14:01:46,177 [INFO] MicroXplorer:477 - Change Database Version : DB.6.0.50
2024-05-03 14:01:46,177 [INFO] OpenFileManager:303 - Change cursor
2024-05-03 14:01:46,208 [WARN] IntegrityCheckThread:78 - waiting for thirdparty lock release [integrity check]
2024-05-03 14:01:46,208 [INFO] IntegrityCheckThread:80 - entering critical section [integrity check]
2024-05-03 14:01:46,650 [WARN] PackLoader:238 - Cannot read IP mode file for STMicroelectronics.FP-SNS-MOTENVWB1.1.4.0
2024-05-03 14:01:46,650 [WARN] PackLoader:238 - Cannot read IP mode file for STMicroelectronics.X-CUBE-SMBUS.2.1.0
2024-05-03 14:01:46,663 [WARN] PackLoader:238 - Cannot read IP mode file for STMicroelectronics.X-CUBE-TOUCHGFX.4.23.2
2024-05-03 14:01:46,679 [WARN] PackLoader:238 - Cannot read IP mode file for STMicroelectronics.X-CUBE-AZRTOS-F7.1.1.0
2024-05-03 14:01:46,695 [WARN] PackLoader:238 - Cannot read IP mode file for STMicroelectronics.FP-SNS-FLIGHT1.5.0.2
2024-05-03 14:01:46,710 [WARN] PackLoader:238 - Cannot read IP mode file for STMicroelectronics.X-CUBE-DISPLAY.3.0.0
2024-05-03 14:01:46,726 [WARN] PackLoader:238 - Cannot read IP mode file for STMicroelectronics.X-CUBE-BLE1.7.0.0
2024-05-03 14:01:46,741 [WARN] PackLoader:238 - Cannot read IP mode file for emotas.I-CUBE-CANOPEN.1.3.0
2024-05-03 14:01:46,757 [WARN] PackLoader:238 - Cannot read IP mode file for STMicroelectronics.X-CUBE-BLEMGR.3.1.0
2024-05-03 14:01:46,757 [WARN] PackLoader:238 - Cannot read IP mode file for STMicroelectronics.FP-SNS-SMARTAG2.1.2.0
2024-05-03 14:01:46,773 [INFO] LogOutputStream:76 - [STDOUT_REDIRECT] 1 : Invalid condition id : UX_CORESTACK_Condition cause : null
2024-05-03 14:01:46,789 [INFO] LogOutputStream:76 - [STDOUT_REDIRECT] 1 : Invalid condition id : UX_CORESTACK_Condition cause : null
2024-05-03 14:01:46,789 [INFO] LogOutputStream:76 - [STDOUT_REDIRECT] 1 : Invalid condition id : UX_CORESTACK_Condition cause : null
2024-05-03 14:01:46,789 [INFO] LogOutputStream:76 - [STDOUT_REDIRECT] 1 : Invalid condition id : UX_CORESTACK_Condition cause : null
2024-05-03 14:01:46,789 [INFO] LogOutputStream:76 - [STDOUT_REDIRECT] 1 : Invalid condition id : UX_CORESTACK_Condition cause : null
2024-05-03 14:01:46,789 [WARN] PackLoader:238 - Cannot read IP mode file for STMicroelectronics.X-CUBE-AZRTOS-WL.2.0.0
2024-05-03 14:01:46,804 [WARN] PackLoader:238 - Cannot read IP mode file for STMicroelectronics.FP-SNS-MOTENV1.5.0.0
2024-05-03 14:01:46,804 [WARN] PackLoader:238 - Cannot read IP mode file for WES.I-CUBE-Cesium.1.3.0
2024-05-03 14:01:46,820 [WARN] PackLoader:238 - Cannot read IP mode file for STMicroelectronics.X-CUBE-BLE2.3.3.0
2024-05-03 14:01:46,836 [WARN] PackLoader:238 - Cannot read IP mode file for STMicroelectronics.X-CUBE-TCPP.4.1.0
2024-05-03 14:01:46,852 [WARN] PackLoader:238 - Cannot read IP mode file for STMicroelectronics.X-CUBE-ALGOBUILD.1.3.0
2024-05-03 14:01:46,867 [WARN] PackLoader:238 - Cannot read IP mode file for STMicroelectronics.X-CUBE-AZRTOS-G0.1.1.0
2024-05-03 14:01:46,883 [WARN] PackLoader:238 - Cannot read IP mode file for STMicroelectronics.X-CUBE-SAFEA1.1.2.2
2024-05-03 14:01:46,883 [WARN] PackLoader:238 - Cannot read IP mode file for STMicroelectronics.X-CUBE-NFC4.3.0.0
2024-05-03 14:01:46,899 [WARN] PackLoader:238 - Cannot read IP mode file for wolfSSL.I-CUBE-wolfSSL.5.7.0
2024-05-03 14:01:46,914 [WARN] PackLoader:238 - Cannot read IP mode file for STMicroelectronics.FP-ATR-SIGFOX1.3.2.0
2024-05-03 14:01:46,914 [WARN] PackLoader:238 - Cannot read IP mode file for STMicroelectronics.X-CUBE-EEPRMA1.5.1.0
2024-05-03 14:01:46,930 [WARN] PackLoader:238 - Cannot read IP mode file for ITTIA_DB.I-CUBE-ITTIADB.8.9.0
2024-05-03 14:01:46,977 [WARN] PackLoader:238 - Cannot read IP mode file for SEGGER.I-CUBE-embOS.1.3.1
2024-05-03 14:01:47,024 [WARN] PackLoader:238 - Cannot read IP mode file for STMicroelectronics.X-CUBE-GNSS1.6.0.0
2024-05-03 14:01:47,071 [WARN] PackLoader:238 - Cannot read IP mode file for STMicroelectronics.X-CUBE-AZRTOS-F4.1.1.0
2024-05-03 14:01:47,071 [WARN] PackLoader:238 - Cannot read IP mode file for STMicroelectronics.X-CUBE-FREERTOS.1.2.0
2024-05-03 14:01:47,102 [WARN] PackLoader:238 - Cannot read IP mode file for STMicroelectronics.X-CUBE-AZRTOS-L5.2.0.0
2024-05-03 14:01:47,118 [WARN] PackLoader:238 - Cannot read IP mode file for STMicroelectronics.X-CUBE-NFC6.3.1.0
2024-05-03 14:01:47,134 [WARN] PackLoader:238 - Cannot read IP mode file for STMicroelectronics.X-CUBE-AI.9.0.0
2024-05-03 14:01:47,151 [WARN] PackLoader:238 - Cannot read IP mode file for STMicroelectronics.X-CUBE-NFC7.1.0.1
2024-05-03 14:01:47,181 [WARN] ConditionMgr:437 - getConditionDescription Invalid condition id : LAN8742 Phy interface Condition cause : null
2024-05-03 14:01:47,181 [WARN] PackLoader:238 - Cannot read IP mode file for STMicroelectronics.X-CUBE-AZRTOS-L4.2.0.0
2024-05-03 14:01:47,181 [WARN] ConditionMgr:1038 - genDependencies : Invalid condition id : LAN8742 Phy interface Condition cause : null
2024-05-03 14:01:47,181 [WARN] ConditionMgr:1038 - genDependencies : Invalid condition id : LAN8742 Phy interface Condition cause : null
2024-05-03 14:01:47,181 [WARN] ConditionMgr:1038 - genDependencies : Invalid condition id : LAN8742 Phy interface Condition cause : null
2024-05-03 14:01:47,197 [WARN] PackLoader:238 - Cannot read IP mode file for STMicroelectronics.X-CUBE-SFXS2LP1.4.0.0
2024-05-03 14:01:47,228 [WARN] ConditionMgr:437 - getConditionDescription Invalid condition id : UX DEVICE CLASS RTOS Condition cause : null
2024-05-03 14:01:47,228 [WARN] ConditionMgr:437 - getConditionDescription Invalid condition id : UX DEVICE CLASS RTOS Condition cause : null
2024-05-03 14:01:47,228 [WARN] PackLoader:238 - Cannot read IP mode file for STMicroelectronics.X-CUBE-AZRTOS-WB.2.0.0
2024-05-03 14:01:47,228 [WARN] ConditionMgr:1038 - genDependencies : Invalid condition id : UX DEVICE CLASS RTOS Condition cause : null
2024-05-03 14:01:47,228 [WARN] ConditionMgr:1038 - genDependencies : Invalid condition id : UX DEVICE CLASS RTOS Condition cause : null
2024-05-03 14:01:47,228 [WARN] ConditionMgr:1038 - genDependencies : Invalid condition id : UX DEVICE CLASS RTOS Condition cause : null
2024-05-03 14:01:47,228 [WARN] ConditionMgr:1038 - genDependencies : Invalid condition id : UX DEVICE CLASS RTOS Condition cause : null
2024-05-03 14:01:47,228 [WARN] ConditionMgr:1038 - genDependencies : Invalid condition id : UX DEVICE CLASS RTOS Condition cause : null
2024-05-03 14:01:47,252 [WARN] PackLoader:238 - Cannot read IP mode file for STMicroelectronics.X-CUBE-SUBG2.5.0.0
2024-05-03 14:01:47,291 [WARN] PackLoader:238 - Cannot read IP mode file for STMicroelectronics.X-CUBE-AZRTOS-G4.2.0.0
2024-05-03 14:01:47,291 [WARN] PackLoader:238 - Cannot read IP mode file for STMicroelectronics.X-CUBE-ISPU.2.0.0
2024-05-03 14:01:47,369 [WARN] PackLoader:238 - Cannot read IP mode file for STMicroelectronics.X-CUBE-MEMS1.10.0.0
2024-05-03 14:01:47,605 [WARN] PackLoader:238 - Cannot read IP mode file for portGmbH.I-Cube-SoM-uGOAL.1.1.0
2024-05-03 14:01:47,620 [WARN] PackLoader:238 - Cannot read IP mode file for STMicroelectronics.X-CUBE-ALS.1.0.1
2024-05-03 14:01:47,653 [WARN] PackLoader:238 - Cannot read IP mode file for STMicroelectronics.X-CUBE-AZRTOS-H7RS.1.0.0
2024-05-03 14:01:47,653 [WARN] PackLoader:238 - Cannot read IP mode file for STMicroelectronics.FP-ATR-ASTRA1.2.0.0
2024-05-03 14:01:47,668 [WARN] PackLoader:238 - Cannot read IP mode file for STMicroelectronics.X-CUBE-TOF1.3.4.1
2024-05-03 14:01:47,730 [WARN] PackLoader:238 - Cannot read IP mode file for STMicroelectronics.X-CUBE-AZRTOS-H7.3.2.0
2024-05-03 14:01:47,753 [WARN] PackLoader:238 - Cannot read IP mode file for Infineon.AIROC-Wi-Fi-Bluetooth-STM32.1.6.0
2024-05-03 14:01:47,762 [INFO] ThirdParty:925 - Integrity check success = true
2024-05-03 14:01:47,762 [INFO] IntegrityCheckThread:94 - exiting critical section [integrity check]
2024-05-03 14:01:47,762 [INFO] IntegrityCheckThread:97 - End integrity checks thread
2024-05-03 14:01:47,997 [INFO] Mcu:1893 - Initializing MCU STM32F103C8Tx STM32F103C8Tx 
2024-05-03 14:01:47,997 [INFO] Mcu:1906 - No CPN specified => set CPN to STM32F103C8T6
2024-05-03 14:01:49,394 [INFO] Context:599 - Trying to add GPIOservice into a context  which must be forbidden
2024-05-03 14:01:49,770 [INFO] ImportTextPane:183 - (OptionalMessage_ERROR) Unable to find key (Mcu.ThirdPartyNb) in loaded IOC file
2024-05-03 14:01:49,770 [INFO] ImportTextPane:183 - (OptionalMessage_ERROR) Unable to find key (Mcu.PinsNb) in loaded IOC file
2024-05-03 14:01:49,770 [INFO] ImportTextPane:183 - (OptionalMessage_ERROR) Unable to find key (Mcu.IPNb) in loaded IOC file
2024-05-03 14:01:49,880 [WARN] ApiManager:304 - Cannot register API 'Board Extension:GNSS1A1' from pack STMicroelectronics.X-CUBE-GNSS1.6.0.0: no header file found
2024-05-03 14:01:49,880 [WARN] ApiManager:304 - Cannot register API 'Board Support:Custom' from pack STMicroelectronics.X-CUBE-GNSS1.6.0.0: no header file found
2024-05-03 14:01:49,880 [WARN] ApiManager:304 - Cannot register API 'Data Exchange:lib_gnss' from pack STMicroelectronics.X-CUBE-GNSS1.6.0.0: no header file found
2024-05-03 14:01:49,927 [WARN] ApiManager:304 - Cannot register API 'Board Extension:NFC06A1' from pack STMicroelectronics.X-CUBE-NFC6.3.1.0: no header file found
2024-05-03 14:01:49,927 [WARN] ApiManager:304 - Cannot register API 'Board Extension:NFC08A1' from pack STMicroelectronics.X-CUBE-NFC6.3.1.0: no header file found
2024-05-03 14:01:49,927 [INFO] RtosManager:484 - Registered RTOS mode: class=CMSIS, group=RTOS, mode=CMSIS_V1, owner=FREERTOS
2024-05-03 14:01:49,927 [INFO] RtosManager:484 - Registered RTOS mode: class=CMSIS, group=RTOS2, mode=CMSIS_V2, owner=FREERTOS
2024-05-03 14:01:49,927 [INFO] RtosManager:484 - Registered RTOS mode: class=RTOS, group=Core, mode=CMSIS_V1, owner=FREERTOS
2024-05-03 14:01:49,927 [INFO] RtosManager:484 - Registered RTOS mode: class=RTOS, group=Core, mode=CMSIS_V2, owner=FREERTOS
2024-05-03 14:01:49,927 [WARN] ModelIntegratedComponent:181 - Missing modes for component STMicroelectronics:FreeRTOS:0.0.1:STMicroelectronics:RTOS:FreeRTOS:Core:::10.2.0:
2024-05-03 14:01:49,927 [WARN] ApiManager:304 - Cannot register API 'Board Extension:STSAFEA1' from pack STMicroelectronics.X-CUBE-SAFEA1.1.2.2: no header file found
2024-05-03 14:01:49,927 [WARN] ApiManager:304 - Cannot register API 'Board Part:STSAFEA110' from pack STMicroelectronics.X-CUBE-SAFEA1.1.2.2: no header file found
2024-05-03 14:01:49,927 [WARN] ApiManager:304 - Cannot register API 'Security:ST_Cryptolib' from pack STMicroelectronics.X-CUBE-SAFEA1.1.2.2: no header file found
2024-05-03 14:01:49,927 [WARN] ApiManager:304 - Cannot register API 'Security:MbedTLS' from pack STMicroelectronics.X-CUBE-SAFEA1.1.2.2: no header file found
2024-05-03 14:01:49,927 [WARN] ApiManager:304 - Cannot register API 'Board Extension:NFC04A1' from pack STMicroelectronics.X-CUBE-NFC4.3.0.0: no header file found
2024-05-03 14:01:49,943 [WARN] ApiManager:304 - Cannot register API 'Board Extension:S2868A1' from pack STMicroelectronics.X-CUBE-SUBG2.5.0.0: no header file found
2024-05-03 14:01:49,943 [WARN] ApiManager:304 - Cannot register API 'Board Extension:S2868A2' from pack STMicroelectronics.X-CUBE-SUBG2.5.0.0: no header file found
2024-05-03 14:01:49,943 [WARN] ApiManager:304 - Cannot register API 'Board Extension:S2915A1' from pack STMicroelectronics.X-CUBE-SUBG2.5.0.0: no header file found
2024-05-03 14:01:49,959 [WARN] ApiManager:304 - Cannot register API 'Wireless:BlueNRG-MS' from pack STMicroelectronics.X-CUBE-BLE1.7.0.0: no header file found
2024-05-03 14:01:49,974 [WARN] ApiManager:304 - Cannot register API 'Board Extension:EEPRMA2' from pack STMicroelectronics.X-CUBE-EEPRMA1.5.1.0: no header file found
2024-05-03 14:01:49,974 [WARN] ApiManager:304 - Cannot register API 'Board Extension:PGEEZ1' from pack STMicroelectronics.X-CUBE-EEPRMA1.5.1.0: no header file found
2024-05-03 14:01:49,974 [WARN] ApiManager:304 - Cannot register API 'Board Extension:EEICA1' from pack STMicroelectronics.X-CUBE-EEPRMA1.5.1.0: no header file found
2024-05-03 14:01:49,974 [WARN] ApiManager:304 - Cannot register API 'Board Part:M24' from pack STMicroelectronics.X-CUBE-EEPRMA1.5.1.0: no header file found
2024-05-03 14:01:49,974 [WARN] ApiManager:304 - Cannot register API 'Board Part:M95' from pack STMicroelectronics.X-CUBE-EEPRMA1.5.1.0: no header file found
2024-05-03 14:01:49,974 [WARN] ApiManager:304 - Cannot register API 'Board Part:M95P32' from pack STMicroelectronics.X-CUBE-EEPRMA1.5.1.0: no header file found
2024-05-03 14:01:49,974 [WARN] ApiManager:304 - Cannot register API 'Board Part:M24256E-F' from pack STMicroelectronics.X-CUBE-EEPRMA1.5.1.0: no header file found
2024-05-03 14:01:49,974 [WARN] ApiManager:304 - Cannot register API 'Board Part:M24M01E-F' from pack STMicroelectronics.X-CUBE-EEPRMA1.5.1.0: no header file found
2024-05-03 14:01:49,974 [WARN] ApiManager:304 - Cannot register API 'PGEEZ1:SPI' from pack STMicroelectronics.X-CUBE-EEPRMA1.5.1.0: no header file found
2024-05-03 14:01:49,974 [WARN] ApiManager:304 - Cannot register API 'PGEEZ1:QDSPI' from pack STMicroelectronics.X-CUBE-EEPRMA1.5.1.0: no header file found
2024-05-03 14:01:49,974 [WARN] ModelIntegratedComponent:60 - No mode defined for component null
2024-05-03 14:01:49,974 [WARN] ModelIntegratedComponent:60 - No mode defined for component null
2024-05-03 14:01:49,974 [WARN] ModelIntegratedComponent:60 - No mode defined for component null
2024-05-03 14:01:49,974 [WARN] ModelIntegratedComponent:60 - No mode defined for component null
2024-05-03 14:01:49,990 [WARN] ModelIntegratedComponent:60 - No mode defined for component null
2024-05-03 14:01:49,990 [WARN] ModelIntegratedComponent:60 - No mode defined for component null
2024-05-03 14:01:49,990 [WARN] ModelIntegratedComponent:60 - No mode defined for component null
2024-05-03 14:01:49,990 [WARN] ModelIntegratedComponent:60 - No mode defined for component null
2024-05-03 14:01:49,990 [WARN] ModelIntegratedComponent:60 - No mode defined for component null
2024-05-03 14:01:49,990 [WARN] ModelIntegratedComponent:60 - No mode defined for component null
2024-05-03 14:01:49,990 [WARN] ModelIntegratedComponent:60 - No mode defined for component null
2024-05-03 14:01:49,990 [WARN] ModelIntegratedComponent:60 - No mode defined for component null
2024-05-03 14:01:49,990 [WARN] ModelIntegratedComponent:60 - No mode defined for component null
2024-05-03 14:01:49,990 [WARN] ModelIntegratedComponent:60 - No mode defined for component null
2024-05-03 14:01:49,990 [WARN] ModelIntegratedComponent:60 - No mode defined for component null
2024-05-03 14:01:49,990 [WARN] ModelIntegratedComponent:60 - No mode defined for component null
2024-05-03 14:01:49,990 [WARN] ModelIntegratedComponent:60 - No mode defined for component null
2024-05-03 14:01:49,990 [WARN] ModelIntegratedComponent:60 - No mode defined for component null
2024-05-03 14:01:49,990 [WARN] ModelIntegratedComponent:60 - No mode defined for component null
2024-05-03 14:01:49,990 [WARN] ModelIntegratedComponent:60 - No mode defined for component null
2024-05-03 14:01:49,990 [WARN] ModelIntegratedComponent:60 - No mode defined for component null
2024-05-03 14:01:49,990 [WARN] ModelIntegratedComponent:60 - No mode defined for component null
2024-05-03 14:01:49,990 [WARN] ModelIntegratedComponent:60 - No mode defined for component null
2024-05-03 14:01:49,990 [WARN] ModelIntegratedComponent:60 - No mode defined for component null
2024-05-03 14:01:49,990 [WARN] ModelIntegratedComponent:60 - No mode defined for component null
2024-05-03 14:01:49,990 [WARN] ModelIntegratedComponent:60 - No mode defined for component null
2024-05-03 14:01:49,990 [WARN] ModelIntegratedComponent:60 - No mode defined for component null
2024-05-03 14:01:49,990 [WARN] ModelIntegratedComponent:60 - No mode defined for component null
2024-05-03 14:01:49,990 [WARN] ModelIntegratedComponent:60 - No mode defined for component null
2024-05-03 14:01:49,990 [WARN] ModelIntegratedComponent:60 - No mode defined for component null
2024-05-03 14:01:49,990 [WARN] ModelIntegratedComponent:60 - No mode defined for component null
2024-05-03 14:01:49,990 [WARN] ModelIntegratedComponent:60 - No mode defined for component null
2024-05-03 14:01:49,990 [WARN] ModelIntegratedComponent:60 - No mode defined for component null
2024-05-03 14:01:50,194 [WARN] ApiManager:304 - Cannot register API 'Board Extension:IKS01A3' from pack STMicroelectronics.X-CUBE-MEMS1.10.0.0: no header file found
2024-05-03 14:01:50,194 [WARN] ApiManager:304 - Cannot register API 'Board Extension:IKS02A1' from pack STMicroelectronics.X-CUBE-MEMS1.10.0.0: no header file found
2024-05-03 14:01:50,194 [WARN] ApiManager:304 - Cannot register API 'Board Extension:IKS4A1' from pack STMicroelectronics.X-CUBE-MEMS1.10.0.0: no header file found
2024-05-03 14:01:50,210 [WARN] ApiManager:304 - Cannot register API 'Board Extension:NFC07A1' from pack STMicroelectronics.X-CUBE-NFC7.1.0.1: no header file found
2024-05-03 14:01:50,241 [WARN] ApiManager:304 - Cannot register API 'Board Extension:S2868A1' from pack STMicroelectronics.X-CUBE-SFXS2LP1.4.0.0: no header file found
2024-05-03 14:01:50,241 [WARN] ApiManager:304 - Cannot register API 'Board Extension:S2868A2' from pack STMicroelectronics.X-CUBE-SFXS2LP1.4.0.0: no header file found
2024-05-03 14:01:50,241 [WARN] ApiManager:304 - Cannot register API 'Board Extension:S2915A1' from pack STMicroelectronics.X-CUBE-SFXS2LP1.4.0.0: no header file found
2024-05-03 14:01:50,241 [WARN] ApiManager:304 - Cannot register API 'Wireless:BlueNRG-2' from pack STMicroelectronics.X-CUBE-BLE2.3.3.0: no header file found
2024-05-03 14:01:50,272 [INFO] ThirdPartyModel:282 - Start build external matchings
2024-05-03 14:01:50,837 [INFO] ThirdPartyModel:295 - End build external matchings
2024-05-03 14:01:51,230 [INFO] UtilMem:74 - End LoadConfig() Used Memory: 638825160 Bytes (821035008)
2024-05-03 14:01:51,277 [WARN] ThirdParty:785 - waiting for thirdparty lock release [change project]
2024-05-03 14:01:51,277 [INFO] ThirdParty:787 - entering critical section [change project]
2024-05-03 14:01:51,277 [INFO] ThirdParty:977 - CMSIS Pack Vendor :STMicroelectronics X-CUBE-GNSS1 6.0.0
2024-05-03 14:01:51,277 [INFO] ThirdParty:977 - CMSIS Pack Vendor :STMicroelectronics USB_HOST 2.0.0
2024-05-03 14:01:51,277 [INFO] ThirdParty:977 - CMSIS Pack Vendor :STMicroelectronics FP-SNS-MOTENVWB1 1.4.0
2024-05-03 14:01:51,277 [INFO] ThirdParty:977 - CMSIS Pack Vendor :STMicroelectronics X-CUBE-AZRTOS-F4 1.1.0
2024-05-03 14:01:51,277 [INFO] ThirdParty:977 - CMSIS Pack Vendor :STMicroelectronics LIBJPEG 8.0.0
2024-05-03 14:01:51,277 [INFO] ThirdParty:977 - CMSIS Pack Vendor :STMicroelectronics X-CUBE-SMBUS 2.1.0
2024-05-03 14:01:51,277 [INFO] ThirdParty:977 - CMSIS Pack Vendor :STMicroelectronics USB_DEVICE 3.0.0
2024-05-03 14:01:51,277 [INFO] ThirdParty:977 - CMSIS Pack Vendor :STMicroelectronics X-CUBE-TCPP 4.1.0
2024-05-03 14:01:51,277 [INFO] ThirdParty:977 - CMSIS Pack Vendor :STMicroelectronics X-CUBE-FREERTOS 1.2.0
2024-05-03 14:01:51,277 [INFO] ThirdParty:977 - CMSIS Pack Vendor :STMicroelectronics X-CUBE-AZRTOS-WB 2.0.0
2024-05-03 14:01:51,277 [INFO] ThirdParty:977 - CMSIS Pack Vendor :STMicroelectronics X-CUBE-TOUCHGFX 4.23.2
2024-05-03 14:01:51,277 [INFO] ThirdParty:977 - CMSIS Pack Vendor :STMicroelectronics X-CUBE-AZRTOS-F7 1.1.0
2024-05-03 14:01:51,277 [INFO] ThirdParty:977 - CMSIS Pack Vendor :STMicroelectronics X-CUBE-AZRTOS-L5 2.0.0
2024-05-03 14:01:51,277 [INFO] ThirdParty:977 - CMSIS Pack Vendor :STMicroelectronics USB_DEVICE 2.0.0
2024-05-03 14:01:51,277 [INFO] ThirdParty:977 - CMSIS Pack Vendor :STMicroelectronics X-CUBE-NFC6 3.1.0
2024-05-03 14:01:51,277 [INFO] ThirdParty:977 - CMSIS Pack Vendor :STMicroelectronics X-CUBE-ALGOBUILD 1.3.0
2024-05-03 14:01:51,277 [INFO] ThirdParty:977 - CMSIS Pack Vendor :STMicroelectronics FreeRTOS 0.0.1
2024-05-03 14:01:51,277 [INFO] ThirdParty:977 - CMSIS Pack Vendor :STMicroelectronics X-CUBE-AZRTOS-G0 1.1.0
2024-05-03 14:01:51,277 [INFO] ThirdParty:977 - CMSIS Pack Vendor :STMicroelectronics X-CUBE-SAFEA1 1.2.2
2024-05-03 14:01:51,277 [INFO] ThirdParty:977 - CMSIS Pack Vendor :STMicroelectronics X-CUBE-NFC4 3.0.0
2024-05-03 14:01:51,277 [INFO] ThirdParty:977 - CMSIS Pack Vendor :STMicroelectronics X-CUBE-SUBG2 5.0.0
2024-05-03 14:01:51,277 [INFO] ThirdParty:977 - CMSIS Pack Vendor :STMicroelectronics STM32_WPAN 1.0.0
2024-05-03 14:01:51,277 [INFO] ThirdParty:977 - CMSIS Pack Vendor :STMicroelectronics lwIP 2.0.3
2024-05-03 14:01:51,277 [INFO] ThirdParty:977 - CMSIS Pack Vendor :STMicroelectronics FP-SNS-FLIGHT1 5.0.2
2024-05-03 14:01:51,277 [INFO] ThirdParty:977 - CMSIS Pack Vendor :STMicroelectronics USB_HOST 1.0.0
2024-05-03 14:01:51,277 [INFO] ThirdParty:977 - CMSIS Pack Vendor :STMicroelectronics X-CUBE-AI 9.0.0
2024-05-03 14:01:51,277 [INFO] ThirdParty:977 - CMSIS Pack Vendor :STMicroelectronics X-CUBE-AZRTOS-G4 2.0.0
2024-05-03 14:01:51,277 [INFO] ThirdParty:977 - CMSIS Pack Vendor :STMicroelectronics PDM2PCM 3.1.0
2024-05-03 14:01:51,277 [INFO] ThirdParty:977 - CMSIS Pack Vendor :STMicroelectronics PDM2PCM 3.3.0
2024-05-03 14:01:51,277 [INFO] ThirdParty:977 - CMSIS Pack Vendor :STMicroelectronics X-CUBE-DISPLAY 3.0.0
2024-05-03 14:01:51,277 [INFO] ThirdParty:977 - CMSIS Pack Vendor :wolfSSL I-CUBE-wolfSSL 5.7.0
2024-05-03 14:01:51,277 [INFO] ThirdParty:977 - CMSIS Pack Vendor :STMicroelectronics X-CUBE-BLE1 7.0.0
2024-05-03 14:01:51,277 [INFO] ThirdParty:977 - CMSIS Pack Vendor :STMicroelectronics FP-ATR-SIGFOX1 3.2.0
2024-05-03 14:01:51,277 [INFO] ThirdParty:977 - CMSIS Pack Vendor :STMicroelectronics X-CUBE-ISPU 2.0.0
2024-05-03 14:01:51,277 [INFO] ThirdParty:977 - CMSIS Pack Vendor :STMicroelectronics X-CUBE-EEPRMA1 5.1.0
2024-05-03 14:01:51,277 [INFO] ThirdParty:977 - CMSIS Pack Vendor :STMicroelectronics HAL Drivers 0.0.0
2024-05-03 14:01:51,277 [INFO] ThirdParty:977 - CMSIS Pack Vendor :STMicroelectronics MBEDTLS 2.16.2
2024-05-03 14:01:51,277 [INFO] ThirdParty:977 - CMSIS Pack Vendor :emotas I-CUBE-CANOPEN 1.3.0
2024-05-03 14:01:51,277 [INFO] ThirdParty:977 - CMSIS Pack Vendor :STMicroelectronics X-CUBE-MEMS1 10.0.0
2024-05-03 14:01:51,277 [INFO] ThirdParty:977 - CMSIS Pack Vendor :STMicroelectronics X-CUBE-NFC7 1.0.1
2024-05-03 14:01:51,277 [INFO] ThirdParty:977 - CMSIS Pack Vendor :STMicroelectronics MBEDTLS 2.14.1
2024-05-03 14:01:51,277 [INFO] ThirdParty:977 - CMSIS Pack Vendor :ITTIA_DB I-CUBE-ITTIADB 8.9.0
2024-05-03 14:01:51,277 [INFO] ThirdParty:977 - CMSIS Pack Vendor :portGmbH I-Cube-SoM-uGOAL 1.1.0
2024-05-03 14:01:51,277 [INFO] ThirdParty:977 - CMSIS Pack Vendor :STMicroelectronics X-CUBE-ALS 1.0.1
2024-05-03 14:01:51,277 [INFO] ThirdParty:977 - CMSIS Pack Vendor :STMicroelectronics X-CUBE-BLEMGR 3.1.0
2024-05-03 14:01:51,277 [INFO] ThirdParty:977 - CMSIS Pack Vendor :STMicroelectronics ThreadX 1.0.0
2024-05-03 14:01:51,277 [INFO] ThirdParty:977 - CMSIS Pack Vendor :STMicroelectronics FP-SNS-SMARTAG2 1.2.0
2024-05-03 14:01:51,277 [INFO] ThirdParty:977 - CMSIS Pack Vendor :STMicroelectronics X-CUBE-AZRTOS-WL 2.0.0
2024-05-03 14:01:51,277 [INFO] ThirdParty:977 - CMSIS Pack Vendor :SEGGER I-CUBE-embOS 1.3.1
2024-05-03 14:01:51,277 [INFO] ThirdParty:977 - CMSIS Pack Vendor :STMicroelectronics FP-SNS-MOTENV1 5.0.0
2024-05-03 14:01:51,277 [INFO] ThirdParty:977 - CMSIS Pack Vendor :STMicroelectronics USB_DEVICE 1.0.0
2024-05-03 14:01:51,277 [INFO] ThirdParty:977 - CMSIS Pack Vendor :STMicroelectronics X-CUBE-AZRTOS-H7RS 1.0.0
2024-05-03 14:01:51,277 [INFO] ThirdParty:977 - CMSIS Pack Vendor :STMicroelectronics X-CUBE-AZRTOS-L4 2.0.0
2024-05-03 14:01:51,277 [INFO] ThirdParty:977 - CMSIS Pack Vendor :STMicroelectronics ThreadX 0.0.2
2024-05-03 14:01:51,277 [INFO] ThirdParty:977 - CMSIS Pack Vendor :WES I-CUBE-Cesium 1.3.0
2024-05-03 14:01:51,277 [INFO] ThirdParty:977 - CMSIS Pack Vendor :STMicroelectronics FP-ATR-ASTRA1 2.0.0
2024-05-03 14:01:51,277 [INFO] ThirdParty:977 - CMSIS Pack Vendor :STMicroelectronics lwIP 2.1.2
2024-05-03 14:01:51,277 [INFO] ThirdParty:977 - CMSIS Pack Vendor :STMicroelectronics X-CUBE-SFXS2LP1 4.0.0
2024-05-03 14:01:51,277 [INFO] ThirdParty:977 - CMSIS Pack Vendor :STMicroelectronics X-CUBE-BLE2 3.3.0
2024-05-03 14:01:51,277 [INFO] ThirdParty:977 - CMSIS Pack Vendor :STMicroelectronics X-CUBE-TOF1 3.4.1
2024-05-03 14:01:51,277 [INFO] ThirdParty:977 - CMSIS Pack Vendor :STMicroelectronics X-CUBE-AZRTOS-H7 3.2.0
2024-05-03 14:01:51,277 [INFO] ThirdParty:977 - CMSIS Pack Vendor :Infineon AIROC-Wi-Fi-Bluetooth-STM32 1.6.0
2024-05-03 14:01:51,277 [INFO] ThirdParty:977 - CMSIS Pack Vendor :STMicroelectronics PDM2PCM 3.2.0
2024-05-03 14:01:51,277 [INFO] ThirdParty:793 - exiting critical section [change project]
2024-05-03 14:01:51,748 [INFO] PinOutPanel:1465 - setPackage(No Configuration,No Configuration)
2024-05-03 14:01:51,748 [INFO] PinOutPanel:1465 - setPackage(STM32F103C8Tx,LQFP48)
2024-05-03 14:01:52,376 [INFO] UtilMem:74 - Before build in PCC Used Memory: 656178360 Bytes (821035008)
2024-05-03 14:01:53,442 [INFO] UtilMem:74 - After build in PCC Used Memory: 669949128 Bytes (821035008)
2024-05-03 14:01:53,474 [INFO] IPUIPlugin:75 - create IPUIPlugin
2024-05-03 14:01:53,474 [INFO] IPUIPlugin:75 - create IPUIPlugin
2024-05-03 14:01:53,474 [INFO] IPUIPlugin:75 - create IPUIPlugin
2024-05-03 14:01:53,474 [INFO] IPUIPlugin:75 - create IPUIPlugin
2024-05-03 14:01:53,474 [INFO] IPUIPlugin:75 - create IPUIPlugin
2024-05-03 14:01:53,474 [INFO] IPUIPlugin:75 - create IPUIPlugin
2024-05-03 14:01:53,474 [INFO] IPUIPlugin:75 - create IPUIPlugin
2024-05-03 14:01:53,474 [INFO] IPUIPlugin:75 - create IPUIPlugin
2024-05-03 14:01:53,474 [INFO] IPUIPlugin:75 - create IPUIPlugin
2024-05-03 14:01:53,474 [INFO] IPUIPlugin:75 - create IPUIPlugin
2024-05-03 14:01:53,474 [INFO] IPUIPlugin:75 - create IPUIPlugin
2024-05-03 14:01:53,474 [INFO] IPUIPlugin:75 - create IPUIPlugin
2024-05-03 14:01:53,474 [INFO] IPUIPlugin:75 - create IPUIPlugin
2024-05-03 14:01:53,474 [INFO] IPUIPlugin:75 - create IPUIPlugin
2024-05-03 14:01:53,474 [INFO] IPUIPlugin:75 - create IPUIPlugin
2024-05-03 14:01:53,474 [INFO] IPUIPlugin:75 - create IPUIPlugin
2024-05-03 14:01:53,474 [INFO] IPUIPlugin:75 - create IPUIPlugin
2024-05-03 14:01:53,474 [INFO] IPUIPlugin:75 - create IPUIPlugin
2024-05-03 14:01:53,474 [INFO] IPUIPlugin:75 - create IPUIPlugin
2024-05-03 14:01:53,474 [INFO] IPUIPlugin:75 - create IPUIPlugin
2024-05-03 14:01:53,474 [INFO] IPUIPlugin:75 - create IPUIPlugin
2024-05-03 14:01:53,474 [INFO] IPUIPlugin:75 - create IPUIPlugin
2024-05-03 14:01:53,489 [INFO] IPUIPlugin:75 - create IPUIPlugin
2024-05-03 14:01:53,489 [INFO] IPUIPlugin:75 - create IPUIPlugin
2024-05-03 14:01:53,489 [INFO] IPUIPlugin:75 - create IPUIPlugin
2024-05-03 14:01:53,489 [INFO] IPUIPlugin:75 - create IPUIPlugin
2024-05-03 14:01:53,489 [INFO] IPUIPlugin:75 - create IPUIPlugin
2024-05-03 14:01:53,788 [INFO] OpenFileManager:323 - Restore cursor
2024-05-03 14:01:55,420 [INFO] UtilMem:74 - End SaveConfig() Used Memory: 637587192 Bytes (821035008)
2024-05-03 14:01:55,749 [INFO] ServerAccessManage:359 - Download File stm32cube_fw_f1_v180.zip
2024-05-03 14:02:18,833 [ERROR] FileExtend:450 - File entry not found
2024-05-03 14:02:18,833 [INFO] FileExtend:235 - Unzip File : stm32cube_fw_f1_v180.zip
2024-05-03 14:02:18,833 [INFO] FileExtend:250 - Standard Zip Deflate
2024-05-03 14:02:40,163 [INFO] ServerAccessManage:359 - Download File stm32cube_fw_f1_v185.zip
2024-05-03 14:02:52,243 [INFO] FileExtend:235 - Unzip File : stm32cube_fw_f1_v185.zip
2024-05-03 14:02:52,243 [INFO] FileExtend:250 - Standard Zip Deflate
2024-05-03 14:02:59,853 [INFO] LoadServerPackagesThread:185 - End of LoadServerPackages Thread
2024-05-03 14:03:00,057 [INFO] ThirdPartyModel:282 - Start build external matchings
2024-05-03 14:03:00,057 [INFO] UtilMem:74 - End SaveConfig() Used Memory: 820561592 Bytes (1073741824)
2024-05-03 14:03:00,669 [INFO] ThirdPartyModel:295 - End build external matchings
2024-05-03 14:03:00,701 [INFO] CheckServerUpdateThread:115 - End of CheckServer Thread
2024-05-03 14:03:00,983 [INFO] BlockDiagram:2740 - set Specific Code input for plugin: NVIC
2024-05-03 14:03:00,983 [INFO] BlockDiagram:2740 - set Specific Code input for plugin: SYS
2024-05-03 14:03:00,983 [INFO] BlockDiagram:2740 - set Specific Code input for plugin: RCC
2024-05-03 14:03:00,983 [INFO] CodeGenerator:681 - code generatio: config db path: C:\ST\STM32CubeIDE_1.9.0\STM32CubeIDE\plugins\com.st.stm32cube.common.mx_6.5.0.202202251913\\db\
2024-05-03 14:03:01,627 [INFO] CodeEngine:237 - oldGeneratedFile, C:\Users\hoatt\STM32CubeIDE\workspace_1.9.0\HOA\MXTmpFiles\license.tmp_save
2024-05-03 14:03:02,207 [INFO] CodeEngine:261 - Generated code: C:\Users\hoatt\STM32CubeIDE\workspace_1.9.0\HOA\MXTmpFiles\license.tmp
2024-05-03 14:03:02,395 [INFO] CodeEngine:237 - oldGeneratedFile, C:\Users\hoatt\STM32CubeIDE\workspace_1.9.0\HOA\Core\Src\stm32f1xx_it.c_save
2024-05-03 14:03:02,599 [INFO] CodeEngine:261 - Generated code: C:\Users\hoatt\STM32CubeIDE\workspace_1.9.0\HOA\Core\Src\stm32f1xx_it.c
2024-05-03 14:03:02,615 [INFO] CodeEngine:237 - oldGeneratedFile, C:\Users\hoatt\STM32CubeIDE\workspace_1.9.0\HOA\Core\Inc\stm32f1xx_it.h_save
2024-05-03 14:03:02,741 [INFO] CodeEngine:261 - Generated code: C:\Users\hoatt\STM32CubeIDE\workspace_1.9.0\HOA\Core\Inc\stm32f1xx_it.h
2024-05-03 14:03:02,772 [INFO] CodeEngine:237 - oldGeneratedFile, C:\Users\hoatt\STM32CubeIDE\workspace_1.9.0\HOA\Core\Src\stm32f1xx_hal_msp.c_save
2024-05-03 14:03:02,976 [INFO] CodeEngine:261 - Generated code: C:\Users\hoatt\STM32CubeIDE\workspace_1.9.0\HOA\Core\Src\stm32f1xx_hal_msp.c
2024-05-03 14:03:02,976 [INFO] CodeEngine:237 - oldGeneratedFile, C:\Users\hoatt\STM32CubeIDE\workspace_1.9.0\HOA\MXTmpFiles\system.tmp_save
2024-05-03 14:03:03,101 [INFO] CodeEngine:261 - Generated code: C:\Users\hoatt\STM32CubeIDE\workspace_1.9.0\HOA\MXTmpFiles\system.tmp
2024-05-03 14:03:03,122 [INFO] CodeEngine:237 - oldGeneratedFile, C:\Users\hoatt\STM32CubeIDE\workspace_1.9.0\HOA\Core\Inc\stm32f1xx_hal_conf.h_save
2024-05-03 14:03:03,290 [INFO] CodeEngine:261 - Generated code: C:\Users\hoatt\STM32CubeIDE\workspace_1.9.0\HOA\Core\Inc\stm32f1xx_hal_conf.h
2024-05-03 14:03:03,353 [INFO] CodeEngine:237 - oldGeneratedFile, C:\Users\hoatt\STM32CubeIDE\workspace_1.9.0\HOA\Core\Inc\main.h_save
2024-05-03 14:03:03,494 [INFO] CodeEngine:261 - Generated code: C:\Users\hoatt\STM32CubeIDE\workspace_1.9.0\HOA\Core\Inc\main.h
2024-05-03 14:03:03,509 [INFO] CodeEngine:237 - oldGeneratedFile, C:\Users\hoatt\STM32CubeIDE\workspace_1.9.0\HOA\Core\Src\main.c_save
2024-05-03 14:03:03,713 [INFO] CodeEngine:261 - Generated code: C:\Users\hoatt\STM32CubeIDE\workspace_1.9.0\HOA\Core\Src\main.c
2024-05-03 14:03:05,031 [INFO] ProjectBuilder:2913 - Time for Copy HAL[1] : 345mS.
2024-05-03 14:03:05,047 [INFO] ProjectBuilder:4015 - Project Generator version: 3.16.0
2024-05-03 14:03:05,527 [INFO] ConfigFileManager:1287 - The Die is : DIE410
2024-05-03 14:03:05,533 [INFO] ApiDbMcu:488 - Load IP Config File for FATFS
2024-05-03 14:03:05,549 [INFO] ApiDbMcu:488 - Load IP Config File for FREERTOS
2024-05-03 14:03:05,580 [INFO] ApiDbMcu:488 - Load IP Config File for USB_DEVICE
2024-05-03 14:03:09,738 [INFO] ProjectBuilder:4183 - Time for Generating toolchain IDE Files: 4691mS.
2024-05-03 14:03:09,738 [INFO] ProjectBuilder:2785 - Time for Copy CMSIS : 0mS.
2024-05-03 14:03:09,738 [INFO] ProjectBuilder:2785 - Time for Copy CMSIS : 0mS.
2024-05-03 14:03:10,428 [INFO] McuFinderGlobals:52 - Set McuFinderConnectedMode to true
2024-05-03 14:03:10,438 [INFO] ApiDb:432 - Save user favorites file C:\Users\hoatt/.stm32cubeide/favorites.mcus.txt: 0 item(s)
2024-05-03 14:03:10,438 [INFO] ApiDb:436 - User favorites MCUs=[]
2024-05-03 14:03:31,530 [INFO] Gpio:254 - dependency for GPIO [SYS]
2024-05-03 14:03:35,468 [INFO] UtilMem:74 - End SaveConfig() Used Memory: 857371104 Bytes (1073741824)
2024-05-03 14:03:36,676 [INFO] UtilMem:74 - End SaveConfig() Used Memory: 585500296 Bytes (1073741824)
2024-05-03 14:03:39,061 [INFO] UtilMem:74 - End SaveConfig() Used Memory: 649989768 Bytes (1073741824)
2024-05-03 14:03:39,610 [INFO] BlockDiagram:2740 - set Specific Code input for plugin: NVIC
2024-05-03 14:03:39,610 [INFO] BlockDiagram:2740 - set Specific Code input for plugin: SYS
2024-05-03 14:03:39,610 [INFO] BlockDiagram:2740 - set Specific Code input for plugin: GPIO
2024-05-03 14:03:39,610 [INFO] BlockDiagram:2740 - set Specific Code input for plugin: RCC
2024-05-03 14:03:39,610 [INFO] CodeGenerator:681 - code generatio: config db path: C:\ST\STM32CubeIDE_1.9.0\STM32CubeIDE\plugins\com.st.stm32cube.common.mx_6.5.0.202202251913\\db\
2024-05-03 14:03:39,876 [INFO] CodeEngine:237 - oldGeneratedFile, C:\Users\hoatt\STM32CubeIDE\workspace_1.9.0\HOA\MXTmpFiles\license.tmp_save
2024-05-03 14:03:40,033 [INFO] CodeEngine:261 - Generated code: C:\Users\hoatt\STM32CubeIDE\workspace_1.9.0\HOA\MXTmpFiles\license.tmp
2024-05-03 14:03:40,112 [INFO] CodeEngine:237 - oldGeneratedFile, C:\Users\hoatt\STM32CubeIDE\workspace_1.9.0\HOA\MXTmpFiles\gpio.tmp_save
2024-05-03 14:03:40,316 [INFO] CodeEngine:261 - Generated code: C:\Users\hoatt\STM32CubeIDE\workspace_1.9.0\HOA\MXTmpFiles\gpio.tmp
2024-05-03 14:03:40,363 [INFO] CodeEngine:237 - oldGeneratedFile, C:\Users\hoatt\STM32CubeIDE\workspace_1.9.0\HOA\Core\Src\stm32f1xx_it.c_save
2024-05-03 14:03:40,536 [INFO] CodeEngine:261 - Generated code: C:\Users\hoatt\STM32CubeIDE\workspace_1.9.0\HOA\Core\Src\stm32f1xx_it.c
2024-05-03 14:03:40,551 [INFO] CodeEngine:237 - oldGeneratedFile, C:\Users\hoatt\STM32CubeIDE\workspace_1.9.0\HOA\Core\Inc\stm32f1xx_it.h_save
2024-05-03 14:03:40,708 [INFO] CodeEngine:261 - Generated code: C:\Users\hoatt\STM32CubeIDE\workspace_1.9.0\HOA\Core\Inc\stm32f1xx_it.h
2024-05-03 14:03:40,740 [INFO] CodeEngine:237 - oldGeneratedFile, C:\Users\hoatt\STM32CubeIDE\workspace_1.9.0\HOA\Core\Src\stm32f1xx_hal_msp.c_save
2024-05-03 14:03:40,944 [INFO] CodeEngine:261 - Generated code: C:\Users\hoatt\STM32CubeIDE\workspace_1.9.0\HOA\Core\Src\stm32f1xx_hal_msp.c
2024-05-03 14:03:40,959 [INFO] CodeEngine:237 - oldGeneratedFile, C:\Users\hoatt\STM32CubeIDE\workspace_1.9.0\HOA\MXTmpFiles\system.tmp_save
2024-05-03 14:03:41,085 [INFO] CodeEngine:261 - Generated code: C:\Users\hoatt\STM32CubeIDE\workspace_1.9.0\HOA\MXTmpFiles\system.tmp
2024-05-03 14:03:41,107 [INFO] CodeEngine:237 - oldGeneratedFile, C:\Users\hoatt\STM32CubeIDE\workspace_1.9.0\HOA\Core\Inc\stm32f1xx_hal_conf.h_save
2024-05-03 14:03:41,289 [INFO] CodeEngine:261 - Generated code: C:\Users\hoatt\STM32CubeIDE\workspace_1.9.0\HOA\Core\Inc\stm32f1xx_hal_conf.h
2024-05-03 14:03:41,367 [INFO] CodeEngine:237 - oldGeneratedFile, C:\Users\hoatt\STM32CubeIDE\workspace_1.9.0\HOA\Core\Inc\main.h_save
2024-05-03 14:03:41,618 [INFO] CodeEngine:261 - Generated code: C:\Users\hoatt\STM32CubeIDE\workspace_1.9.0\HOA\Core\Inc\main.h
2024-05-03 14:03:41,634 [INFO] CodeEngine:237 - oldGeneratedFile, C:\Users\hoatt\STM32CubeIDE\workspace_1.9.0\HOA\Core\Src\main.c_save
2024-05-03 14:03:41,869 [INFO] CodeEngine:261 - Generated code: C:\Users\hoatt\STM32CubeIDE\workspace_1.9.0\HOA\Core\Src\main.c
2024-05-03 14:03:43,689 [INFO] ProjectBuilder:2913 - Time for Copy HAL[1] : 408mS.
2024-05-03 14:03:43,689 [INFO] ProjectBuilder:4015 - Project Generator version: 3.16.0
2024-05-03 14:03:44,238 [INFO] ConfigFileManager:1287 - The Die is : DIE410
2024-05-03 14:03:46,388 [INFO] ProjectBuilder:4183 - Time for Generating toolchain IDE Files: 2699mS.
2024-05-03 14:03:46,388 [INFO] ProjectBuilder:2785 - Time for Copy CMSIS : 0mS.
2024-05-03 14:03:46,403 [INFO] ProjectBuilder:2785 - Time for Copy CMSIS : 0mS.
2024-05-03 14:07:58,507 [INFO] Gpio:254 - dependency for GPIO [SYS]
2024-05-03 14:08:10,978 [INFO] Gpio:254 - dependency for GPIO [SYS]
2024-05-03 14:08:12,326 [INFO] UtilMem:74 - End SaveConfig() Used Memory: 804473520 Bytes (1073741824)
2024-05-03 14:08:13,487 [INFO] UtilMem:74 - End SaveConfig() Used Memory: 648876304 Bytes (1073741824)
2024-05-03 14:08:15,229 [INFO] UtilMem:74 - End SaveConfig() Used Memory: 682430736 Bytes (1073741824)
2024-05-03 14:08:15,684 [INFO] BlockDiagram:2740 - set Specific Code input for plugin: NVIC
2024-05-03 14:08:15,684 [INFO] BlockDiagram:2740 - set Specific Code input for plugin: SYS
2024-05-03 14:08:15,684 [INFO] BlockDiagram:2740 - set Specific Code input for plugin: GPIO
2024-05-03 14:08:15,684 [INFO] BlockDiagram:2740 - set Specific Code input for plugin: RCC
2024-05-03 14:08:15,684 [INFO] CodeGenerator:681 - code generatio: config db path: C:\ST\STM32CubeIDE_1.9.0\STM32CubeIDE\plugins\com.st.stm32cube.common.mx_6.5.0.202202251913\\db\
2024-05-03 14:08:16,065 [INFO] CodeEngine:237 - oldGeneratedFile, C:\Users\hoatt\STM32CubeIDE\workspace_1.9.0\HOA\MXTmpFiles\license.tmp_save
2024-05-03 14:08:16,218 [INFO] CodeEngine:261 - Generated code: C:\Users\hoatt\STM32CubeIDE\workspace_1.9.0\HOA\MXTmpFiles\license.tmp
2024-05-03 14:08:16,260 [INFO] CodeEngine:237 - oldGeneratedFile, C:\Users\hoatt\STM32CubeIDE\workspace_1.9.0\HOA\MXTmpFiles\gpio.tmp_save
2024-05-03 14:08:16,427 [INFO] CodeEngine:261 - Generated code: C:\Users\hoatt\STM32CubeIDE\workspace_1.9.0\HOA\MXTmpFiles\gpio.tmp
2024-05-03 14:08:16,476 [INFO] CodeEngine:237 - oldGeneratedFile, C:\Users\hoatt\STM32CubeIDE\workspace_1.9.0\HOA\Core\Src\stm32f1xx_it.c_save
2024-05-03 14:08:16,611 [INFO] CodeEngine:261 - Generated code: C:\Users\hoatt\STM32CubeIDE\workspace_1.9.0\HOA\Core\Src\stm32f1xx_it.c
2024-05-03 14:08:16,627 [INFO] CodeEngine:237 - oldGeneratedFile, C:\Users\hoatt\STM32CubeIDE\workspace_1.9.0\HOA\Core\Inc\stm32f1xx_it.h_save
2024-05-03 14:08:16,775 [INFO] CodeEngine:261 - Generated code: C:\Users\hoatt\STM32CubeIDE\workspace_1.9.0\HOA\Core\Inc\stm32f1xx_it.h
2024-05-03 14:08:16,806 [INFO] CodeEngine:237 - oldGeneratedFile, C:\Users\hoatt\STM32CubeIDE\workspace_1.9.0\HOA\Core\Src\stm32f1xx_hal_msp.c_save
2024-05-03 14:08:16,968 [INFO] CodeEngine:261 - Generated code: C:\Users\hoatt\STM32CubeIDE\workspace_1.9.0\HOA\Core\Src\stm32f1xx_hal_msp.c
2024-05-03 14:08:16,977 [INFO] CodeEngine:237 - oldGeneratedFile, C:\Users\hoatt\STM32CubeIDE\workspace_1.9.0\HOA\MXTmpFiles\system.tmp_save
2024-05-03 14:08:17,064 [INFO] CodeEngine:261 - Generated code: C:\Users\hoatt\STM32CubeIDE\workspace_1.9.0\HOA\MXTmpFiles\system.tmp
2024-05-03 14:08:17,084 [INFO] CodeEngine:237 - oldGeneratedFile, C:\Users\hoatt\STM32CubeIDE\workspace_1.9.0\HOA\Core\Inc\stm32f1xx_hal_conf.h_save
2024-05-03 14:08:17,197 [INFO] CodeEngine:261 - Generated code: C:\Users\hoatt\STM32CubeIDE\workspace_1.9.0\HOA\Core\Inc\stm32f1xx_hal_conf.h
2024-05-03 14:08:17,243 [INFO] CodeEngine:237 - oldGeneratedFile, C:\Users\hoatt\STM32CubeIDE\workspace_1.9.0\HOA\Core\Inc\main.h_save
2024-05-03 14:08:17,346 [INFO] CodeEngine:261 - Generated code: C:\Users\hoatt\STM32CubeIDE\workspace_1.9.0\HOA\Core\Inc\main.h
2024-05-03 14:08:17,367 [INFO] CodeEngine:237 - oldGeneratedFile, C:\Users\hoatt\STM32CubeIDE\workspace_1.9.0\HOA\Core\Src\main.c_save
2024-05-03 14:08:17,596 [INFO] CodeEngine:261 - Generated code: C:\Users\hoatt\STM32CubeIDE\workspace_1.9.0\HOA\Core\Src\main.c
2024-05-03 14:08:18,861 [INFO] ProjectBuilder:2913 - Time for Copy HAL[1] : 421mS.
2024-05-03 14:08:18,864 [INFO] ProjectBuilder:4015 - Project Generator version: 3.16.0
2024-05-03 14:08:19,301 [INFO] ConfigFileManager:1287 - The Die is : DIE410
2024-05-03 14:08:21,252 [INFO] ProjectBuilder:4183 - Time for Generating toolchain IDE Files: 2388mS.
2024-05-03 14:08:21,255 [INFO] ProjectBuilder:2785 - Time for Copy CMSIS : 2mS.
2024-05-03 14:08:21,265 [INFO] ProjectBuilder:2785 - Time for Copy CMSIS : 0mS.
2024-05-03 17:24:56,673 [INFO] MainUpdater:2729 - connection check result : 10
2024-05-03 17:24:57,050 [INFO] McuFinderGlobals:52 - Set McuFinderConnectedMode to true
2024-05-03 17:24:57,091 [INFO] MultiScanPanel:195 - Auto-refresh data requested => check proxy status ongoing
2024-05-03 17:24:57,104 [INFO] FinderPluginLoader:87 - Searching for filters in installed packs
2024-05-03 17:24:57,222 [INFO] ApiDb:567 - Connected to CubeFinder SQLite database (C:\Users\hoatt\.stmcufinder\plugins\mcufinder\mcu\cube-finder-db.db)
2024-05-03 17:25:00,539 [INFO] LoadUrlFilesThread:173 - End of LoadServerUrlFiles without Thread
2024-05-03 17:25:00,554 [INFO] DetailPanel:315 - Set advertising image to C:/Users/hoatt/STM32Cube/Repository/\en.prom-stm32h7rs-mcu-finder.png
2024-05-03 17:25:02,187 [INFO] ApiDb:654 - CubeFinder database Data Model version=2.1
2024-05-03 17:25:02,203 [INFO] ApiDb:655 - CubeFinder database Configuration version=3.0.39
2024-05-03 17:25:02,203 [INFO] ApiDb:656 - CubeFinder database generation date=2024-04-15 (1713193726)
2024-05-03 17:25:02,203 [INFO] ApiDb:657 - CubeFinder database FW Pack versions=[FP-ATR-ASTRA1_V2.0.0, FP-SNS-FLIGHT1_V5.0.1, FP-SNS-FLIGHT1_V5.0.2, FP-SNS-MOTENV1_V4.3.1, FP-SNS-MOTENV1_V4.3.2, FP-SNS-MOTENVWB1_V1.3.1, FP-SNS-SMARTAG2_V1.2.0, STM32Cube_FW_C0_V1.1.0, STM32Cube_FW_F4_V1.28.0, STM32Cube_FW_F7_V1.17.0, STM32Cube_FW_G0_V1.6.2, STM32Cube_FW_G4_V1.5.2, STM32Cube_FW_H5_V0.5.1, STM32Cube_FW_H5_V1.1.1, STM32Cube_FW_H5_V1.2.0, STM32Cube_FW_H5_V1.2.0RC4, STM32Cube_FW_H7RS_V1.0.0, STM32Cube_FW_H7RS_V1.0.0RC4, STM32Cube_FW_H7_V1.11.0, STM32Cube_FW_L0_V1.12.2, STM32Cube_FW_L5_V1.5.1, STM32Cube_FW_U0_V1.0.0, STM32Cube_FW_U0_V1.0.0RC1, STM32Cube_FW_U5_V1.3.0RC4, STM32Cube_FW_U5_V1.5.0, STM32Cube_FW_U5_V1.5.0RC1, STM32Cube_FW_WBA_V1.0.0RC1, STM32Cube_FW_WBA_V1.2.0, STM32Cube_FW_WBA_V1.2.0RC2, STM32Cube_FW_WBA_V1.3.0, STM32Cube_FW_WBA_V1.3.0RC1, STM32Cube_FW_WB_V1.15.0RC1, STM32Cube_FW_WB_V1.16.0, STM32Cube_FW_WB_V1.16.0RC2, STM32Cube_FW_WB_V1.18.0, STM32Cube_FW_WB_V1.19.0, STM32Cube_FW_WL_V1.3.0, X-CUBE-ALGOBUILD_V1.3.0, X-CUBE-ALS_V1.0.1, X-CUBE-AZRTOS-F4_V1.1.0, X-CUBE-AZRTOS-F7_V1.1.0, X-CUBE-AZRTOS-G0_V1.1.0, X-CUBE-AZRTOS-G4_V2.0.0, X-CUBE-AZRTOS-H7_V3.2.0, X-CUBE-AZRTOS-L4_V1.0.0, X-CUBE-AZRTOS-L4_V2.0.0, X-CUBE-AZRTOS-L5_V1.1.0, X-CUBE-AZRTOS-WB_V2.0.0, X-CUBE-AZRTOS-WL_V2.0.0, X-CUBE-BLE1_V7.0.0, X-CUBE-BLE2_V3.3.0, X-CUBE-BLEMGR_V3.1.0, X-CUBE-EEPRMA1_V4.1.0, X-CUBE-EEPRMA1_V5.1.0, X-CUBE-FREERTOS_V1.1.0, X-CUBE-GNSS1_V6.0.0, X-CUBE-MEMS1_V10.0.0, X-CUBE-MEMS1_V9.1.0, X-CUBE-MEMS1_V9.4.0, X-CUBE-MEMS1_V9.6.0, X-CUBE-NFC4_V3.0.0, X-CUBE-NFC7_V1.0.1, X-CUBE-SFXS2LP1_V4.0.0, X-CUBE-SUBG2_V5.0.0, X-CUBE-TOF1_V3.4.0]
2024-05-03 17:25:05,121 [ERROR] DbExamplesSqlite:409 - Missing JSON key: board_cpn
2024-05-03 17:25:05,121 [ERROR] DbExamplesSqlite:409 - Missing JSON key: board_cpn
2024-05-03 17:25:05,121 [ERROR] DbExamplesSqlite:409 - Missing JSON key: board_cpn
2024-05-03 17:25:05,121 [ERROR] DbExamplesSqlite:409 - Missing JSON key: board_cpn
2024-05-03 17:25:05,466 [INFO] DbExamplesSqlite:367 - Ignored 60 examples not supported by CubeIDE
2024-05-03 17:25:05,466 [INFO] DbExamplesSqlite:368 - Found 8152 examples active
2024-05-03 17:25:05,466 [INFO] DbExamplesSqlite:369 - Found 871 examples obsolete
2024-05-03 17:25:05,466 [INFO] DbExamplesSqlite:370 - Found 0 examples under development
2024-05-03 17:25:05,466 [INFO] DbExamplesSqlite:371 - Found 10 examples not building
2024-05-03 17:25:05,482 [INFO] DbExamples:124 - Found 8102 examples
2024-05-03 17:25:05,576 [ERROR] DbExamples:207 - Found 11 examples with invalid data (board or MCU)
2024-05-03 17:25:05,576 [INFO] DbExamples:221 - Found 101 boards with related examples
2024-05-03 17:25:05,576 [INFO] DbExamples:234 - Found 85 MCUs with related examples
2024-05-03 17:25:05,717 [INFO] ApiDb:398 - User favorites file not found: C:\Users\hoatt/.stm32cubeide/favorites.examples.txt
2024-05-03 17:25:05,717 [INFO] DbExamples:249 - Set 0 / 0 favorites Examples
2024-05-03 17:25:07,365 [INFO] MultiScanPanel:787 - Auto Refresh Data is not needed
2024-05-03 17:25:43,487 [INFO] MainUpdater:2729 - connection check result : 10
2024-05-03 17:25:43,487 [INFO] MainUpdater:2729 - connection check result : 10
2024-05-03 17:25:43,644 [INFO] MicroXplorer:447 - Change Database Path : 
2024-05-03 17:25:43,644 [INFO] MicroXplorer:477 - Change Database Version : DB.6.0.50
2024-05-03 17:25:43,659 [WARN] ThirdParty:823 - waiting for thirdparty lock release [close project]
2024-05-03 17:25:43,659 [INFO] ThirdParty:825 - entering critical section [close project]
2024-05-03 17:25:43,659 [INFO] ThirdParty:835 - exiting critical section [close project]
2024-05-03 17:25:43,680 [INFO] PinOutPanel:1465 - setPackage(No Configuration,No Configuration)
2024-05-03 17:25:43,722 [INFO] UtilMem:74 - Begin LoadConfig() Used Memory: 751863944 Bytes (1073741824)
2024-05-03 17:25:43,722 [INFO] MicroXplorer:447 - Change Database Path : 
2024-05-03 17:25:43,722 [INFO] MicroXplorer:477 - Change Database Version : DB.6.0.50
2024-05-03 17:25:43,722 [INFO] OpenFileManager:303 - Change cursor
2024-05-03 17:25:43,785 [INFO] RulesReader:57 - Compatibility file has been processed (281 Rules)
2024-05-03 17:25:43,785 [INFO] Mcu:1893 - Initializing MCU STM32F103C8Tx STM32F103C8Tx 
2024-05-03 17:25:43,801 [INFO] Mcu:1906 - No CPN specified => set CPN to STM32F103C8T6
2024-05-03 17:25:45,621 [INFO] Context:599 - Trying to add GPIOservice into a context  which must be forbidden
2024-05-03 17:25:46,029 [INFO] ImportTextPane:183 - (OptionalMessage_ERROR) Unable to find key (Mcu.ThirdPartyNb) in loaded IOC file
2024-05-03 17:25:46,029 [INFO] ImportTextPane:183 - (OptionalMessage_ERROR) Unable to find key (Mcu.PinsNb) in loaded IOC file
2024-05-03 17:25:46,029 [INFO] ImportTextPane:183 - (OptionalMessage_ERROR) Unable to find key (Mcu.IPNb) in loaded IOC file
2024-05-03 17:25:46,060 [WARN] ApiManager:304 - Cannot register API 'Board Extension:GNSS1A1' from pack STMicroelectronics.X-CUBE-GNSS1.6.0.0: no header file found
2024-05-03 17:25:46,060 [WARN] ApiManager:304 - Cannot register API 'Board Support:Custom' from pack STMicroelectronics.X-CUBE-GNSS1.6.0.0: no header file found
2024-05-03 17:25:46,060 [WARN] ApiManager:304 - Cannot register API 'Data Exchange:lib_gnss' from pack STMicroelectronics.X-CUBE-GNSS1.6.0.0: no header file found
2024-05-03 17:25:46,092 [WARN] ApiManager:304 - Cannot register API 'Board Extension:NFC06A1' from pack STMicroelectronics.X-CUBE-NFC6.3.1.0: no header file found
2024-05-03 17:25:46,092 [WARN] ApiManager:304 - Cannot register API 'Board Extension:NFC08A1' from pack STMicroelectronics.X-CUBE-NFC6.3.1.0: no header file found
2024-05-03 17:25:46,092 [INFO] RtosManager:484 - Registered RTOS mode: class=CMSIS, group=RTOS, mode=CMSIS_V1, owner=FREERTOS
2024-05-03 17:25:46,092 [INFO] RtosManager:484 - Registered RTOS mode: class=CMSIS, group=RTOS2, mode=CMSIS_V2, owner=FREERTOS
2024-05-03 17:25:46,092 [INFO] RtosManager:484 - Registered RTOS mode: class=RTOS, group=Core, mode=CMSIS_V1, owner=FREERTOS
2024-05-03 17:25:46,092 [INFO] RtosManager:484 - Registered RTOS mode: class=RTOS, group=Core, mode=CMSIS_V2, owner=FREERTOS
2024-05-03 17:25:46,092 [WARN] ModelIntegratedComponent:181 - Missing modes for component STMicroelectronics:FreeRTOS:0.0.1:STMicroelectronics:RTOS:FreeRTOS:Core:::10.2.0:
2024-05-03 17:25:46,108 [WARN] ApiManager:304 - Cannot register API 'Board Extension:STSAFEA1' from pack STMicroelectronics.X-CUBE-SAFEA1.1.2.2: no header file found
2024-05-03 17:25:46,108 [WARN] ApiManager:304 - Cannot register API 'Board Part:STSAFEA110' from pack STMicroelectronics.X-CUBE-SAFEA1.1.2.2: no header file found
2024-05-03 17:25:46,108 [WARN] ApiManager:304 - Cannot register API 'Security:ST_Cryptolib' from pack STMicroelectronics.X-CUBE-SAFEA1.1.2.2: no header file found
2024-05-03 17:25:46,108 [WARN] ApiManager:304 - Cannot register API 'Security:MbedTLS' from pack STMicroelectronics.X-CUBE-SAFEA1.1.2.2: no header file found
2024-05-03 17:25:46,108 [WARN] ApiManager:304 - Cannot register API 'Board Extension:NFC04A1' from pack STMicroelectronics.X-CUBE-NFC4.3.0.0: no header file found
2024-05-03 17:25:46,108 [WARN] ApiManager:304 - Cannot register API 'Board Extension:S2868A1' from pack STMicroelectronics.X-CUBE-SUBG2.5.0.0: no header file found
2024-05-03 17:25:46,108 [WARN] ApiManager:304 - Cannot register API 'Board Extension:S2868A2' from pack STMicroelectronics.X-CUBE-SUBG2.5.0.0: no header file found
2024-05-03 17:25:46,108 [WARN] ApiManager:304 - Cannot register API 'Board Extension:S2915A1' from pack STMicroelectronics.X-CUBE-SUBG2.5.0.0: no header file found
2024-05-03 17:25:46,123 [WARN] ApiManager:304 - Cannot register API 'Wireless:BlueNRG-MS' from pack STMicroelectronics.X-CUBE-BLE1.7.0.0: no header file found
2024-05-03 17:25:46,123 [WARN] ApiManager:304 - Cannot register API 'Board Extension:EEPRMA2' from pack STMicroelectronics.X-CUBE-EEPRMA1.5.1.0: no header file found
2024-05-03 17:25:46,123 [WARN] ApiManager:304 - Cannot register API 'Board Extension:PGEEZ1' from pack STMicroelectronics.X-CUBE-EEPRMA1.5.1.0: no header file found
2024-05-03 17:25:46,123 [WARN] ApiManager:304 - Cannot register API 'Board Extension:EEICA1' from pack STMicroelectronics.X-CUBE-EEPRMA1.5.1.0: no header file found
2024-05-03 17:25:46,123 [WARN] ApiManager:304 - Cannot register API 'Board Part:M24' from pack STMicroelectronics.X-CUBE-EEPRMA1.5.1.0: no header file found
2024-05-03 17:25:46,123 [WARN] ApiManager:304 - Cannot register API 'Board Part:M95' from pack STMicroelectronics.X-CUBE-EEPRMA1.5.1.0: no header file found
2024-05-03 17:25:46,123 [WARN] ApiManager:304 - Cannot register API 'Board Part:M95P32' from pack STMicroelectronics.X-CUBE-EEPRMA1.5.1.0: no header file found
2024-05-03 17:25:46,123 [WARN] ApiManager:304 - Cannot register API 'Board Part:M24256E-F' from pack STMicroelectronics.X-CUBE-EEPRMA1.5.1.0: no header file found
2024-05-03 17:25:46,123 [WARN] ApiManager:304 - Cannot register API 'Board Part:M24M01E-F' from pack STMicroelectronics.X-CUBE-EEPRMA1.5.1.0: no header file found
2024-05-03 17:25:46,123 [WARN] ApiManager:304 - Cannot register API 'PGEEZ1:SPI' from pack STMicroelectronics.X-CUBE-EEPRMA1.5.1.0: no header file found
2024-05-03 17:25:46,123 [WARN] ApiManager:304 - Cannot register API 'PGEEZ1:QDSPI' from pack STMicroelectronics.X-CUBE-EEPRMA1.5.1.0: no header file found
2024-05-03 17:25:46,123 [WARN] ModelIntegratedComponent:60 - No mode defined for component null
2024-05-03 17:25:46,123 [WARN] ModelIntegratedComponent:60 - No mode defined for component null
2024-05-03 17:25:46,123 [WARN] ModelIntegratedComponent:60 - No mode defined for component null
2024-05-03 17:25:46,123 [WARN] ModelIntegratedComponent:60 - No mode defined for component null
2024-05-03 17:25:46,123 [WARN] ModelIntegratedComponent:60 - No mode defined for component null
2024-05-03 17:25:46,123 [WARN] ModelIntegratedComponent:60 - No mode defined for component null
2024-05-03 17:25:46,123 [WARN] ModelIntegratedComponent:60 - No mode defined for component null
2024-05-03 17:25:46,123 [WARN] ModelIntegratedComponent:60 - No mode defined for component null
2024-05-03 17:25:46,123 [WARN] ModelIntegratedComponent:60 - No mode defined for component null
2024-05-03 17:25:46,123 [WARN] ModelIntegratedComponent:60 - No mode defined for component null
2024-05-03 17:25:46,123 [WARN] ModelIntegratedComponent:60 - No mode defined for component null
2024-05-03 17:25:46,123 [WARN] ModelIntegratedComponent:60 - No mode defined for component null
2024-05-03 17:25:46,123 [WARN] ModelIntegratedComponent:60 - No mode defined for component null
2024-05-03 17:25:46,123 [WARN] ModelIntegratedComponent:60 - No mode defined for component null
2024-05-03 17:25:46,123 [WARN] ModelIntegratedComponent:60 - No mode defined for component null
2024-05-03 17:25:46,123 [WARN] ModelIntegratedComponent:60 - No mode defined for component null
2024-05-03 17:25:46,123 [WARN] ModelIntegratedComponent:60 - No mode defined for component null
2024-05-03 17:25:46,123 [WARN] ModelIntegratedComponent:60 - No mode defined for component null
2024-05-03 17:25:46,123 [WARN] ModelIntegratedComponent:60 - No mode defined for component null
2024-05-03 17:25:46,123 [WARN] ModelIntegratedComponent:60 - No mode defined for component null
2024-05-03 17:25:46,123 [WARN] ModelIntegratedComponent:60 - No mode defined for component null
2024-05-03 17:25:46,123 [WARN] ModelIntegratedComponent:60 - No mode defined for component null
2024-05-03 17:25:46,123 [WARN] ModelIntegratedComponent:60 - No mode defined for component null
2024-05-03 17:25:46,123 [WARN] ModelIntegratedComponent:60 - No mode defined for component null
2024-05-03 17:25:46,123 [WARN] ModelIntegratedComponent:60 - No mode defined for component null
2024-05-03 17:25:46,123 [WARN] ModelIntegratedComponent:60 - No mode defined for component null
2024-05-03 17:25:46,123 [WARN] ModelIntegratedComponent:60 - No mode defined for component null
2024-05-03 17:25:46,123 [WARN] ModelIntegratedComponent:60 - No mode defined for component null
2024-05-03 17:25:46,123 [WARN] ModelIntegratedComponent:60 - No mode defined for component null
2024-05-03 17:25:46,123 [WARN] ModelIntegratedComponent:60 - No mode defined for component null
2024-05-03 17:25:46,123 [WARN] ModelIntegratedComponent:60 - No mode defined for component null
2024-05-03 17:25:46,123 [WARN] ModelIntegratedComponent:60 - No mode defined for component null
2024-05-03 17:25:46,123 [WARN] ModelIntegratedComponent:60 - No mode defined for component null
2024-05-03 17:25:46,387 [WARN] ApiManager:304 - Cannot register API 'Board Extension:IKS01A3' from pack STMicroelectronics.X-CUBE-MEMS1.10.0.0: no header file found
2024-05-03 17:25:46,390 [WARN] ApiManager:304 - Cannot register API 'Board Extension:IKS02A1' from pack STMicroelectronics.X-CUBE-MEMS1.10.0.0: no header file found
2024-05-03 17:25:46,390 [WARN] ApiManager:304 - Cannot register API 'Board Extension:IKS4A1' from pack STMicroelectronics.X-CUBE-MEMS1.10.0.0: no header file found
2024-05-03 17:25:46,406 [WARN] ApiManager:304 - Cannot register API 'Board Extension:NFC07A1' from pack STMicroelectronics.X-CUBE-NFC7.1.0.1: no header file found
2024-05-03 17:25:46,422 [WARN] ApiManager:304 - Cannot register API 'Board Extension:S2868A1' from pack STMicroelectronics.X-CUBE-SFXS2LP1.4.0.0: no header file found
2024-05-03 17:25:46,422 [WARN] ApiManager:304 - Cannot register API 'Board Extension:S2868A2' from pack STMicroelectronics.X-CUBE-SFXS2LP1.4.0.0: no header file found
2024-05-03 17:25:46,422 [WARN] ApiManager:304 - Cannot register API 'Board Extension:S2915A1' from pack STMicroelectronics.X-CUBE-SFXS2LP1.4.0.0: no header file found
2024-05-03 17:25:46,422 [WARN] ApiManager:304 - Cannot register API 'Wireless:BlueNRG-2' from pack STMicroelectronics.X-CUBE-BLE2.3.3.0: no header file found
2024-05-03 17:25:46,468 [INFO] ThirdPartyModel:282 - Start build external matchings
2024-05-03 17:25:47,316 [INFO] ThirdPartyModel:295 - End build external matchings
2024-05-03 17:25:47,865 [INFO] UtilMem:74 - End LoadConfig() Used Memory: 852163464 Bytes (1073741824)
2024-05-03 17:25:48,163 [WARN] ThirdParty:785 - waiting for thirdparty lock release [change project]
2024-05-03 17:25:48,163 [INFO] ThirdParty:787 - entering critical section [change project]
2024-05-03 17:25:48,163 [INFO] ThirdParty:977 - CMSIS Pack Vendor :STMicroelectronics X-CUBE-GNSS1 6.0.0
2024-05-03 17:25:48,163 [INFO] ThirdParty:977 - CMSIS Pack Vendor :STMicroelectronics USB_HOST 2.0.0
2024-05-03 17:25:48,163 [INFO] ThirdParty:977 - CMSIS Pack Vendor :STMicroelectronics FP-SNS-MOTENVWB1 1.4.0
2024-05-03 17:25:48,163 [INFO] ThirdParty:977 - CMSIS Pack Vendor :STMicroelectronics X-CUBE-AZRTOS-F4 1.1.0
2024-05-03 17:25:48,163 [INFO] ThirdParty:977 - CMSIS Pack Vendor :STMicroelectronics LIBJPEG 8.0.0
2024-05-03 17:25:48,163 [INFO] ThirdParty:977 - CMSIS Pack Vendor :STMicroelectronics X-CUBE-SMBUS 2.1.0
2024-05-03 17:25:48,163 [INFO] ThirdParty:977 - CMSIS Pack Vendor :STMicroelectronics USB_DEVICE 3.0.0
2024-05-03 17:25:48,163 [INFO] ThirdParty:977 - CMSIS Pack Vendor :STMicroelectronics X-CUBE-TCPP 4.1.0
2024-05-03 17:25:48,163 [INFO] ThirdParty:977 - CMSIS Pack Vendor :STMicroelectronics X-CUBE-FREERTOS 1.2.0
2024-05-03 17:25:48,163 [INFO] ThirdParty:977 - CMSIS Pack Vendor :STMicroelectronics X-CUBE-AZRTOS-WB 2.0.0
2024-05-03 17:25:48,163 [INFO] ThirdParty:977 - CMSIS Pack Vendor :STMicroelectronics X-CUBE-TOUCHGFX 4.23.2
2024-05-03 17:25:48,163 [INFO] ThirdParty:977 - CMSIS Pack Vendor :STMicroelectronics X-CUBE-AZRTOS-F7 1.1.0
2024-05-03 17:25:48,163 [INFO] ThirdParty:977 - CMSIS Pack Vendor :STMicroelectronics X-CUBE-AZRTOS-L5 2.0.0
2024-05-03 17:25:48,163 [INFO] ThirdParty:977 - CMSIS Pack Vendor :STMicroelectronics USB_DEVICE 2.0.0
2024-05-03 17:25:48,163 [INFO] ThirdParty:977 - CMSIS Pack Vendor :STMicroelectronics X-CUBE-NFC6 3.1.0
2024-05-03 17:25:48,163 [INFO] ThirdParty:977 - CMSIS Pack Vendor :STMicroelectronics X-CUBE-ALGOBUILD 1.3.0
2024-05-03 17:25:48,163 [INFO] ThirdParty:977 - CMSIS Pack Vendor :STMicroelectronics FreeRTOS 0.0.1
2024-05-03 17:25:48,163 [INFO] ThirdParty:977 - CMSIS Pack Vendor :STMicroelectronics X-CUBE-AZRTOS-G0 1.1.0
2024-05-03 17:25:48,163 [INFO] ThirdParty:977 - CMSIS Pack Vendor :STMicroelectronics X-CUBE-SAFEA1 1.2.2
2024-05-03 17:25:48,163 [INFO] ThirdParty:977 - CMSIS Pack Vendor :STMicroelectronics X-CUBE-NFC4 3.0.0
2024-05-03 17:25:48,163 [INFO] ThirdParty:977 - CMSIS Pack Vendor :STMicroelectronics X-CUBE-SUBG2 5.0.0
2024-05-03 17:25:48,163 [INFO] ThirdParty:977 - CMSIS Pack Vendor :STMicroelectronics STM32_WPAN 1.0.0
2024-05-03 17:25:48,163 [INFO] ThirdParty:977 - CMSIS Pack Vendor :STMicroelectronics lwIP 2.0.3
2024-05-03 17:25:48,163 [INFO] ThirdParty:977 - CMSIS Pack Vendor :STMicroelectronics FP-SNS-FLIGHT1 5.0.2
2024-05-03 17:25:48,163 [INFO] ThirdParty:977 - CMSIS Pack Vendor :STMicroelectronics USB_HOST 1.0.0
2024-05-03 17:25:48,163 [INFO] ThirdParty:977 - CMSIS Pack Vendor :STMicroelectronics X-CUBE-AI 9.0.0
2024-05-03 17:25:48,163 [INFO] ThirdParty:977 - CMSIS Pack Vendor :STMicroelectronics X-CUBE-AZRTOS-G4 2.0.0
2024-05-03 17:25:48,163 [INFO] ThirdParty:977 - CMSIS Pack Vendor :STMicroelectronics PDM2PCM 3.1.0
2024-05-03 17:25:48,163 [INFO] ThirdParty:977 - CMSIS Pack Vendor :STMicroelectronics PDM2PCM 3.3.0
2024-05-03 17:25:48,163 [INFO] ThirdParty:977 - CMSIS Pack Vendor :STMicroelectronics X-CUBE-DISPLAY 3.0.0
2024-05-03 17:25:48,163 [INFO] ThirdParty:977 - CMSIS Pack Vendor :wolfSSL I-CUBE-wolfSSL 5.7.0
2024-05-03 17:25:48,163 [INFO] ThirdParty:977 - CMSIS Pack Vendor :STMicroelectronics X-CUBE-BLE1 7.0.0
2024-05-03 17:25:48,163 [INFO] ThirdParty:977 - CMSIS Pack Vendor :STMicroelectronics FP-ATR-SIGFOX1 3.2.0
2024-05-03 17:25:48,163 [INFO] ThirdParty:977 - CMSIS Pack Vendor :STMicroelectronics X-CUBE-ISPU 2.0.0
2024-05-03 17:25:48,163 [INFO] ThirdParty:977 - CMSIS Pack Vendor :STMicroelectronics X-CUBE-EEPRMA1 5.1.0
2024-05-03 17:25:48,163 [INFO] ThirdParty:977 - CMSIS Pack Vendor :STMicroelectronics HAL Drivers 0.0.0
2024-05-03 17:25:48,163 [INFO] ThirdParty:977 - CMSIS Pack Vendor :STMicroelectronics MBEDTLS 2.16.2
2024-05-03 17:25:48,163 [INFO] ThirdParty:977 - CMSIS Pack Vendor :emotas I-CUBE-CANOPEN 1.3.0
2024-05-03 17:25:48,163 [INFO] ThirdParty:977 - CMSIS Pack Vendor :STMicroelectronics X-CUBE-MEMS1 10.0.0
2024-05-03 17:25:48,163 [INFO] ThirdParty:977 - CMSIS Pack Vendor :STMicroelectronics X-CUBE-NFC7 1.0.1
2024-05-03 17:25:48,163 [INFO] ThirdParty:977 - CMSIS Pack Vendor :STMicroelectronics MBEDTLS 2.14.1
2024-05-03 17:25:48,163 [INFO] ThirdParty:977 - CMSIS Pack Vendor :ITTIA_DB I-CUBE-ITTIADB 8.9.0
2024-05-03 17:25:48,163 [INFO] ThirdParty:977 - CMSIS Pack Vendor :portGmbH I-Cube-SoM-uGOAL 1.1.0
2024-05-03 17:25:48,163 [INFO] ThirdParty:977 - CMSIS Pack Vendor :STMicroelectronics X-CUBE-ALS 1.0.1
2024-05-03 17:25:48,163 [INFO] ThirdParty:977 - CMSIS Pack Vendor :STMicroelectronics X-CUBE-BLEMGR 3.1.0
2024-05-03 17:25:48,163 [INFO] ThirdParty:977 - CMSIS Pack Vendor :STMicroelectronics ThreadX 1.0.0
2024-05-03 17:25:48,163 [INFO] ThirdParty:977 - CMSIS Pack Vendor :STMicroelectronics FP-SNS-SMARTAG2 1.2.0
2024-05-03 17:25:48,163 [INFO] ThirdParty:977 - CMSIS Pack Vendor :STMicroelectronics X-CUBE-AZRTOS-WL 2.0.0
2024-05-03 17:25:48,163 [INFO] ThirdParty:977 - CMSIS Pack Vendor :SEGGER I-CUBE-embOS 1.3.1
2024-05-03 17:25:48,163 [INFO] ThirdParty:977 - CMSIS Pack Vendor :STMicroelectronics FP-SNS-MOTENV1 5.0.0
2024-05-03 17:25:48,163 [INFO] ThirdParty:977 - CMSIS Pack Vendor :STMicroelectronics USB_DEVICE 1.0.0
2024-05-03 17:25:48,163 [INFO] ThirdParty:977 - CMSIS Pack Vendor :STMicroelectronics X-CUBE-AZRTOS-H7RS 1.0.0
2024-05-03 17:25:48,163 [INFO] ThirdParty:977 - CMSIS Pack Vendor :STMicroelectronics X-CUBE-AZRTOS-L4 2.0.0
2024-05-03 17:25:48,163 [INFO] ThirdParty:977 - CMSIS Pack Vendor :STMicroelectronics ThreadX 0.0.2
2024-05-03 17:25:48,163 [INFO] ThirdParty:977 - CMSIS Pack Vendor :WES I-CUBE-Cesium 1.3.0
2024-05-03 17:25:48,163 [INFO] ThirdParty:977 - CMSIS Pack Vendor :STMicroelectronics FP-ATR-ASTRA1 2.0.0
2024-05-03 17:25:48,163 [INFO] ThirdParty:977 - CMSIS Pack Vendor :STMicroelectronics lwIP 2.1.2
2024-05-03 17:25:48,163 [INFO] ThirdParty:977 - CMSIS Pack Vendor :STMicroelectronics X-CUBE-SFXS2LP1 4.0.0
2024-05-03 17:25:48,163 [INFO] ThirdParty:977 - CMSIS Pack Vendor :STMicroelectronics X-CUBE-BLE2 3.3.0
2024-05-03 17:25:48,163 [INFO] ThirdParty:977 - CMSIS Pack Vendor :STMicroelectronics X-CUBE-TOF1 3.4.1
2024-05-03 17:25:48,163 [INFO] ThirdParty:977 - CMSIS Pack Vendor :STMicroelectronics X-CUBE-AZRTOS-H7 3.2.0
2024-05-03 17:25:48,163 [INFO] ThirdParty:977 - CMSIS Pack Vendor :Infineon AIROC-Wi-Fi-Bluetooth-STM32 1.6.0
2024-05-03 17:25:48,163 [INFO] ThirdParty:977 - CMSIS Pack Vendor :STMicroelectronics PDM2PCM 3.2.0
2024-05-03 17:25:48,163 [INFO] ThirdParty:793 - exiting critical section [change project]
2024-05-03 17:25:48,493 [INFO] PinOutPanel:1465 - setPackage(No Configuration,No Configuration)
2024-05-03 17:25:48,509 [INFO] PinOutPanel:1465 - setPackage(STM32F103C8Tx,LQFP48)
2024-05-03 17:25:48,838 [INFO] UtilMem:74 - Before build in PCC Used Memory: 704048560 Bytes (1073741824)
2024-05-03 17:25:49,466 [INFO] UtilMem:74 - After build in PCC Used Memory: 697273824 Bytes (1073741824)
2024-05-03 17:25:49,498 [INFO] IPUIPlugin:75 - create IPUIPlugin
2024-05-03 17:25:49,498 [INFO] IPUIPlugin:75 - create IPUIPlugin
2024-05-03 17:25:49,498 [INFO] IPUIPlugin:75 - create IPUIPlugin
2024-05-03 17:25:49,498 [INFO] IPUIPlugin:75 - create IPUIPlugin
2024-05-03 17:25:49,498 [INFO] IPUIPlugin:75 - create IPUIPlugin
2024-05-03 17:25:49,498 [INFO] IPUIPlugin:75 - create IPUIPlugin
2024-05-03 17:25:49,498 [INFO] IPUIPlugin:75 - create IPUIPlugin
2024-05-03 17:25:49,498 [INFO] IPUIPlugin:75 - create IPUIPlugin
2024-05-03 17:25:49,498 [INFO] IPUIPlugin:75 - create IPUIPlugin
2024-05-03 17:25:49,498 [INFO] IPUIPlugin:75 - create IPUIPlugin
2024-05-03 17:25:49,498 [INFO] IPUIPlugin:75 - create IPUIPlugin
2024-05-03 17:25:49,498 [INFO] IPUIPlugin:75 - create IPUIPlugin
2024-05-03 17:25:49,498 [INFO] IPUIPlugin:75 - create IPUIPlugin
2024-05-03 17:25:49,513 [INFO] IPUIPlugin:75 - create IPUIPlugin
2024-05-03 17:25:49,513 [INFO] IPUIPlugin:75 - create IPUIPlugin
2024-05-03 17:25:49,513 [INFO] IPUIPlugin:75 - create IPUIPlugin
2024-05-03 17:25:49,513 [INFO] IPUIPlugin:75 - create IPUIPlugin
2024-05-03 17:25:49,513 [INFO] IPUIPlugin:75 - create IPUIPlugin
2024-05-03 17:25:49,513 [INFO] IPUIPlugin:75 - create IPUIPlugin
2024-05-03 17:25:49,513 [INFO] IPUIPlugin:75 - create IPUIPlugin
2024-05-03 17:25:49,513 [INFO] IPUIPlugin:75 - create IPUIPlugin
2024-05-03 17:25:49,513 [INFO] IPUIPlugin:75 - create IPUIPlugin
2024-05-03 17:25:49,513 [INFO] IPUIPlugin:75 - create IPUIPlugin
2024-05-03 17:25:49,513 [INFO] IPUIPlugin:75 - create IPUIPlugin
2024-05-03 17:25:49,513 [INFO] IPUIPlugin:75 - create IPUIPlugin
2024-05-03 17:25:49,513 [INFO] IPUIPlugin:75 - create IPUIPlugin
2024-05-03 17:25:49,513 [INFO] IPUIPlugin:75 - create IPUIPlugin
2024-05-03 17:25:49,623 [INFO] OpenFileManager:323 - Restore cursor
2024-05-03 17:25:50,497 [INFO] UtilMem:74 - End SaveConfig() Used Memory: 747292912 Bytes (1073741824)
2024-05-03 17:25:50,612 [INFO] UtilMem:74 - End SaveConfig() Used Memory: 761236960 Bytes (1073741824)
2024-05-03 17:25:51,098 [INFO] BlockDiagram:2740 - set Specific Code input for plugin: NVIC
2024-05-03 17:25:51,098 [INFO] BlockDiagram:2740 - set Specific Code input for plugin: SYS
2024-05-03 17:25:51,098 [INFO] BlockDiagram:2740 - set Specific Code input for plugin: RCC
2024-05-03 17:25:51,098 [INFO] CodeGenerator:681 - code generatio: config db path: C:\ST\STM32CubeIDE_1.9.0\STM32CubeIDE\plugins\com.st.stm32cube.common.mx_6.5.0.202202251913\\db\
2024-05-03 17:25:51,522 [INFO] CodeEngine:237 - oldGeneratedFile, C:\Users\hoatt\STM32CubeIDE\workspace_1.9.0\GPIO\MXTmpFiles\license.tmp_save
2024-05-03 17:25:51,694 [INFO] CodeEngine:261 - Generated code: C:\Users\hoatt\STM32CubeIDE\workspace_1.9.0\GPIO\MXTmpFiles\license.tmp
2024-05-03 17:25:51,773 [INFO] CodeEngine:237 - oldGeneratedFile, C:\Users\hoatt\STM32CubeIDE\workspace_1.9.0\GPIO\Core\Src\stm32f1xx_it.c_save
2024-05-03 17:25:51,946 [INFO] CodeEngine:261 - Generated code: C:\Users\hoatt\STM32CubeIDE\workspace_1.9.0\GPIO\Core\Src\stm32f1xx_it.c
2024-05-03 17:25:51,961 [INFO] CodeEngine:237 - oldGeneratedFile, C:\Users\hoatt\STM32CubeIDE\workspace_1.9.0\GPIO\Core\Inc\stm32f1xx_it.h_save
2024-05-03 17:25:52,181 [INFO] CodeEngine:261 - Generated code: C:\Users\hoatt\STM32CubeIDE\workspace_1.9.0\GPIO\Core\Inc\stm32f1xx_it.h
2024-05-03 17:25:52,213 [INFO] CodeEngine:237 - oldGeneratedFile, C:\Users\hoatt\STM32CubeIDE\workspace_1.9.0\GPIO\Core\Src\stm32f1xx_hal_msp.c_save
2024-05-03 17:25:52,432 [INFO] CodeEngine:261 - Generated code: C:\Users\hoatt\STM32CubeIDE\workspace_1.9.0\GPIO\Core\Src\stm32f1xx_hal_msp.c
2024-05-03 17:25:52,448 [INFO] CodeEngine:237 - oldGeneratedFile, C:\Users\hoatt\STM32CubeIDE\workspace_1.9.0\GPIO\MXTmpFiles\system.tmp_save
2024-05-03 17:25:52,621 [INFO] CodeEngine:261 - Generated code: C:\Users\hoatt\STM32CubeIDE\workspace_1.9.0\GPIO\MXTmpFiles\system.tmp
2024-05-03 17:25:52,652 [INFO] CodeEngine:237 - oldGeneratedFile, C:\Users\hoatt\STM32CubeIDE\workspace_1.9.0\GPIO\Core\Inc\stm32f1xx_hal_conf.h_save
2024-05-03 17:25:52,825 [INFO] CodeEngine:261 - Generated code: C:\Users\hoatt\STM32CubeIDE\workspace_1.9.0\GPIO\Core\Inc\stm32f1xx_hal_conf.h
2024-05-03 17:25:52,887 [INFO] CodeEngine:237 - oldGeneratedFile, C:\Users\hoatt\STM32CubeIDE\workspace_1.9.0\GPIO\Core\Inc\main.h_save
2024-05-03 17:25:53,028 [INFO] CodeEngine:261 - Generated code: C:\Users\hoatt\STM32CubeIDE\workspace_1.9.0\GPIO\Core\Inc\main.h
2024-05-03 17:25:53,044 [INFO] CodeEngine:237 - oldGeneratedFile, C:\Users\hoatt\STM32CubeIDE\workspace_1.9.0\GPIO\Core\Src\main.c_save
2024-05-03 17:25:53,248 [INFO] CodeEngine:261 - Generated code: C:\Users\hoatt\STM32CubeIDE\workspace_1.9.0\GPIO\Core\Src\main.c
2024-05-03 17:25:55,350 [INFO] ProjectBuilder:2913 - Time for Copy HAL[1] : 565mS.
2024-05-03 17:25:55,381 [INFO] ProjectBuilder:4015 - Project Generator version: 3.16.0
2024-05-03 17:25:56,167 [INFO] ConfigFileManager:1287 - The Die is : DIE410
2024-05-03 17:25:56,182 [INFO] ApiDbMcu:488 - Load IP Config File for FATFS
2024-05-03 17:25:56,182 [INFO] ApiDbMcu:488 - Load IP Config File for FREERTOS
2024-05-03 17:25:56,198 [INFO] ApiDbMcu:488 - Load IP Config File for USB_DEVICE
2024-05-03 17:26:01,126 [INFO] ProjectBuilder:4183 - Time for Generating toolchain IDE Files: 5745mS.
2024-05-03 17:26:01,126 [INFO] ProjectBuilder:2785 - Time for Copy CMSIS : 0mS.
2024-05-03 17:26:01,142 [INFO] ProjectBuilder:2785 - Time for Copy CMSIS : 0mS.
2024-05-03 17:26:03,152 [INFO] McuFinderGlobals:52 - Set McuFinderConnectedMode to true
2024-05-03 17:26:03,152 [INFO] ApiDb:432 - Save user favorites file C:\Users\hoatt/.stm32cubeide/favorites.mcus.txt: 0 item(s)
2024-05-03 17:26:03,152 [INFO] ApiDb:436 - User favorites MCUs=[]
2024-05-03 17:26:11,446 [INFO] UtilMem:74 - End SaveConfig() Used Memory: 622886336 Bytes (1073741824)
2024-05-03 17:26:13,504 [INFO] UtilMem:74 - End SaveConfig() Used Memory: 655370544 Bytes (1073741824)
2024-05-03 17:26:17,965 [INFO] UtilMem:74 - End SaveConfig() Used Memory: 758374736 Bytes (1073741824)
2024-05-03 17:26:18,450 [INFO] BlockDiagram:2740 - set Specific Code input for plugin: NVIC
2024-05-03 17:26:18,450 [INFO] BlockDiagram:2740 - set Specific Code input for plugin: SYS
2024-05-03 17:26:18,450 [INFO] BlockDiagram:2740 - set Specific Code input for plugin: GPIO
2024-05-03 17:26:18,450 [INFO] BlockDiagram:2740 - set Specific Code input for plugin: RCC
2024-05-03 17:26:18,466 [INFO] CodeGenerator:681 - code generatio: config db path: C:\ST\STM32CubeIDE_1.9.0\STM32CubeIDE\plugins\com.st.stm32cube.common.mx_6.5.0.202202251913\\db\
2024-05-03 17:26:18,842 [INFO] CodeEngine:237 - oldGeneratedFile, C:\Users\hoatt\STM32CubeIDE\workspace_1.9.0\GPIO\MXTmpFiles\license.tmp_save
2024-05-03 17:26:19,015 [INFO] CodeEngine:261 - Generated code: C:\Users\hoatt\STM32CubeIDE\workspace_1.9.0\GPIO\MXTmpFiles\license.tmp
2024-05-03 17:26:19,068 [INFO] CodeEngine:237 - oldGeneratedFile, C:\Users\hoatt\STM32CubeIDE\workspace_1.9.0\GPIO\MXTmpFiles\gpio.tmp_save
2024-05-03 17:26:19,235 [INFO] CodeEngine:261 - Generated code: C:\Users\hoatt\STM32CubeIDE\workspace_1.9.0\GPIO\MXTmpFiles\gpio.tmp
2024-05-03 17:26:19,298 [INFO] CodeEngine:237 - oldGeneratedFile, C:\Users\hoatt\STM32CubeIDE\workspace_1.9.0\GPIO\Core\Src\stm32f1xx_it.c_save
2024-05-03 17:26:19,549 [INFO] CodeEngine:261 - Generated code: C:\Users\hoatt\STM32CubeIDE\workspace_1.9.0\GPIO\Core\Src\stm32f1xx_it.c
2024-05-03 17:26:19,580 [INFO] CodeEngine:237 - oldGeneratedFile, C:\Users\hoatt\STM32CubeIDE\workspace_1.9.0\GPIO\Core\Inc\stm32f1xx_it.h_save
2024-05-03 17:26:19,847 [INFO] CodeEngine:261 - Generated code: C:\Users\hoatt\STM32CubeIDE\workspace_1.9.0\GPIO\Core\Inc\stm32f1xx_it.h
2024-05-03 17:26:19,910 [INFO] CodeEngine:237 - oldGeneratedFile, C:\Users\hoatt\STM32CubeIDE\workspace_1.9.0\GPIO\Core\Src\stm32f1xx_hal_msp.c_save
2024-05-03 17:26:20,192 [INFO] CodeEngine:261 - Generated code: C:\Users\hoatt\STM32CubeIDE\workspace_1.9.0\GPIO\Core\Src\stm32f1xx_hal_msp.c
2024-05-03 17:26:20,224 [INFO] CodeEngine:237 - oldGeneratedFile, C:\Users\hoatt\STM32CubeIDE\workspace_1.9.0\GPIO\MXTmpFiles\system.tmp_save
2024-05-03 17:26:20,371 [INFO] CodeEngine:261 - Generated code: C:\Users\hoatt\STM32CubeIDE\workspace_1.9.0\GPIO\MXTmpFiles\system.tmp
2024-05-03 17:26:20,427 [INFO] CodeEngine:237 - oldGeneratedFile, C:\Users\hoatt\STM32CubeIDE\workspace_1.9.0\GPIO\Core\Inc\stm32f1xx_hal_conf.h_save
2024-05-03 17:26:20,584 [INFO] CodeEngine:261 - Generated code: C:\Users\hoatt\STM32CubeIDE\workspace_1.9.0\GPIO\Core\Inc\stm32f1xx_hal_conf.h
2024-05-03 17:26:20,679 [INFO] CodeEngine:237 - oldGeneratedFile, C:\Users\hoatt\STM32CubeIDE\workspace_1.9.0\GPIO\Core\Inc\main.h_save
2024-05-03 17:26:20,835 [INFO] CodeEngine:261 - Generated code: C:\Users\hoatt\STM32CubeIDE\workspace_1.9.0\GPIO\Core\Inc\main.h
2024-05-03 17:26:20,883 [INFO] CodeEngine:237 - oldGeneratedFile, C:\Users\hoatt\STM32CubeIDE\workspace_1.9.0\GPIO\Core\Src\main.c_save
2024-05-03 17:26:21,181 [INFO] CodeEngine:261 - Generated code: C:\Users\hoatt\STM32CubeIDE\workspace_1.9.0\GPIO\Core\Src\main.c
2024-05-03 17:26:23,205 [INFO] ProjectBuilder:2913 - Time for Copy HAL[1] : 659mS.
2024-05-03 17:26:23,221 [INFO] ProjectBuilder:4015 - Project Generator version: 3.16.0
2024-05-03 17:26:23,723 [INFO] ConfigFileManager:1287 - The Die is : DIE410
2024-05-03 17:26:26,738 [INFO] ProjectBuilder:4183 - Time for Generating toolchain IDE Files: 3517mS.
2024-05-03 17:26:26,738 [INFO] ProjectBuilder:2785 - Time for Copy CMSIS : 0mS.
2024-05-03 17:26:26,754 [INFO] ProjectBuilder:2785 - Time for Copy CMSIS : 0mS.
2024-05-03 17:30:15,620 [INFO] MainUpdater:2729 - connection check result : 10
2024-05-03 17:30:15,877 [INFO] McuFinderGlobals:52 - Set McuFinderConnectedMode to true
2024-05-03 17:30:15,877 [INFO] MultiScanPanel:195 - Auto-refresh data requested => check proxy status ongoing
2024-05-03 17:30:15,877 [INFO] FinderPluginLoader:87 - Searching for filters in installed packs
2024-05-03 17:30:15,895 [INFO] ApiDb:567 - Connected to CubeFinder SQLite database (C:\Users\hoatt\.stmcufinder\plugins\mcufinder\mcu\cube-finder-db.db)
2024-05-03 17:30:16,944 [INFO] LoadUrlFilesThread:173 - End of LoadServerUrlFiles without Thread
2024-05-03 17:30:16,944 [INFO] DetailPanel:315 - Set advertising image to C:/Users/hoatt/STM32Cube/Repository/\en.prom-stm32h7rs-mcu-finder.png
2024-05-03 17:30:17,871 [INFO] ApiDb:654 - CubeFinder database Data Model version=2.1
2024-05-03 17:30:17,871 [INFO] ApiDb:655 - CubeFinder database Configuration version=3.0.39
2024-05-03 17:30:17,886 [INFO] ApiDb:656 - CubeFinder database generation date=2024-04-15 (1713193726)
2024-05-03 17:30:17,886 [INFO] ApiDb:657 - CubeFinder database FW Pack versions=[FP-ATR-ASTRA1_V2.0.0, FP-SNS-FLIGHT1_V5.0.1, FP-SNS-FLIGHT1_V5.0.2, FP-SNS-MOTENV1_V4.3.1, FP-SNS-MOTENV1_V4.3.2, FP-SNS-MOTENVWB1_V1.3.1, FP-SNS-SMARTAG2_V1.2.0, STM32Cube_FW_C0_V1.1.0, STM32Cube_FW_F4_V1.28.0, STM32Cube_FW_F7_V1.17.0, STM32Cube_FW_G0_V1.6.2, STM32Cube_FW_G4_V1.5.2, STM32Cube_FW_H5_V0.5.1, STM32Cube_FW_H5_V1.1.1, STM32Cube_FW_H5_V1.2.0, STM32Cube_FW_H5_V1.2.0RC4, STM32Cube_FW_H7RS_V1.0.0, STM32Cube_FW_H7RS_V1.0.0RC4, STM32Cube_FW_H7_V1.11.0, STM32Cube_FW_L0_V1.12.2, STM32Cube_FW_L5_V1.5.1, STM32Cube_FW_U0_V1.0.0, STM32Cube_FW_U0_V1.0.0RC1, STM32Cube_FW_U5_V1.3.0RC4, STM32Cube_FW_U5_V1.5.0, STM32Cube_FW_U5_V1.5.0RC1, STM32Cube_FW_WBA_V1.0.0RC1, STM32Cube_FW_WBA_V1.2.0, STM32Cube_FW_WBA_V1.2.0RC2, STM32Cube_FW_WBA_V1.3.0, STM32Cube_FW_WBA_V1.3.0RC1, STM32Cube_FW_WB_V1.15.0RC1, STM32Cube_FW_WB_V1.16.0, STM32Cube_FW_WB_V1.16.0RC2, STM32Cube_FW_WB_V1.18.0, STM32Cube_FW_WB_V1.19.0, STM32Cube_FW_WL_V1.3.0, X-CUBE-ALGOBUILD_V1.3.0, X-CUBE-ALS_V1.0.1, X-CUBE-AZRTOS-F4_V1.1.0, X-CUBE-AZRTOS-F7_V1.1.0, X-CUBE-AZRTOS-G0_V1.1.0, X-CUBE-AZRTOS-G4_V2.0.0, X-CUBE-AZRTOS-H7_V3.2.0, X-CUBE-AZRTOS-L4_V1.0.0, X-CUBE-AZRTOS-L4_V2.0.0, X-CUBE-AZRTOS-L5_V1.1.0, X-CUBE-AZRTOS-WB_V2.0.0, X-CUBE-AZRTOS-WL_V2.0.0, X-CUBE-BLE1_V7.0.0, X-CUBE-BLE2_V3.3.0, X-CUBE-BLEMGR_V3.1.0, X-CUBE-EEPRMA1_V4.1.0, X-CUBE-EEPRMA1_V5.1.0, X-CUBE-FREERTOS_V1.1.0, X-CUBE-GNSS1_V6.0.0, X-CUBE-MEMS1_V10.0.0, X-CUBE-MEMS1_V9.1.0, X-CUBE-MEMS1_V9.4.0, X-CUBE-MEMS1_V9.6.0, X-CUBE-NFC4_V3.0.0, X-CUBE-NFC7_V1.0.1, X-CUBE-SFXS2LP1_V4.0.0, X-CUBE-SUBG2_V5.0.0, X-CUBE-TOF1_V3.4.0]
2024-05-03 17:30:19,753 [ERROR] DbExamplesSqlite:409 - Missing JSON key: board_cpn
2024-05-03 17:30:19,753 [ERROR] DbExamplesSqlite:409 - Missing JSON key: board_cpn
2024-05-03 17:30:19,768 [ERROR] DbExamplesSqlite:409 - Missing JSON key: board_cpn
2024-05-03 17:30:19,768 [ERROR] DbExamplesSqlite:409 - Missing JSON key: board_cpn
2024-05-03 17:30:20,035 [INFO] DbExamplesSqlite:367 - Ignored 60 examples not supported by CubeIDE
2024-05-03 17:30:20,035 [INFO] DbExamplesSqlite:368 - Found 8152 examples active
2024-05-03 17:30:20,035 [INFO] DbExamplesSqlite:369 - Found 871 examples obsolete
2024-05-03 17:30:20,035 [INFO] DbExamplesSqlite:370 - Found 0 examples under development
2024-05-03 17:30:20,035 [INFO] DbExamplesSqlite:371 - Found 10 examples not building
2024-05-03 17:30:20,035 [INFO] DbExamples:124 - Found 8102 examples
2024-05-03 17:30:20,082 [ERROR] DbExamples:207 - Found 11 examples with invalid data (board or MCU)
2024-05-03 17:30:20,082 [INFO] DbExamples:221 - Found 101 boards with related examples
2024-05-03 17:30:20,082 [INFO] DbExamples:234 - Found 85 MCUs with related examples
2024-05-03 17:30:20,114 [INFO] ApiDb:398 - User favorites file not found: C:\Users\hoatt/.stm32cubeide/favorites.examples.txt
2024-05-03 17:30:20,114 [INFO] DbExamples:249 - Set 0 / 0 favorites Examples
2024-05-03 17:30:20,851 [INFO] MultiScanPanel:787 - Auto Refresh Data is not needed
2024-05-03 17:30:55,280 [INFO] MainUpdater:2729 - connection check result : 10
2024-05-03 17:30:55,280 [INFO] MainUpdater:2729 - connection check result : 10
2024-05-03 17:30:55,369 [INFO] MicroXplorer:447 - Change Database Path : 
2024-05-03 17:30:55,369 [INFO] MicroXplorer:477 - Change Database Version : DB.6.0.50
2024-05-03 17:30:55,380 [WARN] ThirdParty:823 - waiting for thirdparty lock release [close project]
2024-05-03 17:30:55,380 [INFO] ThirdParty:825 - entering critical section [close project]
2024-05-03 17:30:55,380 [INFO] ThirdParty:835 - exiting critical section [close project]
2024-05-03 17:30:55,380 [INFO] PinOutPanel:1465 - setPackage(No Configuration,No Configuration)
2024-05-03 17:30:55,385 [INFO] UtilMem:74 - Begin LoadConfig() Used Memory: 727920984 Bytes (1073741824)
2024-05-03 17:30:55,385 [INFO] MicroXplorer:447 - Change Database Path : 
2024-05-03 17:30:55,385 [INFO] MicroXplorer:477 - Change Database Version : DB.6.0.50
2024-05-03 17:30:55,385 [INFO] OpenFileManager:303 - Change cursor
2024-05-03 17:30:55,400 [INFO] RulesReader:57 - Compatibility file has been processed (281 Rules)
2024-05-03 17:30:55,416 [INFO] Mcu:1893 - Initializing MCU STM32F103C8Tx STM32F103C8Tx 
2024-05-03 17:30:55,416 [INFO] Mcu:1906 - No CPN specified => set CPN to STM32F103C8T6
2024-05-03 17:30:56,798 [INFO] Context:599 - Trying to add GPIOservice into a context  which must be forbidden
2024-05-03 17:30:56,986 [INFO] ImportTextPane:183 - (OptionalMessage_ERROR) Unable to find key (Mcu.ThirdPartyNb) in loaded IOC file
2024-05-03 17:30:56,986 [INFO] ImportTextPane:183 - (OptionalMessage_ERROR) Unable to find key (Mcu.PinsNb) in loaded IOC file
2024-05-03 17:30:56,986 [INFO] ImportTextPane:183 - (OptionalMessage_ERROR) Unable to find key (Mcu.IPNb) in loaded IOC file
2024-05-03 17:30:57,002 [WARN] ApiManager:304 - Cannot register API 'Board Extension:GNSS1A1' from pack STMicroelectronics.X-CUBE-GNSS1.6.0.0: no header file found
2024-05-03 17:30:57,002 [WARN] ApiManager:304 - Cannot register API 'Board Support:Custom' from pack STMicroelectronics.X-CUBE-GNSS1.6.0.0: no header file found
2024-05-03 17:30:57,002 [WARN] ApiManager:304 - Cannot register API 'Data Exchange:lib_gnss' from pack STMicroelectronics.X-CUBE-GNSS1.6.0.0: no header file found
2024-05-03 17:30:57,018 [WARN] ApiManager:304 - Cannot register API 'Board Extension:NFC06A1' from pack STMicroelectronics.X-CUBE-NFC6.3.1.0: no header file found
2024-05-03 17:30:57,018 [WARN] ApiManager:304 - Cannot register API 'Board Extension:NFC08A1' from pack STMicroelectronics.X-CUBE-NFC6.3.1.0: no header file found
2024-05-03 17:30:57,018 [INFO] RtosManager:484 - Registered RTOS mode: class=CMSIS, group=RTOS, mode=CMSIS_V1, owner=FREERTOS
2024-05-03 17:30:57,018 [INFO] RtosManager:484 - Registered RTOS mode: class=CMSIS, group=RTOS2, mode=CMSIS_V2, owner=FREERTOS
2024-05-03 17:30:57,018 [INFO] RtosManager:484 - Registered RTOS mode: class=RTOS, group=Core, mode=CMSIS_V1, owner=FREERTOS
2024-05-03 17:30:57,018 [INFO] RtosManager:484 - Registered RTOS mode: class=RTOS, group=Core, mode=CMSIS_V2, owner=FREERTOS
2024-05-03 17:30:57,018 [WARN] ModelIntegratedComponent:181 - Missing modes for component STMicroelectronics:FreeRTOS:0.0.1:STMicroelectronics:RTOS:FreeRTOS:Core:::10.2.0:
2024-05-03 17:30:57,018 [WARN] ApiManager:304 - Cannot register API 'Board Extension:STSAFEA1' from pack STMicroelectronics.X-CUBE-SAFEA1.1.2.2: no header file found
2024-05-03 17:30:57,018 [WARN] ApiManager:304 - Cannot register API 'Board Part:STSAFEA110' from pack STMicroelectronics.X-CUBE-SAFEA1.1.2.2: no header file found
2024-05-03 17:30:57,018 [WARN] ApiManager:304 - Cannot register API 'Security:ST_Cryptolib' from pack STMicroelectronics.X-CUBE-SAFEA1.1.2.2: no header file found
2024-05-03 17:30:57,018 [WARN] ApiManager:304 - Cannot register API 'Security:MbedTLS' from pack STMicroelectronics.X-CUBE-SAFEA1.1.2.2: no header file found
2024-05-03 17:30:57,018 [WARN] ApiManager:304 - Cannot register API 'Board Extension:NFC04A1' from pack STMicroelectronics.X-CUBE-NFC4.3.0.0: no header file found
2024-05-03 17:30:57,018 [WARN] ApiManager:304 - Cannot register API 'Board Extension:S2868A1' from pack STMicroelectronics.X-CUBE-SUBG2.5.0.0: no header file found
2024-05-03 17:30:57,033 [WARN] ApiManager:304 - Cannot register API 'Board Extension:S2868A2' from pack STMicroelectronics.X-CUBE-SUBG2.5.0.0: no header file found
2024-05-03 17:30:57,033 [WARN] ApiManager:304 - Cannot register API 'Board Extension:S2915A1' from pack STMicroelectronics.X-CUBE-SUBG2.5.0.0: no header file found
2024-05-03 17:30:57,033 [WARN] ApiManager:304 - Cannot register API 'Wireless:BlueNRG-MS' from pack STMicroelectronics.X-CUBE-BLE1.7.0.0: no header file found
2024-05-03 17:30:57,033 [WARN] ApiManager:304 - Cannot register API 'Board Extension:EEPRMA2' from pack STMicroelectronics.X-CUBE-EEPRMA1.5.1.0: no header file found
2024-05-03 17:30:57,033 [WARN] ApiManager:304 - Cannot register API 'Board Extension:PGEEZ1' from pack STMicroelectronics.X-CUBE-EEPRMA1.5.1.0: no header file found
2024-05-03 17:30:57,033 [WARN] ApiManager:304 - Cannot register API 'Board Extension:EEICA1' from pack STMicroelectronics.X-CUBE-EEPRMA1.5.1.0: no header file found
2024-05-03 17:30:57,033 [WARN] ApiManager:304 - Cannot register API 'Board Part:M24' from pack STMicroelectronics.X-CUBE-EEPRMA1.5.1.0: no header file found
2024-05-03 17:30:57,033 [WARN] ApiManager:304 - Cannot register API 'Board Part:M95' from pack STMicroelectronics.X-CUBE-EEPRMA1.5.1.0: no header file found
2024-05-03 17:30:57,033 [WARN] ApiManager:304 - Cannot register API 'Board Part:M95P32' from pack STMicroelectronics.X-CUBE-EEPRMA1.5.1.0: no header file found
2024-05-03 17:30:57,033 [WARN] ApiManager:304 - Cannot register API 'Board Part:M24256E-F' from pack STMicroelectronics.X-CUBE-EEPRMA1.5.1.0: no header file found
2024-05-03 17:30:57,033 [WARN] ApiManager:304 - Cannot register API 'Board Part:M24M01E-F' from pack STMicroelectronics.X-CUBE-EEPRMA1.5.1.0: no header file found
2024-05-03 17:30:57,033 [WARN] ApiManager:304 - Cannot register API 'PGEEZ1:SPI' from pack STMicroelectronics.X-CUBE-EEPRMA1.5.1.0: no header file found
2024-05-03 17:30:57,033 [WARN] ApiManager:304 - Cannot register API 'PGEEZ1:QDSPI' from pack STMicroelectronics.X-CUBE-EEPRMA1.5.1.0: no header file found
2024-05-03 17:30:57,033 [WARN] ModelIntegratedComponent:60 - No mode defined for component null
2024-05-03 17:30:57,033 [WARN] ModelIntegratedComponent:60 - No mode defined for component null
2024-05-03 17:30:57,033 [WARN] ModelIntegratedComponent:60 - No mode defined for component null
2024-05-03 17:30:57,033 [WARN] ModelIntegratedComponent:60 - No mode defined for component null
2024-05-03 17:30:57,033 [WARN] ModelIntegratedComponent:60 - No mode defined for component null
2024-05-03 17:30:57,033 [WARN] ModelIntegratedComponent:60 - No mode defined for component null
2024-05-03 17:30:57,033 [WARN] ModelIntegratedComponent:60 - No mode defined for component null
2024-05-03 17:30:57,033 [WARN] ModelIntegratedComponent:60 - No mode defined for component null
2024-05-03 17:30:57,033 [WARN] ModelIntegratedComponent:60 - No mode defined for component null
2024-05-03 17:30:57,033 [WARN] ModelIntegratedComponent:60 - No mode defined for component null
2024-05-03 17:30:57,033 [WARN] ModelIntegratedComponent:60 - No mode defined for component null
2024-05-03 17:30:57,033 [WARN] ModelIntegratedComponent:60 - No mode defined for component null
2024-05-03 17:30:57,033 [WARN] ModelIntegratedComponent:60 - No mode defined for component null
2024-05-03 17:30:57,033 [WARN] ModelIntegratedComponent:60 - No mode defined for component null
2024-05-03 17:30:57,033 [WARN] ModelIntegratedComponent:60 - No mode defined for component null
2024-05-03 17:30:57,033 [WARN] ModelIntegratedComponent:60 - No mode defined for component null
2024-05-03 17:30:57,033 [WARN] ModelIntegratedComponent:60 - No mode defined for component null
2024-05-03 17:30:57,033 [WARN] ModelIntegratedComponent:60 - No mode defined for component null
2024-05-03 17:30:57,033 [WARN] ModelIntegratedComponent:60 - No mode defined for component null
2024-05-03 17:30:57,033 [WARN] ModelIntegratedComponent:60 - No mode defined for component null
2024-05-03 17:30:57,033 [WARN] ModelIntegratedComponent:60 - No mode defined for component null
2024-05-03 17:30:57,033 [WARN] ModelIntegratedComponent:60 - No mode defined for component null
2024-05-03 17:30:57,033 [WARN] ModelIntegratedComponent:60 - No mode defined for component null
2024-05-03 17:30:57,033 [WARN] ModelIntegratedComponent:60 - No mode defined for component null
2024-05-03 17:30:57,033 [WARN] ModelIntegratedComponent:60 - No mode defined for component null
2024-05-03 17:30:57,049 [WARN] ModelIntegratedComponent:60 - No mode defined for component null
2024-05-03 17:30:57,049 [WARN] ModelIntegratedComponent:60 - No mode defined for component null
2024-05-03 17:30:57,049 [WARN] ModelIntegratedComponent:60 - No mode defined for component null
2024-05-03 17:30:57,049 [WARN] ModelIntegratedComponent:60 - No mode defined for component null
2024-05-03 17:30:57,049 [WARN] ModelIntegratedComponent:60 - No mode defined for component null
2024-05-03 17:30:57,049 [WARN] ModelIntegratedComponent:60 - No mode defined for component null
2024-05-03 17:30:57,049 [WARN] ModelIntegratedComponent:60 - No mode defined for component null
2024-05-03 17:30:57,049 [WARN] ModelIntegratedComponent:60 - No mode defined for component null
2024-05-03 17:30:57,174 [WARN] ApiManager:304 - Cannot register API 'Board Extension:IKS01A3' from pack STMicroelectronics.X-CUBE-MEMS1.10.0.0: no header file found
2024-05-03 17:30:57,174 [WARN] ApiManager:304 - Cannot register API 'Board Extension:IKS02A1' from pack STMicroelectronics.X-CUBE-MEMS1.10.0.0: no header file found
2024-05-03 17:30:57,174 [WARN] ApiManager:304 - Cannot register API 'Board Extension:IKS4A1' from pack STMicroelectronics.X-CUBE-MEMS1.10.0.0: no header file found
2024-05-03 17:30:57,184 [WARN] ApiManager:304 - Cannot register API 'Board Extension:NFC07A1' from pack STMicroelectronics.X-CUBE-NFC7.1.0.1: no header file found
2024-05-03 17:30:57,206 [WARN] ApiManager:304 - Cannot register API 'Board Extension:S2868A1' from pack STMicroelectronics.X-CUBE-SFXS2LP1.4.0.0: no header file found
2024-05-03 17:30:57,206 [WARN] ApiManager:304 - Cannot register API 'Board Extension:S2868A2' from pack STMicroelectronics.X-CUBE-SFXS2LP1.4.0.0: no header file found
2024-05-03 17:30:57,206 [WARN] ApiManager:304 - Cannot register API 'Board Extension:S2915A1' from pack STMicroelectronics.X-CUBE-SFXS2LP1.4.0.0: no header file found
2024-05-03 17:30:57,206 [WARN] ApiManager:304 - Cannot register API 'Wireless:BlueNRG-2' from pack STMicroelectronics.X-CUBE-BLE2.3.3.0: no header file found
2024-05-03 17:30:57,237 [INFO] ThirdPartyModel:282 - Start build external matchings
2024-05-03 17:30:58,383 [INFO] ThirdPartyModel:295 - End build external matchings
2024-05-03 17:30:58,995 [INFO] UtilMem:74 - End LoadConfig() Used Memory: 814315480 Bytes (1073741824)
2024-05-03 17:30:59,058 [WARN] ThirdParty:785 - waiting for thirdparty lock release [change project]
2024-05-03 17:30:59,058 [INFO] ThirdParty:787 - entering critical section [change project]
2024-05-03 17:30:59,058 [INFO] ThirdParty:977 - CMSIS Pack Vendor :STMicroelectronics X-CUBE-GNSS1 6.0.0
2024-05-03 17:30:59,058 [INFO] ThirdParty:977 - CMSIS Pack Vendor :STMicroelectronics USB_HOST 2.0.0
2024-05-03 17:30:59,074 [INFO] ThirdParty:977 - CMSIS Pack Vendor :STMicroelectronics FP-SNS-MOTENVWB1 1.4.0
2024-05-03 17:30:59,074 [INFO] ThirdParty:977 - CMSIS Pack Vendor :STMicroelectronics X-CUBE-AZRTOS-F4 1.1.0
2024-05-03 17:30:59,074 [INFO] ThirdParty:977 - CMSIS Pack Vendor :STMicroelectronics LIBJPEG 8.0.0
2024-05-03 17:30:59,074 [INFO] ThirdParty:977 - CMSIS Pack Vendor :STMicroelectronics X-CUBE-SMBUS 2.1.0
2024-05-03 17:30:59,074 [INFO] ThirdParty:977 - CMSIS Pack Vendor :STMicroelectronics USB_DEVICE 3.0.0
2024-05-03 17:30:59,074 [INFO] ThirdParty:977 - CMSIS Pack Vendor :STMicroelectronics X-CUBE-TCPP 4.1.0
2024-05-03 17:30:59,074 [INFO] ThirdParty:977 - CMSIS Pack Vendor :STMicroelectronics X-CUBE-FREERTOS 1.2.0
2024-05-03 17:30:59,074 [INFO] ThirdParty:977 - CMSIS Pack Vendor :STMicroelectronics X-CUBE-AZRTOS-WB 2.0.0
2024-05-03 17:30:59,074 [INFO] ThirdParty:977 - CMSIS Pack Vendor :STMicroelectronics X-CUBE-TOUCHGFX 4.23.2
2024-05-03 17:30:59,074 [INFO] ThirdParty:977 - CMSIS Pack Vendor :STMicroelectronics X-CUBE-AZRTOS-F7 1.1.0
2024-05-03 17:30:59,074 [INFO] ThirdParty:977 - CMSIS Pack Vendor :STMicroelectronics X-CUBE-AZRTOS-L5 2.0.0
2024-05-03 17:30:59,074 [INFO] ThirdParty:977 - CMSIS Pack Vendor :STMicroelectronics USB_DEVICE 2.0.0
2024-05-03 17:30:59,074 [INFO] ThirdParty:977 - CMSIS Pack Vendor :STMicroelectronics X-CUBE-NFC6 3.1.0
2024-05-03 17:30:59,074 [INFO] ThirdParty:977 - CMSIS Pack Vendor :STMicroelectronics X-CUBE-ALGOBUILD 1.3.0
2024-05-03 17:30:59,074 [INFO] ThirdParty:977 - CMSIS Pack Vendor :STMicroelectronics FreeRTOS 0.0.1
2024-05-03 17:30:59,074 [INFO] ThirdParty:977 - CMSIS Pack Vendor :STMicroelectronics X-CUBE-AZRTOS-G0 1.1.0
2024-05-03 17:30:59,074 [INFO] ThirdParty:977 - CMSIS Pack Vendor :STMicroelectronics X-CUBE-SAFEA1 1.2.2
2024-05-03 17:30:59,074 [INFO] ThirdParty:977 - CMSIS Pack Vendor :STMicroelectronics X-CUBE-NFC4 3.0.0
2024-05-03 17:30:59,074 [INFO] ThirdParty:977 - CMSIS Pack Vendor :STMicroelectronics X-CUBE-SUBG2 5.0.0
2024-05-03 17:30:59,074 [INFO] ThirdParty:977 - CMSIS Pack Vendor :STMicroelectronics STM32_WPAN 1.0.0
2024-05-03 17:30:59,074 [INFO] ThirdParty:977 - CMSIS Pack Vendor :STMicroelectronics lwIP 2.0.3
2024-05-03 17:30:59,074 [INFO] ThirdParty:977 - CMSIS Pack Vendor :STMicroelectronics FP-SNS-FLIGHT1 5.0.2
2024-05-03 17:30:59,074 [INFO] ThirdParty:977 - CMSIS Pack Vendor :STMicroelectronics USB_HOST 1.0.0
2024-05-03 17:30:59,074 [INFO] ThirdParty:977 - CMSIS Pack Vendor :STMicroelectronics X-CUBE-AI 9.0.0
2024-05-03 17:30:59,074 [INFO] ThirdParty:977 - CMSIS Pack Vendor :STMicroelectronics X-CUBE-AZRTOS-G4 2.0.0
2024-05-03 17:30:59,074 [INFO] ThirdParty:977 - CMSIS Pack Vendor :STMicroelectronics PDM2PCM 3.1.0
2024-05-03 17:30:59,074 [INFO] ThirdParty:977 - CMSIS Pack Vendor :STMicroelectronics PDM2PCM 3.3.0
2024-05-03 17:30:59,074 [INFO] ThirdParty:977 - CMSIS Pack Vendor :STMicroelectronics X-CUBE-DISPLAY 3.0.0
2024-05-03 17:30:59,074 [INFO] ThirdParty:977 - CMSIS Pack Vendor :wolfSSL I-CUBE-wolfSSL 5.7.0
2024-05-03 17:30:59,074 [INFO] ThirdParty:977 - CMSIS Pack Vendor :STMicroelectronics X-CUBE-BLE1 7.0.0
2024-05-03 17:30:59,074 [INFO] ThirdParty:977 - CMSIS Pack Vendor :STMicroelectronics FP-ATR-SIGFOX1 3.2.0
2024-05-03 17:30:59,074 [INFO] ThirdParty:977 - CMSIS Pack Vendor :STMicroelectronics X-CUBE-ISPU 2.0.0
2024-05-03 17:30:59,074 [INFO] ThirdParty:977 - CMSIS Pack Vendor :STMicroelectronics X-CUBE-EEPRMA1 5.1.0
2024-05-03 17:30:59,074 [INFO] ThirdParty:977 - CMSIS Pack Vendor :STMicroelectronics HAL Drivers 0.0.0
2024-05-03 17:30:59,074 [INFO] ThirdParty:977 - CMSIS Pack Vendor :STMicroelectronics MBEDTLS 2.16.2
2024-05-03 17:30:59,074 [INFO] ThirdParty:977 - CMSIS Pack Vendor :emotas I-CUBE-CANOPEN 1.3.0
2024-05-03 17:30:59,074 [INFO] ThirdParty:977 - CMSIS Pack Vendor :STMicroelectronics X-CUBE-MEMS1 10.0.0
2024-05-03 17:30:59,074 [INFO] ThirdParty:977 - CMSIS Pack Vendor :STMicroelectronics X-CUBE-NFC7 1.0.1
2024-05-03 17:30:59,074 [INFO] ThirdParty:977 - CMSIS Pack Vendor :STMicroelectronics MBEDTLS 2.14.1
2024-05-03 17:30:59,074 [INFO] ThirdParty:977 - CMSIS Pack Vendor :ITTIA_DB I-CUBE-ITTIADB 8.9.0
2024-05-03 17:30:59,074 [INFO] ThirdParty:977 - CMSIS Pack Vendor :portGmbH I-Cube-SoM-uGOAL 1.1.0
2024-05-03 17:30:59,074 [INFO] ThirdParty:977 - CMSIS Pack Vendor :STMicroelectronics X-CUBE-ALS 1.0.1
2024-05-03 17:30:59,074 [INFO] ThirdParty:977 - CMSIS Pack Vendor :STMicroelectronics X-CUBE-BLEMGR 3.1.0
2024-05-03 17:30:59,074 [INFO] ThirdParty:977 - CMSIS Pack Vendor :STMicroelectronics ThreadX 1.0.0
2024-05-03 17:30:59,074 [INFO] ThirdParty:977 - CMSIS Pack Vendor :STMicroelectronics FP-SNS-SMARTAG2 1.2.0
2024-05-03 17:30:59,074 [INFO] ThirdParty:977 - CMSIS Pack Vendor :STMicroelectronics X-CUBE-AZRTOS-WL 2.0.0
2024-05-03 17:30:59,074 [INFO] ThirdParty:977 - CMSIS Pack Vendor :SEGGER I-CUBE-embOS 1.3.1
2024-05-03 17:30:59,074 [INFO] ThirdParty:977 - CMSIS Pack Vendor :STMicroelectronics FP-SNS-MOTENV1 5.0.0
2024-05-03 17:30:59,074 [INFO] ThirdParty:977 - CMSIS Pack Vendor :STMicroelectronics USB_DEVICE 1.0.0
2024-05-03 17:30:59,074 [INFO] ThirdParty:977 - CMSIS Pack Vendor :STMicroelectronics X-CUBE-AZRTOS-H7RS 1.0.0
2024-05-03 17:30:59,074 [INFO] ThirdParty:977 - CMSIS Pack Vendor :STMicroelectronics X-CUBE-AZRTOS-L4 2.0.0
2024-05-03 17:30:59,074 [INFO] ThirdParty:977 - CMSIS Pack Vendor :STMicroelectronics ThreadX 0.0.2
2024-05-03 17:30:59,074 [INFO] ThirdParty:977 - CMSIS Pack Vendor :WES I-CUBE-Cesium 1.3.0
2024-05-03 17:30:59,074 [INFO] ThirdParty:977 - CMSIS Pack Vendor :STMicroelectronics FP-ATR-ASTRA1 2.0.0
2024-05-03 17:30:59,074 [INFO] ThirdParty:977 - CMSIS Pack Vendor :STMicroelectronics lwIP 2.1.2
2024-05-03 17:30:59,089 [INFO] ThirdParty:977 - CMSIS Pack Vendor :STMicroelectronics X-CUBE-SFXS2LP1 4.0.0
2024-05-03 17:30:59,089 [INFO] ThirdParty:977 - CMSIS Pack Vendor :STMicroelectronics X-CUBE-BLE2 3.3.0
2024-05-03 17:30:59,089 [INFO] ThirdParty:977 - CMSIS Pack Vendor :STMicroelectronics X-CUBE-TOF1 3.4.1
2024-05-03 17:30:59,089 [INFO] ThirdParty:977 - CMSIS Pack Vendor :STMicroelectronics X-CUBE-AZRTOS-H7 3.2.0
2024-05-03 17:30:59,089 [INFO] ThirdParty:977 - CMSIS Pack Vendor :Infineon AIROC-Wi-Fi-Bluetooth-STM32 1.6.0
2024-05-03 17:30:59,089 [INFO] ThirdParty:977 - CMSIS Pack Vendor :STMicroelectronics PDM2PCM 3.2.0
2024-05-03 17:30:59,089 [INFO] ThirdParty:793 - exiting critical section [change project]
2024-05-03 17:30:59,324 [INFO] PinOutPanel:1465 - setPackage(No Configuration,No Configuration)
2024-05-03 17:30:59,324 [INFO] PinOutPanel:1465 - setPackage(STM32F103C8Tx,LQFP48)
2024-05-03 17:30:59,591 [INFO] UtilMem:74 - Before build in PCC Used Memory: 892436440 Bytes (1073741824)
2024-05-03 17:30:59,968 [INFO] UtilMem:74 - After build in PCC Used Memory: 674888112 Bytes (1073741824)
2024-05-03 17:30:59,999 [INFO] IPUIPlugin:75 - create IPUIPlugin
2024-05-03 17:30:59,999 [INFO] IPUIPlugin:75 - create IPUIPlugin
2024-05-03 17:30:59,999 [INFO] IPUIPlugin:75 - create IPUIPlugin
2024-05-03 17:30:59,999 [INFO] IPUIPlugin:75 - create IPUIPlugin
2024-05-03 17:30:59,999 [INFO] IPUIPlugin:75 - create IPUIPlugin
2024-05-03 17:30:59,999 [INFO] IPUIPlugin:75 - create IPUIPlugin
2024-05-03 17:30:59,999 [INFO] IPUIPlugin:75 - create IPUIPlugin
2024-05-03 17:30:59,999 [INFO] IPUIPlugin:75 - create IPUIPlugin
2024-05-03 17:30:59,999 [INFO] IPUIPlugin:75 - create IPUIPlugin
2024-05-03 17:30:59,999 [INFO] IPUIPlugin:75 - create IPUIPlugin
2024-05-03 17:30:59,999 [INFO] IPUIPlugin:75 - create IPUIPlugin
2024-05-03 17:30:59,999 [INFO] IPUIPlugin:75 - create IPUIPlugin
2024-05-03 17:30:59,999 [INFO] IPUIPlugin:75 - create IPUIPlugin
2024-05-03 17:30:59,999 [INFO] IPUIPlugin:75 - create IPUIPlugin
2024-05-03 17:30:59,999 [INFO] IPUIPlugin:75 - create IPUIPlugin
2024-05-03 17:30:59,999 [INFO] IPUIPlugin:75 - create IPUIPlugin
2024-05-03 17:30:59,999 [INFO] IPUIPlugin:75 - create IPUIPlugin
2024-05-03 17:30:59,999 [INFO] IPUIPlugin:75 - create IPUIPlugin
2024-05-03 17:30:59,999 [INFO] IPUIPlugin:75 - create IPUIPlugin
2024-05-03 17:30:59,999 [INFO] IPUIPlugin:75 - create IPUIPlugin
2024-05-03 17:30:59,999 [INFO] IPUIPlugin:75 - create IPUIPlugin
2024-05-03 17:30:59,999 [INFO] IPUIPlugin:75 - create IPUIPlugin
2024-05-03 17:30:59,999 [INFO] IPUIPlugin:75 - create IPUIPlugin
2024-05-03 17:30:59,999 [INFO] IPUIPlugin:75 - create IPUIPlugin
2024-05-03 17:30:59,999 [INFO] IPUIPlugin:75 - create IPUIPlugin
2024-05-03 17:30:59,999 [INFO] IPUIPlugin:75 - create IPUIPlugin
2024-05-03 17:30:59,999 [INFO] IPUIPlugin:75 - create IPUIPlugin
2024-05-03 17:31:00,109 [INFO] OpenFileManager:323 - Restore cursor
2024-05-03 17:31:00,800 [INFO] UtilMem:74 - End SaveConfig() Used Memory: 673260128 Bytes (1073741824)
2024-05-03 17:31:00,910 [INFO] UtilMem:74 - End SaveConfig() Used Memory: 684970808 Bytes (1073741824)
2024-05-03 17:31:01,349 [INFO] BlockDiagram:2740 - set Specific Code input for plugin: NVIC
2024-05-03 17:31:01,349 [INFO] BlockDiagram:2740 - set Specific Code input for plugin: SYS
2024-05-03 17:31:01,349 [INFO] BlockDiagram:2740 - set Specific Code input for plugin: RCC
2024-05-03 17:31:01,365 [INFO] CodeGenerator:681 - code generatio: config db path: C:\ST\STM32CubeIDE_1.9.0\STM32CubeIDE\plugins\com.st.stm32cube.common.mx_6.5.0.202202251913\\db\
2024-05-03 17:31:01,663 [INFO] CodeEngine:237 - oldGeneratedFile, C:\Users\hoatt\STM32CubeIDE\workspace_1.9.0\EXTI0\MXTmpFiles\license.tmp_save
2024-05-03 17:31:01,820 [INFO] CodeEngine:261 - Generated code: C:\Users\hoatt\STM32CubeIDE\workspace_1.9.0\EXTI0\MXTmpFiles\license.tmp
2024-05-03 17:31:01,899 [INFO] CodeEngine:237 - oldGeneratedFile, C:\Users\hoatt\STM32CubeIDE\workspace_1.9.0\EXTI0\Core\Src\stm32f1xx_it.c_save
2024-05-03 17:31:02,040 [INFO] CodeEngine:261 - Generated code: C:\Users\hoatt\STM32CubeIDE\workspace_1.9.0\EXTI0\Core\Src\stm32f1xx_it.c
2024-05-03 17:31:02,056 [INFO] CodeEngine:237 - oldGeneratedFile, C:\Users\hoatt\STM32CubeIDE\workspace_1.9.0\EXTI0\Core\Inc\stm32f1xx_it.h_save
2024-05-03 17:31:02,197 [INFO] CodeEngine:261 - Generated code: C:\Users\hoatt\STM32CubeIDE\workspace_1.9.0\EXTI0\Core\Inc\stm32f1xx_it.h
2024-05-03 17:31:02,244 [INFO] CodeEngine:237 - oldGeneratedFile, C:\Users\hoatt\STM32CubeIDE\workspace_1.9.0\EXTI0\Core\Src\stm32f1xx_hal_msp.c_save
2024-05-03 17:31:02,464 [INFO] CodeEngine:261 - Generated code: C:\Users\hoatt\STM32CubeIDE\workspace_1.9.0\EXTI0\Core\Src\stm32f1xx_hal_msp.c
2024-05-03 17:31:02,479 [INFO] CodeEngine:237 - oldGeneratedFile, C:\Users\hoatt\STM32CubeIDE\workspace_1.9.0\EXTI0\MXTmpFiles\system.tmp_save
2024-05-03 17:31:02,605 [INFO] CodeEngine:261 - Generated code: C:\Users\hoatt\STM32CubeIDE\workspace_1.9.0\EXTI0\MXTmpFiles\system.tmp
2024-05-03 17:31:02,652 [INFO] CodeEngine:237 - oldGeneratedFile, C:\Users\hoatt\STM32CubeIDE\workspace_1.9.0\EXTI0\Core\Inc\stm32f1xx_hal_conf.h_save
2024-05-03 17:31:02,799 [INFO] CodeEngine:261 - Generated code: C:\Users\hoatt\STM32CubeIDE\workspace_1.9.0\EXTI0\Core\Inc\stm32f1xx_hal_conf.h
2024-05-03 17:31:02,872 [INFO] CodeEngine:237 - oldGeneratedFile, C:\Users\hoatt\STM32CubeIDE\workspace_1.9.0\EXTI0\Core\Inc\main.h_save
2024-05-03 17:31:02,999 [INFO] CodeEngine:261 - Generated code: C:\Users\hoatt\STM32CubeIDE\workspace_1.9.0\EXTI0\Core\Inc\main.h
2024-05-03 17:31:03,014 [INFO] CodeEngine:237 - oldGeneratedFile, C:\Users\hoatt\STM32CubeIDE\workspace_1.9.0\EXTI0\Core\Src\main.c_save
2024-05-03 17:31:03,202 [INFO] CodeEngine:261 - Generated code: C:\Users\hoatt\STM32CubeIDE\workspace_1.9.0\EXTI0\Core\Src\main.c
2024-05-03 17:31:04,630 [INFO] ProjectBuilder:2913 - Time for Copy HAL[1] : 423mS.
2024-05-03 17:31:04,646 [INFO] ProjectBuilder:4015 - Project Generator version: 3.16.0
2024-05-03 17:31:05,383 [INFO] ConfigFileManager:1287 - The Die is : DIE410
2024-05-03 17:31:05,383 [INFO] ApiDbMcu:488 - Load IP Config File for FATFS
2024-05-03 17:31:05,399 [INFO] ApiDbMcu:488 - Load IP Config File for FREERTOS
2024-05-03 17:31:05,405 [INFO] ApiDbMcu:488 - Load IP Config File for USB_DEVICE
2024-05-03 17:31:09,353 [INFO] ProjectBuilder:4183 - Time for Generating toolchain IDE Files: 4707mS.
2024-05-03 17:31:09,353 [INFO] ProjectBuilder:2785 - Time for Copy CMSIS : 0mS.
2024-05-03 17:31:09,369 [INFO] ProjectBuilder:2785 - Time for Copy CMSIS : 0mS.
2024-05-03 17:31:10,970 [INFO] McuFinderGlobals:52 - Set McuFinderConnectedMode to true
2024-05-03 17:31:10,970 [INFO] ApiDb:432 - Save user favorites file C:\Users\hoatt/.stm32cubeide/favorites.mcus.txt: 0 item(s)
2024-05-03 17:31:10,970 [INFO] ApiDb:436 - User favorites MCUs=[]
2024-05-03 17:31:26,826 [INFO] UtilMem:74 - End SaveConfig() Used Memory: 736276840 Bytes (1073741824)
2024-05-03 17:31:28,239 [INFO] UtilMem:74 - End SaveConfig() Used Memory: 611745664 Bytes (1073741824)
2024-05-03 17:31:33,442 [INFO] UtilMem:74 - End SaveConfig() Used Memory: 729677624 Bytes (1073741824)
2024-05-03 17:31:33,866 [INFO] BlockDiagram:2740 - set Specific Code input for plugin: NVIC
2024-05-03 17:31:33,866 [INFO] BlockDiagram:2740 - set Specific Code input for plugin: SYS
2024-05-03 17:31:33,866 [INFO] BlockDiagram:2740 - set Specific Code input for plugin: GPIO
2024-05-03 17:31:33,866 [INFO] BlockDiagram:2740 - set Specific Code input for plugin: RCC
2024-05-03 17:31:33,866 [INFO] CodeGenerator:681 - code generatio: config db path: C:\ST\STM32CubeIDE_1.9.0\STM32CubeIDE\plugins\com.st.stm32cube.common.mx_6.5.0.202202251913\\db\
2024-05-03 17:31:34,227 [INFO] CodeEngine:237 - oldGeneratedFile, C:\Users\hoatt\STM32CubeIDE\workspace_1.9.0\EXTI0\MXTmpFiles\license.tmp_save
2024-05-03 17:31:34,368 [INFO] CodeEngine:261 - Generated code: C:\Users\hoatt\STM32CubeIDE\workspace_1.9.0\EXTI0\MXTmpFiles\license.tmp
2024-05-03 17:31:34,400 [INFO] CodeEngine:237 - oldGeneratedFile, C:\Users\hoatt\STM32CubeIDE\workspace_1.9.0\EXTI0\MXTmpFiles\gpio.tmp_save
2024-05-03 17:31:34,541 [INFO] CodeEngine:261 - Generated code: C:\Users\hoatt\STM32CubeIDE\workspace_1.9.0\EXTI0\MXTmpFiles\gpio.tmp
2024-05-03 17:31:34,588 [INFO] CodeEngine:237 - oldGeneratedFile, C:\Users\hoatt\STM32CubeIDE\workspace_1.9.0\EXTI0\Core\Src\stm32f1xx_it.c_save
2024-05-03 17:31:34,730 [INFO] CodeEngine:261 - Generated code: C:\Users\hoatt\STM32CubeIDE\workspace_1.9.0\EXTI0\Core\Src\stm32f1xx_it.c
2024-05-03 17:31:34,808 [INFO] CodeEngine:237 - oldGeneratedFile, C:\Users\hoatt\STM32CubeIDE\workspace_1.9.0\EXTI0\Core\Inc\stm32f1xx_it.h_save
2024-05-03 17:31:34,965 [INFO] CodeEngine:261 - Generated code: C:\Users\hoatt\STM32CubeIDE\workspace_1.9.0\EXTI0\Core\Inc\stm32f1xx_it.h
2024-05-03 17:31:34,997 [INFO] CodeEngine:237 - oldGeneratedFile, C:\Users\hoatt\STM32CubeIDE\workspace_1.9.0\EXTI0\Core\Src\stm32f1xx_hal_msp.c_save
2024-05-03 17:31:35,216 [INFO] CodeEngine:261 - Generated code: C:\Users\hoatt\STM32CubeIDE\workspace_1.9.0\EXTI0\Core\Src\stm32f1xx_hal_msp.c
2024-05-03 17:31:35,232 [INFO] CodeEngine:237 - oldGeneratedFile, C:\Users\hoatt\STM32CubeIDE\workspace_1.9.0\EXTI0\MXTmpFiles\system.tmp_save
2024-05-03 17:31:35,373 [INFO] CodeEngine:261 - Generated code: C:\Users\hoatt\STM32CubeIDE\workspace_1.9.0\EXTI0\MXTmpFiles\system.tmp
2024-05-03 17:31:35,405 [INFO] CodeEngine:237 - oldGeneratedFile, C:\Users\hoatt\STM32CubeIDE\workspace_1.9.0\EXTI0\Core\Inc\stm32f1xx_hal_conf.h_save
2024-05-03 17:31:35,561 [INFO] CodeEngine:261 - Generated code: C:\Users\hoatt\STM32CubeIDE\workspace_1.9.0\EXTI0\Core\Inc\stm32f1xx_hal_conf.h
2024-05-03 17:31:35,624 [INFO] CodeEngine:237 - oldGeneratedFile, C:\Users\hoatt\STM32CubeIDE\workspace_1.9.0\EXTI0\Core\Inc\main.h_save
2024-05-03 17:31:35,781 [INFO] CodeEngine:261 - Generated code: C:\Users\hoatt\STM32CubeIDE\workspace_1.9.0\EXTI0\Core\Inc\main.h
2024-05-03 17:31:35,813 [INFO] CodeEngine:237 - oldGeneratedFile, C:\Users\hoatt\STM32CubeIDE\workspace_1.9.0\EXTI0\Core\Src\main.c_save
2024-05-03 17:31:36,016 [INFO] CodeEngine:261 - Generated code: C:\Users\hoatt\STM32CubeIDE\workspace_1.9.0\EXTI0\Core\Src\main.c
2024-05-03 17:31:37,650 [INFO] ProjectBuilder:2913 - Time for Copy HAL[1] : 533mS.
2024-05-03 17:31:37,650 [INFO] ProjectBuilder:4015 - Project Generator version: 3.16.0
2024-05-03 17:31:38,278 [INFO] ConfigFileManager:1287 - The Die is : DIE410
2024-05-03 17:31:40,903 [INFO] ProjectBuilder:4183 - Time for Generating toolchain IDE Files: 3253mS.
2024-05-03 17:31:40,915 [INFO] ProjectBuilder:2785 - Time for Copy CMSIS : 0mS.
2024-05-03 17:31:40,931 [INFO] ProjectBuilder:2785 - Time for Copy CMSIS : 0mS.
2024-05-03 17:43:37,656 [ERROR] ConfigurationRetriever:139 - IOException on connection: Read timed out
2024-05-03 18:05:12,441 [INFO] MainUpdater:2729 - connection check result : 10
2024-05-03 18:05:12,692 [INFO] McuFinderGlobals:52 - Set McuFinderConnectedMode to true
2024-05-03 18:05:12,692 [INFO] MultiScanPanel:195 - Auto-refresh data requested => check proxy status ongoing
2024-05-03 18:05:12,692 [INFO] FinderPluginLoader:87 - Searching for filters in installed packs
2024-05-03 18:05:12,723 [INFO] ApiDb:567 - Connected to CubeFinder SQLite database (C:\Users\hoatt\.stmcufinder\plugins\mcufinder\mcu\cube-finder-db.db)
2024-05-03 18:05:14,073 [INFO] LoadUrlFilesThread:173 - End of LoadServerUrlFiles without Thread
2024-05-03 18:05:14,073 [INFO] DetailPanel:315 - Set advertising image to C:/Users/hoatt/STM32Cube/Repository/\en.prom-stm32h7rs-mcu-finder.png
2024-05-03 18:05:14,920 [INFO] ApiDb:654 - CubeFinder database Data Model version=2.1
2024-05-03 18:05:14,920 [INFO] ApiDb:655 - CubeFinder database Configuration version=3.0.39
2024-05-03 18:05:14,920 [INFO] ApiDb:656 - CubeFinder database generation date=2024-04-15 (1713193726)
2024-05-03 18:05:14,920 [INFO] ApiDb:657 - CubeFinder database FW Pack versions=[FP-ATR-ASTRA1_V2.0.0, FP-SNS-FLIGHT1_V5.0.1, FP-SNS-FLIGHT1_V5.0.2, FP-SNS-MOTENV1_V4.3.1, FP-SNS-MOTENV1_V4.3.2, FP-SNS-MOTENVWB1_V1.3.1, FP-SNS-SMARTAG2_V1.2.0, STM32Cube_FW_C0_V1.1.0, STM32Cube_FW_F4_V1.28.0, STM32Cube_FW_F7_V1.17.0, STM32Cube_FW_G0_V1.6.2, STM32Cube_FW_G4_V1.5.2, STM32Cube_FW_H5_V0.5.1, STM32Cube_FW_H5_V1.1.1, STM32Cube_FW_H5_V1.2.0, STM32Cube_FW_H5_V1.2.0RC4, STM32Cube_FW_H7RS_V1.0.0, STM32Cube_FW_H7RS_V1.0.0RC4, STM32Cube_FW_H7_V1.11.0, STM32Cube_FW_L0_V1.12.2, STM32Cube_FW_L5_V1.5.1, STM32Cube_FW_U0_V1.0.0, STM32Cube_FW_U0_V1.0.0RC1, STM32Cube_FW_U5_V1.3.0RC4, STM32Cube_FW_U5_V1.5.0, STM32Cube_FW_U5_V1.5.0RC1, STM32Cube_FW_WBA_V1.0.0RC1, STM32Cube_FW_WBA_V1.2.0, STM32Cube_FW_WBA_V1.2.0RC2, STM32Cube_FW_WBA_V1.3.0, STM32Cube_FW_WBA_V1.3.0RC1, STM32Cube_FW_WB_V1.15.0RC1, STM32Cube_FW_WB_V1.16.0, STM32Cube_FW_WB_V1.16.0RC2, STM32Cube_FW_WB_V1.18.0, STM32Cube_FW_WB_V1.19.0, STM32Cube_FW_WL_V1.3.0, X-CUBE-ALGOBUILD_V1.3.0, X-CUBE-ALS_V1.0.1, X-CUBE-AZRTOS-F4_V1.1.0, X-CUBE-AZRTOS-F7_V1.1.0, X-CUBE-AZRTOS-G0_V1.1.0, X-CUBE-AZRTOS-G4_V2.0.0, X-CUBE-AZRTOS-H7_V3.2.0, X-CUBE-AZRTOS-L4_V1.0.0, X-CUBE-AZRTOS-L4_V2.0.0, X-CUBE-AZRTOS-L5_V1.1.0, X-CUBE-AZRTOS-WB_V2.0.0, X-CUBE-AZRTOS-WL_V2.0.0, X-CUBE-BLE1_V7.0.0, X-CUBE-BLE2_V3.3.0, X-CUBE-BLEMGR_V3.1.0, X-CUBE-EEPRMA1_V4.1.0, X-CUBE-EEPRMA1_V5.1.0, X-CUBE-FREERTOS_V1.1.0, X-CUBE-GNSS1_V6.0.0, X-CUBE-MEMS1_V10.0.0, X-CUBE-MEMS1_V9.1.0, X-CUBE-MEMS1_V9.4.0, X-CUBE-MEMS1_V9.6.0, X-CUBE-NFC4_V3.0.0, X-CUBE-NFC7_V1.0.1, X-CUBE-SFXS2LP1_V4.0.0, X-CUBE-SUBG2_V5.0.0, X-CUBE-TOF1_V3.4.0]
2024-05-03 18:05:16,787 [ERROR] DbExamplesSqlite:409 - Missing JSON key: board_cpn
2024-05-03 18:05:16,787 [ERROR] DbExamplesSqlite:409 - Missing JSON key: board_cpn
2024-05-03 18:05:16,787 [ERROR] DbExamplesSqlite:409 - Missing JSON key: board_cpn
2024-05-03 18:05:16,787 [ERROR] DbExamplesSqlite:409 - Missing JSON key: board_cpn
2024-05-03 18:05:17,025 [INFO] DbExamplesSqlite:367 - Ignored 60 examples not supported by CubeIDE
2024-05-03 18:05:17,025 [INFO] DbExamplesSqlite:368 - Found 8152 examples active
2024-05-03 18:05:17,025 [INFO] DbExamplesSqlite:369 - Found 871 examples obsolete
2024-05-03 18:05:17,025 [INFO] DbExamplesSqlite:370 - Found 0 examples under development
2024-05-03 18:05:17,025 [INFO] DbExamplesSqlite:371 - Found 10 examples not building
2024-05-03 18:05:17,025 [INFO] DbExamples:124 - Found 8102 examples
2024-05-03 18:05:17,054 [ERROR] DbExamples:207 - Found 11 examples with invalid data (board or MCU)
2024-05-03 18:05:17,054 [INFO] DbExamples:221 - Found 101 boards with related examples
2024-05-03 18:05:17,054 [INFO] DbExamples:234 - Found 85 MCUs with related examples
2024-05-03 18:05:17,101 [INFO] ApiDb:398 - User favorites file not found: C:\Users\hoatt/.stm32cubeide/favorites.examples.txt
2024-05-03 18:05:17,101 [INFO] DbExamples:249 - Set 0 / 0 favorites Examples
2024-05-03 18:05:17,839 [INFO] MultiScanPanel:787 - Auto Refresh Data is not needed
2024-05-03 18:05:48,191 [INFO] MainUpdater:2729 - connection check result : 10
2024-05-03 18:05:48,191 [INFO] MainUpdater:2729 - connection check result : 10
2024-05-03 18:05:48,285 [INFO] MicroXplorer:447 - Change Database Path : 
2024-05-03 18:05:48,285 [INFO] MicroXplorer:477 - Change Database Version : DB.6.0.50
2024-05-03 18:05:48,301 [WARN] ThirdParty:823 - waiting for thirdparty lock release [close project]
2024-05-03 18:05:48,301 [INFO] ThirdParty:825 - entering critical section [close project]
2024-05-03 18:05:48,301 [INFO] ThirdParty:835 - exiting critical section [close project]
2024-05-03 18:05:48,301 [INFO] PinOutPanel:1465 - setPackage(No Configuration,No Configuration)
2024-05-03 18:05:48,317 [INFO] UtilMem:74 - Begin LoadConfig() Used Memory: 743172024 Bytes (1073741824)
2024-05-03 18:05:48,317 [INFO] MicroXplorer:447 - Change Database Path : 
2024-05-03 18:05:48,317 [INFO] MicroXplorer:477 - Change Database Version : DB.6.0.50
2024-05-03 18:05:48,317 [INFO] OpenFileManager:303 - Change cursor
2024-05-03 18:05:48,348 [INFO] RulesReader:57 - Compatibility file has been processed (281 Rules)
2024-05-03 18:05:48,364 [INFO] Mcu:1893 - Initializing MCU STM32F103C8Tx STM32F103C8Tx 
2024-05-03 18:05:48,364 [INFO] Mcu:1906 - No CPN specified => set CPN to STM32F103C8T6
2024-05-03 18:05:49,730 [INFO] Context:599 - Trying to add GPIOservice into a context  which must be forbidden
2024-05-03 18:05:50,059 [INFO] ImportTextPane:183 - (OptionalMessage_ERROR) Unable to find key (Mcu.ThirdPartyNb) in loaded IOC file
2024-05-03 18:05:50,059 [INFO] ImportTextPane:183 - (OptionalMessage_ERROR) Unable to find key (Mcu.PinsNb) in loaded IOC file
2024-05-03 18:05:50,059 [INFO] ImportTextPane:183 - (OptionalMessage_ERROR) Unable to find key (Mcu.IPNb) in loaded IOC file
2024-05-03 18:05:50,091 [WARN] ApiManager:304 - Cannot register API 'Board Extension:GNSS1A1' from pack STMicroelectronics.X-CUBE-GNSS1.6.0.0: no header file found
2024-05-03 18:05:50,091 [WARN] ApiManager:304 - Cannot register API 'Board Support:Custom' from pack STMicroelectronics.X-CUBE-GNSS1.6.0.0: no header file found
2024-05-03 18:05:50,091 [WARN] ApiManager:304 - Cannot register API 'Data Exchange:lib_gnss' from pack STMicroelectronics.X-CUBE-GNSS1.6.0.0: no header file found
2024-05-03 18:05:50,106 [WARN] ApiManager:304 - Cannot register API 'Board Extension:NFC06A1' from pack STMicroelectronics.X-CUBE-NFC6.3.1.0: no header file found
2024-05-03 18:05:50,106 [WARN] ApiManager:304 - Cannot register API 'Board Extension:NFC08A1' from pack STMicroelectronics.X-CUBE-NFC6.3.1.0: no header file found
2024-05-03 18:05:50,106 [INFO] RtosManager:484 - Registered RTOS mode: class=CMSIS, group=RTOS, mode=CMSIS_V1, owner=FREERTOS
2024-05-03 18:05:50,120 [INFO] RtosManager:484 - Registered RTOS mode: class=CMSIS, group=RTOS2, mode=CMSIS_V2, owner=FREERTOS
2024-05-03 18:05:50,120 [INFO] RtosManager:484 - Registered RTOS mode: class=RTOS, group=Core, mode=CMSIS_V1, owner=FREERTOS
2024-05-03 18:05:50,120 [INFO] RtosManager:484 - Registered RTOS mode: class=RTOS, group=Core, mode=CMSIS_V2, owner=FREERTOS
2024-05-03 18:05:50,120 [WARN] ModelIntegratedComponent:181 - Missing modes for component STMicroelectronics:FreeRTOS:0.0.1:STMicroelectronics:RTOS:FreeRTOS:Core:::10.2.0:
2024-05-03 18:05:50,122 [WARN] ApiManager:304 - Cannot register API 'Board Extension:STSAFEA1' from pack STMicroelectronics.X-CUBE-SAFEA1.1.2.2: no header file found
2024-05-03 18:05:50,122 [WARN] ApiManager:304 - Cannot register API 'Board Part:STSAFEA110' from pack STMicroelectronics.X-CUBE-SAFEA1.1.2.2: no header file found
2024-05-03 18:05:50,122 [WARN] ApiManager:304 - Cannot register API 'Security:ST_Cryptolib' from pack STMicroelectronics.X-CUBE-SAFEA1.1.2.2: no header file found
2024-05-03 18:05:50,122 [WARN] ApiManager:304 - Cannot register API 'Security:MbedTLS' from pack STMicroelectronics.X-CUBE-SAFEA1.1.2.2: no header file found
2024-05-03 18:05:50,122 [WARN] ApiManager:304 - Cannot register API 'Board Extension:NFC04A1' from pack STMicroelectronics.X-CUBE-NFC4.3.0.0: no header file found
2024-05-03 18:05:50,122 [WARN] ApiManager:304 - Cannot register API 'Board Extension:S2868A1' from pack STMicroelectronics.X-CUBE-SUBG2.5.0.0: no header file found
2024-05-03 18:05:50,122 [WARN] ApiManager:304 - Cannot register API 'Board Extension:S2868A2' from pack STMicroelectronics.X-CUBE-SUBG2.5.0.0: no header file found
2024-05-03 18:05:50,122 [WARN] ApiManager:304 - Cannot register API 'Board Extension:S2915A1' from pack STMicroelectronics.X-CUBE-SUBG2.5.0.0: no header file found
2024-05-03 18:05:50,122 [WARN] ApiManager:304 - Cannot register API 'Wireless:BlueNRG-MS' from pack STMicroelectronics.X-CUBE-BLE1.7.0.0: no header file found
2024-05-03 18:05:50,138 [WARN] ApiManager:304 - Cannot register API 'Board Extension:EEPRMA2' from pack STMicroelectronics.X-CUBE-EEPRMA1.5.1.0: no header file found
2024-05-03 18:05:50,138 [WARN] ApiManager:304 - Cannot register API 'Board Extension:PGEEZ1' from pack STMicroelectronics.X-CUBE-EEPRMA1.5.1.0: no header file found
2024-05-03 18:05:50,138 [WARN] ApiManager:304 - Cannot register API 'Board Extension:EEICA1' from pack STMicroelectronics.X-CUBE-EEPRMA1.5.1.0: no header file found
2024-05-03 18:05:50,138 [WARN] ApiManager:304 - Cannot register API 'Board Part:M24' from pack STMicroelectronics.X-CUBE-EEPRMA1.5.1.0: no header file found
2024-05-03 18:05:50,138 [WARN] ApiManager:304 - Cannot register API 'Board Part:M95' from pack STMicroelectronics.X-CUBE-EEPRMA1.5.1.0: no header file found
2024-05-03 18:05:50,138 [WARN] ApiManager:304 - Cannot register API 'Board Part:M95P32' from pack STMicroelectronics.X-CUBE-EEPRMA1.5.1.0: no header file found
2024-05-03 18:05:50,138 [WARN] ApiManager:304 - Cannot register API 'Board Part:M24256E-F' from pack STMicroelectronics.X-CUBE-EEPRMA1.5.1.0: no header file found
2024-05-03 18:05:50,138 [WARN] ApiManager:304 - Cannot register API 'Board Part:M24M01E-F' from pack STMicroelectronics.X-CUBE-EEPRMA1.5.1.0: no header file found
2024-05-03 18:05:50,138 [WARN] ApiManager:304 - Cannot register API 'PGEEZ1:SPI' from pack STMicroelectronics.X-CUBE-EEPRMA1.5.1.0: no header file found
2024-05-03 18:05:50,138 [WARN] ApiManager:304 - Cannot register API 'PGEEZ1:QDSPI' from pack STMicroelectronics.X-CUBE-EEPRMA1.5.1.0: no header file found
2024-05-03 18:05:50,138 [WARN] ModelIntegratedComponent:60 - No mode defined for component null
2024-05-03 18:05:50,138 [WARN] ModelIntegratedComponent:60 - No mode defined for component null
2024-05-03 18:05:50,138 [WARN] ModelIntegratedComponent:60 - No mode defined for component null
2024-05-03 18:05:50,138 [WARN] ModelIntegratedComponent:60 - No mode defined for component null
2024-05-03 18:05:50,138 [WARN] ModelIntegratedComponent:60 - No mode defined for component null
2024-05-03 18:05:50,138 [WARN] ModelIntegratedComponent:60 - No mode defined for component null
2024-05-03 18:05:50,138 [WARN] ModelIntegratedComponent:60 - No mode defined for component null
2024-05-03 18:05:50,138 [WARN] ModelIntegratedComponent:60 - No mode defined for component null
2024-05-03 18:05:50,138 [WARN] ModelIntegratedComponent:60 - No mode defined for component null
2024-05-03 18:05:50,138 [WARN] ModelIntegratedComponent:60 - No mode defined for component null
2024-05-03 18:05:50,138 [WARN] ModelIntegratedComponent:60 - No mode defined for component null
2024-05-03 18:05:50,138 [WARN] ModelIntegratedComponent:60 - No mode defined for component null
2024-05-03 18:05:50,138 [WARN] ModelIntegratedComponent:60 - No mode defined for component null
2024-05-03 18:05:50,138 [WARN] ModelIntegratedComponent:60 - No mode defined for component null
2024-05-03 18:05:50,138 [WARN] ModelIntegratedComponent:60 - No mode defined for component null
2024-05-03 18:05:50,138 [WARN] ModelIntegratedComponent:60 - No mode defined for component null
2024-05-03 18:05:50,138 [WARN] ModelIntegratedComponent:60 - No mode defined for component null
2024-05-03 18:05:50,138 [WARN] ModelIntegratedComponent:60 - No mode defined for component null
2024-05-03 18:05:50,138 [WARN] ModelIntegratedComponent:60 - No mode defined for component null
2024-05-03 18:05:50,138 [WARN] ModelIntegratedComponent:60 - No mode defined for component null
2024-05-03 18:05:50,138 [WARN] ModelIntegratedComponent:60 - No mode defined for component null
2024-05-03 18:05:50,138 [WARN] ModelIntegratedComponent:60 - No mode defined for component null
2024-05-03 18:05:50,138 [WARN] ModelIntegratedComponent:60 - No mode defined for component null
2024-05-03 18:05:50,138 [WARN] ModelIntegratedComponent:60 - No mode defined for component null
2024-05-03 18:05:50,138 [WARN] ModelIntegratedComponent:60 - No mode defined for component null
2024-05-03 18:05:50,138 [WARN] ModelIntegratedComponent:60 - No mode defined for component null
2024-05-03 18:05:50,138 [WARN] ModelIntegratedComponent:60 - No mode defined for component null
2024-05-03 18:05:50,138 [WARN] ModelIntegratedComponent:60 - No mode defined for component null
2024-05-03 18:05:50,138 [WARN] ModelIntegratedComponent:60 - No mode defined for component null
2024-05-03 18:05:50,138 [WARN] ModelIntegratedComponent:60 - No mode defined for component null
2024-05-03 18:05:50,138 [WARN] ModelIntegratedComponent:60 - No mode defined for component null
2024-05-03 18:05:50,138 [WARN] ModelIntegratedComponent:60 - No mode defined for component null
2024-05-03 18:05:50,138 [WARN] ModelIntegratedComponent:60 - No mode defined for component null
2024-05-03 18:05:50,358 [WARN] ApiManager:304 - Cannot register API 'Board Extension:IKS01A3' from pack STMicroelectronics.X-CUBE-MEMS1.10.0.0: no header file found
2024-05-03 18:05:50,358 [WARN] ApiManager:304 - Cannot register API 'Board Extension:IKS02A1' from pack STMicroelectronics.X-CUBE-MEMS1.10.0.0: no header file found
2024-05-03 18:05:50,358 [WARN] ApiManager:304 - Cannot register API 'Board Extension:IKS4A1' from pack STMicroelectronics.X-CUBE-MEMS1.10.0.0: no header file found
2024-05-03 18:05:50,358 [WARN] ApiManager:304 - Cannot register API 'Board Extension:NFC07A1' from pack STMicroelectronics.X-CUBE-NFC7.1.0.1: no header file found
2024-05-03 18:05:50,373 [WARN] ApiManager:304 - Cannot register API 'Board Extension:S2868A1' from pack STMicroelectronics.X-CUBE-SFXS2LP1.4.0.0: no header file found
2024-05-03 18:05:50,373 [WARN] ApiManager:304 - Cannot register API 'Board Extension:S2868A2' from pack STMicroelectronics.X-CUBE-SFXS2LP1.4.0.0: no header file found
2024-05-03 18:05:50,373 [WARN] ApiManager:304 - Cannot register API 'Board Extension:S2915A1' from pack STMicroelectronics.X-CUBE-SFXS2LP1.4.0.0: no header file found
2024-05-03 18:05:50,373 [WARN] ApiManager:304 - Cannot register API 'Wireless:BlueNRG-2' from pack STMicroelectronics.X-CUBE-BLE2.3.3.0: no header file found
2024-05-03 18:05:50,405 [INFO] ThirdPartyModel:282 - Start build external matchings
2024-05-03 18:05:51,237 [INFO] ThirdPartyModel:295 - End build external matchings
2024-05-03 18:05:51,661 [INFO] UtilMem:74 - End LoadConfig() Used Memory: 825968840 Bytes (1073741824)
2024-05-03 18:05:51,724 [WARN] ThirdParty:785 - waiting for thirdparty lock release [change project]
2024-05-03 18:05:51,724 [INFO] ThirdParty:787 - entering critical section [change project]
2024-05-03 18:05:51,724 [INFO] ThirdParty:977 - CMSIS Pack Vendor :STMicroelectronics X-CUBE-GNSS1 6.0.0
2024-05-03 18:05:51,724 [INFO] ThirdParty:977 - CMSIS Pack Vendor :STMicroelectronics USB_HOST 2.0.0
2024-05-03 18:05:51,724 [INFO] ThirdParty:977 - CMSIS Pack Vendor :STMicroelectronics FP-SNS-MOTENVWB1 1.4.0
2024-05-03 18:05:51,724 [INFO] ThirdParty:977 - CMSIS Pack Vendor :STMicroelectronics X-CUBE-AZRTOS-F4 1.1.0
2024-05-03 18:05:51,724 [INFO] ThirdParty:977 - CMSIS Pack Vendor :STMicroelectronics LIBJPEG 8.0.0
2024-05-03 18:05:51,724 [INFO] ThirdParty:977 - CMSIS Pack Vendor :STMicroelectronics X-CUBE-SMBUS 2.1.0
2024-05-03 18:05:51,724 [INFO] ThirdParty:977 - CMSIS Pack Vendor :STMicroelectronics USB_DEVICE 3.0.0
2024-05-03 18:05:51,724 [INFO] ThirdParty:977 - CMSIS Pack Vendor :STMicroelectronics X-CUBE-TCPP 4.1.0
2024-05-03 18:05:51,724 [INFO] ThirdParty:977 - CMSIS Pack Vendor :STMicroelectronics X-CUBE-FREERTOS 1.2.0
2024-05-03 18:05:51,724 [INFO] ThirdParty:977 - CMSIS Pack Vendor :STMicroelectronics X-CUBE-AZRTOS-WB 2.0.0
2024-05-03 18:05:51,724 [INFO] ThirdParty:977 - CMSIS Pack Vendor :STMicroelectronics X-CUBE-TOUCHGFX 4.23.2
2024-05-03 18:05:51,724 [INFO] ThirdParty:977 - CMSIS Pack Vendor :STMicroelectronics X-CUBE-AZRTOS-F7 1.1.0
2024-05-03 18:05:51,724 [INFO] ThirdParty:977 - CMSIS Pack Vendor :STMicroelectronics X-CUBE-AZRTOS-L5 2.0.0
2024-05-03 18:05:51,724 [INFO] ThirdParty:977 - CMSIS Pack Vendor :STMicroelectronics USB_DEVICE 2.0.0
2024-05-03 18:05:51,724 [INFO] ThirdParty:977 - CMSIS Pack Vendor :STMicroelectronics X-CUBE-NFC6 3.1.0
2024-05-03 18:05:51,724 [INFO] ThirdParty:977 - CMSIS Pack Vendor :STMicroelectronics X-CUBE-ALGOBUILD 1.3.0
2024-05-03 18:05:51,724 [INFO] ThirdParty:977 - CMSIS Pack Vendor :STMicroelectronics FreeRTOS 0.0.1
2024-05-03 18:05:51,724 [INFO] ThirdParty:977 - CMSIS Pack Vendor :STMicroelectronics X-CUBE-AZRTOS-G0 1.1.0
2024-05-03 18:05:51,724 [INFO] ThirdParty:977 - CMSIS Pack Vendor :STMicroelectronics X-CUBE-SAFEA1 1.2.2
2024-05-03 18:05:51,724 [INFO] ThirdParty:977 - CMSIS Pack Vendor :STMicroelectronics X-CUBE-NFC4 3.0.0
2024-05-03 18:05:51,724 [INFO] ThirdParty:977 - CMSIS Pack Vendor :STMicroelectronics X-CUBE-SUBG2 5.0.0
2024-05-03 18:05:51,724 [INFO] ThirdParty:977 - CMSIS Pack Vendor :STMicroelectronics STM32_WPAN 1.0.0
2024-05-03 18:05:51,724 [INFO] ThirdParty:977 - CMSIS Pack Vendor :STMicroelectronics lwIP 2.0.3
2024-05-03 18:05:51,724 [INFO] ThirdParty:977 - CMSIS Pack Vendor :STMicroelectronics FP-SNS-FLIGHT1 5.0.2
2024-05-03 18:05:51,724 [INFO] ThirdParty:977 - CMSIS Pack Vendor :STMicroelectronics USB_HOST 1.0.0
2024-05-03 18:05:51,724 [INFO] ThirdParty:977 - CMSIS Pack Vendor :STMicroelectronics X-CUBE-AI 9.0.0
2024-05-03 18:05:51,724 [INFO] ThirdParty:977 - CMSIS Pack Vendor :STMicroelectronics X-CUBE-AZRTOS-G4 2.0.0
2024-05-03 18:05:51,724 [INFO] ThirdParty:977 - CMSIS Pack Vendor :STMicroelectronics PDM2PCM 3.1.0
2024-05-03 18:05:51,724 [INFO] ThirdParty:977 - CMSIS Pack Vendor :STMicroelectronics PDM2PCM 3.3.0
2024-05-03 18:05:51,724 [INFO] ThirdParty:977 - CMSIS Pack Vendor :STMicroelectronics X-CUBE-DISPLAY 3.0.0
2024-05-03 18:05:51,724 [INFO] ThirdParty:977 - CMSIS Pack Vendor :wolfSSL I-CUBE-wolfSSL 5.7.0
2024-05-03 18:05:51,724 [INFO] ThirdParty:977 - CMSIS Pack Vendor :STMicroelectronics X-CUBE-BLE1 7.0.0
2024-05-03 18:05:51,724 [INFO] ThirdParty:977 - CMSIS Pack Vendor :STMicroelectronics FP-ATR-SIGFOX1 3.2.0
2024-05-03 18:05:51,724 [INFO] ThirdParty:977 - CMSIS Pack Vendor :STMicroelectronics X-CUBE-ISPU 2.0.0
2024-05-03 18:05:51,724 [INFO] ThirdParty:977 - CMSIS Pack Vendor :STMicroelectronics X-CUBE-EEPRMA1 5.1.0
2024-05-03 18:05:51,724 [INFO] ThirdParty:977 - CMSIS Pack Vendor :STMicroelectronics HAL Drivers 0.0.0
2024-05-03 18:05:51,724 [INFO] ThirdParty:977 - CMSIS Pack Vendor :STMicroelectronics MBEDTLS 2.16.2
2024-05-03 18:05:51,724 [INFO] ThirdParty:977 - CMSIS Pack Vendor :emotas I-CUBE-CANOPEN 1.3.0
2024-05-03 18:05:51,724 [INFO] ThirdParty:977 - CMSIS Pack Vendor :STMicroelectronics X-CUBE-MEMS1 10.0.0
2024-05-03 18:05:51,724 [INFO] ThirdParty:977 - CMSIS Pack Vendor :STMicroelectronics X-CUBE-NFC7 1.0.1
2024-05-03 18:05:51,724 [INFO] ThirdParty:977 - CMSIS Pack Vendor :STMicroelectronics MBEDTLS 2.14.1
2024-05-03 18:05:51,724 [INFO] ThirdParty:977 - CMSIS Pack Vendor :ITTIA_DB I-CUBE-ITTIADB 8.9.0
2024-05-03 18:05:51,724 [INFO] ThirdParty:977 - CMSIS Pack Vendor :portGmbH I-Cube-SoM-uGOAL 1.1.0
2024-05-03 18:05:51,724 [INFO] ThirdParty:977 - CMSIS Pack Vendor :STMicroelectronics X-CUBE-ALS 1.0.1
2024-05-03 18:05:51,724 [INFO] ThirdParty:977 - CMSIS Pack Vendor :STMicroelectronics X-CUBE-BLEMGR 3.1.0
2024-05-03 18:05:51,724 [INFO] ThirdParty:977 - CMSIS Pack Vendor :STMicroelectronics ThreadX 1.0.0
2024-05-03 18:05:51,724 [INFO] ThirdParty:977 - CMSIS Pack Vendor :STMicroelectronics FP-SNS-SMARTAG2 1.2.0
2024-05-03 18:05:51,724 [INFO] ThirdParty:977 - CMSIS Pack Vendor :STMicroelectronics X-CUBE-AZRTOS-WL 2.0.0
2024-05-03 18:05:51,724 [INFO] ThirdParty:977 - CMSIS Pack Vendor :SEGGER I-CUBE-embOS 1.3.1
2024-05-03 18:05:51,724 [INFO] ThirdParty:977 - CMSIS Pack Vendor :STMicroelectronics FP-SNS-MOTENV1 5.0.0
2024-05-03 18:05:51,724 [INFO] ThirdParty:977 - CMSIS Pack Vendor :STMicroelectronics USB_DEVICE 1.0.0
2024-05-03 18:05:51,724 [INFO] ThirdParty:977 - CMSIS Pack Vendor :STMicroelectronics X-CUBE-AZRTOS-H7RS 1.0.0
2024-05-03 18:05:51,724 [INFO] ThirdParty:977 - CMSIS Pack Vendor :STMicroelectronics X-CUBE-AZRTOS-L4 2.0.0
2024-05-03 18:05:51,724 [INFO] ThirdParty:977 - CMSIS Pack Vendor :STMicroelectronics ThreadX 0.0.2
2024-05-03 18:05:51,724 [INFO] ThirdParty:977 - CMSIS Pack Vendor :WES I-CUBE-Cesium 1.3.0
2024-05-03 18:05:51,724 [INFO] ThirdParty:977 - CMSIS Pack Vendor :STMicroelectronics FP-ATR-ASTRA1 2.0.0
2024-05-03 18:05:51,724 [INFO] ThirdParty:977 - CMSIS Pack Vendor :STMicroelectronics lwIP 2.1.2
2024-05-03 18:05:51,724 [INFO] ThirdParty:977 - CMSIS Pack Vendor :STMicroelectronics X-CUBE-SFXS2LP1 4.0.0
2024-05-03 18:05:51,724 [INFO] ThirdParty:977 - CMSIS Pack Vendor :STMicroelectronics X-CUBE-BLE2 3.3.0
2024-05-03 18:05:51,724 [INFO] ThirdParty:977 - CMSIS Pack Vendor :STMicroelectronics X-CUBE-TOF1 3.4.1
2024-05-03 18:05:51,724 [INFO] ThirdParty:977 - CMSIS Pack Vendor :STMicroelectronics X-CUBE-AZRTOS-H7 3.2.0
2024-05-03 18:05:51,724 [INFO] ThirdParty:977 - CMSIS Pack Vendor :Infineon AIROC-Wi-Fi-Bluetooth-STM32 1.6.0
2024-05-03 18:05:51,724 [INFO] ThirdParty:977 - CMSIS Pack Vendor :STMicroelectronics PDM2PCM 3.2.0
2024-05-03 18:05:51,724 [INFO] ThirdParty:793 - exiting critical section [change project]
2024-05-03 18:05:51,974 [INFO] PinOutPanel:1465 - setPackage(No Configuration,No Configuration)
2024-05-03 18:05:51,974 [INFO] PinOutPanel:1465 - setPackage(STM32F103C8Tx,LQFP48)
2024-05-03 18:05:52,336 [INFO] UtilMem:74 - Before build in PCC Used Memory: 686194312 Bytes (1073741824)
2024-05-03 18:05:52,744 [INFO] UtilMem:74 - After build in PCC Used Memory: 686050144 Bytes (1073741824)
2024-05-03 18:05:52,775 [INFO] IPUIPlugin:75 - create IPUIPlugin
2024-05-03 18:05:52,775 [INFO] IPUIPlugin:75 - create IPUIPlugin
2024-05-03 18:05:52,775 [INFO] IPUIPlugin:75 - create IPUIPlugin
2024-05-03 18:05:52,775 [INFO] IPUIPlugin:75 - create IPUIPlugin
2024-05-03 18:05:52,775 [INFO] IPUIPlugin:75 - create IPUIPlugin
2024-05-03 18:05:52,775 [INFO] IPUIPlugin:75 - create IPUIPlugin
2024-05-03 18:05:52,775 [INFO] IPUIPlugin:75 - create IPUIPlugin
2024-05-03 18:05:52,775 [INFO] IPUIPlugin:75 - create IPUIPlugin
2024-05-03 18:05:52,775 [INFO] IPUIPlugin:75 - create IPUIPlugin
2024-05-03 18:05:52,775 [INFO] IPUIPlugin:75 - create IPUIPlugin
2024-05-03 18:05:52,775 [INFO] IPUIPlugin:75 - create IPUIPlugin
2024-05-03 18:05:52,775 [INFO] IPUIPlugin:75 - create IPUIPlugin
2024-05-03 18:05:52,775 [INFO] IPUIPlugin:75 - create IPUIPlugin
2024-05-03 18:05:52,775 [INFO] IPUIPlugin:75 - create IPUIPlugin
2024-05-03 18:05:52,775 [INFO] IPUIPlugin:75 - create IPUIPlugin
2024-05-03 18:05:52,775 [INFO] IPUIPlugin:75 - create IPUIPlugin
2024-05-03 18:05:52,775 [INFO] IPUIPlugin:75 - create IPUIPlugin
2024-05-03 18:05:52,775 [INFO] IPUIPlugin:75 - create IPUIPlugin
2024-05-03 18:05:52,775 [INFO] IPUIPlugin:75 - create IPUIPlugin
2024-05-03 18:05:52,775 [INFO] IPUIPlugin:75 - create IPUIPlugin
2024-05-03 18:05:52,775 [INFO] IPUIPlugin:75 - create IPUIPlugin
2024-05-03 18:05:52,775 [INFO] IPUIPlugin:75 - create IPUIPlugin
2024-05-03 18:05:52,775 [INFO] IPUIPlugin:75 - create IPUIPlugin
2024-05-03 18:05:52,775 [INFO] IPUIPlugin:75 - create IPUIPlugin
2024-05-03 18:05:52,775 [INFO] IPUIPlugin:75 - create IPUIPlugin
2024-05-03 18:05:52,790 [INFO] IPUIPlugin:75 - create IPUIPlugin
2024-05-03 18:05:52,790 [INFO] IPUIPlugin:75 - create IPUIPlugin
2024-05-03 18:05:52,885 [INFO] OpenFileManager:323 - Restore cursor
2024-05-03 18:05:53,387 [INFO] UtilMem:74 - End SaveConfig() Used Memory: 733596648 Bytes (1073741824)
2024-05-03 18:05:53,497 [INFO] UtilMem:74 - End SaveConfig() Used Memory: 745292640 Bytes (1073741824)
2024-05-03 18:05:54,486 [INFO] BlockDiagram:2740 - set Specific Code input for plugin: NVIC
2024-05-03 18:05:54,486 [INFO] BlockDiagram:2740 - set Specific Code input for plugin: SYS
2024-05-03 18:05:54,486 [INFO] BlockDiagram:2740 - set Specific Code input for plugin: RCC
2024-05-03 18:05:54,486 [INFO] CodeGenerator:681 - code generatio: config db path: C:\ST\STM32CubeIDE_1.9.0\STM32CubeIDE\plugins\com.st.stm32cube.common.mx_6.5.0.202202251913\\db\
2024-05-03 18:05:54,878 [INFO] CodeEngine:237 - oldGeneratedFile, C:\Users\hoatt\STM32CubeIDE\workspace_1.9.0\UART\MXTmpFiles\license.tmp_save
2024-05-03 18:05:55,036 [INFO] CodeEngine:261 - Generated code: C:\Users\hoatt\STM32CubeIDE\workspace_1.9.0\UART\MXTmpFiles\license.tmp
2024-05-03 18:05:55,114 [INFO] CodeEngine:237 - oldGeneratedFile, C:\Users\hoatt\STM32CubeIDE\workspace_1.9.0\UART\Core\Src\stm32f1xx_it.c_save
2024-05-03 18:05:55,286 [INFO] CodeEngine:261 - Generated code: C:\Users\hoatt\STM32CubeIDE\workspace_1.9.0\UART\Core\Src\stm32f1xx_it.c
2024-05-03 18:05:55,303 [INFO] CodeEngine:237 - oldGeneratedFile, C:\Users\hoatt\STM32CubeIDE\workspace_1.9.0\UART\Core\Inc\stm32f1xx_it.h_save
2024-05-03 18:05:55,534 [INFO] CodeEngine:261 - Generated code: C:\Users\hoatt\STM32CubeIDE\workspace_1.9.0\UART\Core\Inc\stm32f1xx_it.h
2024-05-03 18:05:55,569 [INFO] CodeEngine:237 - oldGeneratedFile, C:\Users\hoatt\STM32CubeIDE\workspace_1.9.0\UART\Core\Src\stm32f1xx_hal_msp.c_save
2024-05-03 18:05:55,789 [INFO] CodeEngine:261 - Generated code: C:\Users\hoatt\STM32CubeIDE\workspace_1.9.0\UART\Core\Src\stm32f1xx_hal_msp.c
2024-05-03 18:05:55,805 [INFO] CodeEngine:237 - oldGeneratedFile, C:\Users\hoatt\STM32CubeIDE\workspace_1.9.0\UART\MXTmpFiles\system.tmp_save
2024-05-03 18:05:55,962 [INFO] CodeEngine:261 - Generated code: C:\Users\hoatt\STM32CubeIDE\workspace_1.9.0\UART\MXTmpFiles\system.tmp
2024-05-03 18:05:55,994 [INFO] CodeEngine:237 - oldGeneratedFile, C:\Users\hoatt\STM32CubeIDE\workspace_1.9.0\UART\Core\Inc\stm32f1xx_hal_conf.h_save
2024-05-03 18:05:56,151 [INFO] CodeEngine:261 - Generated code: C:\Users\hoatt\STM32CubeIDE\workspace_1.9.0\UART\Core\Inc\stm32f1xx_hal_conf.h
2024-05-03 18:05:56,213 [INFO] CodeEngine:237 - oldGeneratedFile, C:\Users\hoatt\STM32CubeIDE\workspace_1.9.0\UART\Core\Inc\main.h_save
2024-05-03 18:05:56,370 [INFO] CodeEngine:261 - Generated code: C:\Users\hoatt\STM32CubeIDE\workspace_1.9.0\UART\Core\Inc\main.h
2024-05-03 18:05:56,386 [INFO] CodeEngine:237 - oldGeneratedFile, C:\Users\hoatt\STM32CubeIDE\workspace_1.9.0\UART\Core\Src\main.c_save
2024-05-03 18:05:56,590 [INFO] CodeEngine:261 - Generated code: C:\Users\hoatt\STM32CubeIDE\workspace_1.9.0\UART\Core\Src\main.c
2024-05-03 18:05:58,457 [INFO] ProjectBuilder:2913 - Time for Copy HAL[1] : 564mS.
2024-05-03 18:05:58,473 [INFO] ProjectBuilder:4015 - Project Generator version: 3.16.0
2024-05-03 18:05:59,022 [INFO] ConfigFileManager:1287 - The Die is : DIE410
2024-05-03 18:05:59,038 [INFO] ApiDbMcu:488 - Load IP Config File for FATFS
2024-05-03 18:05:59,042 [INFO] ApiDbMcu:488 - Load IP Config File for FREERTOS
2024-05-03 18:05:59,054 [INFO] ApiDbMcu:488 - Load IP Config File for USB_DEVICE
2024-05-03 18:06:03,153 [INFO] ProjectBuilder:4183 - Time for Generating toolchain IDE Files: 4680mS.
2024-05-03 18:06:03,153 [INFO] ProjectBuilder:2785 - Time for Copy CMSIS : 0mS.
2024-05-03 18:06:03,165 [INFO] ProjectBuilder:2785 - Time for Copy CMSIS : 0mS.
2024-05-03 18:06:04,672 [INFO] McuFinderGlobals:52 - Set McuFinderConnectedMode to true
2024-05-03 18:06:04,672 [INFO] ApiDb:432 - Save user favorites file C:\Users\hoatt/.stm32cubeide/favorites.mcus.txt: 0 item(s)
2024-05-03 18:06:04,672 [INFO] ApiDb:436 - User favorites MCUs=[]
2024-05-03 18:08:44,977 [INFO] UtilMem:74 - End SaveConfig() Used Memory: 668985912 Bytes (1073741824)
2024-05-03 18:08:46,655 [INFO] UtilMem:74 - End SaveConfig() Used Memory: 688119824 Bytes (1073741824)
2024-05-03 18:08:50,335 [INFO] UtilMem:74 - End SaveConfig() Used Memory: 767004224 Bytes (1073741824)
2024-05-03 18:08:50,900 [INFO] BlockDiagram:2740 - set Specific Code input for plugin: NVIC
2024-05-03 18:08:50,900 [INFO] BlockDiagram:2740 - set Specific Code input for plugin: SYS
2024-05-03 18:08:50,900 [INFO] BlockDiagram:2740 - set Specific Code input for plugin: GPIO
2024-05-03 18:08:50,900 [INFO] BlockDiagram:2740 - set Specific Code input for plugin: RCC
2024-05-03 18:08:50,908 [INFO] CodeGenerator:681 - code generatio: config db path: C:\ST\STM32CubeIDE_1.9.0\STM32CubeIDE\plugins\com.st.stm32cube.common.mx_6.5.0.202202251913\\db\
2024-05-03 18:08:51,246 [INFO] CodeEngine:237 - oldGeneratedFile, C:\Users\hoatt\STM32CubeIDE\workspace_1.9.0\UART\MXTmpFiles\license.tmp_save
2024-05-03 18:08:51,418 [INFO] CodeEngine:261 - Generated code: C:\Users\hoatt\STM32CubeIDE\workspace_1.9.0\UART\MXTmpFiles\license.tmp
2024-05-03 18:08:51,450 [INFO] CodeEngine:237 - oldGeneratedFile, C:\Users\hoatt\STM32CubeIDE\workspace_1.9.0\UART\MXTmpFiles\gpio.tmp_save
2024-05-03 18:08:51,610 [INFO] CodeEngine:261 - Generated code: C:\Users\hoatt\STM32CubeIDE\workspace_1.9.0\UART\MXTmpFiles\gpio.tmp
2024-05-03 18:08:51,654 [INFO] CodeEngine:237 - oldGeneratedFile, C:\Users\hoatt\STM32CubeIDE\workspace_1.9.0\UART\Core\Src\stm32f1xx_it.c_save
2024-05-03 18:08:51,826 [INFO] CodeEngine:261 - Generated code: C:\Users\hoatt\STM32CubeIDE\workspace_1.9.0\UART\Core\Src\stm32f1xx_it.c
2024-05-03 18:08:51,841 [INFO] CodeEngine:237 - oldGeneratedFile, C:\Users\hoatt\STM32CubeIDE\workspace_1.9.0\UART\Core\Inc\stm32f1xx_it.h_save
2024-05-03 18:08:52,046 [INFO] CodeEngine:261 - Generated code: C:\Users\hoatt\STM32CubeIDE\workspace_1.9.0\UART\Core\Inc\stm32f1xx_it.h
2024-05-03 18:08:52,092 [INFO] CodeEngine:237 - oldGeneratedFile, C:\Users\hoatt\STM32CubeIDE\workspace_1.9.0\UART\Core\Src\stm32f1xx_hal_msp.c_save
2024-05-03 18:08:52,281 [INFO] CodeEngine:261 - Generated code: C:\Users\hoatt\STM32CubeIDE\workspace_1.9.0\UART\Core\Src\stm32f1xx_hal_msp.c
2024-05-03 18:08:52,313 [INFO] CodeEngine:237 - oldGeneratedFile, C:\Users\hoatt\STM32CubeIDE\workspace_1.9.0\UART\MXTmpFiles\system.tmp_save
2024-05-03 18:08:52,469 [INFO] CodeEngine:261 - Generated code: C:\Users\hoatt\STM32CubeIDE\workspace_1.9.0\UART\MXTmpFiles\system.tmp
2024-05-03 18:08:52,500 [INFO] CodeEngine:237 - oldGeneratedFile, C:\Users\hoatt\STM32CubeIDE\workspace_1.9.0\UART\Core\Inc\stm32f1xx_hal_conf.h_save
2024-05-03 18:08:52,705 [INFO] CodeEngine:261 - Generated code: C:\Users\hoatt\STM32CubeIDE\workspace_1.9.0\UART\Core\Inc\stm32f1xx_hal_conf.h
2024-05-03 18:08:52,768 [INFO] CodeEngine:237 - oldGeneratedFile, C:\Users\hoatt\STM32CubeIDE\workspace_1.9.0\UART\Core\Inc\main.h_save
2024-05-03 18:08:52,909 [INFO] CodeEngine:261 - Generated code: C:\Users\hoatt\STM32CubeIDE\workspace_1.9.0\UART\Core\Inc\main.h
2024-05-03 18:08:52,925 [INFO] CodeEngine:237 - oldGeneratedFile, C:\Users\hoatt\STM32CubeIDE\workspace_1.9.0\UART\Core\Src\main.c_save
2024-05-03 18:08:53,129 [INFO] CodeEngine:261 - Generated code: C:\Users\hoatt\STM32CubeIDE\workspace_1.9.0\UART\Core\Src\main.c
2024-05-03 18:08:54,620 [INFO] ProjectBuilder:2913 - Time for Copy HAL[1] : 518mS.
2024-05-03 18:08:54,636 [INFO] ProjectBuilder:4015 - Project Generator version: 3.16.0
2024-05-03 18:08:55,185 [INFO] ConfigFileManager:1287 - The Die is : DIE410
2024-05-03 18:08:57,886 [INFO] ProjectBuilder:4183 - Time for Generating toolchain IDE Files: 3250mS.
2024-05-03 18:08:57,886 [INFO] ProjectBuilder:2785 - Time for Copy CMSIS : 0mS.
2024-05-03 18:08:57,886 [INFO] ProjectBuilder:2785 - Time for Copy CMSIS : 0mS.
2024-05-03 21:43:26,169 [INFO] MainUpdater:2729 - connection check result : 10
2024-05-03 21:43:26,554 [INFO] McuFinderGlobals:52 - Set McuFinderConnectedMode to true
2024-05-03 21:43:26,562 [INFO] MultiScanPanel:195 - Auto-refresh data requested => check proxy status ongoing
2024-05-03 21:43:26,567 [INFO] FinderPluginLoader:87 - Searching for filters in installed packs
2024-05-03 21:43:26,606 [INFO] ApiDb:567 - Connected to CubeFinder SQLite database (C:\Users\hoatt\.stmcufinder\plugins\mcufinder\mcu\cube-finder-db.db)
2024-05-03 21:43:28,183 [INFO] LoadUrlFilesThread:173 - End of LoadServerUrlFiles without Thread
2024-05-03 21:43:28,188 [INFO] DetailPanel:315 - Set advertising image to C:/Users/hoatt/STM32Cube/Repository/\en.prom-stm32h7rs-mcu-finder.png
2024-05-03 21:43:30,437 [INFO] ApiDb:654 - CubeFinder database Data Model version=2.1
2024-05-03 21:43:30,440 [INFO] ApiDb:655 - CubeFinder database Configuration version=3.0.39
2024-05-03 21:43:30,440 [INFO] ApiDb:656 - CubeFinder database generation date=2024-04-15 (1713193726)
2024-05-03 21:43:30,440 [INFO] ApiDb:657 - CubeFinder database FW Pack versions=[FP-ATR-ASTRA1_V2.0.0, FP-SNS-FLIGHT1_V5.0.1, FP-SNS-FLIGHT1_V5.0.2, FP-SNS-MOTENV1_V4.3.1, FP-SNS-MOTENV1_V4.3.2, FP-SNS-MOTENVWB1_V1.3.1, FP-SNS-SMARTAG2_V1.2.0, STM32Cube_FW_C0_V1.1.0, STM32Cube_FW_F4_V1.28.0, STM32Cube_FW_F7_V1.17.0, STM32Cube_FW_G0_V1.6.2, STM32Cube_FW_G4_V1.5.2, STM32Cube_FW_H5_V0.5.1, STM32Cube_FW_H5_V1.1.1, STM32Cube_FW_H5_V1.2.0, STM32Cube_FW_H5_V1.2.0RC4, STM32Cube_FW_H7RS_V1.0.0, STM32Cube_FW_H7RS_V1.0.0RC4, STM32Cube_FW_H7_V1.11.0, STM32Cube_FW_L0_V1.12.2, STM32Cube_FW_L5_V1.5.1, STM32Cube_FW_U0_V1.0.0, STM32Cube_FW_U0_V1.0.0RC1, STM32Cube_FW_U5_V1.3.0RC4, STM32Cube_FW_U5_V1.5.0, STM32Cube_FW_U5_V1.5.0RC1, STM32Cube_FW_WBA_V1.0.0RC1, STM32Cube_FW_WBA_V1.2.0, STM32Cube_FW_WBA_V1.2.0RC2, STM32Cube_FW_WBA_V1.3.0, STM32Cube_FW_WBA_V1.3.0RC1, STM32Cube_FW_WB_V1.15.0RC1, STM32Cube_FW_WB_V1.16.0, STM32Cube_FW_WB_V1.16.0RC2, STM32Cube_FW_WB_V1.18.0, STM32Cube_FW_WB_V1.19.0, STM32Cube_FW_WL_V1.3.0, X-CUBE-ALGOBUILD_V1.3.0, X-CUBE-ALS_V1.0.1, X-CUBE-AZRTOS-F4_V1.1.0, X-CUBE-AZRTOS-F7_V1.1.0, X-CUBE-AZRTOS-G0_V1.1.0, X-CUBE-AZRTOS-G4_V2.0.0, X-CUBE-AZRTOS-H7_V3.2.0, X-CUBE-AZRTOS-L4_V1.0.0, X-CUBE-AZRTOS-L4_V2.0.0, X-CUBE-AZRTOS-L5_V1.1.0, X-CUBE-AZRTOS-WB_V2.0.0, X-CUBE-AZRTOS-WL_V2.0.0, X-CUBE-BLE1_V7.0.0, X-CUBE-BLE2_V3.3.0, X-CUBE-BLEMGR_V3.1.0, X-CUBE-EEPRMA1_V4.1.0, X-CUBE-EEPRMA1_V5.1.0, X-CUBE-FREERTOS_V1.1.0, X-CUBE-GNSS1_V6.0.0, X-CUBE-MEMS1_V10.0.0, X-CUBE-MEMS1_V9.1.0, X-CUBE-MEMS1_V9.4.0, X-CUBE-MEMS1_V9.6.0, X-CUBE-NFC4_V3.0.0, X-CUBE-NFC7_V1.0.1, X-CUBE-SFXS2LP1_V4.0.0, X-CUBE-SUBG2_V5.0.0, X-CUBE-TOF1_V3.4.0]
2024-05-03 21:43:32,444 [ERROR] DbExamplesSqlite:409 - Missing JSON key: board_cpn
2024-05-03 21:43:32,444 [ERROR] DbExamplesSqlite:409 - Missing JSON key: board_cpn
2024-05-03 21:43:32,446 [ERROR] DbExamplesSqlite:409 - Missing JSON key: board_cpn
2024-05-03 21:43:32,446 [ERROR] DbExamplesSqlite:409 - Missing JSON key: board_cpn
2024-05-03 21:43:32,798 [INFO] DbExamplesSqlite:367 - Ignored 60 examples not supported by CubeIDE
2024-05-03 21:43:32,802 [INFO] DbExamplesSqlite:368 - Found 8152 examples active
2024-05-03 21:43:32,802 [INFO] DbExamplesSqlite:369 - Found 871 examples obsolete
2024-05-03 21:43:32,802 [INFO] DbExamplesSqlite:370 - Found 0 examples under development
2024-05-03 21:43:32,802 [INFO] DbExamplesSqlite:371 - Found 10 examples not building
2024-05-03 21:43:32,807 [INFO] DbExamples:124 - Found 8102 examples
2024-05-03 21:43:32,863 [ERROR] DbExamples:207 - Found 11 examples with invalid data (board or MCU)
2024-05-03 21:43:32,866 [INFO] DbExamples:221 - Found 101 boards with related examples
2024-05-03 21:43:32,868 [INFO] DbExamples:234 - Found 85 MCUs with related examples
2024-05-03 21:43:32,899 [INFO] ApiDb:398 - User favorites file not found: C:\Users\hoatt/.stm32cubeide/favorites.examples.txt
2024-05-03 21:43:32,899 [INFO] DbExamples:249 - Set 0 / 0 favorites Examples
2024-05-03 21:43:33,927 [INFO] MultiScanPanel:787 - Auto Refresh Data is not needed
2024-05-03 21:44:10,219 [INFO] MainUpdater:2729 - connection check result : 10
2024-05-03 21:44:10,222 [INFO] MainUpdater:2729 - connection check result : 10
2024-05-03 21:44:10,419 [INFO] MicroXplorer:447 - Change Database Path : 
2024-05-03 21:44:10,419 [INFO] MicroXplorer:477 - Change Database Version : DB.6.0.50
2024-05-03 21:44:10,429 [WARN] ThirdParty:823 - waiting for thirdparty lock release [close project]
2024-05-03 21:44:10,432 [INFO] ThirdParty:825 - entering critical section [close project]
2024-05-03 21:44:10,432 [INFO] ThirdParty:835 - exiting critical section [close project]
2024-05-03 21:44:10,434 [INFO] PinOutPanel:1465 - setPackage(No Configuration,No Configuration)
2024-05-03 21:44:10,445 [INFO] UtilMem:74 - Begin LoadConfig() Used Memory: 815300504 Bytes (1073741824)
2024-05-03 21:44:10,447 [INFO] MicroXplorer:447 - Change Database Path : 
2024-05-03 21:44:10,447 [INFO] MicroXplorer:477 - Change Database Version : DB.6.0.50
2024-05-03 21:44:10,447 [INFO] OpenFileManager:303 - Change cursor
2024-05-03 21:44:10,512 [INFO] RulesReader:57 - Compatibility file has been processed (281 Rules)
2024-05-03 21:44:10,522 [INFO] Mcu:1893 - Initializing MCU STM32F103C8Tx STM32F103C8Tx 
2024-05-03 21:44:10,522 [INFO] Mcu:1906 - No CPN specified => set CPN to STM32F103C8T6
2024-05-03 21:44:12,178 [INFO] Context:599 - Trying to add GPIOservice into a context  which must be forbidden
2024-05-03 21:44:12,685 [INFO] ImportTextPane:183 - (OptionalMessage_ERROR) Unable to find key (Mcu.ThirdPartyNb) in loaded IOC file
2024-05-03 21:44:12,686 [INFO] ImportTextPane:183 - (OptionalMessage_ERROR) Unable to find key (Mcu.PinsNb) in loaded IOC file
2024-05-03 21:44:12,686 [INFO] ImportTextPane:183 - (OptionalMessage_ERROR) Unable to find key (Mcu.IPNb) in loaded IOC file
2024-05-03 21:44:12,750 [WARN] ApiManager:304 - Cannot register API 'Board Extension:GNSS1A1' from pack STMicroelectronics.X-CUBE-GNSS1.6.0.0: no header file found
2024-05-03 21:44:12,750 [WARN] ApiManager:304 - Cannot register API 'Board Support:Custom' from pack STMicroelectronics.X-CUBE-GNSS1.6.0.0: no header file found
2024-05-03 21:44:12,750 [WARN] ApiManager:304 - Cannot register API 'Data Exchange:lib_gnss' from pack STMicroelectronics.X-CUBE-GNSS1.6.0.0: no header file found
2024-05-03 21:44:12,777 [WARN] ApiManager:304 - Cannot register API 'Board Extension:NFC06A1' from pack STMicroelectronics.X-CUBE-NFC6.3.1.0: no header file found
2024-05-03 21:44:12,777 [WARN] ApiManager:304 - Cannot register API 'Board Extension:NFC08A1' from pack STMicroelectronics.X-CUBE-NFC6.3.1.0: no header file found
2024-05-03 21:44:12,785 [INFO] RtosManager:484 - Registered RTOS mode: class=CMSIS, group=RTOS, mode=CMSIS_V1, owner=FREERTOS
2024-05-03 21:44:12,785 [INFO] RtosManager:484 - Registered RTOS mode: class=CMSIS, group=RTOS2, mode=CMSIS_V2, owner=FREERTOS
2024-05-03 21:44:12,785 [INFO] RtosManager:484 - Registered RTOS mode: class=RTOS, group=Core, mode=CMSIS_V1, owner=FREERTOS
2024-05-03 21:44:12,785 [INFO] RtosManager:484 - Registered RTOS mode: class=RTOS, group=Core, mode=CMSIS_V2, owner=FREERTOS
2024-05-03 21:44:12,785 [WARN] ModelIntegratedComponent:181 - Missing modes for component STMicroelectronics:FreeRTOS:0.0.1:STMicroelectronics:RTOS:FreeRTOS:Core:::10.2.0:
2024-05-03 21:44:12,791 [WARN] ApiManager:304 - Cannot register API 'Board Extension:STSAFEA1' from pack STMicroelectronics.X-CUBE-SAFEA1.1.2.2: no header file found
2024-05-03 21:44:12,791 [WARN] ApiManager:304 - Cannot register API 'Board Part:STSAFEA110' from pack STMicroelectronics.X-CUBE-SAFEA1.1.2.2: no header file found
2024-05-03 21:44:12,791 [WARN] ApiManager:304 - Cannot register API 'Security:ST_Cryptolib' from pack STMicroelectronics.X-CUBE-SAFEA1.1.2.2: no header file found
2024-05-03 21:44:12,791 [WARN] ApiManager:304 - Cannot register API 'Security:MbedTLS' from pack STMicroelectronics.X-CUBE-SAFEA1.1.2.2: no header file found
2024-05-03 21:44:12,793 [WARN] ApiManager:304 - Cannot register API 'Board Extension:NFC04A1' from pack STMicroelectronics.X-CUBE-NFC4.3.0.0: no header file found
2024-05-03 21:44:12,800 [WARN] ApiManager:304 - Cannot register API 'Board Extension:S2868A1' from pack STMicroelectronics.X-CUBE-SUBG2.5.0.0: no header file found
2024-05-03 21:44:12,800 [WARN] ApiManager:304 - Cannot register API 'Board Extension:S2868A2' from pack STMicroelectronics.X-CUBE-SUBG2.5.0.0: no header file found
2024-05-03 21:44:12,800 [WARN] ApiManager:304 - Cannot register API 'Board Extension:S2915A1' from pack STMicroelectronics.X-CUBE-SUBG2.5.0.0: no header file found
2024-05-03 21:44:12,808 [WARN] ApiManager:304 - Cannot register API 'Wireless:BlueNRG-MS' from pack STMicroelectronics.X-CUBE-BLE1.7.0.0: no header file found
2024-05-03 21:44:12,815 [WARN] ApiManager:304 - Cannot register API 'Board Extension:EEPRMA2' from pack STMicroelectronics.X-CUBE-EEPRMA1.5.1.0: no header file found
2024-05-03 21:44:12,815 [WARN] ApiManager:304 - Cannot register API 'Board Extension:PGEEZ1' from pack STMicroelectronics.X-CUBE-EEPRMA1.5.1.0: no header file found
2024-05-03 21:44:12,815 [WARN] ApiManager:304 - Cannot register API 'Board Extension:EEICA1' from pack STMicroelectronics.X-CUBE-EEPRMA1.5.1.0: no header file found
2024-05-03 21:44:12,815 [WARN] ApiManager:304 - Cannot register API 'Board Part:M24' from pack STMicroelectronics.X-CUBE-EEPRMA1.5.1.0: no header file found
2024-05-03 21:44:12,815 [WARN] ApiManager:304 - Cannot register API 'Board Part:M95' from pack STMicroelectronics.X-CUBE-EEPRMA1.5.1.0: no header file found
2024-05-03 21:44:12,815 [WARN] ApiManager:304 - Cannot register API 'Board Part:M95P32' from pack STMicroelectronics.X-CUBE-EEPRMA1.5.1.0: no header file found
2024-05-03 21:44:12,815 [WARN] ApiManager:304 - Cannot register API 'Board Part:M24256E-F' from pack STMicroelectronics.X-CUBE-EEPRMA1.5.1.0: no header file found
2024-05-03 21:44:12,815 [WARN] ApiManager:304 - Cannot register API 'Board Part:M24M01E-F' from pack STMicroelectronics.X-CUBE-EEPRMA1.5.1.0: no header file found
2024-05-03 21:44:12,815 [WARN] ApiManager:304 - Cannot register API 'PGEEZ1:SPI' from pack STMicroelectronics.X-CUBE-EEPRMA1.5.1.0: no header file found
2024-05-03 21:44:12,815 [WARN] ApiManager:304 - Cannot register API 'PGEEZ1:QDSPI' from pack STMicroelectronics.X-CUBE-EEPRMA1.5.1.0: no header file found
2024-05-03 21:44:12,818 [WARN] ModelIntegratedComponent:60 - No mode defined for component null
2024-05-03 21:44:12,818 [WARN] ModelIntegratedComponent:60 - No mode defined for component null
2024-05-03 21:44:12,818 [WARN] ModelIntegratedComponent:60 - No mode defined for component null
2024-05-03 21:44:12,818 [WARN] ModelIntegratedComponent:60 - No mode defined for component null
2024-05-03 21:44:12,818 [WARN] ModelIntegratedComponent:60 - No mode defined for component null
2024-05-03 21:44:12,818 [WARN] ModelIntegratedComponent:60 - No mode defined for component null
2024-05-03 21:44:12,818 [WARN] ModelIntegratedComponent:60 - No mode defined for component null
2024-05-03 21:44:12,818 [WARN] ModelIntegratedComponent:60 - No mode defined for component null
2024-05-03 21:44:12,818 [WARN] ModelIntegratedComponent:60 - No mode defined for component null
2024-05-03 21:44:12,818 [WARN] ModelIntegratedComponent:60 - No mode defined for component null
2024-05-03 21:44:12,818 [WARN] ModelIntegratedComponent:60 - No mode defined for component null
2024-05-03 21:44:12,818 [WARN] ModelIntegratedComponent:60 - No mode defined for component null
2024-05-03 21:44:12,818 [WARN] ModelIntegratedComponent:60 - No mode defined for component null
2024-05-03 21:44:12,818 [WARN] ModelIntegratedComponent:60 - No mode defined for component null
2024-05-03 21:44:12,818 [WARN] ModelIntegratedComponent:60 - No mode defined for component null
2024-05-03 21:44:12,818 [WARN] ModelIntegratedComponent:60 - No mode defined for component null
2024-05-03 21:44:12,818 [WARN] ModelIntegratedComponent:60 - No mode defined for component null
2024-05-03 21:44:12,820 [WARN] ModelIntegratedComponent:60 - No mode defined for component null
2024-05-03 21:44:12,820 [WARN] ModelIntegratedComponent:60 - No mode defined for component null
2024-05-03 21:44:12,820 [WARN] ModelIntegratedComponent:60 - No mode defined for component null
2024-05-03 21:44:12,820 [WARN] ModelIntegratedComponent:60 - No mode defined for component null
2024-05-03 21:44:12,820 [WARN] ModelIntegratedComponent:60 - No mode defined for component null
2024-05-03 21:44:12,820 [WARN] ModelIntegratedComponent:60 - No mode defined for component null
2024-05-03 21:44:12,820 [WARN] ModelIntegratedComponent:60 - No mode defined for component null
2024-05-03 21:44:12,820 [WARN] ModelIntegratedComponent:60 - No mode defined for component null
2024-05-03 21:44:12,820 [WARN] ModelIntegratedComponent:60 - No mode defined for component null
2024-05-03 21:44:12,820 [WARN] ModelIntegratedComponent:60 - No mode defined for component null
2024-05-03 21:44:12,820 [WARN] ModelIntegratedComponent:60 - No mode defined for component null
2024-05-03 21:44:12,820 [WARN] ModelIntegratedComponent:60 - No mode defined for component null
2024-05-03 21:44:12,820 [WARN] ModelIntegratedComponent:60 - No mode defined for component null
2024-05-03 21:44:12,820 [WARN] ModelIntegratedComponent:60 - No mode defined for component null
2024-05-03 21:44:12,820 [WARN] ModelIntegratedComponent:60 - No mode defined for component null
2024-05-03 21:44:12,820 [WARN] ModelIntegratedComponent:60 - No mode defined for component null
2024-05-03 21:44:13,044 [WARN] ApiManager:304 - Cannot register API 'Board Extension:IKS01A3' from pack STMicroelectronics.X-CUBE-MEMS1.10.0.0: no header file found
2024-05-03 21:44:13,047 [WARN] ApiManager:304 - Cannot register API 'Board Extension:IKS02A1' from pack STMicroelectronics.X-CUBE-MEMS1.10.0.0: no header file found
2024-05-03 21:44:13,047 [WARN] ApiManager:304 - Cannot register API 'Board Extension:IKS4A1' from pack STMicroelectronics.X-CUBE-MEMS1.10.0.0: no header file found
2024-05-03 21:44:13,055 [WARN] ApiManager:304 - Cannot register API 'Board Extension:NFC07A1' from pack STMicroelectronics.X-CUBE-NFC7.1.0.1: no header file found
2024-05-03 21:44:13,074 [WARN] ApiManager:304 - Cannot register API 'Board Extension:S2868A1' from pack STMicroelectronics.X-CUBE-SFXS2LP1.4.0.0: no header file found
2024-05-03 21:44:13,074 [WARN] ApiManager:304 - Cannot register API 'Board Extension:S2868A2' from pack STMicroelectronics.X-CUBE-SFXS2LP1.4.0.0: no header file found
2024-05-03 21:44:13,074 [WARN] ApiManager:304 - Cannot register API 'Board Extension:S2915A1' from pack STMicroelectronics.X-CUBE-SFXS2LP1.4.0.0: no header file found
2024-05-03 21:44:13,076 [WARN] ApiManager:304 - Cannot register API 'Wireless:BlueNRG-2' from pack STMicroelectronics.X-CUBE-BLE2.3.3.0: no header file found
2024-05-03 21:44:13,103 [INFO] ThirdPartyModel:282 - Start build external matchings
2024-05-03 21:44:14,101 [INFO] ThirdPartyModel:295 - End build external matchings
2024-05-03 21:44:14,476 [INFO] UtilMem:74 - End LoadConfig() Used Memory: 856166040 Bytes (1073741824)
2024-05-03 21:44:14,553 [WARN] ThirdParty:785 - waiting for thirdparty lock release [change project]
2024-05-03 21:44:14,555 [INFO] ThirdParty:787 - entering critical section [change project]
2024-05-03 21:44:14,555 [INFO] ThirdParty:977 - CMSIS Pack Vendor :STMicroelectronics X-CUBE-GNSS1 6.0.0
2024-05-03 21:44:14,555 [INFO] ThirdParty:977 - CMSIS Pack Vendor :STMicroelectronics USB_HOST 2.0.0
2024-05-03 21:44:14,555 [INFO] ThirdParty:977 - CMSIS Pack Vendor :STMicroelectronics FP-SNS-MOTENVWB1 1.4.0
2024-05-03 21:44:14,555 [INFO] ThirdParty:977 - CMSIS Pack Vendor :STMicroelectronics X-CUBE-AZRTOS-F4 1.1.0
2024-05-03 21:44:14,555 [INFO] ThirdParty:977 - CMSIS Pack Vendor :STMicroelectronics LIBJPEG 8.0.0
2024-05-03 21:44:14,555 [INFO] ThirdParty:977 - CMSIS Pack Vendor :STMicroelectronics X-CUBE-SMBUS 2.1.0
2024-05-03 21:44:14,555 [INFO] ThirdParty:977 - CMSIS Pack Vendor :STMicroelectronics USB_DEVICE 3.0.0
2024-05-03 21:44:14,555 [INFO] ThirdParty:977 - CMSIS Pack Vendor :STMicroelectronics X-CUBE-TCPP 4.1.0
2024-05-03 21:44:14,555 [INFO] ThirdParty:977 - CMSIS Pack Vendor :STMicroelectronics X-CUBE-FREERTOS 1.2.0
2024-05-03 21:44:14,555 [INFO] ThirdParty:977 - CMSIS Pack Vendor :STMicroelectronics X-CUBE-AZRTOS-WB 2.0.0
2024-05-03 21:44:14,555 [INFO] ThirdParty:977 - CMSIS Pack Vendor :STMicroelectronics X-CUBE-TOUCHGFX 4.23.2
2024-05-03 21:44:14,555 [INFO] ThirdParty:977 - CMSIS Pack Vendor :STMicroelectronics X-CUBE-AZRTOS-F7 1.1.0
2024-05-03 21:44:14,555 [INFO] ThirdParty:977 - CMSIS Pack Vendor :STMicroelectronics X-CUBE-AZRTOS-L5 2.0.0
2024-05-03 21:44:14,555 [INFO] ThirdParty:977 - CMSIS Pack Vendor :STMicroelectronics USB_DEVICE 2.0.0
2024-05-03 21:44:14,555 [INFO] ThirdParty:977 - CMSIS Pack Vendor :STMicroelectronics X-CUBE-NFC6 3.1.0
2024-05-03 21:44:14,555 [INFO] ThirdParty:977 - CMSIS Pack Vendor :STMicroelectronics X-CUBE-ALGOBUILD 1.3.0
2024-05-03 21:44:14,555 [INFO] ThirdParty:977 - CMSIS Pack Vendor :STMicroelectronics FreeRTOS 0.0.1
2024-05-03 21:44:14,555 [INFO] ThirdParty:977 - CMSIS Pack Vendor :STMicroelectronics X-CUBE-AZRTOS-G0 1.1.0
2024-05-03 21:44:14,555 [INFO] ThirdParty:977 - CMSIS Pack Vendor :STMicroelectronics X-CUBE-SAFEA1 1.2.2
2024-05-03 21:44:14,555 [INFO] ThirdParty:977 - CMSIS Pack Vendor :STMicroelectronics X-CUBE-NFC4 3.0.0
2024-05-03 21:44:14,555 [INFO] ThirdParty:977 - CMSIS Pack Vendor :STMicroelectronics X-CUBE-SUBG2 5.0.0
2024-05-03 21:44:14,555 [INFO] ThirdParty:977 - CMSIS Pack Vendor :STMicroelectronics STM32_WPAN 1.0.0
2024-05-03 21:44:14,555 [INFO] ThirdParty:977 - CMSIS Pack Vendor :STMicroelectronics lwIP 2.0.3
2024-05-03 21:44:14,555 [INFO] ThirdParty:977 - CMSIS Pack Vendor :STMicroelectronics FP-SNS-FLIGHT1 5.0.2
2024-05-03 21:44:14,555 [INFO] ThirdParty:977 - CMSIS Pack Vendor :STMicroelectronics USB_HOST 1.0.0
2024-05-03 21:44:14,558 [INFO] ThirdParty:977 - CMSIS Pack Vendor :STMicroelectronics X-CUBE-AI 9.0.0
2024-05-03 21:44:14,558 [INFO] ThirdParty:977 - CMSIS Pack Vendor :STMicroelectronics X-CUBE-AZRTOS-G4 2.0.0
2024-05-03 21:44:14,558 [INFO] ThirdParty:977 - CMSIS Pack Vendor :STMicroelectronics PDM2PCM 3.1.0
2024-05-03 21:44:14,558 [INFO] ThirdParty:977 - CMSIS Pack Vendor :STMicroelectronics PDM2PCM 3.3.0
2024-05-03 21:44:14,558 [INFO] ThirdParty:977 - CMSIS Pack Vendor :STMicroelectronics X-CUBE-DISPLAY 3.0.0
2024-05-03 21:44:14,558 [INFO] ThirdParty:977 - CMSIS Pack Vendor :wolfSSL I-CUBE-wolfSSL 5.7.0
2024-05-03 21:44:14,558 [INFO] ThirdParty:977 - CMSIS Pack Vendor :STMicroelectronics X-CUBE-BLE1 7.0.0
2024-05-03 21:44:14,558 [INFO] ThirdParty:977 - CMSIS Pack Vendor :STMicroelectronics FP-ATR-SIGFOX1 3.2.0
2024-05-03 21:44:14,558 [INFO] ThirdParty:977 - CMSIS Pack Vendor :STMicroelectronics X-CUBE-ISPU 2.0.0
2024-05-03 21:44:14,558 [INFO] ThirdParty:977 - CMSIS Pack Vendor :STMicroelectronics X-CUBE-EEPRMA1 5.1.0
2024-05-03 21:44:14,558 [INFO] ThirdParty:977 - CMSIS Pack Vendor :STMicroelectronics HAL Drivers 0.0.0
2024-05-03 21:44:14,558 [INFO] ThirdParty:977 - CMSIS Pack Vendor :STMicroelectronics MBEDTLS 2.16.2
2024-05-03 21:44:14,558 [INFO] ThirdParty:977 - CMSIS Pack Vendor :emotas I-CUBE-CANOPEN 1.3.0
2024-05-03 21:44:14,558 [INFO] ThirdParty:977 - CMSIS Pack Vendor :STMicroelectronics X-CUBE-MEMS1 10.0.0
2024-05-03 21:44:14,558 [INFO] ThirdParty:977 - CMSIS Pack Vendor :STMicroelectronics X-CUBE-NFC7 1.0.1
2024-05-03 21:44:14,558 [INFO] ThirdParty:977 - CMSIS Pack Vendor :STMicroelectronics MBEDTLS 2.14.1
2024-05-03 21:44:14,558 [INFO] ThirdParty:977 - CMSIS Pack Vendor :ITTIA_DB I-CUBE-ITTIADB 8.9.0
2024-05-03 21:44:14,558 [INFO] ThirdParty:977 - CMSIS Pack Vendor :portGmbH I-Cube-SoM-uGOAL 1.1.0
2024-05-03 21:44:14,558 [INFO] ThirdParty:977 - CMSIS Pack Vendor :STMicroelectronics X-CUBE-ALS 1.0.1
2024-05-03 21:44:14,558 [INFO] ThirdParty:977 - CMSIS Pack Vendor :STMicroelectronics X-CUBE-BLEMGR 3.1.0
2024-05-03 21:44:14,558 [INFO] ThirdParty:977 - CMSIS Pack Vendor :STMicroelectronics ThreadX 1.0.0
2024-05-03 21:44:14,558 [INFO] ThirdParty:977 - CMSIS Pack Vendor :STMicroelectronics FP-SNS-SMARTAG2 1.2.0
2024-05-03 21:44:14,558 [INFO] ThirdParty:977 - CMSIS Pack Vendor :STMicroelectronics X-CUBE-AZRTOS-WL 2.0.0
2024-05-03 21:44:14,558 [INFO] ThirdParty:977 - CMSIS Pack Vendor :SEGGER I-CUBE-embOS 1.3.1
2024-05-03 21:44:14,558 [INFO] ThirdParty:977 - CMSIS Pack Vendor :STMicroelectronics FP-SNS-MOTENV1 5.0.0
2024-05-03 21:44:14,560 [INFO] ThirdParty:977 - CMSIS Pack Vendor :STMicroelectronics USB_DEVICE 1.0.0
2024-05-03 21:44:14,560 [INFO] ThirdParty:977 - CMSIS Pack Vendor :STMicroelectronics X-CUBE-AZRTOS-H7RS 1.0.0
2024-05-03 21:44:14,560 [INFO] ThirdParty:977 - CMSIS Pack Vendor :STMicroelectronics X-CUBE-AZRTOS-L4 2.0.0
2024-05-03 21:44:14,560 [INFO] ThirdParty:977 - CMSIS Pack Vendor :STMicroelectronics ThreadX 0.0.2
2024-05-03 21:44:14,560 [INFO] ThirdParty:977 - CMSIS Pack Vendor :WES I-CUBE-Cesium 1.3.0
2024-05-03 21:44:14,560 [INFO] ThirdParty:977 - CMSIS Pack Vendor :STMicroelectronics FP-ATR-ASTRA1 2.0.0
2024-05-03 21:44:14,560 [INFO] ThirdParty:977 - CMSIS Pack Vendor :STMicroelectronics lwIP 2.1.2
2024-05-03 21:44:14,560 [INFO] ThirdParty:977 - CMSIS Pack Vendor :STMicroelectronics X-CUBE-SFXS2LP1 4.0.0
2024-05-03 21:44:14,560 [INFO] ThirdParty:977 - CMSIS Pack Vendor :STMicroelectronics X-CUBE-BLE2 3.3.0
2024-05-03 21:44:14,560 [INFO] ThirdParty:977 - CMSIS Pack Vendor :STMicroelectronics X-CUBE-TOF1 3.4.1
2024-05-03 21:44:14,560 [INFO] ThirdParty:977 - CMSIS Pack Vendor :STMicroelectronics X-CUBE-AZRTOS-H7 3.2.0
2024-05-03 21:44:14,560 [INFO] ThirdParty:977 - CMSIS Pack Vendor :Infineon AIROC-Wi-Fi-Bluetooth-STM32 1.6.0
2024-05-03 21:44:14,560 [INFO] ThirdParty:977 - CMSIS Pack Vendor :STMicroelectronics PDM2PCM 3.2.0
2024-05-03 21:44:14,562 [INFO] ThirdParty:793 - exiting critical section [change project]
2024-05-03 21:44:14,876 [INFO] PinOutPanel:1465 - setPackage(No Configuration,No Configuration)
2024-05-03 21:44:14,882 [INFO] PinOutPanel:1465 - setPackage(STM32F103C8Tx,LQFP48)
2024-05-03 21:44:15,261 [INFO] UtilMem:74 - Before build in PCC Used Memory: 715082136 Bytes (1073741824)
2024-05-03 21:44:15,753 [INFO] UtilMem:74 - After build in PCC Used Memory: 714743496 Bytes (1073741824)
2024-05-03 21:44:15,779 [INFO] IPUIPlugin:75 - create IPUIPlugin
2024-05-03 21:44:15,779 [INFO] IPUIPlugin:75 - create IPUIPlugin
2024-05-03 21:44:15,779 [INFO] IPUIPlugin:75 - create IPUIPlugin
2024-05-03 21:44:15,779 [INFO] IPUIPlugin:75 - create IPUIPlugin
2024-05-03 21:44:15,779 [INFO] IPUIPlugin:75 - create IPUIPlugin
2024-05-03 21:44:15,779 [INFO] IPUIPlugin:75 - create IPUIPlugin
2024-05-03 21:44:15,779 [INFO] IPUIPlugin:75 - create IPUIPlugin
2024-05-03 21:44:15,779 [INFO] IPUIPlugin:75 - create IPUIPlugin
2024-05-03 21:44:15,779 [INFO] IPUIPlugin:75 - create IPUIPlugin
2024-05-03 21:44:15,782 [INFO] IPUIPlugin:75 - create IPUIPlugin
2024-05-03 21:44:15,782 [INFO] IPUIPlugin:75 - create IPUIPlugin
2024-05-03 21:44:15,782 [INFO] IPUIPlugin:75 - create IPUIPlugin
2024-05-03 21:44:15,782 [INFO] IPUIPlugin:75 - create IPUIPlugin
2024-05-03 21:44:15,782 [INFO] IPUIPlugin:75 - create IPUIPlugin
2024-05-03 21:44:15,782 [INFO] IPUIPlugin:75 - create IPUIPlugin
2024-05-03 21:44:15,782 [INFO] IPUIPlugin:75 - create IPUIPlugin
2024-05-03 21:44:15,782 [INFO] IPUIPlugin:75 - create IPUIPlugin
2024-05-03 21:44:15,782 [INFO] IPUIPlugin:75 - create IPUIPlugin
2024-05-03 21:44:15,782 [INFO] IPUIPlugin:75 - create IPUIPlugin
2024-05-03 21:44:15,784 [INFO] IPUIPlugin:75 - create IPUIPlugin
2024-05-03 21:44:15,784 [INFO] IPUIPlugin:75 - create IPUIPlugin
2024-05-03 21:44:15,784 [INFO] IPUIPlugin:75 - create IPUIPlugin
2024-05-03 21:44:15,784 [INFO] IPUIPlugin:75 - create IPUIPlugin
2024-05-03 21:44:15,789 [INFO] IPUIPlugin:75 - create IPUIPlugin
2024-05-03 21:44:15,790 [INFO] IPUIPlugin:75 - create IPUIPlugin
2024-05-03 21:44:15,790 [INFO] IPUIPlugin:75 - create IPUIPlugin
2024-05-03 21:44:15,790 [INFO] IPUIPlugin:75 - create IPUIPlugin
2024-05-03 21:44:15,901 [INFO] OpenFileManager:323 - Restore cursor
2024-05-03 21:44:16,740 [INFO] UtilMem:74 - End SaveConfig() Used Memory: 761929416 Bytes (1073741824)
2024-05-03 21:44:16,838 [INFO] UtilMem:74 - End SaveConfig() Used Memory: 774512328 Bytes (1073741824)
2024-05-03 21:44:17,296 [INFO] BlockDiagram:2740 - set Specific Code input for plugin: NVIC
2024-05-03 21:44:17,299 [INFO] BlockDiagram:2740 - set Specific Code input for plugin: SYS
2024-05-03 21:44:17,299 [INFO] BlockDiagram:2740 - set Specific Code input for plugin: RCC
2024-05-03 21:44:17,301 [INFO] CodeGenerator:681 - code generatio: config db path: C:\ST\STM32CubeIDE_1.9.0\STM32CubeIDE\plugins\com.st.stm32cube.common.mx_6.5.0.202202251913\\db\
2024-05-03 21:44:17,668 [INFO] CodeEngine:237 - oldGeneratedFile, C:\Users\hoatt\STM32CubeIDE\workspace_1.9.0\UART_DMA\MXTmpFiles\license.tmp_save
2024-05-03 21:44:17,815 [INFO] CodeEngine:261 - Generated code: C:\Users\hoatt\STM32CubeIDE\workspace_1.9.0\UART_DMA\MXTmpFiles\license.tmp
2024-05-03 21:44:17,907 [INFO] CodeEngine:237 - oldGeneratedFile, C:\Users\hoatt\STM32CubeIDE\workspace_1.9.0\UART_DMA\Core\Src\stm32f1xx_it.c_save
2024-05-03 21:44:18,052 [INFO] CodeEngine:261 - Generated code: C:\Users\hoatt\STM32CubeIDE\workspace_1.9.0\UART_DMA\Core\Src\stm32f1xx_it.c
2024-05-03 21:44:18,063 [INFO] CodeEngine:237 - oldGeneratedFile, C:\Users\hoatt\STM32CubeIDE\workspace_1.9.0\UART_DMA\Core\Inc\stm32f1xx_it.h_save
2024-05-03 21:44:18,274 [INFO] CodeEngine:261 - Generated code: C:\Users\hoatt\STM32CubeIDE\workspace_1.9.0\UART_DMA\Core\Inc\stm32f1xx_it.h
2024-05-03 21:44:18,307 [INFO] CodeEngine:237 - oldGeneratedFile, C:\Users\hoatt\STM32CubeIDE\workspace_1.9.0\UART_DMA\Core\Src\stm32f1xx_hal_msp.c_save
2024-05-03 21:44:18,481 [INFO] CodeEngine:261 - Generated code: C:\Users\hoatt\STM32CubeIDE\workspace_1.9.0\UART_DMA\Core\Src\stm32f1xx_hal_msp.c
2024-05-03 21:44:18,492 [INFO] CodeEngine:237 - oldGeneratedFile, C:\Users\hoatt\STM32CubeIDE\workspace_1.9.0\UART_DMA\MXTmpFiles\system.tmp_save
2024-05-03 21:44:18,612 [INFO] CodeEngine:261 - Generated code: C:\Users\hoatt\STM32CubeIDE\workspace_1.9.0\UART_DMA\MXTmpFiles\system.tmp
2024-05-03 21:44:18,641 [INFO] CodeEngine:237 - oldGeneratedFile, C:\Users\hoatt\STM32CubeIDE\workspace_1.9.0\UART_DMA\Core\Inc\stm32f1xx_hal_conf.h_save
2024-05-03 21:44:18,807 [INFO] CodeEngine:261 - Generated code: C:\Users\hoatt\STM32CubeIDE\workspace_1.9.0\UART_DMA\Core\Inc\stm32f1xx_hal_conf.h
2024-05-03 21:44:18,871 [INFO] CodeEngine:237 - oldGeneratedFile, C:\Users\hoatt\STM32CubeIDE\workspace_1.9.0\UART_DMA\Core\Inc\main.h_save
2024-05-03 21:44:19,047 [INFO] CodeEngine:261 - Generated code: C:\Users\hoatt\STM32CubeIDE\workspace_1.9.0\UART_DMA\Core\Inc\main.h
2024-05-03 21:44:19,062 [INFO] CodeEngine:237 - oldGeneratedFile, C:\Users\hoatt\STM32CubeIDE\workspace_1.9.0\UART_DMA\Core\Src\main.c_save
2024-05-03 21:44:19,344 [INFO] CodeEngine:261 - Generated code: C:\Users\hoatt\STM32CubeIDE\workspace_1.9.0\UART_DMA\Core\Src\main.c
2024-05-03 21:44:21,543 [INFO] ProjectBuilder:2913 - Time for Copy HAL[1] : 699mS.
2024-05-03 21:44:21,556 [INFO] ProjectBuilder:4015 - Project Generator version: 3.16.0
2024-05-03 21:44:22,116 [INFO] ConfigFileManager:1287 - The Die is : DIE410
2024-05-03 21:44:22,129 [INFO] ApiDbMcu:488 - Load IP Config File for FATFS
2024-05-03 21:44:22,140 [INFO] ApiDbMcu:488 - Load IP Config File for FREERTOS
2024-05-03 21:44:22,157 [INFO] ApiDbMcu:488 - Load IP Config File for USB_DEVICE
2024-05-03 21:44:28,236 [INFO] ProjectBuilder:4183 - Time for Generating toolchain IDE Files: 6680mS.
2024-05-03 21:44:28,239 [INFO] ProjectBuilder:2785 - Time for Copy CMSIS : 3mS.
2024-05-03 21:44:28,255 [INFO] ProjectBuilder:2785 - Time for Copy CMSIS : 0mS.
2024-05-03 21:44:29,763 [INFO] McuFinderGlobals:52 - Set McuFinderConnectedMode to true
2024-05-03 21:44:29,768 [INFO] ApiDb:432 - Save user favorites file C:\Users\hoatt/.stm32cubeide/favorites.mcus.txt: 0 item(s)
2024-05-03 21:44:29,768 [INFO] ApiDb:436 - User favorites MCUs=[]
2024-05-03 21:44:42,050 [INFO] UtilMem:74 - End SaveConfig() Used Memory: 659289408 Bytes (1073741824)
2024-05-03 21:44:44,281 [INFO] UtilMem:74 - End SaveConfig() Used Memory: 678163776 Bytes (1073741824)
2024-05-03 21:44:48,351 [INFO] UtilMem:74 - End SaveConfig() Used Memory: 796374368 Bytes (1073741824)
2024-05-03 21:44:48,775 [INFO] BlockDiagram:2740 - set Specific Code input for plugin: NVIC
2024-05-03 21:44:48,777 [INFO] BlockDiagram:2740 - set Specific Code input for plugin: SYS
2024-05-03 21:44:48,777 [INFO] BlockDiagram:2740 - set Specific Code input for plugin: GPIO
2024-05-03 21:44:48,777 [INFO] BlockDiagram:2740 - set Specific Code input for plugin: RCC
2024-05-03 21:44:48,780 [INFO] CodeGenerator:681 - code generatio: config db path: C:\ST\STM32CubeIDE_1.9.0\STM32CubeIDE\plugins\com.st.stm32cube.common.mx_6.5.0.202202251913\\db\
2024-05-03 21:44:49,169 [INFO] CodeEngine:237 - oldGeneratedFile, C:\Users\hoatt\STM32CubeIDE\workspace_1.9.0\UART_DMA\MXTmpFiles\license.tmp_save
2024-05-03 21:44:49,310 [INFO] CodeEngine:261 - Generated code: C:\Users\hoatt\STM32CubeIDE\workspace_1.9.0\UART_DMA\MXTmpFiles\license.tmp
2024-05-03 21:44:49,351 [INFO] CodeEngine:237 - oldGeneratedFile, C:\Users\hoatt\STM32CubeIDE\workspace_1.9.0\UART_DMA\MXTmpFiles\gpio.tmp_save
2024-05-03 21:44:49,500 [INFO] CodeEngine:261 - Generated code: C:\Users\hoatt\STM32CubeIDE\workspace_1.9.0\UART_DMA\MXTmpFiles\gpio.tmp
2024-05-03 21:44:49,547 [INFO] CodeEngine:237 - oldGeneratedFile, C:\Users\hoatt\STM32CubeIDE\workspace_1.9.0\UART_DMA\Core\Src\stm32f1xx_it.c_save
2024-05-03 21:44:49,700 [INFO] CodeEngine:261 - Generated code: C:\Users\hoatt\STM32CubeIDE\workspace_1.9.0\UART_DMA\Core\Src\stm32f1xx_it.c
2024-05-03 21:44:49,723 [INFO] CodeEngine:237 - oldGeneratedFile, C:\Users\hoatt\STM32CubeIDE\workspace_1.9.0\UART_DMA\Core\Inc\stm32f1xx_it.h_save
2024-05-03 21:44:49,929 [INFO] CodeEngine:261 - Generated code: C:\Users\hoatt\STM32CubeIDE\workspace_1.9.0\UART_DMA\Core\Inc\stm32f1xx_it.h
2024-05-03 21:44:49,972 [INFO] CodeEngine:237 - oldGeneratedFile, C:\Users\hoatt\STM32CubeIDE\workspace_1.9.0\UART_DMA\Core\Src\stm32f1xx_hal_msp.c_save
2024-05-03 21:44:50,153 [INFO] CodeEngine:261 - Generated code: C:\Users\hoatt\STM32CubeIDE\workspace_1.9.0\UART_DMA\Core\Src\stm32f1xx_hal_msp.c
2024-05-03 21:44:50,174 [INFO] CodeEngine:237 - oldGeneratedFile, C:\Users\hoatt\STM32CubeIDE\workspace_1.9.0\UART_DMA\MXTmpFiles\system.tmp_save
2024-05-03 21:44:50,308 [INFO] CodeEngine:261 - Generated code: C:\Users\hoatt\STM32CubeIDE\workspace_1.9.0\UART_DMA\MXTmpFiles\system.tmp
2024-05-03 21:44:50,340 [INFO] CodeEngine:237 - oldGeneratedFile, C:\Users\hoatt\STM32CubeIDE\workspace_1.9.0\UART_DMA\Core\Inc\stm32f1xx_hal_conf.h_save
2024-05-03 21:44:50,492 [INFO] CodeEngine:261 - Generated code: C:\Users\hoatt\STM32CubeIDE\workspace_1.9.0\UART_DMA\Core\Inc\stm32f1xx_hal_conf.h
2024-05-03 21:44:50,558 [INFO] CodeEngine:237 - oldGeneratedFile, C:\Users\hoatt\STM32CubeIDE\workspace_1.9.0\UART_DMA\Core\Inc\main.h_save
2024-05-03 21:44:50,690 [INFO] CodeEngine:261 - Generated code: C:\Users\hoatt\STM32CubeIDE\workspace_1.9.0\UART_DMA\Core\Inc\main.h
2024-05-03 21:44:50,712 [INFO] CodeEngine:237 - oldGeneratedFile, C:\Users\hoatt\STM32CubeIDE\workspace_1.9.0\UART_DMA\Core\Src\main.c_save
2024-05-03 21:44:50,997 [INFO] CodeEngine:261 - Generated code: C:\Users\hoatt\STM32CubeIDE\workspace_1.9.0\UART_DMA\Core\Src\main.c
2024-05-03 21:44:53,039 [INFO] ProjectBuilder:2913 - Time for Copy HAL[1] : 1016mS.
2024-05-03 21:44:53,055 [INFO] ProjectBuilder:4015 - Project Generator version: 3.16.0
2024-05-03 21:44:53,740 [INFO] ConfigFileManager:1287 - The Die is : DIE410
2024-05-03 21:44:57,132 [INFO] ProjectBuilder:4183 - Time for Generating toolchain IDE Files: 4077mS.
2024-05-03 21:44:57,137 [INFO] ProjectBuilder:2785 - Time for Copy CMSIS : 5mS.
2024-05-03 21:44:57,150 [INFO] ProjectBuilder:2785 - Time for Copy CMSIS : 0mS.
2024-05-04 04:10:17,528 [INFO] Activator:177 - 


2024-05-04 04:10:17,536 [INFO] Activator:178 - !SESSION log4j initialized
2024-05-04 04:10:33,610 [ERROR] AnalyticsContext:980 - The ST intranet updater server is unknown: mcucrossselector.codex.cro.st.com
2024-05-05 16:33:23,935 [ERROR] ConfigurationRetriever:139 - IOException on connection: sw-center.st.com
2024-05-05 16:33:23,950 [ERROR] ConfigurationRetriever:139 - IOException on connection: sw-center.st.com
2024-05-05 16:33:23,950 [ERROR] ConfigurationRetriever:139 - IOException on connection: sw-center.st.com
2024-05-05 16:33:24,185 [ERROR] ConfigurationRetriever:139 - IOException on connection: sw-center.st.com
2024-05-05 16:33:24,185 [ERROR] ConfigurationRetriever:139 - IOException on connection: sw-center.st.com
2024-05-05 16:33:24,185 [ERROR] ConfigurationRetriever:139 - IOException on connection: sw-center.st.com
2024-05-05 16:37:57,257 [INFO] McuFinderGlobals:39 - Set McuFinder mode to 2 (CubeIDE integrated)
2024-05-05 16:38:01,514 [INFO] ApplicationProperties:181 - Using Application install path: C:\ST\STM32CubeIDE_1.9.0\STM32CubeIDE\plugins\com.st.stm32cube.common.mx_6.5.0.202202251913
2024-05-05 16:38:01,545 [INFO] DbMcusXml:72 - Set database path to: C:\ST\STM32CubeIDE_1.9.0\STM32CubeIDE\plugins\com.st.stm32cube.common.mx_6.5.0.202202251913\\db\/mcu/
2024-05-05 16:38:01,545 [INFO] ApiDb:260 - Set plugin database path to: C:\ST\STM32CubeIDE_1.9.0\STM32CubeIDE\plugins\com.st.stm32cube.common.mx_6.5.0.202202251913\\db\/plugins/boardmanager/
2024-05-05 16:38:01,545 [WARN] ApiDb:245 - Overriding images path with different value:  => C:\ST\STM32CubeIDE_1.9.0\STM32CubeIDE\plugins\com.st.stm32cube.common.mx_6.5.0.202202251913\\db\/plugins/mcufinder/images/
2024-05-05 16:38:01,561 [INFO] ApiDb:226 - Set database path to: C:\Users\hoatt\.stmcufinder\plugins\mcufinder//mcu/
2024-05-05 16:38:01,561 [INFO] DbMcusAds:119 - Set database path to: C:\Users\hoatt\.stmcufinder\plugins\mcufinder//mcu/
2024-05-05 16:38:01,577 [INFO] CrossReferenceDbSqlite:196 - Set database path to: C:\Users\hoatt\.stmcufinder\plugins\mcufinder//mcu/cs/
2024-05-05 16:38:01,718 [INFO] RulesReader:57 - Compatibility file has been processed (281 Rules)
2024-05-05 16:38:01,875 [INFO] DbMcusXml:72 - Set database path to: C:\ST\STM32CubeIDE_1.9.0\STM32CubeIDE\plugins\com.st.stm32cube.common.mx_6.5.0.202202251913\\db\/mcu/
2024-05-05 16:38:01,875 [INFO] ApiDb:260 - Set plugin database path to: C:\ST\STM32CubeIDE_1.9.0\STM32CubeIDE\plugins\com.st.stm32cube.common.mx_6.5.0.202202251913\\db\/plugins/boardmanager/
2024-05-05 16:38:01,875 [INFO] ApiDb:247 - Set plugin images path to: C:\ST\STM32CubeIDE_1.9.0\STM32CubeIDE\plugins\com.st.stm32cube.common.mx_6.5.0.202202251913\\db\/plugins/mcufinder/images/
2024-05-05 16:38:01,875 [WARN] DbFile:35 - Overriding database path with different value: C:\Users\hoatt\.stmcufinder\plugins\mcufinder/ => C:\Users\hoatt\.stmcufinder\plugins\mcufinder
2024-05-05 16:38:01,875 [INFO] ApiDb:226 - Set database path to: C:\Users\hoatt\.stmcufinder\plugins\mcufinder//mcu/
2024-05-05 16:38:01,875 [WARN] DbFile:35 - Overriding database path with different value: C:\Users\hoatt\.stmcufinder\plugins\mcufinder/ => C:\Users\hoatt\.stmcufinder\plugins\mcufinder
2024-05-05 16:38:01,875 [INFO] DbMcusAds:119 - Set database path to: C:\Users\hoatt\.stmcufinder\plugins\mcufinder//mcu/
2024-05-05 16:38:01,875 [WARN] DbFile:35 - Overriding database path with different value: C:\Users\hoatt\.stmcufinder\plugins\mcufinder/ => C:\Users\hoatt\.stmcufinder\plugins\mcufinder
2024-05-05 16:38:01,875 [WARN] DbFile:35 - Overriding database path with different value: C:\Users\hoatt\.stmcufinder\plugins\mcufinder/ => C:\Users\hoatt\.stmcufinder\plugins\mcufinder
2024-05-05 16:38:01,875 [INFO] CrossReferenceDbSqlite:196 - Set database path to: C:\Users\hoatt\.stmcufinder\plugins\mcufinder//mcu/cs/
2024-05-05 16:38:02,000 [INFO] MainPanel:230 - HeapMemory: 830472192
2024-05-05 16:38:02,157 [INFO] DbMcusXml:72 - Set database path to: C:\ST\STM32CubeIDE_1.9.0\STM32CubeIDE\plugins\com.st.stm32cube.common.mx_6.5.0.202202251913\\db\/mcu/
2024-05-05 16:38:02,157 [INFO] ApiDb:260 - Set plugin database path to: C:\ST\STM32CubeIDE_1.9.0\STM32CubeIDE\plugins\com.st.stm32cube.common.mx_6.5.0.202202251913\\db\/plugins/boardmanager/
2024-05-05 16:38:02,157 [INFO] ApiDb:247 - Set plugin images path to: C:\ST\STM32CubeIDE_1.9.0\STM32CubeIDE\plugins\com.st.stm32cube.common.mx_6.5.0.202202251913\\db\/plugins/mcufinder/images/
2024-05-05 16:38:02,157 [WARN] DbFile:35 - Overriding database path with different value: C:\Users\hoatt\.stmcufinder\plugins\mcufinder/ => C:\Users\hoatt\.stmcufinder\plugins\mcufinder
2024-05-05 16:38:02,157 [INFO] ApiDb:226 - Set database path to: C:\Users\hoatt\.stmcufinder\plugins\mcufinder//mcu/
2024-05-05 16:38:02,157 [WARN] DbFile:35 - Overriding database path with different value: C:\Users\hoatt\.stmcufinder\plugins\mcufinder/ => C:\Users\hoatt\.stmcufinder\plugins\mcufinder
2024-05-05 16:38:02,157 [INFO] DbMcusAds:119 - Set database path to: C:\Users\hoatt\.stmcufinder\plugins\mcufinder//mcu/
2024-05-05 16:38:02,157 [WARN] DbFile:35 - Overriding database path with different value: C:\Users\hoatt\.stmcufinder\plugins\mcufinder/ => C:\Users\hoatt\.stmcufinder\plugins\mcufinder
2024-05-05 16:38:02,157 [WARN] DbFile:35 - Overriding database path with different value: C:\Users\hoatt\.stmcufinder\plugins\mcufinder/ => C:\Users\hoatt\.stmcufinder\plugins\mcufinder
2024-05-05 16:38:02,157 [INFO] CrossReferenceDbSqlite:196 - Set database path to: C:\Users\hoatt\.stmcufinder\plugins\mcufinder//mcu/cs/
2024-05-05 16:38:02,188 [INFO] ApplicationProperties:181 - Using Application install path: C:\ST\STM32CubeIDE_1.9.0\STM32CubeIDE\plugins\com.st.stm32cube.common.mx_6.5.0.202202251913
2024-05-05 16:38:02,188 [INFO] PluginManage:188 - Search for loadable plugins [exclusion list=, ]
2024-05-05 16:38:02,188 [INFO] PluginManage:302 - Check plugin analytics
2024-05-05 16:38:02,377 [ERROR] AnalyticsContext:980 - The ST intranet updater server is unknown: mcucrossselector.codex.cro.st.com
2024-05-05 16:38:02,455 [INFO] AnalyticsPlugin:257 - Accepted Software Licenses: 
2024-05-05 16:38:02,471 [INFO] AnalyticsPlugin:259 - Accepted CMSIS Pack Licenses: 
2024-05-05 16:38:02,471 [INFO] AnalyticsPlugin:261 - Accepted Firmware Licenses: 
2024-05-05 16:38:02,471 [INFO] PluginManage:352 - Loaded plugin analytics (category:tool,tabindex:-1)
2024-05-05 16:38:02,471 [INFO] PluginManage:302 - Check plugin clock
2024-05-05 16:38:02,487 [ERROR] ConfigurationRetriever:139 - IOException on connection: sw-center.st.com
2024-05-05 16:38:02,487 [ERROR] ConfigurationRetriever:139 - IOException on connection: sw-center.st.com
2024-05-05 16:38:02,502 [ERROR] ConfigurationRetriever:139 - IOException on connection: sw-center.st.com
2024-05-05 16:38:02,502 [INFO] PluginManage:352 - Loaded plugin clock (category:base,tabindex:2)
2024-05-05 16:38:02,502 [INFO] PluginManage:302 - Check plugin ddr
2024-05-05 16:38:02,502 [INFO] PluginManage:352 - Loaded plugin ddr (category:tool,tabindex:6)
2024-05-05 16:38:02,502 [INFO] PluginManage:302 - Check plugin filemanager
2024-05-05 16:38:02,722 [INFO] PluginManage:352 - Loaded plugin filemanager (category:base,tabindex:10)
2024-05-05 16:38:02,722 [INFO] PluginManage:302 - Check plugin ipmanager
2024-05-05 16:38:02,741 [INFO] PluginManage:352 - Loaded plugin ipmanager (category:base,tabindex:5)
2024-05-05 16:38:02,741 [INFO] PluginManage:302 - Check plugin lpbam
2024-05-05 16:38:02,753 [INFO] PluginManage:352 - Loaded plugin lpbam (category:base,tabindex:0)
2024-05-05 16:38:02,753 [INFO] PluginManage:302 - Check plugin pinoutandconfiguration
2024-05-05 16:38:02,769 [INFO] PluginManage:352 - Loaded plugin pinoutandconfiguration (category:base,tabindex:1)
2024-05-05 16:38:02,769 [INFO] PluginManage:302 - Check plugin pinoutconfig
2024-05-05 16:38:02,816 [INFO] PluginManage:352 - Loaded plugin pinoutconfig (category:base,tabindex:0)
2024-05-05 16:38:02,816 [INFO] PluginManage:302 - Check plugin power
2024-05-05 16:38:02,841 [INFO] PluginManage:352 - Loaded plugin power (category:power,tabindex:4)
2024-05-05 16:38:02,841 [INFO] PluginManage:302 - Check plugin projectmanager
2024-05-05 16:38:02,863 [INFO] PluginManage:352 - Loaded plugin projectmanager (category:projectmanager,tabindex:3)
2024-05-05 16:38:02,863 [INFO] PluginManage:302 - Check plugin thirdparty
2024-05-05 16:38:03,042 [WARN] IntegrityCheckThread:78 - waiting for thirdparty lock release [integrity check]
2024-05-05 16:38:03,042 [INFO] PluginManage:352 - Loaded plugin thirdparty (category:base,tabindex:-1)
2024-05-05 16:38:03,042 [INFO] IntegrityCheckThread:80 - entering critical section [integrity check]
2024-05-05 16:38:03,042 [INFO] PluginManage:302 - Check plugin tools
2024-05-05 16:38:03,042 [INFO] ThirdPartyUpdaterWithRetryManager:66 - Updater plugin not ready yet. [1/15]
2024-05-05 16:38:03,042 [INFO] PluginManage:352 - Loaded plugin tools (category:base,tabindex:7)
2024-05-05 16:38:03,042 [INFO] PluginManage:302 - Check plugin tutovideos
2024-05-05 16:38:03,349 [INFO] PluginManage:352 - Loaded plugin tutovideos (category:base,tabindex:-1)
2024-05-05 16:38:03,349 [INFO] PluginManage:302 - Check plugin updater
2024-05-05 16:38:03,365 [INFO] PluginManage:352 - Loaded plugin updater (category:base,tabindex:12)
2024-05-05 16:38:03,365 [INFO] PluginManage:275 - PluginManage : Loaded plugins [14]
2024-05-05 16:38:03,773 [INFO] PinOutPanel:1465 - setPackage(No Configuration,No Configuration)
2024-05-05 16:38:03,930 [INFO] IPUIPlugin:75 - create IPUIPlugin
2024-05-05 16:38:03,930 [INFO] PluginManager:213 - loadIPPluginJar : add adc
2024-05-05 16:38:03,930 [INFO] IPUIPlugin:75 - create IPUIPlugin
2024-05-05 16:38:03,930 [INFO] PluginManager:213 - loadIPPluginJar : add aes
2024-05-05 16:38:03,944 [INFO] IPUIPlugin:75 - create IPUIPlugin
2024-05-05 16:38:03,944 [INFO] PluginManager:213 - loadIPPluginJar : add can
2024-05-05 16:38:03,946 [INFO] IPUIPlugin:75 - create IPUIPlugin
2024-05-05 16:38:03,946 [INFO] PluginManager:213 - loadIPPluginJar : add comp
2024-05-05 16:38:03,946 [INFO] IPUIPlugin:75 - create IPUIPlugin
2024-05-05 16:38:03,946 [INFO] PluginManager:213 - loadIPPluginJar : add cryp
2024-05-05 16:38:03,946 [INFO] IPUIPlugin:75 - create IPUIPlugin
2024-05-05 16:38:03,946 [INFO] PluginManager:213 - loadIPPluginJar : add dfsdm
2024-05-05 16:38:03,961 [INFO] IPUIPlugin:75 - create IPUIPlugin
2024-05-05 16:38:03,961 [INFO] PluginManager:213 - loadIPPluginJar : add dma
2024-05-05 16:38:03,961 [INFO] IPUIPlugin:75 - create IPUIPlugin
2024-05-05 16:38:03,961 [INFO] PluginManager:213 - loadIPPluginJar : add dma3
2024-05-05 16:38:03,961 [INFO] IPUIPlugin:75 - create IPUIPlugin
2024-05-05 16:38:03,961 [INFO] PluginManager:213 - loadIPPluginJar : add fatfs
2024-05-05 16:38:03,977 [INFO] IPUIPlugin:75 - create IPUIPlugin
2024-05-05 16:38:03,977 [INFO] PluginManager:213 - loadIPPluginJar : add fmc
2024-05-05 16:38:03,992 [INFO] IPUIPlugin:75 - create IPUIPlugin
2024-05-05 16:38:03,992 [INFO] PluginManager:213 - loadIPPluginJar : add freertos
2024-05-05 16:38:03,992 [INFO] IPUIPlugin:75 - create IPUIPlugin
2024-05-05 16:38:03,992 [INFO] PluginManager:213 - loadIPPluginJar : add genericplugin
2024-05-05 16:38:03,992 [INFO] IPUIPlugin:75 - create IPUIPlugin
2024-05-05 16:38:03,992 [INFO] PluginManager:213 - loadIPPluginJar : add gfxmmu
2024-05-05 16:38:04,008 [INFO] IPUIPlugin:75 - create IPUIPlugin
2024-05-05 16:38:04,008 [INFO] PluginManager:213 - loadIPPluginJar : add gic
2024-05-05 16:38:04,008 [INFO] IPUIPlugin:75 - create IPUIPlugin
2024-05-05 16:38:04,008 [INFO] PluginManager:213 - loadIPPluginJar : add gpio
2024-05-05 16:38:04,024 [INFO] IPUIPlugin:75 - create IPUIPlugin
2024-05-05 16:38:04,024 [INFO] PluginManager:213 - loadIPPluginJar : add gtzc
2024-05-05 16:38:04,024 [INFO] IPUIPlugin:75 - create IPUIPlugin
2024-05-05 16:38:04,024 [INFO] PluginManager:213 - loadIPPluginJar : add hash
2024-05-05 16:38:04,024 [INFO] IPUIPlugin:75 - create IPUIPlugin
2024-05-05 16:38:04,039 [INFO] PluginManager:213 - loadIPPluginJar : add i2c
2024-05-05 16:38:04,044 [INFO] IPUIPlugin:75 - create IPUIPlugin
2024-05-05 16:38:04,044 [INFO] PluginManager:213 - loadIPPluginJar : add i2s
2024-05-05 16:38:04,044 [INFO] IPUIPlugin:75 - create IPUIPlugin
2024-05-05 16:38:04,044 [INFO] PluginManager:213 - loadIPPluginJar : add ipddr
2024-05-05 16:38:04,055 [INFO] IPUIPlugin:75 - create IPUIPlugin
2024-05-05 16:38:04,055 [INFO] PluginManager:213 - loadIPPluginJar : add linkedlist
2024-05-05 16:38:04,071 [INFO] IPUIPlugin:75 - create IPUIPlugin
2024-05-05 16:38:04,071 [INFO] PluginManager:213 - loadIPPluginJar : add lorawan
2024-05-05 16:38:04,071 [INFO] IPUIPlugin:75 - create IPUIPlugin
2024-05-05 16:38:04,071 [INFO] PluginManager:213 - loadIPPluginJar : add ltdc
2024-05-05 16:38:04,071 [INFO] IPUIPlugin:75 - create IPUIPlugin
2024-05-05 16:38:04,071 [INFO] PluginManager:213 - loadIPPluginJar : add mdma
2024-05-05 16:38:04,087 [INFO] IPUIPlugin:75 - create IPUIPlugin
2024-05-05 16:38:04,087 [INFO] PluginManager:213 - loadIPPluginJar : add nvic
2024-05-05 16:38:04,087 [INFO] IPUIPlugin:75 - create IPUIPlugin
2024-05-05 16:38:04,102 [INFO] PluginManager:213 - loadIPPluginJar : add opamp
2024-05-05 16:38:04,102 [INFO] IPUIPlugin:75 - create IPUIPlugin
2024-05-05 16:38:04,102 [INFO] PluginManager:213 - loadIPPluginJar : add openamp
2024-05-05 16:38:04,102 [INFO] IPUIPlugin:75 - create IPUIPlugin
2024-05-05 16:38:04,102 [INFO] PluginManager:213 - loadIPPluginJar : add pdm2pcm
2024-05-05 16:38:04,118 [INFO] IPUIPlugin:75 - create IPUIPlugin
2024-05-05 16:38:04,133 [INFO] PluginManager:213 - loadIPPluginJar : add plateformsettings
2024-05-05 16:38:04,133 [INFO] IPUIPlugin:75 - create IPUIPlugin
2024-05-05 16:38:04,133 [INFO] PluginManager:213 - loadIPPluginJar : add quadspi
2024-05-05 16:38:04,144 [INFO] IPUIPlugin:75 - create IPUIPlugin
2024-05-05 16:38:04,144 [INFO] PluginManager:213 - loadIPPluginJar : add resmgrutility
2024-05-05 16:38:04,150 [INFO] IPUIPlugin:75 - create IPUIPlugin
2024-05-05 16:38:04,150 [INFO] PluginManager:213 - loadIPPluginJar : add sai
2024-05-05 16:38:04,150 [INFO] IPUIPlugin:75 - create IPUIPlugin
2024-05-05 16:38:04,150 [INFO] PluginManager:213 - loadIPPluginJar : add spi
2024-05-05 16:38:04,166 [INFO] IPUIPlugin:75 - create IPUIPlugin
2024-05-05 16:38:04,166 [INFO] PluginManager:213 - loadIPPluginJar : add stm32_wpan
2024-05-05 16:38:04,166 [INFO] IPUIPlugin:75 - create IPUIPlugin
2024-05-05 16:38:04,166 [INFO] PluginManager:213 - loadIPPluginJar : add tim
2024-05-05 16:38:04,181 [INFO] IPUIPlugin:75 - create IPUIPlugin
2024-05-05 16:38:04,181 [INFO] PluginManager:213 - loadIPPluginJar : add touchsensing
2024-05-05 16:38:04,181 [INFO] IPUIPlugin:75 - create IPUIPlugin
2024-05-05 16:38:04,181 [INFO] PluginManager:213 - loadIPPluginJar : add tracer_emb
2024-05-05 16:38:04,181 [INFO] IPUIPlugin:75 - create IPUIPlugin
2024-05-05 16:38:04,181 [INFO] PluginManager:213 - loadIPPluginJar : add ts
2024-05-05 16:38:04,197 [INFO] IPUIPlugin:75 - create IPUIPlugin
2024-05-05 16:38:04,197 [INFO] PluginManager:213 - loadIPPluginJar : add tsc
2024-05-05 16:38:04,197 [INFO] IPUIPlugin:75 - create IPUIPlugin
2024-05-05 16:38:04,197 [INFO] PluginManager:213 - loadIPPluginJar : add ucpd
2024-05-05 16:38:04,212 [INFO] IPUIPlugin:75 - create IPUIPlugin
2024-05-05 16:38:04,212 [INFO] PluginManager:213 - loadIPPluginJar : add usart
2024-05-05 16:38:04,212 [INFO] IPUIPlugin:75 - create IPUIPlugin
2024-05-05 16:38:04,212 [INFO] PluginManager:213 - loadIPPluginJar : add usbx
2024-05-05 16:38:04,871 [FATAL] Updater:297 - Updater called before beeing initialized
2024-05-05 16:38:05,122 [FATAL] Updater:297 - Updater called before beeing initialized
2024-05-05 16:38:05,146 [INFO] DbMcusAds:47 - JSON generation date=Thu May 02 15:37:29 ICT 2024 (1714639049318)
2024-05-05 16:38:05,146 [FATAL] Updater:297 - Updater called before beeing initialized
2024-05-05 16:38:05,279 [WARN] DetailPanel:320 - Failed to get advertising image, set to default
2024-05-05 16:38:05,547 [FATAL] Updater:297 - Updater called before beeing initialized
2024-05-05 16:38:05,547 [FATAL] Updater:297 - Updater called before beeing initialized
2024-05-05 16:38:05,547 [FATAL] Updater:297 - Updater called before beeing initialized
2024-05-05 16:38:05,547 [WARN] DetailPanel:320 - Failed to get advertising image, set to default
2024-05-05 16:38:05,562 [FATAL] Updater:297 - Updater called before beeing initialized
2024-05-05 16:38:05,656 [INFO] Updater:1026 - Updater Version found : 6.5.0
2024-05-05 16:38:05,687 [INFO] ApplicationProperties:181 - Using Application install path: C:\ST\STM32CubeIDE_1.9.0\STM32CubeIDE\plugins\com.st.stm32cube.common.mx_6.5.0.202202251913
2024-05-05 16:38:05,797 [ERROR] ServerAccessManage:1032 - Warning during Server Connexion :  Unknown host sw-center.st.com
2024-05-05 16:38:05,797 [INFO] MainUpdater:2729 - connection check result : 22
2024-05-05 16:38:05,797 [INFO] MainUpdater:276 - Updater Check For Update Now.
2024-05-05 16:38:05,797 [INFO] MicroXplorer:477 - Change Database Version : DB.6.0.50
2024-05-05 16:38:05,985 [INFO] CheckServerUpdateThread:115 - End of CheckServer Thread
2024-05-05 16:38:06,017 [ERROR] ServerAccessManage:1032 - Warning during Server Connexion :  Unknown host sw-center.st.com
2024-05-05 16:38:06,017 [INFO] MainUpdater:2729 - connection check result : 22
2024-05-05 16:38:06,017 [ERROR] ServerAccessManage:1032 - Warning during Server Connexion :  Unknown host sw-center.st.com
2024-05-05 16:38:06,032 [INFO] MainUpdater:2729 - connection check result : 22
2024-05-05 16:38:06,487 [WARN] PackLoader:238 - Cannot read IP mode file for STMicroelectronics.FP-SNS-MOTENVWB1.1.4.0
2024-05-05 16:38:06,518 [WARN] PackLoader:238 - Cannot read IP mode file for STMicroelectronics.X-CUBE-SMBUS.2.1.0
2024-05-05 16:38:06,518 [WARN] PackLoader:238 - Cannot read IP mode file for STMicroelectronics.X-CUBE-TOUCHGFX.4.23.2
2024-05-05 16:38:06,565 [WARN] PackLoader:238 - Cannot read IP mode file for STMicroelectronics.X-CUBE-AZRTOS-F7.1.1.0
2024-05-05 16:38:06,581 [WARN] PackLoader:238 - Cannot read IP mode file for STMicroelectronics.FP-SNS-FLIGHT1.5.0.2
2024-05-05 16:38:06,597 [WARN] PackLoader:238 - Cannot read IP mode file for STMicroelectronics.X-CUBE-DISPLAY.3.0.0
2024-05-05 16:38:06,612 [WARN] PackLoader:238 - Cannot read IP mode file for STMicroelectronics.X-CUBE-BLE1.7.0.0
2024-05-05 16:38:06,612 [WARN] PackLoader:238 - Cannot read IP mode file for emotas.I-CUBE-CANOPEN.1.3.0
2024-05-05 16:38:06,628 [WARN] PackLoader:238 - Cannot read IP mode file for STMicroelectronics.X-CUBE-BLEMGR.3.1.0
2024-05-05 16:38:06,649 [WARN] PackLoader:238 - Cannot read IP mode file for STMicroelectronics.FP-SNS-SMARTAG2.1.2.0
2024-05-05 16:38:06,660 [INFO] LogOutputStream:76 - [STDOUT_REDIRECT] 1 : Invalid condition id : UX_CORESTACK_Condition cause : null
2024-05-05 16:38:06,675 [INFO] LogOutputStream:76 - [STDOUT_REDIRECT] 1 : Invalid condition id : UX_CORESTACK_Condition cause : null
2024-05-05 16:38:06,675 [INFO] LogOutputStream:76 - [STDOUT_REDIRECT] 1 : Invalid condition id : UX_CORESTACK_Condition cause : null
2024-05-05 16:38:06,675 [INFO] LogOutputStream:76 - [STDOUT_REDIRECT] 1 : Invalid condition id : UX_CORESTACK_Condition cause : null
2024-05-05 16:38:06,675 [INFO] LogOutputStream:76 - [STDOUT_REDIRECT] 1 : Invalid condition id : UX_CORESTACK_Condition cause : null
2024-05-05 16:38:06,675 [WARN] PackLoader:238 - Cannot read IP mode file for STMicroelectronics.X-CUBE-AZRTOS-WL.2.0.0
2024-05-05 16:38:06,691 [WARN] PackLoader:238 - Cannot read IP mode file for STMicroelectronics.FP-SNS-MOTENV1.5.0.0
2024-05-05 16:38:06,722 [WARN] PackLoader:238 - Cannot read IP mode file for WES.I-CUBE-Cesium.1.3.0
2024-05-05 16:38:06,722 [WARN] PackLoader:238 - Cannot read IP mode file for STMicroelectronics.X-CUBE-BLE2.3.3.0
2024-05-05 16:38:06,738 [WARN] PackLoader:238 - Cannot read IP mode file for STMicroelectronics.X-CUBE-TCPP.4.1.0
2024-05-05 16:38:06,754 [WARN] PackLoader:238 - Cannot read IP mode file for STMicroelectronics.X-CUBE-ALGOBUILD.1.3.0
2024-05-05 16:38:06,791 [WARN] PackLoader:238 - Cannot read IP mode file for STMicroelectronics.X-CUBE-AZRTOS-G0.1.1.0
2024-05-05 16:38:06,806 [WARN] PackLoader:238 - Cannot read IP mode file for STMicroelectronics.X-CUBE-SAFEA1.1.2.2
2024-05-05 16:38:06,819 [WARN] PackLoader:238 - Cannot read IP mode file for STMicroelectronics.X-CUBE-NFC4.3.0.0
2024-05-05 16:38:06,830 [WARN] PackLoader:238 - Cannot read IP mode file for wolfSSL.I-CUBE-wolfSSL.5.7.0
2024-05-05 16:38:06,837 [WARN] PackLoader:238 - Cannot read IP mode file for STMicroelectronics.FP-ATR-SIGFOX1.3.2.0
2024-05-05 16:38:06,849 [WARN] PackLoader:238 - Cannot read IP mode file for STMicroelectronics.X-CUBE-EEPRMA1.5.1.0
2024-05-05 16:38:06,864 [WARN] PackLoader:238 - Cannot read IP mode file for ITTIA_DB.I-CUBE-ITTIADB.8.9.0
2024-05-05 16:38:06,928 [WARN] PackLoader:238 - Cannot read IP mode file for SEGGER.I-CUBE-embOS.1.3.1
2024-05-05 16:38:07,045 [WARN] PackLoader:238 - Cannot read IP mode file for STMicroelectronics.X-CUBE-GNSS1.6.0.0
2024-05-05 16:38:07,072 [WARN] PackLoader:238 - Cannot read IP mode file for STMicroelectronics.X-CUBE-AZRTOS-F4.1.1.0
2024-05-05 16:38:07,088 [WARN] PackLoader:238 - Cannot read IP mode file for STMicroelectronics.X-CUBE-FREERTOS.1.2.0
2024-05-05 16:38:07,114 [WARN] PackLoader:238 - Cannot read IP mode file for STMicroelectronics.X-CUBE-AZRTOS-L5.2.0.0
2024-05-05 16:38:07,131 [WARN] PackLoader:238 - Cannot read IP mode file for STMicroelectronics.X-CUBE-NFC6.3.1.0
2024-05-05 16:38:07,141 [WARN] PackLoader:238 - Cannot read IP mode file for STMicroelectronics.X-CUBE-AI.9.0.0
2024-05-05 16:38:07,154 [WARN] PackLoader:238 - Cannot read IP mode file for STMicroelectronics.X-CUBE-NFC7.1.0.1
2024-05-05 16:38:07,189 [WARN] ConditionMgr:437 - getConditionDescription Invalid condition id : LAN8742 Phy interface Condition cause : null
2024-05-05 16:38:07,189 [WARN] PackLoader:238 - Cannot read IP mode file for STMicroelectronics.X-CUBE-AZRTOS-L4.2.0.0
2024-05-05 16:38:07,246 [WARN] ConditionMgr:1038 - genDependencies : Invalid condition id : LAN8742 Phy interface Condition cause : null
2024-05-05 16:38:07,246 [WARN] ConditionMgr:1038 - genDependencies : Invalid condition id : LAN8742 Phy interface Condition cause : null
2024-05-05 16:38:07,246 [WARN] ConditionMgr:1038 - genDependencies : Invalid condition id : LAN8742 Phy interface Condition cause : null
2024-05-05 16:38:07,261 [WARN] PackLoader:238 - Cannot read IP mode file for STMicroelectronics.X-CUBE-SFXS2LP1.4.0.0
2024-05-05 16:38:07,279 [WARN] ConditionMgr:437 - getConditionDescription Invalid condition id : UX DEVICE CLASS RTOS Condition cause : null
2024-05-05 16:38:07,279 [WARN] ConditionMgr:437 - getConditionDescription Invalid condition id : UX DEVICE CLASS RTOS Condition cause : null
2024-05-05 16:38:07,284 [WARN] PackLoader:238 - Cannot read IP mode file for STMicroelectronics.X-CUBE-AZRTOS-WB.2.0.0
2024-05-05 16:38:07,284 [WARN] ConditionMgr:1038 - genDependencies : Invalid condition id : UX DEVICE CLASS RTOS Condition cause : null
2024-05-05 16:38:07,286 [WARN] ConditionMgr:1038 - genDependencies : Invalid condition id : UX DEVICE CLASS RTOS Condition cause : null
2024-05-05 16:38:07,286 [WARN] ConditionMgr:1038 - genDependencies : Invalid condition id : UX DEVICE CLASS RTOS Condition cause : null
2024-05-05 16:38:07,286 [WARN] ConditionMgr:1038 - genDependencies : Invalid condition id : UX DEVICE CLASS RTOS Condition cause : null
2024-05-05 16:38:07,286 [WARN] ConditionMgr:1038 - genDependencies : Invalid condition id : UX DEVICE CLASS RTOS Condition cause : null
2024-05-05 16:38:07,301 [WARN] PackLoader:238 - Cannot read IP mode file for STMicroelectronics.X-CUBE-SUBG2.5.0.0
2024-05-05 16:38:07,329 [WARN] PackLoader:238 - Cannot read IP mode file for STMicroelectronics.X-CUBE-AZRTOS-G4.2.0.0
2024-05-05 16:38:07,339 [WARN] PackLoader:238 - Cannot read IP mode file for STMicroelectronics.X-CUBE-ISPU.2.0.0
2024-05-05 16:38:07,393 [WARN] PackLoader:238 - Cannot read IP mode file for STMicroelectronics.X-CUBE-MEMS1.10.0.0
2024-05-05 16:38:07,523 [WARN] PackLoader:238 - Cannot read IP mode file for portGmbH.I-Cube-SoM-uGOAL.1.1.0
2024-05-05 16:38:07,532 [WARN] PackLoader:238 - Cannot read IP mode file for STMicroelectronics.X-CUBE-ALS.1.0.1
2024-05-05 16:38:07,555 [WARN] PackLoader:238 - Cannot read IP mode file for STMicroelectronics.X-CUBE-AZRTOS-H7RS.1.0.0
2024-05-05 16:38:07,565 [WARN] PackLoader:238 - Cannot read IP mode file for STMicroelectronics.FP-ATR-ASTRA1.2.0.0
2024-05-05 16:38:07,578 [WARN] PackLoader:238 - Cannot read IP mode file for STMicroelectronics.X-CUBE-TOF1.3.4.1
2024-05-05 16:38:07,613 [WARN] PackLoader:238 - Cannot read IP mode file for STMicroelectronics.X-CUBE-AZRTOS-H7.3.2.0
2024-05-05 16:38:07,634 [WARN] PackLoader:238 - Cannot read IP mode file for Infineon.AIROC-Wi-Fi-Bluetooth-STM32.1.6.0
2024-05-05 16:38:07,639 [INFO] ThirdParty:925 - Integrity check success = true
2024-05-05 16:38:07,640 [INFO] IntegrityCheckThread:94 - exiting critical section [integrity check]
2024-05-05 16:38:07,640 [INFO] IntegrityCheckThread:97 - End integrity checks thread
2024-05-05 16:38:13,914 [ERROR] ServerAccessManage:1032 - Warning during Server Connexion :  Unknown host sw-center.st.com
2024-05-05 16:38:13,929 [INFO] MainUpdater:2729 - connection check result : 22
2024-05-05 16:38:17,130 [INFO] MicroXplorer:447 - Change Database Path : 
2024-05-05 16:38:17,130 [INFO] MicroXplorer:477 - Change Database Version : DB.6.0.50
2024-05-05 16:38:17,130 [WARN] ThirdParty:823 - waiting for thirdparty lock release [close project]
2024-05-05 16:38:17,130 [INFO] ThirdParty:825 - entering critical section [close project]
2024-05-05 16:38:17,145 [INFO] ThirdParty:835 - exiting critical section [close project]
2024-05-05 16:38:17,145 [INFO] PinOutPanel:1465 - setPackage(No Configuration,No Configuration)
2024-05-05 16:38:17,161 [INFO] UtilMem:74 - Begin LoadConfig() Used Memory: 703774192 Bytes (830472192)
2024-05-05 16:38:17,161 [INFO] MicroXplorer:447 - Change Database Path : 
2024-05-05 16:38:17,161 [INFO] MicroXplorer:477 - Change Database Version : DB.6.0.50
2024-05-05 16:38:17,161 [INFO] OpenFileManager:303 - Change cursor
2024-05-05 16:38:17,256 [INFO] Mcu:1893 - Initializing MCU STM32F103C(8-B)Tx STM32F103C8Tx STM32F103C8T6
2024-05-05 16:38:18,785 [INFO] Context:599 - Trying to add GPIOservice into a context  which must be forbidden
2024-05-05 16:38:19,209 [WARN] ApiManager:304 - Cannot register API 'Board Extension:GNSS1A1' from pack STMicroelectronics.X-CUBE-GNSS1.6.0.0: no header file found
2024-05-05 16:38:19,209 [WARN] ApiManager:304 - Cannot register API 'Board Support:Custom' from pack STMicroelectronics.X-CUBE-GNSS1.6.0.0: no header file found
2024-05-05 16:38:19,209 [WARN] ApiManager:304 - Cannot register API 'Data Exchange:lib_gnss' from pack STMicroelectronics.X-CUBE-GNSS1.6.0.0: no header file found
2024-05-05 16:38:19,240 [WARN] ApiManager:304 - Cannot register API 'Board Extension:NFC06A1' from pack STMicroelectronics.X-CUBE-NFC6.3.1.0: no header file found
2024-05-05 16:38:19,240 [WARN] ApiManager:304 - Cannot register API 'Board Extension:NFC08A1' from pack STMicroelectronics.X-CUBE-NFC6.3.1.0: no header file found
2024-05-05 16:38:19,240 [INFO] RtosManager:484 - Registered RTOS mode: class=CMSIS, group=RTOS, mode=CMSIS_V1, owner=FREERTOS
2024-05-05 16:38:19,240 [INFO] RtosManager:484 - Registered RTOS mode: class=CMSIS, group=RTOS2, mode=CMSIS_V2, owner=FREERTOS
2024-05-05 16:38:19,240 [INFO] RtosManager:484 - Registered RTOS mode: class=RTOS, group=Core, mode=CMSIS_V1, owner=FREERTOS
2024-05-05 16:38:19,240 [INFO] RtosManager:484 - Registered RTOS mode: class=RTOS, group=Core, mode=CMSIS_V2, owner=FREERTOS
2024-05-05 16:38:19,240 [WARN] ModelIntegratedComponent:181 - Missing modes for component STMicroelectronics:FreeRTOS:0.0.1:STMicroelectronics:RTOS:FreeRTOS:Core:::10.2.0:
2024-05-05 16:38:19,256 [WARN] ApiManager:304 - Cannot register API 'Board Extension:STSAFEA1' from pack STMicroelectronics.X-CUBE-SAFEA1.1.2.2: no header file found
2024-05-05 16:38:19,256 [WARN] ApiManager:304 - Cannot register API 'Board Part:STSAFEA110' from pack STMicroelectronics.X-CUBE-SAFEA1.1.2.2: no header file found
2024-05-05 16:38:19,256 [WARN] ApiManager:304 - Cannot register API 'Security:ST_Cryptolib' from pack STMicroelectronics.X-CUBE-SAFEA1.1.2.2: no header file found
2024-05-05 16:38:19,256 [WARN] ApiManager:304 - Cannot register API 'Security:MbedTLS' from pack STMicroelectronics.X-CUBE-SAFEA1.1.2.2: no header file found
2024-05-05 16:38:19,256 [WARN] ApiManager:304 - Cannot register API 'Board Extension:NFC04A1' from pack STMicroelectronics.X-CUBE-NFC4.3.0.0: no header file found
2024-05-05 16:38:19,256 [WARN] ApiManager:304 - Cannot register API 'Board Extension:S2868A1' from pack STMicroelectronics.X-CUBE-SUBG2.5.0.0: no header file found
2024-05-05 16:38:19,256 [WARN] ApiManager:304 - Cannot register API 'Board Extension:S2868A2' from pack STMicroelectronics.X-CUBE-SUBG2.5.0.0: no header file found
2024-05-05 16:38:19,256 [WARN] ApiManager:304 - Cannot register API 'Board Extension:S2915A1' from pack STMicroelectronics.X-CUBE-SUBG2.5.0.0: no header file found
2024-05-05 16:38:19,271 [WARN] ApiManager:304 - Cannot register API 'Wireless:BlueNRG-MS' from pack STMicroelectronics.X-CUBE-BLE1.7.0.0: no header file found
2024-05-05 16:38:19,271 [WARN] ApiManager:304 - Cannot register API 'Board Extension:EEPRMA2' from pack STMicroelectronics.X-CUBE-EEPRMA1.5.1.0: no header file found
2024-05-05 16:38:19,271 [WARN] ApiManager:304 - Cannot register API 'Board Extension:PGEEZ1' from pack STMicroelectronics.X-CUBE-EEPRMA1.5.1.0: no header file found
2024-05-05 16:38:19,271 [WARN] ApiManager:304 - Cannot register API 'Board Extension:EEICA1' from pack STMicroelectronics.X-CUBE-EEPRMA1.5.1.0: no header file found
2024-05-05 16:38:19,271 [WARN] ApiManager:304 - Cannot register API 'Board Part:M24' from pack STMicroelectronics.X-CUBE-EEPRMA1.5.1.0: no header file found
2024-05-05 16:38:19,271 [WARN] ApiManager:304 - Cannot register API 'Board Part:M95' from pack STMicroelectronics.X-CUBE-EEPRMA1.5.1.0: no header file found
2024-05-05 16:38:19,271 [WARN] ApiManager:304 - Cannot register API 'Board Part:M95P32' from pack STMicroelectronics.X-CUBE-EEPRMA1.5.1.0: no header file found
2024-05-05 16:38:19,271 [WARN] ApiManager:304 - Cannot register API 'Board Part:M24256E-F' from pack STMicroelectronics.X-CUBE-EEPRMA1.5.1.0: no header file found
2024-05-05 16:38:19,271 [WARN] ApiManager:304 - Cannot register API 'Board Part:M24M01E-F' from pack STMicroelectronics.X-CUBE-EEPRMA1.5.1.0: no header file found
2024-05-05 16:38:19,271 [WARN] ApiManager:304 - Cannot register API 'PGEEZ1:SPI' from pack STMicroelectronics.X-CUBE-EEPRMA1.5.1.0: no header file found
2024-05-05 16:38:19,271 [WARN] ApiManager:304 - Cannot register API 'PGEEZ1:QDSPI' from pack STMicroelectronics.X-CUBE-EEPRMA1.5.1.0: no header file found
2024-05-05 16:38:19,271 [WARN] ModelIntegratedComponent:60 - No mode defined for component null
2024-05-05 16:38:19,271 [WARN] ModelIntegratedComponent:60 - No mode defined for component null
2024-05-05 16:38:19,271 [WARN] ModelIntegratedComponent:60 - No mode defined for component null
2024-05-05 16:38:19,271 [WARN] ModelIntegratedComponent:60 - No mode defined for component null
2024-05-05 16:38:19,271 [WARN] ModelIntegratedComponent:60 - No mode defined for component null
2024-05-05 16:38:19,271 [WARN] ModelIntegratedComponent:60 - No mode defined for component null
2024-05-05 16:38:19,271 [WARN] ModelIntegratedComponent:60 - No mode defined for component null
2024-05-05 16:38:19,271 [WARN] ModelIntegratedComponent:60 - No mode defined for component null
2024-05-05 16:38:19,271 [WARN] ModelIntegratedComponent:60 - No mode defined for component null
2024-05-05 16:38:19,271 [WARN] ModelIntegratedComponent:60 - No mode defined for component null
2024-05-05 16:38:19,271 [WARN] ModelIntegratedComponent:60 - No mode defined for component null
2024-05-05 16:38:19,271 [WARN] ModelIntegratedComponent:60 - No mode defined for component null
2024-05-05 16:38:19,271 [WARN] ModelIntegratedComponent:60 - No mode defined for component null
2024-05-05 16:38:19,271 [WARN] ModelIntegratedComponent:60 - No mode defined for component null
2024-05-05 16:38:19,271 [WARN] ModelIntegratedComponent:60 - No mode defined for component null
2024-05-05 16:38:19,271 [WARN] ModelIntegratedComponent:60 - No mode defined for component null
2024-05-05 16:38:19,271 [WARN] ModelIntegratedComponent:60 - No mode defined for component null
2024-05-05 16:38:19,271 [WARN] ModelIntegratedComponent:60 - No mode defined for component null
2024-05-05 16:38:19,271 [WARN] ModelIntegratedComponent:60 - No mode defined for component null
2024-05-05 16:38:19,271 [WARN] ModelIntegratedComponent:60 - No mode defined for component null
2024-05-05 16:38:19,271 [WARN] ModelIntegratedComponent:60 - No mode defined for component null
2024-05-05 16:38:19,271 [WARN] ModelIntegratedComponent:60 - No mode defined for component null
2024-05-05 16:38:19,271 [WARN] ModelIntegratedComponent:60 - No mode defined for component null
2024-05-05 16:38:19,271 [WARN] ModelIntegratedComponent:60 - No mode defined for component null
2024-05-05 16:38:19,271 [WARN] ModelIntegratedComponent:60 - No mode defined for component null
2024-05-05 16:38:19,271 [WARN] ModelIntegratedComponent:60 - No mode defined for component null
2024-05-05 16:38:19,271 [WARN] ModelIntegratedComponent:60 - No mode defined for component null
2024-05-05 16:38:19,271 [WARN] ModelIntegratedComponent:60 - No mode defined for component null
2024-05-05 16:38:19,271 [WARN] ModelIntegratedComponent:60 - No mode defined for component null
2024-05-05 16:38:19,271 [WARN] ModelIntegratedComponent:60 - No mode defined for component null
2024-05-05 16:38:19,271 [WARN] ModelIntegratedComponent:60 - No mode defined for component null
2024-05-05 16:38:19,271 [WARN] ModelIntegratedComponent:60 - No mode defined for component null
2024-05-05 16:38:19,271 [WARN] ModelIntegratedComponent:60 - No mode defined for component null
2024-05-05 16:38:19,366 [WARN] ApiManager:304 - Cannot register API 'Board Extension:IKS01A3' from pack STMicroelectronics.X-CUBE-MEMS1.10.0.0: no header file found
2024-05-05 16:38:19,366 [WARN] ApiManager:304 - Cannot register API 'Board Extension:IKS02A1' from pack STMicroelectronics.X-CUBE-MEMS1.10.0.0: no header file found
2024-05-05 16:38:19,366 [WARN] ApiManager:304 - Cannot register API 'Board Extension:IKS4A1' from pack STMicroelectronics.X-CUBE-MEMS1.10.0.0: no header file found
2024-05-05 16:38:19,381 [WARN] ApiManager:304 - Cannot register API 'Board Extension:NFC07A1' from pack STMicroelectronics.X-CUBE-NFC7.1.0.1: no header file found
2024-05-05 16:38:19,397 [WARN] ApiManager:304 - Cannot register API 'Board Extension:S2868A1' from pack STMicroelectronics.X-CUBE-SFXS2LP1.4.0.0: no header file found
2024-05-05 16:38:19,397 [WARN] ApiManager:304 - Cannot register API 'Board Extension:S2868A2' from pack STMicroelectronics.X-CUBE-SFXS2LP1.4.0.0: no header file found
2024-05-05 16:38:19,397 [WARN] ApiManager:304 - Cannot register API 'Board Extension:S2915A1' from pack STMicroelectronics.X-CUBE-SFXS2LP1.4.0.0: no header file found
2024-05-05 16:38:19,397 [WARN] ApiManager:304 - Cannot register API 'Wireless:BlueNRG-2' from pack STMicroelectronics.X-CUBE-BLE2.3.3.0: no header file found
2024-05-05 16:38:19,429 [INFO] ThirdPartyModel:282 - Start build external matchings
2024-05-05 16:38:19,790 [INFO] ThirdPartyModel:295 - End build external matchings
2024-05-05 16:38:20,206 [INFO] UtilMem:74 - End LoadConfig() Used Memory: 688226032 Bytes (830472192)
2024-05-05 16:38:21,163 [INFO] ApiDb:567 - Connected to CubeFinder SQLite database (C:\Users\hoatt\.stmcufinder\plugins\mcufinder\mcu\cube-finder-db.db)
2024-05-05 16:38:21,273 [INFO] ApiDb:654 - CubeFinder database Data Model version=2.1
2024-05-05 16:38:21,273 [INFO] ApiDb:655 - CubeFinder database Configuration version=3.0.39
2024-05-05 16:38:21,273 [INFO] ApiDb:656 - CubeFinder database generation date=2024-04-15 (1713193726)
2024-05-05 16:38:21,273 [INFO] ApiDb:657 - CubeFinder database FW Pack versions=[FP-ATR-ASTRA1_V2.0.0, FP-SNS-FLIGHT1_V5.0.1, FP-SNS-FLIGHT1_V5.0.2, FP-SNS-MOTENV1_V4.3.1, FP-SNS-MOTENV1_V4.3.2, FP-SNS-MOTENVWB1_V1.3.1, FP-SNS-SMARTAG2_V1.2.0, STM32Cube_FW_C0_V1.1.0, STM32Cube_FW_F4_V1.28.0, STM32Cube_FW_F7_V1.17.0, STM32Cube_FW_G0_V1.6.2, STM32Cube_FW_G4_V1.5.2, STM32Cube_FW_H5_V0.5.1, STM32Cube_FW_H5_V1.1.1, STM32Cube_FW_H5_V1.2.0, STM32Cube_FW_H5_V1.2.0RC4, STM32Cube_FW_H7RS_V1.0.0, STM32Cube_FW_H7RS_V1.0.0RC4, STM32Cube_FW_H7_V1.11.0, STM32Cube_FW_L0_V1.12.2, STM32Cube_FW_L5_V1.5.1, STM32Cube_FW_U0_V1.0.0, STM32Cube_FW_U0_V1.0.0RC1, STM32Cube_FW_U5_V1.3.0RC4, STM32Cube_FW_U5_V1.5.0, STM32Cube_FW_U5_V1.5.0RC1, STM32Cube_FW_WBA_V1.0.0RC1, STM32Cube_FW_WBA_V1.2.0, STM32Cube_FW_WBA_V1.2.0RC2, STM32Cube_FW_WBA_V1.3.0, STM32Cube_FW_WBA_V1.3.0RC1, STM32Cube_FW_WB_V1.15.0RC1, STM32Cube_FW_WB_V1.16.0, STM32Cube_FW_WB_V1.16.0RC2, STM32Cube_FW_WB_V1.18.0, STM32Cube_FW_WB_V1.19.0, STM32Cube_FW_WL_V1.3.0, X-CUBE-ALGOBUILD_V1.3.0, X-CUBE-ALS_V1.0.1, X-CUBE-AZRTOS-F4_V1.1.0, X-CUBE-AZRTOS-F7_V1.1.0, X-CUBE-AZRTOS-G0_V1.1.0, X-CUBE-AZRTOS-G4_V2.0.0, X-CUBE-AZRTOS-H7_V3.2.0, X-CUBE-AZRTOS-L4_V1.0.0, X-CUBE-AZRTOS-L4_V2.0.0, X-CUBE-AZRTOS-L5_V1.1.0, X-CUBE-AZRTOS-WB_V2.0.0, X-CUBE-AZRTOS-WL_V2.0.0, X-CUBE-BLE1_V7.0.0, X-CUBE-BLE2_V3.3.0, X-CUBE-BLEMGR_V3.1.0, X-CUBE-EEPRMA1_V4.1.0, X-CUBE-EEPRMA1_V5.1.0, X-CUBE-FREERTOS_V1.1.0, X-CUBE-GNSS1_V6.0.0, X-CUBE-MEMS1_V10.0.0, X-CUBE-MEMS1_V9.1.0, X-CUBE-MEMS1_V9.4.0, X-CUBE-MEMS1_V9.6.0, X-CUBE-NFC4_V3.0.0, X-CUBE-NFC7_V1.0.1, X-CUBE-SFXS2LP1_V4.0.0, X-CUBE-SUBG2_V5.0.0, X-CUBE-TOF1_V3.4.0]
2024-05-05 16:38:25,085 [INFO] ApiDb:212 - Found 97 in-development CPN: [NUCLEO-C031C6, STM32C0116-DK, STM32C011D6Y3TR, STM32C011D6Y6TR, STM32C011F4P3, STM32C011F4P6, STM32C011F4U3, STM32C011F4U6TR, STM32C011F6P3, STM32C011F6P6, STM32C011F6U3, STM32C011F6U6TR, STM32C011J4M3, STM32C011J4M6, STM32C011J6M3, STM32C011J6M6, STM32C0316-DK, STM32C031C4T3, STM32C031C4T6, STM32C031C4U3, STM32C031C4U6, STM32C031C6T3, STM32C031C6T6, STM32C031C6U3, STM32C031C6U6, STM32C031F4P3, STM32C031F4P6, STM32C031F6P3, STM32C031F6P6, STM32C031G4U3, STM32C031G4U6, STM32C031G6U3, STM32C031G6U6, STM32C031K4T3, STM32C031K4T6, STM32C031K4U3, STM32C031K4U6, STM32C031K6T3, STM32C031K6T6, STM32C031K6U3, STM32C031K6U6, STM32G071K8TXN, STM32G071K8UXN, STM32G081GBU6N, STM32G081KBT6N, STM32G081KBUXN, STM32G0B1CCT6N, STM32G0B1KCT6, STM32G0B1NEY6, STM32G0B1NEY6TR, STM32G0B1RCT6N, STM32G0C1CCT6, STM32G0C1CCT6N, STM32G0C1CCU6N, STM32G0C1CET6N, STM32G0C1CEU6N, STM32G0C1KCT6, STM32G0C1NEY6TR, STM32G0C1RCI6N, STM32G0C1RCT6N, STM32G0C1REI6N, STM32G0C1RET6N, STM32G0C1VCI6, STM32G0C1VEI6, STM32G471CCT6, STM32G471CCU6, STM32G471CET3, STM32G471CET6, STM32G471CEU3, STM32G471CEU6, STM32G471MCT6, STM32G471MET3, STM32G471MET6, STM32G471MEY6TR, STM32G471QCT6, STM32G471QET3, STM32G471RCT6, STM32G471RET3, STM32G471RET6, STM32G471VCH6, STM32G471VCI6, STM32G471VCT6, STM32G471VEH3, STM32G471VEH6, STM32G471VEI3, STM32G471VEI6, STM32G471VET3, STM32G471VET6, STM32G474CCT6, STM32L4R5QGI6STR, STM32U595ZJT6Q, STM32U599BJY6QTR, STM32U599NIH6Q, STM32U599NJH6Q, STM32U5A5ZJT6Q, STM32U5A9BJY6QTR, STM32U5A9NJH6Q]
2024-05-05 16:38:25,101 [INFO] DbMcus:201 - Found 4063 MCUs, 4063 are supported
2024-05-05 16:38:25,101 [INFO] ApiDb:407 - Load user favorites file C:\Users\hoatt/.stm32cubeide/favorites.mcus.txt: 0 item(s)
2024-05-05 16:38:25,101 [INFO] ApiDb:411 - User favorites MCUs=[]
2024-05-05 16:38:25,101 [INFO] DbMcus:207 - Set 0 / 0 favorites MCUs
2024-05-05 16:38:25,289 [WARN] ThirdParty:785 - waiting for thirdparty lock release [change project]
2024-05-05 16:38:25,289 [INFO] ThirdParty:787 - entering critical section [change project]
2024-05-05 16:38:25,289 [INFO] ThirdParty:977 - CMSIS Pack Vendor :STMicroelectronics X-CUBE-GNSS1 6.0.0
2024-05-05 16:38:25,289 [INFO] ThirdParty:977 - CMSIS Pack Vendor :STMicroelectronics USB_HOST 2.0.0
2024-05-05 16:38:25,289 [INFO] ThirdParty:977 - CMSIS Pack Vendor :STMicroelectronics FP-SNS-MOTENVWB1 1.4.0
2024-05-05 16:38:25,289 [INFO] ThirdParty:977 - CMSIS Pack Vendor :STMicroelectronics X-CUBE-AZRTOS-F4 1.1.0
2024-05-05 16:38:25,289 [INFO] ThirdParty:977 - CMSIS Pack Vendor :STMicroelectronics LIBJPEG 8.0.0
2024-05-05 16:38:25,289 [INFO] ThirdParty:977 - CMSIS Pack Vendor :STMicroelectronics X-CUBE-SMBUS 2.1.0
2024-05-05 16:38:25,289 [INFO] ThirdParty:977 - CMSIS Pack Vendor :STMicroelectronics USB_DEVICE 3.0.0
2024-05-05 16:38:25,289 [INFO] ThirdParty:977 - CMSIS Pack Vendor :STMicroelectronics X-CUBE-TCPP 4.1.0
2024-05-05 16:38:25,289 [INFO] ThirdParty:977 - CMSIS Pack Vendor :STMicroelectronics X-CUBE-FREERTOS 1.2.0
2024-05-05 16:38:25,289 [INFO] ThirdParty:977 - CMSIS Pack Vendor :STMicroelectronics X-CUBE-AZRTOS-WB 2.0.0
2024-05-05 16:38:25,289 [INFO] ThirdParty:977 - CMSIS Pack Vendor :STMicroelectronics X-CUBE-TOUCHGFX 4.23.2
2024-05-05 16:38:25,289 [INFO] ThirdParty:977 - CMSIS Pack Vendor :STMicroelectronics X-CUBE-AZRTOS-F7 1.1.0
2024-05-05 16:38:25,289 [INFO] ThirdParty:977 - CMSIS Pack Vendor :STMicroelectronics X-CUBE-AZRTOS-L5 2.0.0
2024-05-05 16:38:25,289 [INFO] ThirdParty:977 - CMSIS Pack Vendor :STMicroelectronics USB_DEVICE 2.0.0
2024-05-05 16:38:25,289 [INFO] ThirdParty:977 - CMSIS Pack Vendor :STMicroelectronics X-CUBE-NFC6 3.1.0
2024-05-05 16:38:25,289 [INFO] ThirdParty:977 - CMSIS Pack Vendor :STMicroelectronics X-CUBE-ALGOBUILD 1.3.0
2024-05-05 16:38:25,289 [INFO] ThirdParty:977 - CMSIS Pack Vendor :STMicroelectronics FreeRTOS 0.0.1
2024-05-05 16:38:25,289 [INFO] ThirdParty:977 - CMSIS Pack Vendor :STMicroelectronics X-CUBE-AZRTOS-G0 1.1.0
2024-05-05 16:38:25,289 [INFO] ThirdParty:977 - CMSIS Pack Vendor :STMicroelectronics X-CUBE-SAFEA1 1.2.2
2024-05-05 16:38:25,289 [INFO] ThirdParty:977 - CMSIS Pack Vendor :STMicroelectronics X-CUBE-NFC4 3.0.0
2024-05-05 16:38:25,289 [INFO] ThirdParty:977 - CMSIS Pack Vendor :STMicroelectronics X-CUBE-SUBG2 5.0.0
2024-05-05 16:38:25,289 [INFO] ThirdParty:977 - CMSIS Pack Vendor :STMicroelectronics STM32_WPAN 1.0.0
2024-05-05 16:38:25,289 [INFO] ThirdParty:977 - CMSIS Pack Vendor :STMicroelectronics lwIP 2.0.3
2024-05-05 16:38:25,289 [INFO] ThirdParty:977 - CMSIS Pack Vendor :STMicroelectronics FP-SNS-FLIGHT1 5.0.2
2024-05-05 16:38:25,289 [INFO] ThirdParty:977 - CMSIS Pack Vendor :STMicroelectronics USB_HOST 1.0.0
2024-05-05 16:38:25,289 [INFO] ThirdParty:977 - CMSIS Pack Vendor :STMicroelectronics X-CUBE-AI 9.0.0
2024-05-05 16:38:25,289 [INFO] ThirdParty:977 - CMSIS Pack Vendor :STMicroelectronics X-CUBE-AZRTOS-G4 2.0.0
2024-05-05 16:38:25,289 [INFO] ThirdParty:977 - CMSIS Pack Vendor :STMicroelectronics PDM2PCM 3.1.0
2024-05-05 16:38:25,289 [INFO] ThirdParty:977 - CMSIS Pack Vendor :STMicroelectronics PDM2PCM 3.3.0
2024-05-05 16:38:25,289 [INFO] ThirdParty:977 - CMSIS Pack Vendor :STMicroelectronics X-CUBE-DISPLAY 3.0.0
2024-05-05 16:38:25,289 [INFO] ThirdParty:977 - CMSIS Pack Vendor :wolfSSL I-CUBE-wolfSSL 5.7.0
2024-05-05 16:38:25,289 [INFO] ThirdParty:977 - CMSIS Pack Vendor :STMicroelectronics X-CUBE-BLE1 7.0.0
2024-05-05 16:38:25,289 [INFO] ThirdParty:977 - CMSIS Pack Vendor :STMicroelectronics FP-ATR-SIGFOX1 3.2.0
2024-05-05 16:38:25,289 [INFO] ThirdParty:977 - CMSIS Pack Vendor :STMicroelectronics X-CUBE-ISPU 2.0.0
2024-05-05 16:38:25,289 [INFO] ThirdParty:977 - CMSIS Pack Vendor :STMicroelectronics X-CUBE-EEPRMA1 5.1.0
2024-05-05 16:38:25,289 [INFO] ThirdParty:977 - CMSIS Pack Vendor :STMicroelectronics HAL Drivers 0.0.0
2024-05-05 16:38:25,289 [INFO] ThirdParty:977 - CMSIS Pack Vendor :STMicroelectronics MBEDTLS 2.16.2
2024-05-05 16:38:25,289 [INFO] ThirdParty:977 - CMSIS Pack Vendor :emotas I-CUBE-CANOPEN 1.3.0
2024-05-05 16:38:25,289 [INFO] ThirdParty:977 - CMSIS Pack Vendor :STMicroelectronics X-CUBE-MEMS1 10.0.0
2024-05-05 16:38:25,289 [INFO] ThirdParty:977 - CMSIS Pack Vendor :STMicroelectronics X-CUBE-NFC7 1.0.1
2024-05-05 16:38:25,289 [INFO] ThirdParty:977 - CMSIS Pack Vendor :STMicroelectronics MBEDTLS 2.14.1
2024-05-05 16:38:25,289 [INFO] ThirdParty:977 - CMSIS Pack Vendor :ITTIA_DB I-CUBE-ITTIADB 8.9.0
2024-05-05 16:38:25,289 [INFO] ThirdParty:977 - CMSIS Pack Vendor :portGmbH I-Cube-SoM-uGOAL 1.1.0
2024-05-05 16:38:25,289 [INFO] ThirdParty:977 - CMSIS Pack Vendor :STMicroelectronics X-CUBE-ALS 1.0.1
2024-05-05 16:38:25,289 [INFO] ThirdParty:977 - CMSIS Pack Vendor :STMicroelectronics X-CUBE-BLEMGR 3.1.0
2024-05-05 16:38:25,289 [INFO] ThirdParty:977 - CMSIS Pack Vendor :STMicroelectronics ThreadX 1.0.0
2024-05-05 16:38:25,289 [INFO] ThirdParty:977 - CMSIS Pack Vendor :STMicroelectronics FP-SNS-SMARTAG2 1.2.0
2024-05-05 16:38:25,289 [INFO] ThirdParty:977 - CMSIS Pack Vendor :STMicroelectronics X-CUBE-AZRTOS-WL 2.0.0
2024-05-05 16:38:25,289 [INFO] ThirdParty:977 - CMSIS Pack Vendor :SEGGER I-CUBE-embOS 1.3.1
2024-05-05 16:38:25,289 [INFO] ThirdParty:977 - CMSIS Pack Vendor :STMicroelectronics FP-SNS-MOTENV1 5.0.0
2024-05-05 16:38:25,289 [INFO] ThirdParty:977 - CMSIS Pack Vendor :STMicroelectronics USB_DEVICE 1.0.0
2024-05-05 16:38:25,289 [INFO] ThirdParty:977 - CMSIS Pack Vendor :STMicroelectronics X-CUBE-AZRTOS-H7RS 1.0.0
2024-05-05 16:38:25,289 [INFO] ThirdParty:977 - CMSIS Pack Vendor :STMicroelectronics X-CUBE-AZRTOS-L4 2.0.0
2024-05-05 16:38:25,289 [INFO] ThirdParty:977 - CMSIS Pack Vendor :STMicroelectronics ThreadX 0.0.2
2024-05-05 16:38:25,289 [INFO] ThirdParty:977 - CMSIS Pack Vendor :WES I-CUBE-Cesium 1.3.0
2024-05-05 16:38:25,289 [INFO] ThirdParty:977 - CMSIS Pack Vendor :STMicroelectronics FP-ATR-ASTRA1 2.0.0
2024-05-05 16:38:25,289 [INFO] ThirdParty:977 - CMSIS Pack Vendor :STMicroelectronics lwIP 2.1.2
2024-05-05 16:38:25,289 [INFO] ThirdParty:977 - CMSIS Pack Vendor :STMicroelectronics X-CUBE-SFXS2LP1 4.0.0
2024-05-05 16:38:25,289 [INFO] ThirdParty:977 - CMSIS Pack Vendor :STMicroelectronics X-CUBE-BLE2 3.3.0
2024-05-05 16:38:25,289 [INFO] ThirdParty:977 - CMSIS Pack Vendor :STMicroelectronics X-CUBE-TOF1 3.4.1
2024-05-05 16:38:25,289 [INFO] ThirdParty:977 - CMSIS Pack Vendor :STMicroelectronics X-CUBE-AZRTOS-H7 3.2.0
2024-05-05 16:38:25,289 [INFO] ThirdParty:977 - CMSIS Pack Vendor :Infineon AIROC-Wi-Fi-Bluetooth-STM32 1.6.0
2024-05-05 16:38:25,289 [INFO] ThirdParty:977 - CMSIS Pack Vendor :STMicroelectronics PDM2PCM 3.2.0
2024-05-05 16:38:25,289 [INFO] ThirdParty:793 - exiting critical section [change project]
2024-05-05 16:38:25,791 [INFO] PinOutPanel:1465 - setPackage(No Configuration,No Configuration)
2024-05-05 16:38:25,807 [INFO] PinOutPanel:1465 - setPackage(STM32F103C8Tx,LQFP48)
2024-05-05 16:38:26,622 [INFO] UtilMem:74 - Before build in PCC Used Memory: 615853768 Bytes (830472192)
2024-05-05 16:38:28,192 [INFO] UtilMem:74 - After build in PCC Used Memory: 649424904 Bytes (830472192)
2024-05-05 16:38:28,224 [INFO] IPUIPlugin:75 - create IPUIPlugin
2024-05-05 16:38:28,224 [INFO] IPUIPlugin:75 - create IPUIPlugin
2024-05-05 16:38:28,224 [INFO] IPUIPlugin:75 - create IPUIPlugin
2024-05-05 16:38:28,224 [INFO] IPUIPlugin:75 - create IPUIPlugin
2024-05-05 16:38:28,224 [INFO] IPUIPlugin:75 - create IPUIPlugin
2024-05-05 16:38:28,224 [INFO] IPUIPlugin:75 - create IPUIPlugin
2024-05-05 16:38:28,224 [INFO] IPUIPlugin:75 - create IPUIPlugin
2024-05-05 16:38:28,224 [INFO] IPUIPlugin:75 - create IPUIPlugin
2024-05-05 16:38:28,224 [INFO] IPUIPlugin:75 - create IPUIPlugin
2024-05-05 16:38:28,224 [INFO] IPUIPlugin:75 - create IPUIPlugin
2024-05-05 16:38:28,224 [INFO] IPUIPlugin:75 - create IPUIPlugin
2024-05-05 16:38:28,224 [INFO] IPUIPlugin:75 - create IPUIPlugin
2024-05-05 16:38:28,224 [INFO] IPUIPlugin:75 - create IPUIPlugin
2024-05-05 16:38:28,224 [INFO] IPUIPlugin:75 - create IPUIPlugin
2024-05-05 16:38:28,224 [INFO] IPUIPlugin:75 - create IPUIPlugin
2024-05-05 16:38:28,224 [INFO] IPUIPlugin:75 - create IPUIPlugin
2024-05-05 16:38:28,224 [INFO] IPUIPlugin:75 - create IPUIPlugin
2024-05-05 16:38:28,224 [INFO] IPUIPlugin:75 - create IPUIPlugin
2024-05-05 16:38:28,224 [INFO] IPUIPlugin:75 - create IPUIPlugin
2024-05-05 16:38:28,224 [INFO] IPUIPlugin:75 - create IPUIPlugin
2024-05-05 16:38:28,224 [INFO] IPUIPlugin:75 - create IPUIPlugin
2024-05-05 16:38:28,224 [INFO] IPUIPlugin:75 - create IPUIPlugin
2024-05-05 16:38:28,224 [INFO] IPUIPlugin:75 - create IPUIPlugin
2024-05-05 16:38:28,224 [INFO] IPUIPlugin:75 - create IPUIPlugin
2024-05-05 16:38:28,224 [INFO] IPUIPlugin:75 - create IPUIPlugin
2024-05-05 16:38:28,224 [INFO] IPUIPlugin:75 - create IPUIPlugin
2024-05-05 16:38:28,224 [INFO] IPUIPlugin:75 - create IPUIPlugin
2024-05-05 16:38:28,515 [INFO] OpenFileManager:323 - Restore cursor
2024-05-05 16:41:31,285 [ERROR] ConfigurationRetriever:139 - IOException on connection: sw-center.st.com
2024-05-05 16:41:31,285 [ERROR] ConfigurationRetriever:139 - IOException on connection: sw-center.st.com
2024-05-05 16:41:31,285 [ERROR] ConfigurationRetriever:139 - IOException on connection: sw-center.st.com
2024-05-05 16:41:37,937 [ERROR] ConfigurationRetriever:139 - IOException on connection: sw-center.st.com
2024-05-05 16:41:37,937 [ERROR] ConfigurationRetriever:139 - IOException on connection: sw-center.st.com
2024-05-05 16:41:37,937 [ERROR] ConfigurationRetriever:139 - IOException on connection: sw-center.st.com
2024-05-05 16:47:56,879 [ERROR] ConfigurationRetriever:139 - IOException on connection: sw-center.st.com
2024-05-05 16:47:56,879 [ERROR] ConfigurationRetriever:139 - IOException on connection: sw-center.st.com
2024-05-05 16:47:56,879 [ERROR] ConfigurationRetriever:139 - IOException on connection: sw-center.st.com
2024-05-05 16:48:02,182 [ERROR] ConfigurationRetriever:139 - IOException on connection: sw-center.st.com
2024-05-05 16:48:02,182 [ERROR] ConfigurationRetriever:139 - IOException on connection: sw-center.st.com
2024-05-05 16:48:02,182 [ERROR] ConfigurationRetriever:139 - IOException on connection: sw-center.st.com
2024-05-05 16:50:14,302 [ERROR] ConfigurationRetriever:139 - IOException on connection: sw-center.st.com
2024-05-05 16:50:14,302 [ERROR] ConfigurationRetriever:139 - IOException on connection: sw-center.st.com
2024-05-05 16:50:14,302 [ERROR] ConfigurationRetriever:139 - IOException on connection: sw-center.st.com
2024-05-05 16:50:21,862 [ERROR] ConfigurationRetriever:139 - IOException on connection: sw-center.st.com
2024-05-05 16:50:21,862 [ERROR] ConfigurationRetriever:139 - IOException on connection: sw-center.st.com
2024-05-05 16:50:21,862 [ERROR] ConfigurationRetriever:139 - IOException on connection: sw-center.st.com
2024-05-05 16:50:52,569 [ERROR] ConfigurationRetriever:139 - IOException on connection: sw-center.st.com
2024-05-05 16:50:52,569 [ERROR] ConfigurationRetriever:139 - IOException on connection: sw-center.st.com
2024-05-05 16:50:52,569 [ERROR] ConfigurationRetriever:139 - IOException on connection: sw-center.st.com
2024-05-05 16:50:52,757 [ERROR] ConfigurationRetriever:139 - IOException on connection: sw-center.st.com
2024-05-05 16:50:52,757 [ERROR] ConfigurationRetriever:139 - IOException on connection: sw-center.st.com
2024-05-05 16:50:52,773 [ERROR] ConfigurationRetriever:139 - IOException on connection: sw-center.st.com
2024-05-05 16:51:51,181 [INFO] UtilMem:74 - End SaveConfig() Used Memory: 600418976 Bytes (830472192)
2024-05-05 16:51:51,235 [ERROR] ConfigurationRetriever:139 - IOException on connection: sw-center.st.com
2024-05-05 16:51:51,235 [ERROR] ConfigurationRetriever:139 - IOException on connection: sw-center.st.com
2024-05-05 16:51:51,235 [ERROR] ConfigurationRetriever:139 - IOException on connection: sw-center.st.com
2024-05-05 16:51:53,887 [INFO] UtilMem:74 - End SaveConfig() Used Memory: 627331192 Bytes (830472192)
2024-05-05 16:51:53,929 [ERROR] ConfigurationRetriever:139 - IOException on connection: sw-center.st.com
2024-05-05 16:51:53,929 [ERROR] ConfigurationRetriever:139 - IOException on connection: sw-center.st.com
2024-05-05 16:51:53,929 [ERROR] ConfigurationRetriever:139 - IOException on connection: sw-center.st.com
2024-05-05 16:51:54,651 [INFO] BlockDiagram:2740 - set Specific Code input for plugin: NVIC
2024-05-05 16:51:54,651 [INFO] BlockDiagram:2740 - set Specific Code input for plugin: SYS
2024-05-05 16:51:54,651 [INFO] BlockDiagram:2740 - set Specific Code input for plugin: GPIO
2024-05-05 16:51:54,651 [INFO] BlockDiagram:2740 - set Specific Code input for plugin: RCC
2024-05-05 16:51:54,651 [INFO] CodeGenerator:681 - code generatio: config db path: C:\ST\STM32CubeIDE_1.9.0\STM32CubeIDE\plugins\com.st.stm32cube.common.mx_6.5.0.202202251913\\db\
2024-05-05 16:51:55,311 [INFO] CodeEngine:237 - oldGeneratedFile, C:\Users\hoatt\STM32CubeIDE\workspace_1.9.0\UART_DMA\MXTmpFiles\license.tmp_save
2024-05-05 16:51:56,017 [INFO] CodeEngine:261 - Generated code: C:\Users\hoatt\STM32CubeIDE\workspace_1.9.0\UART_DMA\MXTmpFiles\license.tmp
2024-05-05 16:51:56,142 [INFO] CodeEngine:237 - oldGeneratedFile, C:\Users\hoatt\STM32CubeIDE\workspace_1.9.0\UART_DMA\MXTmpFiles\gpio.tmp_save
2024-05-05 16:51:56,377 [INFO] CodeEngine:261 - Generated code: C:\Users\hoatt\STM32CubeIDE\workspace_1.9.0\UART_DMA\MXTmpFiles\gpio.tmp
2024-05-05 16:51:56,424 [INFO] CodeEngine:237 - oldGeneratedFile, C:\Users\hoatt\STM32CubeIDE\workspace_1.9.0\UART_DMA\Core\Src\stm32f1xx_it.c_save
2024-05-05 16:51:56,644 [INFO] CodeEngine:261 - Generated code: C:\Users\hoatt\STM32CubeIDE\workspace_1.9.0\UART_DMA\Core\Src\stm32f1xx_it.c
2024-05-05 16:51:56,660 [INFO] CodeEngine:237 - oldGeneratedFile, C:\Users\hoatt\STM32CubeIDE\workspace_1.9.0\UART_DMA\Core\Inc\stm32f1xx_it.h_save
2024-05-05 16:51:56,785 [INFO] CodeEngine:261 - Generated code: C:\Users\hoatt\STM32CubeIDE\workspace_1.9.0\UART_DMA\Core\Inc\stm32f1xx_it.h
2024-05-05 16:51:56,817 [INFO] CodeEngine:237 - oldGeneratedFile, C:\Users\hoatt\STM32CubeIDE\workspace_1.9.0\UART_DMA\Core\Src\stm32f1xx_hal_msp.c_save
2024-05-05 16:51:57,021 [INFO] CodeEngine:261 - Generated code: C:\Users\hoatt\STM32CubeIDE\workspace_1.9.0\UART_DMA\Core\Src\stm32f1xx_hal_msp.c
2024-05-05 16:51:57,036 [INFO] CodeEngine:237 - oldGeneratedFile, C:\Users\hoatt\STM32CubeIDE\workspace_1.9.0\UART_DMA\MXTmpFiles\system.tmp_save
2024-05-05 16:51:57,130 [INFO] CodeEngine:261 - Generated code: C:\Users\hoatt\STM32CubeIDE\workspace_1.9.0\UART_DMA\MXTmpFiles\system.tmp
2024-05-05 16:51:57,162 [INFO] CodeEngine:237 - oldGeneratedFile, C:\Users\hoatt\STM32CubeIDE\workspace_1.9.0\UART_DMA\Core\Inc\stm32f1xx_hal_conf.h_save
2024-05-05 16:51:57,303 [INFO] CodeEngine:261 - Generated code: C:\Users\hoatt\STM32CubeIDE\workspace_1.9.0\UART_DMA\Core\Inc\stm32f1xx_hal_conf.h
2024-05-05 16:51:57,366 [INFO] CodeEngine:237 - oldGeneratedFile, C:\Users\hoatt\STM32CubeIDE\workspace_1.9.0\UART_DMA\Core\Inc\main.h_save
2024-05-05 16:51:57,523 [INFO] CodeEngine:261 - Generated code: C:\Users\hoatt\STM32CubeIDE\workspace_1.9.0\UART_DMA\Core\Inc\main.h
2024-05-05 16:51:57,554 [INFO] CodeEngine:237 - oldGeneratedFile, C:\Users\hoatt\STM32CubeIDE\workspace_1.9.0\UART_DMA\Core\Src\main.c_save
2024-05-05 16:51:57,821 [INFO] CodeEngine:261 - Generated code: C:\Users\hoatt\STM32CubeIDE\workspace_1.9.0\UART_DMA\Core\Src\main.c
2024-05-05 16:51:59,154 [INFO] ProjectBuilder:2913 - Time for Copy HAL[1] : 393mS.
2024-05-05 16:51:59,217 [INFO] ProjectBuilder:4015 - Project Generator version: 3.16.0
2024-05-05 16:51:59,923 [INFO] ConfigFileManager:1287 - The Die is : DIE410
2024-05-05 16:51:59,955 [INFO] ApiDbMcu:488 - Load IP Config File for FATFS
2024-05-05 16:51:59,986 [INFO] ApiDbMcu:488 - Load IP Config File for FREERTOS
2024-05-05 16:52:00,001 [INFO] ApiDbMcu:488 - Load IP Config File for USB_DEVICE
2024-05-05 16:52:02,763 [INFO] ProjectBuilder:4183 - Time for Generating toolchain IDE Files: 3546mS.
2024-05-05 16:52:02,763 [INFO] ProjectBuilder:2785 - Time for Copy CMSIS : 0mS.
2024-05-05 16:52:02,778 [INFO] ProjectBuilder:2785 - Time for Copy CMSIS : 0mS.
2024-05-05 16:52:59,847 [ERROR] ConfigurationRetriever:139 - IOException on connection: sw-center.st.com
2024-05-05 16:52:59,847 [ERROR] ConfigurationRetriever:139 - IOException on connection: sw-center.st.com
2024-05-05 16:52:59,847 [ERROR] ConfigurationRetriever:139 - IOException on connection: sw-center.st.com
2024-05-05 16:53:00,129 [ERROR] ConfigurationRetriever:139 - IOException on connection: sw-center.st.com
2024-05-05 16:53:00,129 [ERROR] ConfigurationRetriever:139 - IOException on connection: sw-center.st.com
2024-05-05 16:53:00,147 [ERROR] ConfigurationRetriever:139 - IOException on connection: sw-center.st.com
2024-05-05 16:54:21,861 [INFO] UtilMem:74 - End SaveConfig() Used Memory: 712325624 Bytes (957349888)
2024-05-05 16:54:21,893 [ERROR] ConfigurationRetriever:139 - IOException on connection: sw-center.st.com
2024-05-05 16:54:21,893 [ERROR] ConfigurationRetriever:139 - IOException on connection: sw-center.st.com
2024-05-05 16:54:21,893 [ERROR] ConfigurationRetriever:139 - IOException on connection: sw-center.st.com
2024-05-05 16:54:24,105 [INFO] UtilMem:74 - End SaveConfig() Used Memory: 745028104 Bytes (957349888)
2024-05-05 16:54:24,143 [ERROR] ConfigurationRetriever:139 - IOException on connection: sw-center.st.com
2024-05-05 16:54:24,143 [ERROR] ConfigurationRetriever:139 - IOException on connection: sw-center.st.com
2024-05-05 16:54:24,143 [ERROR] ConfigurationRetriever:139 - IOException on connection: sw-center.st.com
2024-05-05 16:54:24,567 [INFO] BlockDiagram:2740 - set Specific Code input for plugin: NVIC
2024-05-05 16:54:24,567 [INFO] BlockDiagram:2740 - set Specific Code input for plugin: SYS
2024-05-05 16:54:24,567 [INFO] BlockDiagram:2740 - set Specific Code input for plugin: GPIO
2024-05-05 16:54:24,567 [INFO] BlockDiagram:2740 - set Specific Code input for plugin: RCC
2024-05-05 16:54:24,567 [INFO] CodeGenerator:681 - code generatio: config db path: C:\ST\STM32CubeIDE_1.9.0\STM32CubeIDE\plugins\com.st.stm32cube.common.mx_6.5.0.202202251913\\db\
2024-05-05 16:54:24,912 [INFO] CodeEngine:237 - oldGeneratedFile, C:\Users\hoatt\STM32CubeIDE\workspace_1.9.0\UART_DMA\MXTmpFiles\license.tmp_save
2024-05-05 16:54:25,053 [INFO] CodeEngine:261 - Generated code: C:\Users\hoatt\STM32CubeIDE\workspace_1.9.0\UART_DMA\MXTmpFiles\license.tmp
2024-05-05 16:54:25,085 [INFO] CodeEngine:237 - oldGeneratedFile, C:\Users\hoatt\STM32CubeIDE\workspace_1.9.0\UART_DMA\MXTmpFiles\gpio.tmp_save
2024-05-05 16:54:25,257 [INFO] CodeEngine:261 - Generated code: C:\Users\hoatt\STM32CubeIDE\workspace_1.9.0\UART_DMA\MXTmpFiles\gpio.tmp
2024-05-05 16:54:25,304 [INFO] CodeEngine:237 - oldGeneratedFile, C:\Users\hoatt\STM32CubeIDE\workspace_1.9.0\UART_DMA\Core\Src\stm32f1xx_it.c_save
2024-05-05 16:54:25,445 [INFO] CodeEngine:261 - Generated code: C:\Users\hoatt\STM32CubeIDE\workspace_1.9.0\UART_DMA\Core\Src\stm32f1xx_it.c
2024-05-05 16:54:25,461 [INFO] CodeEngine:237 - oldGeneratedFile, C:\Users\hoatt\STM32CubeIDE\workspace_1.9.0\UART_DMA\Core\Inc\stm32f1xx_it.h_save
2024-05-05 16:54:25,582 [INFO] CodeEngine:261 - Generated code: C:\Users\hoatt\STM32CubeIDE\workspace_1.9.0\UART_DMA\Core\Inc\stm32f1xx_it.h
2024-05-05 16:54:25,602 [INFO] CodeEngine:237 - oldGeneratedFile, C:\Users\hoatt\STM32CubeIDE\workspace_1.9.0\UART_DMA\Core\Src\stm32f1xx_hal_msp.c_save
2024-05-05 16:54:25,791 [INFO] CodeEngine:261 - Generated code: C:\Users\hoatt\STM32CubeIDE\workspace_1.9.0\UART_DMA\Core\Src\stm32f1xx_hal_msp.c
2024-05-05 16:54:25,791 [INFO] CodeEngine:237 - oldGeneratedFile, C:\Users\hoatt\STM32CubeIDE\workspace_1.9.0\UART_DMA\MXTmpFiles\system.tmp_save
2024-05-05 16:54:25,885 [INFO] CodeEngine:261 - Generated code: C:\Users\hoatt\STM32CubeIDE\workspace_1.9.0\UART_DMA\MXTmpFiles\system.tmp
2024-05-05 16:54:25,916 [INFO] CodeEngine:237 - oldGeneratedFile, C:\Users\hoatt\STM32CubeIDE\workspace_1.9.0\UART_DMA\Core\Inc\stm32f1xx_hal_conf.h_save
2024-05-05 16:54:26,010 [INFO] CodeEngine:261 - Generated code: C:\Users\hoatt\STM32CubeIDE\workspace_1.9.0\UART_DMA\Core\Inc\stm32f1xx_hal_conf.h
2024-05-05 16:54:26,057 [INFO] CodeEngine:237 - oldGeneratedFile, C:\Users\hoatt\STM32CubeIDE\workspace_1.9.0\UART_DMA\Core\Inc\main.h_save
2024-05-05 16:54:26,184 [INFO] CodeEngine:261 - Generated code: C:\Users\hoatt\STM32CubeIDE\workspace_1.9.0\UART_DMA\Core\Inc\main.h
2024-05-05 16:54:26,199 [INFO] CodeEngine:237 - oldGeneratedFile, C:\Users\hoatt\STM32CubeIDE\workspace_1.9.0\UART_DMA\Core\Src\main.c_save
2024-05-05 16:54:26,387 [INFO] CodeEngine:261 - Generated code: C:\Users\hoatt\STM32CubeIDE\workspace_1.9.0\UART_DMA\Core\Src\main.c
2024-05-05 16:54:27,407 [INFO] ProjectBuilder:2913 - Time for Copy HAL[1] : 298mS.
2024-05-05 16:54:27,423 [INFO] ProjectBuilder:4015 - Project Generator version: 3.16.0
2024-05-05 16:54:27,909 [INFO] ConfigFileManager:1287 - The Die is : DIE410
2024-05-05 16:54:29,855 [INFO] ProjectBuilder:4183 - Time for Generating toolchain IDE Files: 2432mS.
2024-05-05 16:54:29,855 [INFO] ProjectBuilder:2785 - Time for Copy CMSIS : 0mS.
2024-05-05 16:54:29,870 [INFO] ProjectBuilder:2785 - Time for Copy CMSIS : 0mS.
2024-05-05 16:55:42,686 [ERROR] ConfigurationRetriever:139 - IOException on connection: sw-center.st.com
2024-05-05 16:55:42,686 [ERROR] ConfigurationRetriever:139 - IOException on connection: sw-center.st.com
2024-05-05 16:55:42,686 [ERROR] ConfigurationRetriever:139 - IOException on connection: sw-center.st.com
2024-05-05 16:55:53,215 [ERROR] ConfigurationRetriever:139 - IOException on connection: sw-center.st.com
2024-05-05 16:55:53,215 [ERROR] ConfigurationRetriever:139 - IOException on connection: sw-center.st.com
2024-05-05 16:55:53,231 [ERROR] ConfigurationRetriever:139 - IOException on connection: sw-center.st.com
2024-05-05 16:57:22,039 [ERROR] ConfigurationRetriever:139 - IOException on connection: sw-center.st.com
2024-05-05 16:57:22,039 [ERROR] ConfigurationRetriever:139 - IOException on connection: sw-center.st.com
2024-05-05 16:57:22,039 [ERROR] ConfigurationRetriever:139 - IOException on connection: sw-center.st.com
2024-05-05 16:57:29,224 [ERROR] ConfigurationRetriever:139 - IOException on connection: sw-center.st.com
2024-05-05 16:57:29,224 [ERROR] ConfigurationRetriever:139 - IOException on connection: sw-center.st.com
2024-05-05 16:57:29,224 [ERROR] ConfigurationRetriever:139 - IOException on connection: sw-center.st.com
2024-05-05 17:26:40,258 [INFO] MainUpdater:2729 - connection check result : 10
2024-05-05 17:26:40,541 [INFO] McuFinderGlobals:52 - Set McuFinderConnectedMode to true
2024-05-05 17:26:40,556 [INFO] MultiScanPanel:195 - Auto-refresh data requested => check proxy status ongoing
2024-05-05 17:26:40,572 [INFO] FinderPluginLoader:87 - Searching for filters in installed packs
2024-05-05 17:26:42,723 [INFO] LoadUrlFilesThread:173 - End of LoadServerUrlFiles without Thread
2024-05-05 17:26:42,801 [INFO] DetailPanel:315 - Set advertising image to C:/Users/hoatt/STM32Cube/Repository/\en.prom-stm32h7rs-mcu-finder.png
2024-05-05 17:26:43,554 [INFO] MultiScanPanel:787 - Auto Refresh Data is not needed
2024-05-05 17:26:43,570 [INFO] ApiDb:654 - CubeFinder database Data Model version=2.1
2024-05-05 17:26:43,570 [INFO] ApiDb:655 - CubeFinder database Configuration version=3.0.39
2024-05-05 17:26:43,570 [INFO] ApiDb:656 - CubeFinder database generation date=2024-04-15 (1713193726)
2024-05-05 17:26:43,570 [INFO] ApiDb:657 - CubeFinder database FW Pack versions=[FP-ATR-ASTRA1_V2.0.0, FP-SNS-FLIGHT1_V5.0.1, FP-SNS-FLIGHT1_V5.0.2, FP-SNS-MOTENV1_V4.3.1, FP-SNS-MOTENV1_V4.3.2, FP-SNS-MOTENVWB1_V1.3.1, FP-SNS-SMARTAG2_V1.2.0, STM32Cube_FW_C0_V1.1.0, STM32Cube_FW_F4_V1.28.0, STM32Cube_FW_F7_V1.17.0, STM32Cube_FW_G0_V1.6.2, STM32Cube_FW_G4_V1.5.2, STM32Cube_FW_H5_V0.5.1, STM32Cube_FW_H5_V1.1.1, STM32Cube_FW_H5_V1.2.0, STM32Cube_FW_H5_V1.2.0RC4, STM32Cube_FW_H7RS_V1.0.0, STM32Cube_FW_H7RS_V1.0.0RC4, STM32Cube_FW_H7_V1.11.0, STM32Cube_FW_L0_V1.12.2, STM32Cube_FW_L5_V1.5.1, STM32Cube_FW_U0_V1.0.0, STM32Cube_FW_U0_V1.0.0RC1, STM32Cube_FW_U5_V1.3.0RC4, STM32Cube_FW_U5_V1.5.0, STM32Cube_FW_U5_V1.5.0RC1, STM32Cube_FW_WBA_V1.0.0RC1, STM32Cube_FW_WBA_V1.2.0, STM32Cube_FW_WBA_V1.2.0RC2, STM32Cube_FW_WBA_V1.3.0, STM32Cube_FW_WBA_V1.3.0RC1, STM32Cube_FW_WB_V1.15.0RC1, STM32Cube_FW_WB_V1.16.0, STM32Cube_FW_WB_V1.16.0RC2, STM32Cube_FW_WB_V1.18.0, STM32Cube_FW_WB_V1.19.0, STM32Cube_FW_WL_V1.3.0, X-CUBE-ALGOBUILD_V1.3.0, X-CUBE-ALS_V1.0.1, X-CUBE-AZRTOS-F4_V1.1.0, X-CUBE-AZRTOS-F7_V1.1.0, X-CUBE-AZRTOS-G0_V1.1.0, X-CUBE-AZRTOS-G4_V2.0.0, X-CUBE-AZRTOS-H7_V3.2.0, X-CUBE-AZRTOS-L4_V1.0.0, X-CUBE-AZRTOS-L4_V2.0.0, X-CUBE-AZRTOS-L5_V1.1.0, X-CUBE-AZRTOS-WB_V2.0.0, X-CUBE-AZRTOS-WL_V2.0.0, X-CUBE-BLE1_V7.0.0, X-CUBE-BLE2_V3.3.0, X-CUBE-BLEMGR_V3.1.0, X-CUBE-EEPRMA1_V4.1.0, X-CUBE-EEPRMA1_V5.1.0, X-CUBE-FREERTOS_V1.1.0, X-CUBE-GNSS1_V6.0.0, X-CUBE-MEMS1_V10.0.0, X-CUBE-MEMS1_V9.1.0, X-CUBE-MEMS1_V9.4.0, X-CUBE-MEMS1_V9.6.0, X-CUBE-NFC4_V3.0.0, X-CUBE-NFC7_V1.0.1, X-CUBE-SFXS2LP1_V4.0.0, X-CUBE-SUBG2_V5.0.0, X-CUBE-TOF1_V3.4.0]
2024-05-05 17:26:43,822 [INFO] DbBoardsSqlite:220 - include board P-NUCLEO-WB55-NUCLEO as a kit item of type 'Nucleo-64'
2024-05-05 17:26:43,822 [INFO] DbBoardsSqlite:220 - include board P-NUCLEO-WB55-USBDONGLE as a kit item of type 'Nucleo USB Dongle'
2024-05-05 17:26:43,822 [INFO] DbBoardsSqlite:220 - include board STEVAL-IDP005V1 as a kit item of type 'Evaluation Board'
2024-05-05 17:26:43,822 [INFO] DbBoardsSqlite:220 - include board STEVAL-IDP005V2 as a kit item of type 'Evaluation Board'
2024-05-05 17:26:44,903 [INFO] ApiDb:212 - Found 97 in-development CPN: [NUCLEO-C031C6, STM32C0116-DK, STM32C011D6Y3TR, STM32C011D6Y6TR, STM32C011F4P3, STM32C011F4P6, STM32C011F4U3, STM32C011F4U6TR, STM32C011F6P3, STM32C011F6P6, STM32C011F6U3, STM32C011F6U6TR, STM32C011J4M3, STM32C011J4M6, STM32C011J6M3, STM32C011J6M6, STM32C0316-DK, STM32C031C4T3, STM32C031C4T6, STM32C031C4U3, STM32C031C4U6, STM32C031C6T3, STM32C031C6T6, STM32C031C6U3, STM32C031C6U6, STM32C031F4P3, STM32C031F4P6, STM32C031F6P3, STM32C031F6P6, STM32C031G4U3, STM32C031G4U6, STM32C031G6U3, STM32C031G6U6, STM32C031K4T3, STM32C031K4T6, STM32C031K4U3, STM32C031K4U6, STM32C031K6T3, STM32C031K6T6, STM32C031K6U3, STM32C031K6U6, STM32G071K8TXN, STM32G071K8UXN, STM32G081GBU6N, STM32G081KBT6N, STM32G081KBUXN, STM32G0B1CCT6N, STM32G0B1KCT6, STM32G0B1NEY6, STM32G0B1NEY6TR, STM32G0B1RCT6N, STM32G0C1CCT6, STM32G0C1CCT6N, STM32G0C1CCU6N, STM32G0C1CET6N, STM32G0C1CEU6N, STM32G0C1KCT6, STM32G0C1NEY6TR, STM32G0C1RCI6N, STM32G0C1RCT6N, STM32G0C1REI6N, STM32G0C1RET6N, STM32G0C1VCI6, STM32G0C1VEI6, STM32G471CCT6, STM32G471CCU6, STM32G471CET3, STM32G471CET6, STM32G471CEU3, STM32G471CEU6, STM32G471MCT6, STM32G471MET3, STM32G471MET6, STM32G471MEY6TR, STM32G471QCT6, STM32G471QET3, STM32G471RCT6, STM32G471RET3, STM32G471RET6, STM32G471VCH6, STM32G471VCI6, STM32G471VCT6, STM32G471VEH3, STM32G471VEH6, STM32G471VEI3, STM32G471VEI6, STM32G471VET3, STM32G471VET6, STM32G474CCT6, STM32L4R5QGI6STR, STM32U595ZJT6Q, STM32U599BJY6QTR, STM32U599NIH6Q, STM32U599NJH6Q, STM32U5A5ZJT6Q, STM32U5A9BJY6QTR, STM32U5A9NJH6Q]
2024-05-05 17:26:44,951 [INFO] BoardInfo:872 - No configuration file found for board B-G473E-ZEST1S
2024-05-05 17:26:44,951 [INFO] DbBoards:144 - Board is not supported: B-G473E-ZEST1S
2024-05-05 17:26:44,966 [INFO] BoardInfo:872 - No configuration file found for board B-WB1M-WPAN1
2024-05-05 17:26:44,966 [INFO] DbBoards:144 - Board is not supported: B-WB1M-WPAN1
2024-05-05 17:26:44,966 [INFO] BoardInfo:872 - No configuration file found for board B-WL5M-SUBG1
2024-05-05 17:26:44,966 [INFO] DbBoards:144 - Board is not supported: B-WL5M-SUBG1
2024-05-05 17:26:45,029 [INFO] BoardInfo:872 - No configuration file found for board NUCLEO-H503RB
2024-05-05 17:26:45,029 [INFO] DbBoards:144 - Board is not supported: NUCLEO-H503RB
2024-05-05 17:26:45,029 [INFO] BoardInfo:872 - No configuration file found for board NUCLEO-H533RE
2024-05-05 17:26:45,029 [INFO] DbBoards:144 - Board is not supported: NUCLEO-H533RE
2024-05-05 17:26:45,029 [INFO] BoardInfo:872 - No configuration file found for board NUCLEO-H563ZI
2024-05-05 17:26:45,029 [INFO] DbBoards:144 - Board is not supported: NUCLEO-H563ZI
2024-05-05 17:26:45,045 [INFO] BoardInfo:872 - No configuration file found for board NUCLEO-H7S3L8
2024-05-05 17:26:45,045 [INFO] DbBoards:144 - Board is not supported: NUCLEO-H7S3L8
2024-05-05 17:26:45,092 [INFO] BoardInfo:872 - No configuration file found for board NUCLEO-U031R8
2024-05-05 17:26:45,092 [INFO] DbBoards:144 - Board is not supported: NUCLEO-U031R8
2024-05-05 17:26:45,092 [INFO] BoardInfo:872 - No configuration file found for board NUCLEO-U083RC
2024-05-05 17:26:45,092 [INFO] DbBoards:144 - Board is not supported: NUCLEO-U083RC
2024-05-05 17:26:45,092 [INFO] BoardInfo:872 - No configuration file found for board NUCLEO-U545RE-Q
2024-05-05 17:26:45,092 [INFO] DbBoards:144 - Board is not supported: NUCLEO-U545RE-Q
2024-05-05 17:26:45,107 [INFO] BoardInfo:872 - No configuration file found for board NUCLEO-U5A5ZJ-Q
2024-05-05 17:26:45,107 [INFO] DbBoards:144 - Board is not supported: NUCLEO-U5A5ZJ-Q
2024-05-05 17:26:45,107 [INFO] BoardInfo:872 - No configuration file found for board NUCLEO-WBA52CG
2024-05-05 17:26:45,107 [INFO] DbBoards:144 - Board is not supported: NUCLEO-WBA52CG
2024-05-05 17:26:45,107 [INFO] BoardInfo:872 - No configuration file found for board NUCLEO-WBA55CG
2024-05-05 17:26:45,107 [INFO] DbBoards:144 - Board is not supported: NUCLEO-WBA55CG
2024-05-05 17:26:45,125 [INFO] BoardInfo:872 - No configuration file found for board P-NUCLEO-WB55
2024-05-05 17:26:45,125 [INFO] DbBoards:144 - Kit is not supported: P-NUCLEO-WB55
2024-05-05 17:26:45,125 [INFO] BoardInfo:872 - No configuration file found for board STEVAL-ASTRA1B
2024-05-05 17:26:45,125 [INFO] DbBoards:144 - Board is not supported: STEVAL-ASTRA1B
2024-05-05 17:26:45,125 [INFO] BoardInfo:872 - No configuration file found for board STEVAL-BFA001V1B
2024-05-05 17:26:45,125 [INFO] DbBoards:144 - Kit is not supported: STEVAL-BFA001V1B
2024-05-05 17:26:45,125 [INFO] BoardInfo:872 - No configuration file found for board STEVAL-BFA001V2B
2024-05-05 17:26:45,125 [INFO] DbBoards:144 - Kit is not supported: STEVAL-BFA001V2B
2024-05-05 17:26:45,139 [INFO] BoardInfo:872 - No configuration file found for board STEVAL-MKBOXPRO
2024-05-05 17:26:45,139 [INFO] DbBoards:144 - Board is not supported: STEVAL-MKBOXPRO
2024-05-05 17:26:45,139 [INFO] BoardInfo:872 - No configuration file found for board STEVAL-PROTEUS1
2024-05-05 17:26:45,139 [INFO] DbBoards:144 - Board is not supported: STEVAL-PROTEUS1
2024-05-05 17:26:45,139 [INFO] BoardInfo:872 - No configuration file found for board STEVAL-SMARTAG2
2024-05-05 17:26:45,139 [INFO] DbBoards:144 - Board is not supported: STEVAL-SMARTAG2
2024-05-05 17:26:45,139 [INFO] BoardInfo:872 - No configuration file found for board STEVAL-STWINBX1
2024-05-05 17:26:45,139 [INFO] DbBoards:144 - Board is not supported: STEVAL-STWINBX1
2024-05-05 17:26:45,155 [INFO] BoardInfo:872 - No configuration file found for board STM320518-EVAL
2024-05-05 17:26:45,155 [INFO] DbBoards:144 - Board is not supported: STM320518-EVAL
2024-05-05 17:26:45,233 [INFO] BoardInfo:872 - No configuration file found for board STM32H573I-DK
2024-05-05 17:26:45,249 [INFO] DbBoards:144 - Board is not supported: STM32H573I-DK
2024-05-05 17:26:45,264 [INFO] BoardInfo:872 - No configuration file found for board STM32H7S78-DK
2024-05-05 17:26:45,264 [INFO] DbBoards:144 - Board is not supported: STM32H7S78-DK
2024-05-05 17:26:45,296 [INFO] BoardInfo:872 - No configuration file found for board STM32MP135F-DK
2024-05-05 17:26:45,296 [INFO] DbBoards:144 - Board is not supported: STM32MP135F-DK
2024-05-05 17:26:45,311 [INFO] BoardInfo:872 - No configuration file found for board STM32U083C-DK
2024-05-05 17:26:45,311 [INFO] DbBoards:144 - Board is not supported: STM32U083C-DK
2024-05-05 17:26:45,327 [INFO] BoardInfo:872 - No configuration file found for board STM32U5A9J-DK
2024-05-05 17:26:45,327 [INFO] DbBoards:144 - Board is not supported: STM32U5A9J-DK
2024-05-05 17:26:45,327 [INFO] BoardInfo:872 - No configuration file found for board STM32U5G9J-DK1
2024-05-05 17:26:45,327 [INFO] DbBoards:144 - Board is not supported: STM32U5G9J-DK1
2024-05-05 17:26:45,327 [INFO] BoardInfo:872 - No configuration file found for board STM32U5G9J-DK2
2024-05-05 17:26:45,327 [INFO] DbBoards:144 - Board is not supported: STM32U5G9J-DK2
2024-05-05 17:26:45,327 [INFO] BoardInfo:872 - No configuration file found for board STM32WBA55G-DK1
2024-05-05 17:26:45,327 [INFO] DbBoards:144 - Board is not supported: STM32WBA55G-DK1
2024-05-05 17:26:45,327 [INFO] DbBoards:148 - Found 199 boards, 169 are supported
2024-05-05 17:26:45,343 [INFO] ApiDb:407 - Load user favorites file C:\Users\hoatt/.stm32cubeide/favorites.boards.txt: 0 item(s)
2024-05-05 17:26:45,343 [INFO] ApiDb:411 - User favorites Boards=[]
2024-05-05 17:26:45,343 [INFO] DbBoards:174 - Set 0 / 0 favorites Boards
2024-05-05 17:27:25,277 [INFO] MainUpdater:2729 - connection check result : 10
2024-05-05 17:27:25,277 [INFO] MainUpdater:2729 - connection check result : 10
2024-05-05 17:27:25,340 [INFO] MicroXplorer:447 - Change Database Path : 
2024-05-05 17:27:25,340 [INFO] MicroXplorer:477 - Change Database Version : DB.6.0.50
2024-05-05 17:27:25,356 [WARN] ThirdParty:823 - waiting for thirdparty lock release [close project]
2024-05-05 17:27:25,356 [INFO] ThirdParty:825 - entering critical section [close project]
2024-05-05 17:27:25,356 [INFO] ThirdParty:835 - exiting critical section [close project]
2024-05-05 17:27:25,356 [INFO] PinOutPanel:1465 - setPackage(No Configuration,No Configuration)
2024-05-05 17:27:25,371 [INFO] UtilMem:74 - Begin LoadConfig() Used Memory: 781307144 Bytes (1010827264)
2024-05-05 17:27:25,371 [INFO] MicroXplorer:447 - Change Database Path : 
2024-05-05 17:27:25,371 [INFO] MicroXplorer:477 - Change Database Version : DB.6.0.50
2024-05-05 17:27:25,387 [INFO] OpenFileManager:303 - Change cursor
2024-05-05 17:27:25,402 [INFO] RulesReader:57 - Compatibility file has been processed (281 Rules)
2024-05-05 17:27:25,638 [INFO] Mcu:1893 - Initializing MCU STM32F103C8Tx STM32F103C8Tx 
2024-05-05 17:27:25,638 [INFO] Mcu:1906 - No CPN specified => set CPN to STM32F103C8T6
2024-05-05 17:27:26,485 [INFO] Context:599 - Trying to add GPIOservice into a context  which must be forbidden
2024-05-05 17:27:26,673 [INFO] ImportTextPane:183 - (OptionalMessage_ERROR) Unable to find key (Mcu.ThirdPartyNb) in loaded IOC file
2024-05-05 17:27:26,673 [INFO] ImportTextPane:183 - (OptionalMessage_ERROR) Unable to find key (Mcu.PinsNb) in loaded IOC file
2024-05-05 17:27:26,673 [INFO] ImportTextPane:183 - (OptionalMessage_ERROR) Unable to find key (Mcu.IPNb) in loaded IOC file
2024-05-05 17:27:26,689 [WARN] ApiManager:304 - Cannot register API 'Board Extension:GNSS1A1' from pack STMicroelectronics.X-CUBE-GNSS1.6.0.0: no header file found
2024-05-05 17:27:26,689 [WARN] ApiManager:304 - Cannot register API 'Board Support:Custom' from pack STMicroelectronics.X-CUBE-GNSS1.6.0.0: no header file found
2024-05-05 17:27:26,689 [WARN] ApiManager:304 - Cannot register API 'Data Exchange:lib_gnss' from pack STMicroelectronics.X-CUBE-GNSS1.6.0.0: no header file found
2024-05-05 17:27:26,689 [WARN] ApiManager:304 - Cannot register API 'Board Extension:NFC06A1' from pack STMicroelectronics.X-CUBE-NFC6.3.1.0: no header file found
2024-05-05 17:27:26,689 [WARN] ApiManager:304 - Cannot register API 'Board Extension:NFC08A1' from pack STMicroelectronics.X-CUBE-NFC6.3.1.0: no header file found
2024-05-05 17:27:26,689 [INFO] RtosManager:484 - Registered RTOS mode: class=CMSIS, group=RTOS, mode=CMSIS_V1, owner=FREERTOS
2024-05-05 17:27:26,689 [INFO] RtosManager:484 - Registered RTOS mode: class=CMSIS, group=RTOS2, mode=CMSIS_V2, owner=FREERTOS
2024-05-05 17:27:26,689 [INFO] RtosManager:484 - Registered RTOS mode: class=RTOS, group=Core, mode=CMSIS_V1, owner=FREERTOS
2024-05-05 17:27:26,704 [INFO] RtosManager:484 - Registered RTOS mode: class=RTOS, group=Core, mode=CMSIS_V2, owner=FREERTOS
2024-05-05 17:27:26,704 [WARN] ModelIntegratedComponent:181 - Missing modes for component STMicroelectronics:FreeRTOS:0.0.1:STMicroelectronics:RTOS:FreeRTOS:Core:::10.2.0:
2024-05-05 17:27:26,704 [WARN] ApiManager:304 - Cannot register API 'Board Extension:STSAFEA1' from pack STMicroelectronics.X-CUBE-SAFEA1.1.2.2: no header file found
2024-05-05 17:27:26,704 [WARN] ApiManager:304 - Cannot register API 'Board Part:STSAFEA110' from pack STMicroelectronics.X-CUBE-SAFEA1.1.2.2: no header file found
2024-05-05 17:27:26,704 [WARN] ApiManager:304 - Cannot register API 'Security:ST_Cryptolib' from pack STMicroelectronics.X-CUBE-SAFEA1.1.2.2: no header file found
2024-05-05 17:27:26,704 [WARN] ApiManager:304 - Cannot register API 'Security:MbedTLS' from pack STMicroelectronics.X-CUBE-SAFEA1.1.2.2: no header file found
2024-05-05 17:27:26,704 [WARN] ApiManager:304 - Cannot register API 'Board Extension:NFC04A1' from pack STMicroelectronics.X-CUBE-NFC4.3.0.0: no header file found
2024-05-05 17:27:26,704 [WARN] ApiManager:304 - Cannot register API 'Board Extension:S2868A1' from pack STMicroelectronics.X-CUBE-SUBG2.5.0.0: no header file found
2024-05-05 17:27:26,704 [WARN] ApiManager:304 - Cannot register API 'Board Extension:S2868A2' from pack STMicroelectronics.X-CUBE-SUBG2.5.0.0: no header file found
2024-05-05 17:27:26,704 [WARN] ApiManager:304 - Cannot register API 'Board Extension:S2915A1' from pack STMicroelectronics.X-CUBE-SUBG2.5.0.0: no header file found
2024-05-05 17:27:26,704 [WARN] ApiManager:304 - Cannot register API 'Wireless:BlueNRG-MS' from pack STMicroelectronics.X-CUBE-BLE1.7.0.0: no header file found
2024-05-05 17:27:26,704 [WARN] ApiManager:304 - Cannot register API 'Board Extension:EEPRMA2' from pack STMicroelectronics.X-CUBE-EEPRMA1.5.1.0: no header file found
2024-05-05 17:27:26,704 [WARN] ApiManager:304 - Cannot register API 'Board Extension:PGEEZ1' from pack STMicroelectronics.X-CUBE-EEPRMA1.5.1.0: no header file found
2024-05-05 17:27:26,704 [WARN] ApiManager:304 - Cannot register API 'Board Extension:EEICA1' from pack STMicroelectronics.X-CUBE-EEPRMA1.5.1.0: no header file found
2024-05-05 17:27:26,704 [WARN] ApiManager:304 - Cannot register API 'Board Part:M24' from pack STMicroelectronics.X-CUBE-EEPRMA1.5.1.0: no header file found
2024-05-05 17:27:26,704 [WARN] ApiManager:304 - Cannot register API 'Board Part:M95' from pack STMicroelectronics.X-CUBE-EEPRMA1.5.1.0: no header file found
2024-05-05 17:27:26,704 [WARN] ApiManager:304 - Cannot register API 'Board Part:M95P32' from pack STMicroelectronics.X-CUBE-EEPRMA1.5.1.0: no header file found
2024-05-05 17:27:26,704 [WARN] ApiManager:304 - Cannot register API 'Board Part:M24256E-F' from pack STMicroelectronics.X-CUBE-EEPRMA1.5.1.0: no header file found
2024-05-05 17:27:26,704 [WARN] ApiManager:304 - Cannot register API 'Board Part:M24M01E-F' from pack STMicroelectronics.X-CUBE-EEPRMA1.5.1.0: no header file found
2024-05-05 17:27:26,704 [WARN] ApiManager:304 - Cannot register API 'PGEEZ1:SPI' from pack STMicroelectronics.X-CUBE-EEPRMA1.5.1.0: no header file found
2024-05-05 17:27:26,704 [WARN] ApiManager:304 - Cannot register API 'PGEEZ1:QDSPI' from pack STMicroelectronics.X-CUBE-EEPRMA1.5.1.0: no header file found
2024-05-05 17:27:26,704 [WARN] ModelIntegratedComponent:60 - No mode defined for component null
2024-05-05 17:27:26,704 [WARN] ModelIntegratedComponent:60 - No mode defined for component null
2024-05-05 17:27:26,704 [WARN] ModelIntegratedComponent:60 - No mode defined for component null
2024-05-05 17:27:26,704 [WARN] ModelIntegratedComponent:60 - No mode defined for component null
2024-05-05 17:27:26,704 [WARN] ModelIntegratedComponent:60 - No mode defined for component null
2024-05-05 17:27:26,704 [WARN] ModelIntegratedComponent:60 - No mode defined for component null
2024-05-05 17:27:26,704 [WARN] ModelIntegratedComponent:60 - No mode defined for component null
2024-05-05 17:27:26,704 [WARN] ModelIntegratedComponent:60 - No mode defined for component null
2024-05-05 17:27:26,704 [WARN] ModelIntegratedComponent:60 - No mode defined for component null
2024-05-05 17:27:26,704 [WARN] ModelIntegratedComponent:60 - No mode defined for component null
2024-05-05 17:27:26,704 [WARN] ModelIntegratedComponent:60 - No mode defined for component null
2024-05-05 17:27:26,704 [WARN] ModelIntegratedComponent:60 - No mode defined for component null
2024-05-05 17:27:26,704 [WARN] ModelIntegratedComponent:60 - No mode defined for component null
2024-05-05 17:27:26,704 [WARN] ModelIntegratedComponent:60 - No mode defined for component null
2024-05-05 17:27:26,704 [WARN] ModelIntegratedComponent:60 - No mode defined for component null
2024-05-05 17:27:26,704 [WARN] ModelIntegratedComponent:60 - No mode defined for component null
2024-05-05 17:27:26,704 [WARN] ModelIntegratedComponent:60 - No mode defined for component null
2024-05-05 17:27:26,704 [WARN] ModelIntegratedComponent:60 - No mode defined for component null
2024-05-05 17:27:26,704 [WARN] ModelIntegratedComponent:60 - No mode defined for component null
2024-05-05 17:27:26,704 [WARN] ModelIntegratedComponent:60 - No mode defined for component null
2024-05-05 17:27:26,704 [WARN] ModelIntegratedComponent:60 - No mode defined for component null
2024-05-05 17:27:26,704 [WARN] ModelIntegratedComponent:60 - No mode defined for component null
2024-05-05 17:27:26,704 [WARN] ModelIntegratedComponent:60 - No mode defined for component null
2024-05-05 17:27:26,704 [WARN] ModelIntegratedComponent:60 - No mode defined for component null
2024-05-05 17:27:26,704 [WARN] ModelIntegratedComponent:60 - No mode defined for component null
2024-05-05 17:27:26,704 [WARN] ModelIntegratedComponent:60 - No mode defined for component null
2024-05-05 17:27:26,704 [WARN] ModelIntegratedComponent:60 - No mode defined for component null
2024-05-05 17:27:26,704 [WARN] ModelIntegratedComponent:60 - No mode defined for component null
2024-05-05 17:27:26,704 [WARN] ModelIntegratedComponent:60 - No mode defined for component null
2024-05-05 17:27:26,704 [WARN] ModelIntegratedComponent:60 - No mode defined for component null
2024-05-05 17:27:26,704 [WARN] ModelIntegratedComponent:60 - No mode defined for component null
2024-05-05 17:27:26,704 [WARN] ModelIntegratedComponent:60 - No mode defined for component null
2024-05-05 17:27:26,704 [WARN] ModelIntegratedComponent:60 - No mode defined for component null
2024-05-05 17:27:26,783 [WARN] ApiManager:304 - Cannot register API 'Board Extension:IKS01A3' from pack STMicroelectronics.X-CUBE-MEMS1.10.0.0: no header file found
2024-05-05 17:27:26,783 [WARN] ApiManager:304 - Cannot register API 'Board Extension:IKS02A1' from pack STMicroelectronics.X-CUBE-MEMS1.10.0.0: no header file found
2024-05-05 17:27:26,783 [WARN] ApiManager:304 - Cannot register API 'Board Extension:IKS4A1' from pack STMicroelectronics.X-CUBE-MEMS1.10.0.0: no header file found
2024-05-05 17:27:26,783 [WARN] ApiManager:304 - Cannot register API 'Board Extension:NFC07A1' from pack STMicroelectronics.X-CUBE-NFC7.1.0.1: no header file found
2024-05-05 17:27:26,799 [WARN] ApiManager:304 - Cannot register API 'Board Extension:S2868A1' from pack STMicroelectronics.X-CUBE-SFXS2LP1.4.0.0: no header file found
2024-05-05 17:27:26,799 [WARN] ApiManager:304 - Cannot register API 'Board Extension:S2868A2' from pack STMicroelectronics.X-CUBE-SFXS2LP1.4.0.0: no header file found
2024-05-05 17:27:26,799 [WARN] ApiManager:304 - Cannot register API 'Board Extension:S2915A1' from pack STMicroelectronics.X-CUBE-SFXS2LP1.4.0.0: no header file found
2024-05-05 17:27:26,799 [WARN] ApiManager:304 - Cannot register API 'Wireless:BlueNRG-2' from pack STMicroelectronics.X-CUBE-BLE2.3.3.0: no header file found
2024-05-05 17:27:26,846 [INFO] ThirdPartyModel:282 - Start build external matchings
2024-05-05 17:27:27,224 [INFO] ThirdPartyModel:295 - End build external matchings
2024-05-05 17:27:27,552 [INFO] UtilMem:74 - End LoadConfig() Used Memory: 742770560 Bytes (1010827264)
2024-05-05 17:27:27,646 [WARN] ThirdParty:785 - waiting for thirdparty lock release [change project]
2024-05-05 17:27:27,646 [INFO] ThirdParty:787 - entering critical section [change project]
2024-05-05 17:27:27,646 [INFO] ThirdParty:977 - CMSIS Pack Vendor :STMicroelectronics X-CUBE-GNSS1 6.0.0
2024-05-05 17:27:27,646 [INFO] ThirdParty:977 - CMSIS Pack Vendor :STMicroelectronics USB_HOST 2.0.0
2024-05-05 17:27:27,646 [INFO] ThirdParty:977 - CMSIS Pack Vendor :STMicroelectronics FP-SNS-MOTENVWB1 1.4.0
2024-05-05 17:27:27,646 [INFO] ThirdParty:977 - CMSIS Pack Vendor :STMicroelectronics X-CUBE-AZRTOS-F4 1.1.0
2024-05-05 17:27:27,646 [INFO] ThirdParty:977 - CMSIS Pack Vendor :STMicroelectronics LIBJPEG 8.0.0
2024-05-05 17:27:27,646 [INFO] ThirdParty:977 - CMSIS Pack Vendor :STMicroelectronics X-CUBE-SMBUS 2.1.0
2024-05-05 17:27:27,646 [INFO] ThirdParty:977 - CMSIS Pack Vendor :STMicroelectronics USB_DEVICE 3.0.0
2024-05-05 17:27:27,646 [INFO] ThirdParty:977 - CMSIS Pack Vendor :STMicroelectronics X-CUBE-TCPP 4.1.0
2024-05-05 17:27:27,646 [INFO] ThirdParty:977 - CMSIS Pack Vendor :STMicroelectronics X-CUBE-FREERTOS 1.2.0
2024-05-05 17:27:27,646 [INFO] ThirdParty:977 - CMSIS Pack Vendor :STMicroelectronics X-CUBE-AZRTOS-WB 2.0.0
2024-05-05 17:27:27,646 [INFO] ThirdParty:977 - CMSIS Pack Vendor :STMicroelectronics X-CUBE-TOUCHGFX 4.23.2
2024-05-05 17:27:27,646 [INFO] ThirdParty:977 - CMSIS Pack Vendor :STMicroelectronics X-CUBE-AZRTOS-F7 1.1.0
2024-05-05 17:27:27,646 [INFO] ThirdParty:977 - CMSIS Pack Vendor :STMicroelectronics X-CUBE-AZRTOS-L5 2.0.0
2024-05-05 17:27:27,646 [INFO] ThirdParty:977 - CMSIS Pack Vendor :STMicroelectronics USB_DEVICE 2.0.0
2024-05-05 17:27:27,646 [INFO] ThirdParty:977 - CMSIS Pack Vendor :STMicroelectronics X-CUBE-NFC6 3.1.0
2024-05-05 17:27:27,646 [INFO] ThirdParty:977 - CMSIS Pack Vendor :STMicroelectronics X-CUBE-ALGOBUILD 1.3.0
2024-05-05 17:27:27,646 [INFO] ThirdParty:977 - CMSIS Pack Vendor :STMicroelectronics FreeRTOS 0.0.1
2024-05-05 17:27:27,646 [INFO] ThirdParty:977 - CMSIS Pack Vendor :STMicroelectronics X-CUBE-AZRTOS-G0 1.1.0
2024-05-05 17:27:27,646 [INFO] ThirdParty:977 - CMSIS Pack Vendor :STMicroelectronics X-CUBE-SAFEA1 1.2.2
2024-05-05 17:27:27,646 [INFO] ThirdParty:977 - CMSIS Pack Vendor :STMicroelectronics X-CUBE-NFC4 3.0.0
2024-05-05 17:27:27,646 [INFO] ThirdParty:977 - CMSIS Pack Vendor :STMicroelectronics X-CUBE-SUBG2 5.0.0
2024-05-05 17:27:27,646 [INFO] ThirdParty:977 - CMSIS Pack Vendor :STMicroelectronics STM32_WPAN 1.0.0
2024-05-05 17:27:27,646 [INFO] ThirdParty:977 - CMSIS Pack Vendor :STMicroelectronics lwIP 2.0.3
2024-05-05 17:27:27,646 [INFO] ThirdParty:977 - CMSIS Pack Vendor :STMicroelectronics FP-SNS-FLIGHT1 5.0.2
2024-05-05 17:27:27,646 [INFO] ThirdParty:977 - CMSIS Pack Vendor :STMicroelectronics USB_HOST 1.0.0
2024-05-05 17:27:27,646 [INFO] ThirdParty:977 - CMSIS Pack Vendor :STMicroelectronics X-CUBE-AI 9.0.0
2024-05-05 17:27:27,646 [INFO] ThirdParty:977 - CMSIS Pack Vendor :STMicroelectronics X-CUBE-AZRTOS-G4 2.0.0
2024-05-05 17:27:27,646 [INFO] ThirdParty:977 - CMSIS Pack Vendor :STMicroelectronics PDM2PCM 3.1.0
2024-05-05 17:27:27,646 [INFO] ThirdParty:977 - CMSIS Pack Vendor :STMicroelectronics PDM2PCM 3.3.0
2024-05-05 17:27:27,646 [INFO] ThirdParty:977 - CMSIS Pack Vendor :STMicroelectronics X-CUBE-DISPLAY 3.0.0
2024-05-05 17:27:27,646 [INFO] ThirdParty:977 - CMSIS Pack Vendor :wolfSSL I-CUBE-wolfSSL 5.7.0
2024-05-05 17:27:27,646 [INFO] ThirdParty:977 - CMSIS Pack Vendor :STMicroelectronics X-CUBE-BLE1 7.0.0
2024-05-05 17:27:27,646 [INFO] ThirdParty:977 - CMSIS Pack Vendor :STMicroelectronics FP-ATR-SIGFOX1 3.2.0
2024-05-05 17:27:27,646 [INFO] ThirdParty:977 - CMSIS Pack Vendor :STMicroelectronics X-CUBE-ISPU 2.0.0
2024-05-05 17:27:27,646 [INFO] ThirdParty:977 - CMSIS Pack Vendor :STMicroelectronics X-CUBE-EEPRMA1 5.1.0
2024-05-05 17:27:27,646 [INFO] ThirdParty:977 - CMSIS Pack Vendor :STMicroelectronics HAL Drivers 0.0.0
2024-05-05 17:27:27,646 [INFO] ThirdParty:977 - CMSIS Pack Vendor :STMicroelectronics MBEDTLS 2.16.2
2024-05-05 17:27:27,646 [INFO] ThirdParty:977 - CMSIS Pack Vendor :emotas I-CUBE-CANOPEN 1.3.0
2024-05-05 17:27:27,646 [INFO] ThirdParty:977 - CMSIS Pack Vendor :STMicroelectronics X-CUBE-MEMS1 10.0.0
2024-05-05 17:27:27,646 [INFO] ThirdParty:977 - CMSIS Pack Vendor :STMicroelectronics X-CUBE-NFC7 1.0.1
2024-05-05 17:27:27,646 [INFO] ThirdParty:977 - CMSIS Pack Vendor :STMicroelectronics MBEDTLS 2.14.1
2024-05-05 17:27:27,646 [INFO] ThirdParty:977 - CMSIS Pack Vendor :ITTIA_DB I-CUBE-ITTIADB 8.9.0
2024-05-05 17:27:27,646 [INFO] ThirdParty:977 - CMSIS Pack Vendor :portGmbH I-Cube-SoM-uGOAL 1.1.0
2024-05-05 17:27:27,646 [INFO] ThirdParty:977 - CMSIS Pack Vendor :STMicroelectronics X-CUBE-ALS 1.0.1
2024-05-05 17:27:27,646 [INFO] ThirdParty:977 - CMSIS Pack Vendor :STMicroelectronics X-CUBE-BLEMGR 3.1.0
2024-05-05 17:27:27,646 [INFO] ThirdParty:977 - CMSIS Pack Vendor :STMicroelectronics ThreadX 1.0.0
2024-05-05 17:27:27,646 [INFO] ThirdParty:977 - CMSIS Pack Vendor :STMicroelectronics FP-SNS-SMARTAG2 1.2.0
2024-05-05 17:27:27,646 [INFO] ThirdParty:977 - CMSIS Pack Vendor :STMicroelectronics X-CUBE-AZRTOS-WL 2.0.0
2024-05-05 17:27:27,646 [INFO] ThirdParty:977 - CMSIS Pack Vendor :SEGGER I-CUBE-embOS 1.3.1
2024-05-05 17:27:27,646 [INFO] ThirdParty:977 - CMSIS Pack Vendor :STMicroelectronics FP-SNS-MOTENV1 5.0.0
2024-05-05 17:27:27,646 [INFO] ThirdParty:977 - CMSIS Pack Vendor :STMicroelectronics USB_DEVICE 1.0.0
2024-05-05 17:27:27,646 [INFO] ThirdParty:977 - CMSIS Pack Vendor :STMicroelectronics X-CUBE-AZRTOS-H7RS 1.0.0
2024-05-05 17:27:27,646 [INFO] ThirdParty:977 - CMSIS Pack Vendor :STMicroelectronics X-CUBE-AZRTOS-L4 2.0.0
2024-05-05 17:27:27,646 [INFO] ThirdParty:977 - CMSIS Pack Vendor :STMicroelectronics ThreadX 0.0.2
2024-05-05 17:27:27,646 [INFO] ThirdParty:977 - CMSIS Pack Vendor :WES I-CUBE-Cesium 1.3.0
2024-05-05 17:27:27,646 [INFO] ThirdParty:977 - CMSIS Pack Vendor :STMicroelectronics FP-ATR-ASTRA1 2.0.0
2024-05-05 17:27:27,646 [INFO] ThirdParty:977 - CMSIS Pack Vendor :STMicroelectronics lwIP 2.1.2
2024-05-05 17:27:27,646 [INFO] ThirdParty:977 - CMSIS Pack Vendor :STMicroelectronics X-CUBE-SFXS2LP1 4.0.0
2024-05-05 17:27:27,646 [INFO] ThirdParty:977 - CMSIS Pack Vendor :STMicroelectronics X-CUBE-BLE2 3.3.0
2024-05-05 17:27:27,646 [INFO] ThirdParty:977 - CMSIS Pack Vendor :STMicroelectronics X-CUBE-TOF1 3.4.1
2024-05-05 17:27:27,646 [INFO] ThirdParty:977 - CMSIS Pack Vendor :STMicroelectronics X-CUBE-AZRTOS-H7 3.2.0
2024-05-05 17:27:27,646 [INFO] ThirdParty:977 - CMSIS Pack Vendor :Infineon AIROC-Wi-Fi-Bluetooth-STM32 1.6.0
2024-05-05 17:27:27,646 [INFO] ThirdParty:977 - CMSIS Pack Vendor :STMicroelectronics PDM2PCM 3.2.0
2024-05-05 17:27:27,646 [INFO] ThirdParty:793 - exiting critical section [change project]
2024-05-05 17:27:27,897 [INFO] PinOutPanel:1465 - setPackage(No Configuration,No Configuration)
2024-05-05 17:27:27,897 [INFO] PinOutPanel:1465 - setPackage(STM32F103C8Tx,LQFP48)
2024-05-05 17:27:28,273 [INFO] UtilMem:74 - Before build in PCC Used Memory: 819077744 Bytes (1010827264)
2024-05-05 17:27:28,634 [INFO] UtilMem:74 - After build in PCC Used Memory: 655850208 Bytes (1010827264)
2024-05-05 17:27:28,650 [INFO] IPUIPlugin:75 - create IPUIPlugin
2024-05-05 17:27:28,650 [INFO] IPUIPlugin:75 - create IPUIPlugin
2024-05-05 17:27:28,650 [INFO] IPUIPlugin:75 - create IPUIPlugin
2024-05-05 17:27:28,650 [INFO] IPUIPlugin:75 - create IPUIPlugin
2024-05-05 17:27:28,650 [INFO] IPUIPlugin:75 - create IPUIPlugin
2024-05-05 17:27:28,650 [INFO] IPUIPlugin:75 - create IPUIPlugin
2024-05-05 17:27:28,650 [INFO] IPUIPlugin:75 - create IPUIPlugin
2024-05-05 17:27:28,650 [INFO] IPUIPlugin:75 - create IPUIPlugin
2024-05-05 17:27:28,650 [INFO] IPUIPlugin:75 - create IPUIPlugin
2024-05-05 17:27:28,650 [INFO] IPUIPlugin:75 - create IPUIPlugin
2024-05-05 17:27:28,650 [INFO] IPUIPlugin:75 - create IPUIPlugin
2024-05-05 17:27:28,650 [INFO] IPUIPlugin:75 - create IPUIPlugin
2024-05-05 17:27:28,650 [INFO] IPUIPlugin:75 - create IPUIPlugin
2024-05-05 17:27:28,650 [INFO] IPUIPlugin:75 - create IPUIPlugin
2024-05-05 17:27:28,650 [INFO] IPUIPlugin:75 - create IPUIPlugin
2024-05-05 17:27:28,650 [INFO] IPUIPlugin:75 - create IPUIPlugin
2024-05-05 17:27:28,650 [INFO] IPUIPlugin:75 - create IPUIPlugin
2024-05-05 17:27:28,650 [INFO] IPUIPlugin:75 - create IPUIPlugin
2024-05-05 17:27:28,650 [INFO] IPUIPlugin:75 - create IPUIPlugin
2024-05-05 17:27:28,650 [INFO] IPUIPlugin:75 - create IPUIPlugin
2024-05-05 17:27:28,666 [INFO] IPUIPlugin:75 - create IPUIPlugin
2024-05-05 17:27:28,666 [INFO] IPUIPlugin:75 - create IPUIPlugin
2024-05-05 17:27:28,666 [INFO] IPUIPlugin:75 - create IPUIPlugin
2024-05-05 17:27:28,666 [INFO] IPUIPlugin:75 - create IPUIPlugin
2024-05-05 17:27:28,666 [INFO] IPUIPlugin:75 - create IPUIPlugin
2024-05-05 17:27:28,666 [INFO] IPUIPlugin:75 - create IPUIPlugin
2024-05-05 17:27:28,666 [INFO] IPUIPlugin:75 - create IPUIPlugin
2024-05-05 17:27:28,744 [INFO] OpenFileManager:323 - Restore cursor
2024-05-05 17:27:29,325 [INFO] UtilMem:74 - End SaveConfig() Used Memory: 657166872 Bytes (1010827264)
2024-05-05 17:27:29,403 [INFO] UtilMem:74 - End SaveConfig() Used Memory: 668488696 Bytes (1010827264)
2024-05-05 17:27:29,733 [INFO] BlockDiagram:2740 - set Specific Code input for plugin: NVIC
2024-05-05 17:27:29,733 [INFO] BlockDiagram:2740 - set Specific Code input for plugin: SYS
2024-05-05 17:27:29,733 [INFO] BlockDiagram:2740 - set Specific Code input for plugin: RCC
2024-05-05 17:27:29,733 [INFO] CodeGenerator:681 - code generatio: config db path: C:\ST\STM32CubeIDE_1.9.0\STM32CubeIDE\plugins\com.st.stm32cube.common.mx_6.5.0.202202251913\\db\
2024-05-05 17:27:29,984 [INFO] CodeEngine:237 - oldGeneratedFile, C:\Users\hoatt\STM32CubeIDE\workspace_1.9.0\uart_t\MXTmpFiles\license.tmp_save
2024-05-05 17:27:30,093 [INFO] CodeEngine:261 - Generated code: C:\Users\hoatt\STM32CubeIDE\workspace_1.9.0\uart_t\MXTmpFiles\license.tmp
2024-05-05 17:27:30,156 [INFO] CodeEngine:237 - oldGeneratedFile, C:\Users\hoatt\STM32CubeIDE\workspace_1.9.0\uart_t\Core\Src\stm32f1xx_it.c_save
2024-05-05 17:27:30,266 [INFO] CodeEngine:261 - Generated code: C:\Users\hoatt\STM32CubeIDE\workspace_1.9.0\uart_t\Core\Src\stm32f1xx_it.c
2024-05-05 17:27:30,266 [INFO] CodeEngine:237 - oldGeneratedFile, C:\Users\hoatt\STM32CubeIDE\workspace_1.9.0\uart_t\Core\Inc\stm32f1xx_it.h_save
2024-05-05 17:27:30,391 [INFO] CodeEngine:261 - Generated code: C:\Users\hoatt\STM32CubeIDE\workspace_1.9.0\uart_t\Core\Inc\stm32f1xx_it.h
2024-05-05 17:27:30,407 [INFO] CodeEngine:237 - oldGeneratedFile, C:\Users\hoatt\STM32CubeIDE\workspace_1.9.0\uart_t\Core\Src\stm32f1xx_hal_msp.c_save
2024-05-05 17:27:30,548 [INFO] CodeEngine:261 - Generated code: C:\Users\hoatt\STM32CubeIDE\workspace_1.9.0\uart_t\Core\Src\stm32f1xx_hal_msp.c
2024-05-05 17:27:30,548 [INFO] CodeEngine:237 - oldGeneratedFile, C:\Users\hoatt\STM32CubeIDE\workspace_1.9.0\uart_t\MXTmpFiles\system.tmp_save
2024-05-05 17:27:30,658 [INFO] CodeEngine:261 - Generated code: C:\Users\hoatt\STM32CubeIDE\workspace_1.9.0\uart_t\MXTmpFiles\system.tmp
2024-05-05 17:27:30,674 [INFO] CodeEngine:237 - oldGeneratedFile, C:\Users\hoatt\STM32CubeIDE\workspace_1.9.0\uart_t\Core\Inc\stm32f1xx_hal_conf.h_save
2024-05-05 17:27:30,784 [INFO] CodeEngine:261 - Generated code: C:\Users\hoatt\STM32CubeIDE\workspace_1.9.0\uart_t\Core\Inc\stm32f1xx_hal_conf.h
2024-05-05 17:27:30,833 [INFO] CodeEngine:237 - oldGeneratedFile, C:\Users\hoatt\STM32CubeIDE\workspace_1.9.0\uart_t\Core\Inc\main.h_save
2024-05-05 17:27:30,941 [INFO] CodeEngine:261 - Generated code: C:\Users\hoatt\STM32CubeIDE\workspace_1.9.0\uart_t\Core\Inc\main.h
2024-05-05 17:27:30,941 [INFO] CodeEngine:237 - oldGeneratedFile, C:\Users\hoatt\STM32CubeIDE\workspace_1.9.0\uart_t\Core\Src\main.c_save
2024-05-05 17:27:31,133 [INFO] CodeEngine:261 - Generated code: C:\Users\hoatt\STM32CubeIDE\workspace_1.9.0\uart_t\Core\Src\main.c
2024-05-05 17:27:32,321 [INFO] ProjectBuilder:2913 - Time for Copy HAL[1] : 314mS.
2024-05-05 17:27:32,321 [INFO] ProjectBuilder:4015 - Project Generator version: 3.16.0
2024-05-05 17:27:32,776 [INFO] ConfigFileManager:1287 - The Die is : DIE410
2024-05-05 17:27:32,776 [INFO] ApiDbMcu:488 - Load IP Config File for FATFS
2024-05-05 17:27:32,792 [INFO] ApiDbMcu:488 - Load IP Config File for FREERTOS
2024-05-05 17:27:32,792 [INFO] ApiDbMcu:488 - Load IP Config File for USB_DEVICE
2024-05-05 17:27:35,930 [INFO] ProjectBuilder:4183 - Time for Generating toolchain IDE Files: 3609mS.
2024-05-05 17:27:35,930 [INFO] ProjectBuilder:2785 - Time for Copy CMSIS : 0mS.
2024-05-05 17:27:35,930 [INFO] ProjectBuilder:2785 - Time for Copy CMSIS : 0mS.
2024-05-05 17:27:36,871 [INFO] McuFinderGlobals:52 - Set McuFinderConnectedMode to true
2024-05-05 17:27:36,887 [INFO] ApiDb:432 - Save user favorites file C:\Users\hoatt/.stm32cubeide/favorites.mcus.txt: 0 item(s)
2024-05-05 17:27:36,887 [INFO] ApiDb:436 - User favorites MCUs=[]
2024-05-05 17:27:38,550 [ERROR] ConfigurationRetriever:139 - IOException on connection: Read timed out
2024-05-05 17:27:58,667 [INFO] UtilMem:74 - End SaveConfig() Used Memory: 635651352 Bytes (1021313024)
2024-05-05 17:28:02,371 [INFO] UtilMem:74 - End SaveConfig() Used Memory: 612299952 Bytes (1021313024)
2024-05-05 17:28:02,685 [INFO] BlockDiagram:2740 - set Specific Code input for plugin: NVIC
2024-05-05 17:28:02,685 [INFO] BlockDiagram:2740 - set Specific Code input for plugin: SYS
2024-05-05 17:28:02,685 [INFO] BlockDiagram:2740 - set Specific Code input for plugin: GPIO
2024-05-05 17:28:02,685 [INFO] BlockDiagram:2740 - set Specific Code input for plugin: RCC
2024-05-05 17:28:02,685 [INFO] CodeGenerator:681 - code generatio: config db path: C:\ST\STM32CubeIDE_1.9.0\STM32CubeIDE\plugins\com.st.stm32cube.common.mx_6.5.0.202202251913\\db\
2024-05-05 17:28:02,952 [INFO] CodeEngine:237 - oldGeneratedFile, C:\Users\hoatt\STM32CubeIDE\workspace_1.9.0\uart_t\MXTmpFiles\license.tmp_save
2024-05-05 17:28:03,046 [INFO] CodeEngine:261 - Generated code: C:\Users\hoatt\STM32CubeIDE\workspace_1.9.0\uart_t\MXTmpFiles\license.tmp
2024-05-05 17:28:03,077 [INFO] CodeEngine:237 - oldGeneratedFile, C:\Users\hoatt\STM32CubeIDE\workspace_1.9.0\uart_t\MXTmpFiles\gpio.tmp_save
2024-05-05 17:28:03,206 [INFO] CodeEngine:261 - Generated code: C:\Users\hoatt\STM32CubeIDE\workspace_1.9.0\uart_t\MXTmpFiles\gpio.tmp
2024-05-05 17:28:03,234 [INFO] CodeEngine:237 - oldGeneratedFile, C:\Users\hoatt\STM32CubeIDE\workspace_1.9.0\uart_t\Core\Src\stm32f1xx_it.c_save
2024-05-05 17:28:03,328 [INFO] CodeEngine:261 - Generated code: C:\Users\hoatt\STM32CubeIDE\workspace_1.9.0\uart_t\Core\Src\stm32f1xx_it.c
2024-05-05 17:28:03,344 [INFO] CodeEngine:237 - oldGeneratedFile, C:\Users\hoatt\STM32CubeIDE\workspace_1.9.0\uart_t\Core\Inc\stm32f1xx_it.h_save
2024-05-05 17:28:03,453 [INFO] CodeEngine:261 - Generated code: C:\Users\hoatt\STM32CubeIDE\workspace_1.9.0\uart_t\Core\Inc\stm32f1xx_it.h
2024-05-05 17:28:03,485 [INFO] CodeEngine:237 - oldGeneratedFile, C:\Users\hoatt\STM32CubeIDE\workspace_1.9.0\uart_t\Core\Src\stm32f1xx_hal_msp.c_save
2024-05-05 17:28:03,642 [INFO] CodeEngine:261 - Generated code: C:\Users\hoatt\STM32CubeIDE\workspace_1.9.0\uart_t\Core\Src\stm32f1xx_hal_msp.c
2024-05-05 17:28:03,642 [INFO] CodeEngine:237 - oldGeneratedFile, C:\Users\hoatt\STM32CubeIDE\workspace_1.9.0\uart_t\MXTmpFiles\system.tmp_save
2024-05-05 17:28:03,736 [INFO] CodeEngine:261 - Generated code: C:\Users\hoatt\STM32CubeIDE\workspace_1.9.0\uart_t\MXTmpFiles\system.tmp
2024-05-05 17:28:03,752 [INFO] CodeEngine:237 - oldGeneratedFile, C:\Users\hoatt\STM32CubeIDE\workspace_1.9.0\uart_t\Core\Inc\stm32f1xx_hal_conf.h_save
2024-05-05 17:28:03,846 [INFO] CodeEngine:261 - Generated code: C:\Users\hoatt\STM32CubeIDE\workspace_1.9.0\uart_t\Core\Inc\stm32f1xx_hal_conf.h
2024-05-05 17:28:03,893 [INFO] CodeEngine:237 - oldGeneratedFile, C:\Users\hoatt\STM32CubeIDE\workspace_1.9.0\uart_t\Core\Inc\main.h_save
2024-05-05 17:28:04,018 [INFO] CodeEngine:261 - Generated code: C:\Users\hoatt\STM32CubeIDE\workspace_1.9.0\uart_t\Core\Inc\main.h
2024-05-05 17:28:04,034 [INFO] CodeEngine:237 - oldGeneratedFile, C:\Users\hoatt\STM32CubeIDE\workspace_1.9.0\uart_t\Core\Src\main.c_save
2024-05-05 17:28:04,175 [INFO] CodeEngine:261 - Generated code: C:\Users\hoatt\STM32CubeIDE\workspace_1.9.0\uart_t\Core\Src\main.c
2024-05-05 17:28:05,243 [INFO] ProjectBuilder:2913 - Time for Copy HAL[1] : 330mS.
2024-05-05 17:28:05,258 [INFO] ProjectBuilder:4015 - Project Generator version: 3.16.0
2024-05-05 17:28:05,682 [INFO] ConfigFileManager:1287 - The Die is : DIE410
2024-05-05 17:28:07,502 [INFO] ProjectBuilder:4183 - Time for Generating toolchain IDE Files: 2244mS.
2024-05-05 17:28:07,502 [INFO] ProjectBuilder:2785 - Time for Copy CMSIS : 0mS.
2024-05-05 17:28:07,516 [INFO] ProjectBuilder:2785 - Time for Copy CMSIS : 0mS.
2024-05-05 17:28:19,057 [INFO] UtilMem:74 - End SaveConfig() Used Memory: 890267112 Bytes (1021313024)
2024-05-05 17:28:19,345 [INFO] BlockDiagram:2740 - set Specific Code input for plugin: NVIC
2024-05-05 17:28:19,345 [INFO] BlockDiagram:2740 - set Specific Code input for plugin: SYS
2024-05-05 17:28:19,345 [INFO] BlockDiagram:2740 - set Specific Code input for plugin: GPIO
2024-05-05 17:28:19,345 [INFO] BlockDiagram:2740 - set Specific Code input for plugin: RCC
2024-05-05 17:28:19,345 [INFO] CodeGenerator:681 - code generatio: config db path: C:\ST\STM32CubeIDE_1.9.0\STM32CubeIDE\plugins\com.st.stm32cube.common.mx_6.5.0.202202251913\\db\
2024-05-05 17:28:19,653 [INFO] CodeEngine:237 - oldGeneratedFile, C:\Users\hoatt\STM32CubeIDE\workspace_1.9.0\uart_t\MXTmpFiles\license.tmp_save
2024-05-05 17:28:19,747 [INFO] CodeEngine:261 - Generated code: C:\Users\hoatt\STM32CubeIDE\workspace_1.9.0\uart_t\MXTmpFiles\license.tmp
2024-05-05 17:28:19,763 [INFO] CodeEngine:237 - oldGeneratedFile, C:\Users\hoatt\STM32CubeIDE\workspace_1.9.0\uart_t\MXTmpFiles\gpio.tmp_save
2024-05-05 17:28:19,873 [INFO] CodeEngine:261 - Generated code: C:\Users\hoatt\STM32CubeIDE\workspace_1.9.0\uart_t\MXTmpFiles\gpio.tmp
2024-05-05 17:28:19,904 [INFO] CodeEngine:237 - oldGeneratedFile, C:\Users\hoatt\STM32CubeIDE\workspace_1.9.0\uart_t\Core\Src\stm32f1xx_it.c_save
2024-05-05 17:28:19,999 [INFO] CodeEngine:261 - Generated code: C:\Users\hoatt\STM32CubeIDE\workspace_1.9.0\uart_t\Core\Src\stm32f1xx_it.c
2024-05-05 17:28:20,047 [INFO] CodeEngine:237 - oldGeneratedFile, C:\Users\hoatt\STM32CubeIDE\workspace_1.9.0\uart_t\Core\Inc\stm32f1xx_it.h_save
2024-05-05 17:28:20,171 [INFO] CodeEngine:261 - Generated code: C:\Users\hoatt\STM32CubeIDE\workspace_1.9.0\uart_t\Core\Inc\stm32f1xx_it.h
2024-05-05 17:28:20,203 [INFO] CodeEngine:237 - oldGeneratedFile, C:\Users\hoatt\STM32CubeIDE\workspace_1.9.0\uart_t\Core\Src\stm32f1xx_hal_msp.c_save
2024-05-05 17:28:20,328 [INFO] CodeEngine:261 - Generated code: C:\Users\hoatt\STM32CubeIDE\workspace_1.9.0\uart_t\Core\Src\stm32f1xx_hal_msp.c
2024-05-05 17:28:20,348 [INFO] CodeEngine:237 - oldGeneratedFile, C:\Users\hoatt\STM32CubeIDE\workspace_1.9.0\uart_t\MXTmpFiles\system.tmp_save
2024-05-05 17:28:20,438 [INFO] CodeEngine:261 - Generated code: C:\Users\hoatt\STM32CubeIDE\workspace_1.9.0\uart_t\MXTmpFiles\system.tmp
2024-05-05 17:28:20,470 [INFO] CodeEngine:237 - oldGeneratedFile, C:\Users\hoatt\STM32CubeIDE\workspace_1.9.0\uart_t\Core\Inc\stm32f1xx_hal_conf.h_save
2024-05-05 17:28:20,595 [INFO] CodeEngine:261 - Generated code: C:\Users\hoatt\STM32CubeIDE\workspace_1.9.0\uart_t\Core\Inc\stm32f1xx_hal_conf.h
2024-05-05 17:28:20,626 [INFO] CodeEngine:237 - oldGeneratedFile, C:\Users\hoatt\STM32CubeIDE\workspace_1.9.0\uart_t\Core\Inc\main.h_save
2024-05-05 17:28:20,720 [INFO] CodeEngine:261 - Generated code: C:\Users\hoatt\STM32CubeIDE\workspace_1.9.0\uart_t\Core\Inc\main.h
2024-05-05 17:28:20,736 [INFO] CodeEngine:237 - oldGeneratedFile, C:\Users\hoatt\STM32CubeIDE\workspace_1.9.0\uart_t\Core\Src\main.c_save
2024-05-05 17:28:20,862 [INFO] CodeEngine:261 - Generated code: C:\Users\hoatt\STM32CubeIDE\workspace_1.9.0\uart_t\Core\Src\main.c
2024-05-05 17:28:21,804 [INFO] ProjectBuilder:2913 - Time for Copy HAL[1] : 315mS.
2024-05-05 17:28:21,819 [INFO] ProjectBuilder:4015 - Project Generator version: 3.16.0
2024-05-05 17:28:22,227 [INFO] ConfigFileManager:1287 - The Die is : DIE410
2024-05-05 17:28:23,843 [INFO] ProjectBuilder:4183 - Time for Generating toolchain IDE Files: 2024mS.
2024-05-05 17:28:23,843 [INFO] ProjectBuilder:2785 - Time for Copy CMSIS : 0mS.
2024-05-05 17:28:23,859 [INFO] ProjectBuilder:2785 - Time for Copy CMSIS : 0mS.
2024-05-05 18:34:12,601 [INFO] MainUpdater:2729 - connection check result : 10
2024-05-05 18:34:12,601 [INFO] MainUpdater:2729 - connection check result : 10
2024-05-05 18:34:12,680 [INFO] MicroXplorer:447 - Change Database Path : 
2024-05-05 18:34:12,695 [INFO] MicroXplorer:477 - Change Database Version : DB.6.0.50
2024-05-05 18:34:12,695 [WARN] ThirdParty:823 - waiting for thirdparty lock release [close project]
2024-05-05 18:34:12,695 [INFO] ThirdParty:825 - entering critical section [close project]
2024-05-05 18:34:12,695 [INFO] ThirdParty:835 - exiting critical section [close project]
2024-05-05 18:34:12,695 [INFO] PinOutPanel:1465 - setPackage(No Configuration,No Configuration)
2024-05-05 18:34:12,711 [INFO] UtilMem:74 - Begin LoadConfig() Used Memory: 862250592 Bytes (1023410176)
2024-05-05 18:34:12,711 [INFO] MicroXplorer:447 - Change Database Path : 
2024-05-05 18:34:12,711 [INFO] MicroXplorer:477 - Change Database Version : DB.6.0.50
2024-05-05 18:34:12,711 [INFO] OpenFileManager:303 - Change cursor
2024-05-05 18:34:12,743 [INFO] RulesReader:57 - Compatibility file has been processed (281 Rules)
2024-05-05 18:34:12,743 [INFO] Mcu:1893 - Initializing MCU STM32F103C(8-B)Tx STM32F103C8Tx STM32F103C8T6
2024-05-05 18:34:13,856 [INFO] Context:599 - Trying to add GPIOservice into a context  which must be forbidden
2024-05-05 18:34:14,139 [WARN] ApiManager:304 - Cannot register API 'Board Extension:GNSS1A1' from pack STMicroelectronics.X-CUBE-GNSS1.6.0.0: no header file found
2024-05-05 18:34:14,139 [WARN] ApiManager:304 - Cannot register API 'Board Support:Custom' from pack STMicroelectronics.X-CUBE-GNSS1.6.0.0: no header file found
2024-05-05 18:34:14,139 [WARN] ApiManager:304 - Cannot register API 'Data Exchange:lib_gnss' from pack STMicroelectronics.X-CUBE-GNSS1.6.0.0: no header file found
2024-05-05 18:34:14,139 [WARN] ApiManager:304 - Cannot register API 'Board Extension:NFC06A1' from pack STMicroelectronics.X-CUBE-NFC6.3.1.0: no header file found
2024-05-05 18:34:14,155 [WARN] ApiManager:304 - Cannot register API 'Board Extension:NFC08A1' from pack STMicroelectronics.X-CUBE-NFC6.3.1.0: no header file found
2024-05-05 18:34:14,155 [INFO] RtosManager:484 - Registered RTOS mode: class=CMSIS, group=RTOS, mode=CMSIS_V1, owner=FREERTOS
2024-05-05 18:34:14,155 [INFO] RtosManager:484 - Registered RTOS mode: class=CMSIS, group=RTOS2, mode=CMSIS_V2, owner=FREERTOS
2024-05-05 18:34:14,155 [INFO] RtosManager:484 - Registered RTOS mode: class=RTOS, group=Core, mode=CMSIS_V1, owner=FREERTOS
2024-05-05 18:34:14,155 [INFO] RtosManager:484 - Registered RTOS mode: class=RTOS, group=Core, mode=CMSIS_V2, owner=FREERTOS
2024-05-05 18:34:14,155 [WARN] ModelIntegratedComponent:181 - Missing modes for component STMicroelectronics:FreeRTOS:0.0.1:STMicroelectronics:RTOS:FreeRTOS:Core:::10.2.0:
2024-05-05 18:34:14,155 [WARN] ApiManager:304 - Cannot register API 'Board Extension:STSAFEA1' from pack STMicroelectronics.X-CUBE-SAFEA1.1.2.2: no header file found
2024-05-05 18:34:14,155 [WARN] ApiManager:304 - Cannot register API 'Board Part:STSAFEA110' from pack STMicroelectronics.X-CUBE-SAFEA1.1.2.2: no header file found
2024-05-05 18:34:14,155 [WARN] ApiManager:304 - Cannot register API 'Security:ST_Cryptolib' from pack STMicroelectronics.X-CUBE-SAFEA1.1.2.2: no header file found
2024-05-05 18:34:14,155 [WARN] ApiManager:304 - Cannot register API 'Security:MbedTLS' from pack STMicroelectronics.X-CUBE-SAFEA1.1.2.2: no header file found
2024-05-05 18:34:14,155 [WARN] ApiManager:304 - Cannot register API 'Board Extension:NFC04A1' from pack STMicroelectronics.X-CUBE-NFC4.3.0.0: no header file found
2024-05-05 18:34:14,155 [WARN] ApiManager:304 - Cannot register API 'Board Extension:S2868A1' from pack STMicroelectronics.X-CUBE-SUBG2.5.0.0: no header file found
2024-05-05 18:34:14,155 [WARN] ApiManager:304 - Cannot register API 'Board Extension:S2868A2' from pack STMicroelectronics.X-CUBE-SUBG2.5.0.0: no header file found
2024-05-05 18:34:14,155 [WARN] ApiManager:304 - Cannot register API 'Board Extension:S2915A1' from pack STMicroelectronics.X-CUBE-SUBG2.5.0.0: no header file found
2024-05-05 18:34:14,155 [WARN] ApiManager:304 - Cannot register API 'Wireless:BlueNRG-MS' from pack STMicroelectronics.X-CUBE-BLE1.7.0.0: no header file found
2024-05-05 18:34:14,170 [WARN] ApiManager:304 - Cannot register API 'Board Extension:EEPRMA2' from pack STMicroelectronics.X-CUBE-EEPRMA1.5.1.0: no header file found
2024-05-05 18:34:14,170 [WARN] ApiManager:304 - Cannot register API 'Board Extension:PGEEZ1' from pack STMicroelectronics.X-CUBE-EEPRMA1.5.1.0: no header file found
2024-05-05 18:34:14,170 [WARN] ApiManager:304 - Cannot register API 'Board Extension:EEICA1' from pack STMicroelectronics.X-CUBE-EEPRMA1.5.1.0: no header file found
2024-05-05 18:34:14,170 [WARN] ApiManager:304 - Cannot register API 'Board Part:M24' from pack STMicroelectronics.X-CUBE-EEPRMA1.5.1.0: no header file found
2024-05-05 18:34:14,170 [WARN] ApiManager:304 - Cannot register API 'Board Part:M95' from pack STMicroelectronics.X-CUBE-EEPRMA1.5.1.0: no header file found
2024-05-05 18:34:14,170 [WARN] ApiManager:304 - Cannot register API 'Board Part:M95P32' from pack STMicroelectronics.X-CUBE-EEPRMA1.5.1.0: no header file found
2024-05-05 18:34:14,170 [WARN] ApiManager:304 - Cannot register API 'Board Part:M24256E-F' from pack STMicroelectronics.X-CUBE-EEPRMA1.5.1.0: no header file found
2024-05-05 18:34:14,170 [WARN] ApiManager:304 - Cannot register API 'Board Part:M24M01E-F' from pack STMicroelectronics.X-CUBE-EEPRMA1.5.1.0: no header file found
2024-05-05 18:34:14,170 [WARN] ApiManager:304 - Cannot register API 'PGEEZ1:SPI' from pack STMicroelectronics.X-CUBE-EEPRMA1.5.1.0: no header file found
2024-05-05 18:34:14,170 [WARN] ApiManager:304 - Cannot register API 'PGEEZ1:QDSPI' from pack STMicroelectronics.X-CUBE-EEPRMA1.5.1.0: no header file found
2024-05-05 18:34:14,170 [WARN] ModelIntegratedComponent:60 - No mode defined for component null
2024-05-05 18:34:14,170 [WARN] ModelIntegratedComponent:60 - No mode defined for component null
2024-05-05 18:34:14,170 [WARN] ModelIntegratedComponent:60 - No mode defined for component null
2024-05-05 18:34:14,170 [WARN] ModelIntegratedComponent:60 - No mode defined for component null
2024-05-05 18:34:14,170 [WARN] ModelIntegratedComponent:60 - No mode defined for component null
2024-05-05 18:34:14,170 [WARN] ModelIntegratedComponent:60 - No mode defined for component null
2024-05-05 18:34:14,170 [WARN] ModelIntegratedComponent:60 - No mode defined for component null
2024-05-05 18:34:14,170 [WARN] ModelIntegratedComponent:60 - No mode defined for component null
2024-05-05 18:34:14,170 [WARN] ModelIntegratedComponent:60 - No mode defined for component null
2024-05-05 18:34:14,170 [WARN] ModelIntegratedComponent:60 - No mode defined for component null
2024-05-05 18:34:14,170 [WARN] ModelIntegratedComponent:60 - No mode defined for component null
2024-05-05 18:34:14,170 [WARN] ModelIntegratedComponent:60 - No mode defined for component null
2024-05-05 18:34:14,170 [WARN] ModelIntegratedComponent:60 - No mode defined for component null
2024-05-05 18:34:14,170 [WARN] ModelIntegratedComponent:60 - No mode defined for component null
2024-05-05 18:34:14,170 [WARN] ModelIntegratedComponent:60 - No mode defined for component null
2024-05-05 18:34:14,170 [WARN] ModelIntegratedComponent:60 - No mode defined for component null
2024-05-05 18:34:14,170 [WARN] ModelIntegratedComponent:60 - No mode defined for component null
2024-05-05 18:34:14,170 [WARN] ModelIntegratedComponent:60 - No mode defined for component null
2024-05-05 18:34:14,170 [WARN] ModelIntegratedComponent:60 - No mode defined for component null
2024-05-05 18:34:14,170 [WARN] ModelIntegratedComponent:60 - No mode defined for component null
2024-05-05 18:34:14,170 [WARN] ModelIntegratedComponent:60 - No mode defined for component null
2024-05-05 18:34:14,170 [WARN] ModelIntegratedComponent:60 - No mode defined for component null
2024-05-05 18:34:14,170 [WARN] ModelIntegratedComponent:60 - No mode defined for component null
2024-05-05 18:34:14,170 [WARN] ModelIntegratedComponent:60 - No mode defined for component null
2024-05-05 18:34:14,170 [WARN] ModelIntegratedComponent:60 - No mode defined for component null
2024-05-05 18:34:14,170 [WARN] ModelIntegratedComponent:60 - No mode defined for component null
2024-05-05 18:34:14,170 [WARN] ModelIntegratedComponent:60 - No mode defined for component null
2024-05-05 18:34:14,170 [WARN] ModelIntegratedComponent:60 - No mode defined for component null
2024-05-05 18:34:14,170 [WARN] ModelIntegratedComponent:60 - No mode defined for component null
2024-05-05 18:34:14,170 [WARN] ModelIntegratedComponent:60 - No mode defined for component null
2024-05-05 18:34:14,170 [WARN] ModelIntegratedComponent:60 - No mode defined for component null
2024-05-05 18:34:14,170 [WARN] ModelIntegratedComponent:60 - No mode defined for component null
2024-05-05 18:34:14,170 [WARN] ModelIntegratedComponent:60 - No mode defined for component null
2024-05-05 18:34:14,311 [WARN] ApiManager:304 - Cannot register API 'Board Extension:IKS01A3' from pack STMicroelectronics.X-CUBE-MEMS1.10.0.0: no header file found
2024-05-05 18:34:14,311 [WARN] ApiManager:304 - Cannot register API 'Board Extension:IKS02A1' from pack STMicroelectronics.X-CUBE-MEMS1.10.0.0: no header file found
2024-05-05 18:34:14,311 [WARN] ApiManager:304 - Cannot register API 'Board Extension:IKS4A1' from pack STMicroelectronics.X-CUBE-MEMS1.10.0.0: no header file found
2024-05-05 18:34:14,311 [WARN] ApiManager:304 - Cannot register API 'Board Extension:NFC07A1' from pack STMicroelectronics.X-CUBE-NFC7.1.0.1: no header file found
2024-05-05 18:34:14,327 [WARN] ApiManager:304 - Cannot register API 'Board Extension:S2868A1' from pack STMicroelectronics.X-CUBE-SFXS2LP1.4.0.0: no header file found
2024-05-05 18:34:14,327 [WARN] ApiManager:304 - Cannot register API 'Board Extension:S2868A2' from pack STMicroelectronics.X-CUBE-SFXS2LP1.4.0.0: no header file found
2024-05-05 18:34:14,327 [WARN] ApiManager:304 - Cannot register API 'Board Extension:S2915A1' from pack STMicroelectronics.X-CUBE-SFXS2LP1.4.0.0: no header file found
2024-05-05 18:34:14,327 [WARN] ApiManager:304 - Cannot register API 'Wireless:BlueNRG-2' from pack STMicroelectronics.X-CUBE-BLE2.3.3.0: no header file found
2024-05-05 18:34:14,359 [INFO] ThirdPartyModel:282 - Start build external matchings
2024-05-05 18:34:14,704 [INFO] ThirdPartyModel:295 - End build external matchings
2024-05-05 18:34:15,002 [INFO] UtilMem:74 - End LoadConfig() Used Memory: 783299384 Bytes (1023410176)
2024-05-05 18:34:15,065 [WARN] ThirdParty:785 - waiting for thirdparty lock release [change project]
2024-05-05 18:34:15,065 [INFO] ThirdParty:787 - entering critical section [change project]
2024-05-05 18:34:15,065 [INFO] ThirdParty:977 - CMSIS Pack Vendor :STMicroelectronics X-CUBE-GNSS1 6.0.0
2024-05-05 18:34:15,065 [INFO] ThirdParty:977 - CMSIS Pack Vendor :STMicroelectronics USB_HOST 2.0.0
2024-05-05 18:34:15,065 [INFO] ThirdParty:977 - CMSIS Pack Vendor :STMicroelectronics FP-SNS-MOTENVWB1 1.4.0
2024-05-05 18:34:15,065 [INFO] ThirdParty:977 - CMSIS Pack Vendor :STMicroelectronics X-CUBE-AZRTOS-F4 1.1.0
2024-05-05 18:34:15,065 [INFO] ThirdParty:977 - CMSIS Pack Vendor :STMicroelectronics LIBJPEG 8.0.0
2024-05-05 18:34:15,065 [INFO] ThirdParty:977 - CMSIS Pack Vendor :STMicroelectronics X-CUBE-SMBUS 2.1.0
2024-05-05 18:34:15,065 [INFO] ThirdParty:977 - CMSIS Pack Vendor :STMicroelectronics USB_DEVICE 3.0.0
2024-05-05 18:34:15,065 [INFO] ThirdParty:977 - CMSIS Pack Vendor :STMicroelectronics X-CUBE-TCPP 4.1.0
2024-05-05 18:34:15,065 [INFO] ThirdParty:977 - CMSIS Pack Vendor :STMicroelectronics X-CUBE-FREERTOS 1.2.0
2024-05-05 18:34:15,065 [INFO] ThirdParty:977 - CMSIS Pack Vendor :STMicroelectronics X-CUBE-AZRTOS-WB 2.0.0
2024-05-05 18:34:15,065 [INFO] ThirdParty:977 - CMSIS Pack Vendor :STMicroelectronics X-CUBE-TOUCHGFX 4.23.2
2024-05-05 18:34:15,065 [INFO] ThirdParty:977 - CMSIS Pack Vendor :STMicroelectronics X-CUBE-AZRTOS-F7 1.1.0
2024-05-05 18:34:15,065 [INFO] ThirdParty:977 - CMSIS Pack Vendor :STMicroelectronics X-CUBE-AZRTOS-L5 2.0.0
2024-05-05 18:34:15,065 [INFO] ThirdParty:977 - CMSIS Pack Vendor :STMicroelectronics USB_DEVICE 2.0.0
2024-05-05 18:34:15,065 [INFO] ThirdParty:977 - CMSIS Pack Vendor :STMicroelectronics X-CUBE-NFC6 3.1.0
2024-05-05 18:34:15,065 [INFO] ThirdParty:977 - CMSIS Pack Vendor :STMicroelectronics X-CUBE-ALGOBUILD 1.3.0
2024-05-05 18:34:15,065 [INFO] ThirdParty:977 - CMSIS Pack Vendor :STMicroelectronics FreeRTOS 0.0.1
2024-05-05 18:34:15,065 [INFO] ThirdParty:977 - CMSIS Pack Vendor :STMicroelectronics X-CUBE-AZRTOS-G0 1.1.0
2024-05-05 18:34:15,065 [INFO] ThirdParty:977 - CMSIS Pack Vendor :STMicroelectronics X-CUBE-SAFEA1 1.2.2
2024-05-05 18:34:15,065 [INFO] ThirdParty:977 - CMSIS Pack Vendor :STMicroelectronics X-CUBE-NFC4 3.0.0
2024-05-05 18:34:15,065 [INFO] ThirdParty:977 - CMSIS Pack Vendor :STMicroelectronics X-CUBE-SUBG2 5.0.0
2024-05-05 18:34:15,065 [INFO] ThirdParty:977 - CMSIS Pack Vendor :STMicroelectronics STM32_WPAN 1.0.0
2024-05-05 18:34:15,065 [INFO] ThirdParty:977 - CMSIS Pack Vendor :STMicroelectronics lwIP 2.0.3
2024-05-05 18:34:15,065 [INFO] ThirdParty:977 - CMSIS Pack Vendor :STMicroelectronics FP-SNS-FLIGHT1 5.0.2
2024-05-05 18:34:15,065 [INFO] ThirdParty:977 - CMSIS Pack Vendor :STMicroelectronics USB_HOST 1.0.0
2024-05-05 18:34:15,065 [INFO] ThirdParty:977 - CMSIS Pack Vendor :STMicroelectronics X-CUBE-AI 9.0.0
2024-05-05 18:34:15,065 [INFO] ThirdParty:977 - CMSIS Pack Vendor :STMicroelectronics X-CUBE-AZRTOS-G4 2.0.0
2024-05-05 18:34:15,065 [INFO] ThirdParty:977 - CMSIS Pack Vendor :STMicroelectronics PDM2PCM 3.1.0
2024-05-05 18:34:15,065 [INFO] ThirdParty:977 - CMSIS Pack Vendor :STMicroelectronics PDM2PCM 3.3.0
2024-05-05 18:34:15,065 [INFO] ThirdParty:977 - CMSIS Pack Vendor :STMicroelectronics X-CUBE-DISPLAY 3.0.0
2024-05-05 18:34:15,065 [INFO] ThirdParty:977 - CMSIS Pack Vendor :wolfSSL I-CUBE-wolfSSL 5.7.0
2024-05-05 18:34:15,065 [INFO] ThirdParty:977 - CMSIS Pack Vendor :STMicroelectronics X-CUBE-BLE1 7.0.0
2024-05-05 18:34:15,065 [INFO] ThirdParty:977 - CMSIS Pack Vendor :STMicroelectronics FP-ATR-SIGFOX1 3.2.0
2024-05-05 18:34:15,065 [INFO] ThirdParty:977 - CMSIS Pack Vendor :STMicroelectronics X-CUBE-ISPU 2.0.0
2024-05-05 18:34:15,065 [INFO] ThirdParty:977 - CMSIS Pack Vendor :STMicroelectronics X-CUBE-EEPRMA1 5.1.0
2024-05-05 18:34:15,065 [INFO] ThirdParty:977 - CMSIS Pack Vendor :STMicroelectronics HAL Drivers 0.0.0
2024-05-05 18:34:15,065 [INFO] ThirdParty:977 - CMSIS Pack Vendor :STMicroelectronics MBEDTLS 2.16.2
2024-05-05 18:34:15,065 [INFO] ThirdParty:977 - CMSIS Pack Vendor :emotas I-CUBE-CANOPEN 1.3.0
2024-05-05 18:34:15,065 [INFO] ThirdParty:977 - CMSIS Pack Vendor :STMicroelectronics X-CUBE-MEMS1 10.0.0
2024-05-05 18:34:15,065 [INFO] ThirdParty:977 - CMSIS Pack Vendor :STMicroelectronics X-CUBE-NFC7 1.0.1
2024-05-05 18:34:15,065 [INFO] ThirdParty:977 - CMSIS Pack Vendor :STMicroelectronics MBEDTLS 2.14.1
2024-05-05 18:34:15,065 [INFO] ThirdParty:977 - CMSIS Pack Vendor :ITTIA_DB I-CUBE-ITTIADB 8.9.0
2024-05-05 18:34:15,065 [INFO] ThirdParty:977 - CMSIS Pack Vendor :portGmbH I-Cube-SoM-uGOAL 1.1.0
2024-05-05 18:34:15,065 [INFO] ThirdParty:977 - CMSIS Pack Vendor :STMicroelectronics X-CUBE-ALS 1.0.1
2024-05-05 18:34:15,065 [INFO] ThirdParty:977 - CMSIS Pack Vendor :STMicroelectronics X-CUBE-BLEMGR 3.1.0
2024-05-05 18:34:15,065 [INFO] ThirdParty:977 - CMSIS Pack Vendor :STMicroelectronics ThreadX 1.0.0
2024-05-05 18:34:15,065 [INFO] ThirdParty:977 - CMSIS Pack Vendor :STMicroelectronics FP-SNS-SMARTAG2 1.2.0
2024-05-05 18:34:15,065 [INFO] ThirdParty:977 - CMSIS Pack Vendor :STMicroelectronics X-CUBE-AZRTOS-WL 2.0.0
2024-05-05 18:34:15,065 [INFO] ThirdParty:977 - CMSIS Pack Vendor :SEGGER I-CUBE-embOS 1.3.1
2024-05-05 18:34:15,065 [INFO] ThirdParty:977 - CMSIS Pack Vendor :STMicroelectronics FP-SNS-MOTENV1 5.0.0
2024-05-05 18:34:15,065 [INFO] ThirdParty:977 - CMSIS Pack Vendor :STMicroelectronics USB_DEVICE 1.0.0
2024-05-05 18:34:15,065 [INFO] ThirdParty:977 - CMSIS Pack Vendor :STMicroelectronics X-CUBE-AZRTOS-H7RS 1.0.0
2024-05-05 18:34:15,065 [INFO] ThirdParty:977 - CMSIS Pack Vendor :STMicroelectronics X-CUBE-AZRTOS-L4 2.0.0
2024-05-05 18:34:15,065 [INFO] ThirdParty:977 - CMSIS Pack Vendor :STMicroelectronics ThreadX 0.0.2
2024-05-05 18:34:15,065 [INFO] ThirdParty:977 - CMSIS Pack Vendor :WES I-CUBE-Cesium 1.3.0
2024-05-05 18:34:15,065 [INFO] ThirdParty:977 - CMSIS Pack Vendor :STMicroelectronics FP-ATR-ASTRA1 2.0.0
2024-05-05 18:34:15,065 [INFO] ThirdParty:977 - CMSIS Pack Vendor :STMicroelectronics lwIP 2.1.2
2024-05-05 18:34:15,065 [INFO] ThirdParty:977 - CMSIS Pack Vendor :STMicroelectronics X-CUBE-SFXS2LP1 4.0.0
2024-05-05 18:34:15,065 [INFO] ThirdParty:977 - CMSIS Pack Vendor :STMicroelectronics X-CUBE-BLE2 3.3.0
2024-05-05 18:34:15,065 [INFO] ThirdParty:977 - CMSIS Pack Vendor :STMicroelectronics X-CUBE-TOF1 3.4.1
2024-05-05 18:34:15,065 [INFO] ThirdParty:977 - CMSIS Pack Vendor :STMicroelectronics X-CUBE-AZRTOS-H7 3.2.0
2024-05-05 18:34:15,065 [INFO] ThirdParty:977 - CMSIS Pack Vendor :Infineon AIROC-Wi-Fi-Bluetooth-STM32 1.6.0
2024-05-05 18:34:15,065 [INFO] ThirdParty:977 - CMSIS Pack Vendor :STMicroelectronics PDM2PCM 3.2.0
2024-05-05 18:34:15,065 [INFO] ThirdParty:793 - exiting critical section [change project]
2024-05-05 18:34:15,253 [INFO] PinOutPanel:1465 - setPackage(No Configuration,No Configuration)
2024-05-05 18:34:15,253 [INFO] PinOutPanel:1465 - setPackage(STM32F103C8Tx,LQFP48)
2024-05-05 18:34:15,473 [INFO] UtilMem:74 - Before build in PCC Used Memory: 862106496 Bytes (1023410176)
2024-05-05 18:34:15,786 [INFO] UtilMem:74 - After build in PCC Used Memory: 691207256 Bytes (1023410176)
2024-05-05 18:34:15,833 [INFO] IPUIPlugin:75 - create IPUIPlugin
2024-05-05 18:34:15,833 [INFO] IPUIPlugin:75 - create IPUIPlugin
2024-05-05 18:34:15,833 [INFO] IPUIPlugin:75 - create IPUIPlugin
2024-05-05 18:34:15,833 [INFO] IPUIPlugin:75 - create IPUIPlugin
2024-05-05 18:34:15,833 [INFO] IPUIPlugin:75 - create IPUIPlugin
2024-05-05 18:34:15,833 [INFO] IPUIPlugin:75 - create IPUIPlugin
2024-05-05 18:34:15,833 [INFO] IPUIPlugin:75 - create IPUIPlugin
2024-05-05 18:34:15,833 [INFO] IPUIPlugin:75 - create IPUIPlugin
2024-05-05 18:34:15,833 [INFO] IPUIPlugin:75 - create IPUIPlugin
2024-05-05 18:34:15,833 [INFO] IPUIPlugin:75 - create IPUIPlugin
2024-05-05 18:34:15,833 [INFO] IPUIPlugin:75 - create IPUIPlugin
2024-05-05 18:34:15,833 [INFO] IPUIPlugin:75 - create IPUIPlugin
2024-05-05 18:34:15,849 [INFO] IPUIPlugin:75 - create IPUIPlugin
2024-05-05 18:34:15,849 [INFO] IPUIPlugin:75 - create IPUIPlugin
2024-05-05 18:34:15,849 [INFO] IPUIPlugin:75 - create IPUIPlugin
2024-05-05 18:34:15,849 [INFO] IPUIPlugin:75 - create IPUIPlugin
2024-05-05 18:34:15,849 [INFO] IPUIPlugin:75 - create IPUIPlugin
2024-05-05 18:34:15,849 [INFO] IPUIPlugin:75 - create IPUIPlugin
2024-05-05 18:34:15,849 [INFO] IPUIPlugin:75 - create IPUIPlugin
2024-05-05 18:34:15,849 [INFO] IPUIPlugin:75 - create IPUIPlugin
2024-05-05 18:34:15,849 [INFO] IPUIPlugin:75 - create IPUIPlugin
2024-05-05 18:34:15,849 [INFO] IPUIPlugin:75 - create IPUIPlugin
2024-05-05 18:34:15,849 [INFO] IPUIPlugin:75 - create IPUIPlugin
2024-05-05 18:34:15,849 [INFO] IPUIPlugin:75 - create IPUIPlugin
2024-05-05 18:34:15,849 [INFO] IPUIPlugin:75 - create IPUIPlugin
2024-05-05 18:34:15,849 [INFO] IPUIPlugin:75 - create IPUIPlugin
2024-05-05 18:34:15,849 [INFO] IPUIPlugin:75 - create IPUIPlugin
2024-05-05 18:34:15,943 [INFO] OpenFileManager:323 - Restore cursor
2024-05-05 18:35:31,052 [ERROR] ConfigurationRetriever:139 - IOException on connection: Read timed out
2024-05-05 19:57:02,883 [INFO] Activator:177 - 


2024-05-05 19:57:02,883 [INFO] Activator:178 - !SESSION log4j initialized
2024-05-05 19:57:22,417 [ERROR] AnalyticsContext:980 - The ST intranet updater server is unknown: mcucrossselector.codex.cro.st.com
2024-05-07 13:54:02,175 [INFO] McuFinderGlobals:39 - Set McuFinder mode to 2 (CubeIDE integrated)
2024-05-07 13:54:03,406 [INFO] ApplicationProperties:181 - Using Application install path: C:\ST\STM32CubeIDE_1.9.0\STM32CubeIDE\plugins\com.st.stm32cube.common.mx_6.5.0.202202251913
2024-05-07 13:54:03,470 [INFO] DbMcusXml:72 - Set database path to: C:\ST\STM32CubeIDE_1.9.0\STM32CubeIDE\plugins\com.st.stm32cube.common.mx_6.5.0.202202251913\\db\/mcu/
2024-05-07 13:54:03,470 [INFO] ApiDb:260 - Set plugin database path to: C:\ST\STM32CubeIDE_1.9.0\STM32CubeIDE\plugins\com.st.stm32cube.common.mx_6.5.0.202202251913\\db\/plugins/boardmanager/
2024-05-07 13:54:03,481 [WARN] ApiDb:245 - Overriding images path with different value:  => C:\ST\STM32CubeIDE_1.9.0\STM32CubeIDE\plugins\com.st.stm32cube.common.mx_6.5.0.202202251913\\db\/plugins/mcufinder/images/
2024-05-07 13:54:03,547 [INFO] ApiDb:226 - Set database path to: C:\Users\hoatt\.stmcufinder\plugins\mcufinder//mcu/
2024-05-07 13:54:03,552 [INFO] DbMcusAds:119 - Set database path to: C:\Users\hoatt\.stmcufinder\plugins\mcufinder//mcu/
2024-05-07 13:54:03,606 [INFO] CrossReferenceDbSqlite:196 - Set database path to: C:\Users\hoatt\.stmcufinder\plugins\mcufinder//mcu/cs/
2024-05-07 13:54:04,613 [INFO] RulesReader:57 - Compatibility file has been processed (281 Rules)
2024-05-07 13:54:05,001 [INFO] DbMcusXml:72 - Set database path to: C:\ST\STM32CubeIDE_1.9.0\STM32CubeIDE\plugins\com.st.stm32cube.common.mx_6.5.0.202202251913\\db\/mcu/
2024-05-07 13:54:05,001 [INFO] ApiDb:260 - Set plugin database path to: C:\ST\STM32CubeIDE_1.9.0\STM32CubeIDE\plugins\com.st.stm32cube.common.mx_6.5.0.202202251913\\db\/plugins/boardmanager/
2024-05-07 13:54:05,004 [INFO] ApiDb:247 - Set plugin images path to: C:\ST\STM32CubeIDE_1.9.0\STM32CubeIDE\plugins\com.st.stm32cube.common.mx_6.5.0.202202251913\\db\/plugins/mcufinder/images/
2024-05-07 13:54:05,004 [WARN] DbFile:35 - Overriding database path with different value: C:\Users\hoatt\.stmcufinder\plugins\mcufinder/ => C:\Users\hoatt\.stmcufinder\plugins\mcufinder
2024-05-07 13:54:05,004 [INFO] ApiDb:226 - Set database path to: C:\Users\hoatt\.stmcufinder\plugins\mcufinder//mcu/
2024-05-07 13:54:05,006 [WARN] DbFile:35 - Overriding database path with different value: C:\Users\hoatt\.stmcufinder\plugins\mcufinder/ => C:\Users\hoatt\.stmcufinder\plugins\mcufinder
2024-05-07 13:54:05,006 [INFO] DbMcusAds:119 - Set database path to: C:\Users\hoatt\.stmcufinder\plugins\mcufinder//mcu/
2024-05-07 13:54:05,009 [WARN] DbFile:35 - Overriding database path with different value: C:\Users\hoatt\.stmcufinder\plugins\mcufinder/ => C:\Users\hoatt\.stmcufinder\plugins\mcufinder
2024-05-07 13:54:05,012 [WARN] DbFile:35 - Overriding database path with different value: C:\Users\hoatt\.stmcufinder\plugins\mcufinder/ => C:\Users\hoatt\.stmcufinder\plugins\mcufinder
2024-05-07 13:54:05,012 [INFO] CrossReferenceDbSqlite:196 - Set database path to: C:\Users\hoatt\.stmcufinder\plugins\mcufinder//mcu/cs/
2024-05-07 13:54:05,444 [INFO] MainPanel:230 - HeapMemory: 795869184
2024-05-07 13:54:05,796 [INFO] DbMcusXml:72 - Set database path to: C:\ST\STM32CubeIDE_1.9.0\STM32CubeIDE\plugins\com.st.stm32cube.common.mx_6.5.0.202202251913\\db\/mcu/
2024-05-07 13:54:05,796 [INFO] ApiDb:260 - Set plugin database path to: C:\ST\STM32CubeIDE_1.9.0\STM32CubeIDE\plugins\com.st.stm32cube.common.mx_6.5.0.202202251913\\db\/plugins/boardmanager/
2024-05-07 13:54:05,796 [INFO] ApiDb:247 - Set plugin images path to: C:\ST\STM32CubeIDE_1.9.0\STM32CubeIDE\plugins\com.st.stm32cube.common.mx_6.5.0.202202251913\\db\/plugins/mcufinder/images/
2024-05-07 13:54:05,799 [WARN] DbFile:35 - Overriding database path with different value: C:\Users\hoatt\.stmcufinder\plugins\mcufinder/ => C:\Users\hoatt\.stmcufinder\plugins\mcufinder
2024-05-07 13:54:05,801 [INFO] ApiDb:226 - Set database path to: C:\Users\hoatt\.stmcufinder\plugins\mcufinder//mcu/
2024-05-07 13:54:05,801 [WARN] DbFile:35 - Overriding database path with different value: C:\Users\hoatt\.stmcufinder\plugins\mcufinder/ => C:\Users\hoatt\.stmcufinder\plugins\mcufinder
2024-05-07 13:54:05,801 [INFO] DbMcusAds:119 - Set database path to: C:\Users\hoatt\.stmcufinder\plugins\mcufinder//mcu/
2024-05-07 13:54:05,801 [WARN] DbFile:35 - Overriding database path with different value: C:\Users\hoatt\.stmcufinder\plugins\mcufinder/ => C:\Users\hoatt\.stmcufinder\plugins\mcufinder
2024-05-07 13:54:05,801 [WARN] DbFile:35 - Overriding database path with different value: C:\Users\hoatt\.stmcufinder\plugins\mcufinder/ => C:\Users\hoatt\.stmcufinder\plugins\mcufinder
2024-05-07 13:54:05,804 [INFO] CrossReferenceDbSqlite:196 - Set database path to: C:\Users\hoatt\.stmcufinder\plugins\mcufinder//mcu/cs/
2024-05-07 13:54:05,877 [INFO] ApplicationProperties:181 - Using Application install path: C:\ST\STM32CubeIDE_1.9.0\STM32CubeIDE\plugins\com.st.stm32cube.common.mx_6.5.0.202202251913
2024-05-07 13:54:05,882 [INFO] PluginManage:188 - Search for loadable plugins [exclusion list=, ]
2024-05-07 13:54:05,887 [INFO] PluginManage:302 - Check plugin analytics
2024-05-07 13:54:06,456 [ERROR] AnalyticsContext:980 - The ST intranet updater server is unknown: mcucrossselector.codex.cro.st.com
2024-05-07 13:54:06,749 [INFO] AnalyticsPlugin:257 - Accepted Software Licenses: 
2024-05-07 13:54:06,754 [INFO] AnalyticsPlugin:259 - Accepted CMSIS Pack Licenses: 
2024-05-07 13:54:06,757 [INFO] AnalyticsPlugin:261 - Accepted Firmware Licenses: 
2024-05-07 13:54:06,806 [INFO] PluginManage:352 - Loaded plugin analytics (category:tool,tabindex:-1)
2024-05-07 13:54:06,809 [INFO] PluginManage:302 - Check plugin clock
2024-05-07 13:54:06,881 [INFO] PluginManage:352 - Loaded plugin clock (category:base,tabindex:2)
2024-05-07 13:54:06,881 [INFO] PluginManage:302 - Check plugin ddr
2024-05-07 13:54:06,892 [INFO] PluginManage:352 - Loaded plugin ddr (category:tool,tabindex:6)
2024-05-07 13:54:06,892 [INFO] PluginManage:302 - Check plugin filemanager
2024-05-07 13:54:07,436 [INFO] PluginManage:352 - Loaded plugin filemanager (category:base,tabindex:10)
2024-05-07 13:54:07,436 [INFO] PluginManage:302 - Check plugin ipmanager
2024-05-07 13:54:07,463 [INFO] PluginManage:352 - Loaded plugin ipmanager (category:base,tabindex:5)
2024-05-07 13:54:07,463 [INFO] PluginManage:302 - Check plugin lpbam
2024-05-07 13:54:07,495 [INFO] PluginManage:352 - Loaded plugin lpbam (category:base,tabindex:0)
2024-05-07 13:54:07,495 [INFO] PluginManage:302 - Check plugin pinoutandconfiguration
2024-05-07 13:54:07,524 [INFO] PluginManage:352 - Loaded plugin pinoutandconfiguration (category:base,tabindex:1)
2024-05-07 13:54:07,524 [INFO] PluginManage:302 - Check plugin pinoutconfig
2024-05-07 13:54:07,642 [INFO] PluginManage:352 - Loaded plugin pinoutconfig (category:base,tabindex:0)
2024-05-07 13:54:07,642 [INFO] PluginManage:302 - Check plugin power
2024-05-07 13:54:07,676 [INFO] PluginManage:352 - Loaded plugin power (category:power,tabindex:4)
2024-05-07 13:54:07,676 [INFO] PluginManage:302 - Check plugin projectmanager
2024-05-07 13:54:07,724 [INFO] PluginManage:352 - Loaded plugin projectmanager (category:projectmanager,tabindex:3)
2024-05-07 13:54:07,726 [INFO] PluginManage:302 - Check plugin thirdparty
2024-05-07 13:54:08,161 [WARN] IntegrityCheckThread:78 - waiting for thirdparty lock release [integrity check]
2024-05-07 13:54:08,167 [INFO] IntegrityCheckThread:80 - entering critical section [integrity check]
2024-05-07 13:54:08,167 [INFO] PluginManage:352 - Loaded plugin thirdparty (category:base,tabindex:-1)
2024-05-07 13:54:08,167 [INFO] PluginManage:302 - Check plugin tools
2024-05-07 13:54:08,172 [INFO] ThirdPartyUpdaterWithRetryManager:66 - Updater plugin not ready yet. [1/15]
2024-05-07 13:54:08,174 [INFO] PluginManage:352 - Loaded plugin tools (category:base,tabindex:7)
2024-05-07 13:54:08,178 [INFO] PluginManage:302 - Check plugin tutovideos
2024-05-07 13:54:08,869 [INFO] PluginManage:352 - Loaded plugin tutovideos (category:base,tabindex:-1)
2024-05-07 13:54:08,871 [INFO] PluginManage:302 - Check plugin updater
2024-05-07 13:54:08,911 [INFO] PluginManage:352 - Loaded plugin updater (category:base,tabindex:12)
2024-05-07 13:54:08,914 [INFO] PluginManage:275 - PluginManage : Loaded plugins [14]
2024-05-07 13:54:09,770 [INFO] PinOutPanel:1465 - setPackage(No Configuration,No Configuration)
2024-05-07 13:54:10,063 [INFO] IPUIPlugin:75 - create IPUIPlugin
2024-05-07 13:54:10,065 [INFO] PluginManager:213 - loadIPPluginJar : add adc
2024-05-07 13:54:10,076 [INFO] IPUIPlugin:75 - create IPUIPlugin
2024-05-07 13:54:10,076 [INFO] PluginManager:213 - loadIPPluginJar : add aes
2024-05-07 13:54:10,087 [INFO] IPUIPlugin:75 - create IPUIPlugin
2024-05-07 13:54:10,089 [INFO] PluginManager:213 - loadIPPluginJar : add can
2024-05-07 13:54:10,094 [INFO] IPUIPlugin:75 - create IPUIPlugin
2024-05-07 13:54:10,097 [INFO] PluginManager:213 - loadIPPluginJar : add comp
2024-05-07 13:54:10,105 [INFO] IPUIPlugin:75 - create IPUIPlugin
2024-05-07 13:54:10,105 [INFO] PluginManager:213 - loadIPPluginJar : add cryp
2024-05-07 13:54:10,116 [INFO] IPUIPlugin:75 - create IPUIPlugin
2024-05-07 13:54:10,116 [INFO] PluginManager:213 - loadIPPluginJar : add dfsdm
2024-05-07 13:54:10,137 [INFO] IPUIPlugin:75 - create IPUIPlugin
2024-05-07 13:54:10,140 [INFO] PluginManager:213 - loadIPPluginJar : add dma
2024-05-07 13:54:10,148 [INFO] IPUIPlugin:75 - create IPUIPlugin
2024-05-07 13:54:10,151 [INFO] PluginManager:213 - loadIPPluginJar : add dma3
2024-05-07 13:54:10,156 [INFO] IPUIPlugin:75 - create IPUIPlugin
2024-05-07 13:54:10,156 [INFO] PluginManager:213 - loadIPPluginJar : add fatfs
2024-05-07 13:54:10,173 [INFO] IPUIPlugin:75 - create IPUIPlugin
2024-05-07 13:54:10,176 [INFO] PluginManager:213 - loadIPPluginJar : add fmc
2024-05-07 13:54:10,193 [INFO] IPUIPlugin:75 - create IPUIPlugin
2024-05-07 13:54:10,193 [INFO] PluginManager:213 - loadIPPluginJar : add freertos
2024-05-07 13:54:10,201 [INFO] IPUIPlugin:75 - create IPUIPlugin
2024-05-07 13:54:10,201 [INFO] PluginManager:213 - loadIPPluginJar : add genericplugin
2024-05-07 13:54:10,209 [INFO] IPUIPlugin:75 - create IPUIPlugin
2024-05-07 13:54:10,209 [INFO] PluginManager:213 - loadIPPluginJar : add gfxmmu
2024-05-07 13:54:10,228 [INFO] IPUIPlugin:75 - create IPUIPlugin
2024-05-07 13:54:10,228 [INFO] PluginManager:213 - loadIPPluginJar : add gic
2024-05-07 13:54:10,247 [INFO] IPUIPlugin:75 - create IPUIPlugin
2024-05-07 13:54:10,248 [INFO] PluginManager:213 - loadIPPluginJar : add gpio
2024-05-07 13:54:10,261 [INFO] IPUIPlugin:75 - create IPUIPlugin
2024-05-07 13:54:10,261 [INFO] PluginManager:213 - loadIPPluginJar : add gtzc
2024-05-07 13:54:10,271 [INFO] IPUIPlugin:75 - create IPUIPlugin
2024-05-07 13:54:10,271 [INFO] PluginManager:213 - loadIPPluginJar : add hash
2024-05-07 13:54:10,281 [INFO] IPUIPlugin:75 - create IPUIPlugin
2024-05-07 13:54:10,281 [INFO] PluginManager:213 - loadIPPluginJar : add i2c
2024-05-07 13:54:10,294 [INFO] IPUIPlugin:75 - create IPUIPlugin
2024-05-07 13:54:10,296 [INFO] PluginManager:213 - loadIPPluginJar : add i2s
2024-05-07 13:54:10,306 [INFO] IPUIPlugin:75 - create IPUIPlugin
2024-05-07 13:54:10,309 [INFO] PluginManager:213 - loadIPPluginJar : add ipddr
2024-05-07 13:54:10,332 [INFO] IPUIPlugin:75 - create IPUIPlugin
2024-05-07 13:54:10,332 [INFO] PluginManager:213 - loadIPPluginJar : add linkedlist
2024-05-07 13:54:10,343 [INFO] IPUIPlugin:75 - create IPUIPlugin
2024-05-07 13:54:10,345 [INFO] PluginManager:213 - loadIPPluginJar : add lorawan
2024-05-07 13:54:10,350 [INFO] IPUIPlugin:75 - create IPUIPlugin
2024-05-07 13:54:10,350 [INFO] PluginManager:213 - loadIPPluginJar : add ltdc
2024-05-07 13:54:10,368 [INFO] IPUIPlugin:75 - create IPUIPlugin
2024-05-07 13:54:10,368 [INFO] PluginManager:213 - loadIPPluginJar : add mdma
2024-05-07 13:54:10,381 [INFO] IPUIPlugin:75 - create IPUIPlugin
2024-05-07 13:54:10,381 [INFO] PluginManager:213 - loadIPPluginJar : add nvic
2024-05-07 13:54:10,393 [INFO] IPUIPlugin:75 - create IPUIPlugin
2024-05-07 13:54:10,396 [INFO] PluginManager:213 - loadIPPluginJar : add opamp
2024-05-07 13:54:10,407 [INFO] IPUIPlugin:75 - create IPUIPlugin
2024-05-07 13:54:10,409 [INFO] PluginManager:213 - loadIPPluginJar : add openamp
2024-05-07 13:54:10,422 [INFO] IPUIPlugin:75 - create IPUIPlugin
2024-05-07 13:54:10,422 [INFO] PluginManager:213 - loadIPPluginJar : add pdm2pcm
2024-05-07 13:54:10,444 [INFO] IPUIPlugin:75 - create IPUIPlugin
2024-05-07 13:54:10,454 [INFO] PluginManager:213 - loadIPPluginJar : add plateformsettings
2024-05-07 13:54:10,460 [INFO] IPUIPlugin:75 - create IPUIPlugin
2024-05-07 13:54:10,462 [INFO] PluginManager:213 - loadIPPluginJar : add quadspi
2024-05-07 13:54:10,480 [INFO] IPUIPlugin:75 - create IPUIPlugin
2024-05-07 13:54:10,480 [INFO] PluginManager:213 - loadIPPluginJar : add resmgrutility
2024-05-07 13:54:10,492 [INFO] IPUIPlugin:75 - create IPUIPlugin
2024-05-07 13:54:10,492 [INFO] PluginManager:213 - loadIPPluginJar : add sai
2024-05-07 13:54:10,503 [INFO] IPUIPlugin:75 - create IPUIPlugin
2024-05-07 13:54:10,504 [INFO] PluginManager:213 - loadIPPluginJar : add spi
2024-05-07 13:54:10,522 [INFO] IPUIPlugin:75 - create IPUIPlugin
2024-05-07 13:54:10,522 [INFO] PluginManager:213 - loadIPPluginJar : add stm32_wpan
2024-05-07 13:54:10,530 [INFO] IPUIPlugin:75 - create IPUIPlugin
2024-05-07 13:54:10,532 [INFO] PluginManager:213 - loadIPPluginJar : add tim
2024-05-07 13:54:10,543 [INFO] IPUIPlugin:75 - create IPUIPlugin
2024-05-07 13:54:10,543 [INFO] PluginManager:213 - loadIPPluginJar : add touchsensing
2024-05-07 13:54:10,553 [INFO] IPUIPlugin:75 - create IPUIPlugin
2024-05-07 13:54:10,553 [INFO] PluginManager:213 - loadIPPluginJar : add tracer_emb
2024-05-07 13:54:10,566 [INFO] IPUIPlugin:75 - create IPUIPlugin
2024-05-07 13:54:10,567 [INFO] PluginManager:213 - loadIPPluginJar : add ts
2024-05-07 13:54:10,576 [INFO] IPUIPlugin:75 - create IPUIPlugin
2024-05-07 13:54:10,576 [INFO] PluginManager:213 - loadIPPluginJar : add tsc
2024-05-07 13:54:10,583 [INFO] IPUIPlugin:75 - create IPUIPlugin
2024-05-07 13:54:10,586 [INFO] PluginManager:213 - loadIPPluginJar : add ucpd
2024-05-07 13:54:10,596 [INFO] IPUIPlugin:75 - create IPUIPlugin
2024-05-07 13:54:10,599 [INFO] PluginManager:213 - loadIPPluginJar : add usart
2024-05-07 13:54:10,612 [INFO] IPUIPlugin:75 - create IPUIPlugin
2024-05-07 13:54:10,612 [INFO] PluginManager:213 - loadIPPluginJar : add usbx
2024-05-07 13:54:11,173 [INFO] ThirdPartyUpdaterWithRetryManager:66 - Updater plugin not ready yet. [2/15]
2024-05-07 13:54:12,231 [FATAL] Updater:297 - Updater called before beeing initialized
2024-05-07 13:54:12,868 [FATAL] Updater:297 - Updater called before beeing initialized
2024-05-07 13:54:12,892 [INFO] DbMcusAds:47 - JSON generation date=Thu May 02 15:37:29 ICT 2024 (1714639049318)
2024-05-07 13:54:12,895 [FATAL] Updater:297 - Updater called before beeing initialized
2024-05-07 13:54:13,084 [WARN] DetailPanel:320 - Failed to get advertising image, set to default
2024-05-07 13:54:13,465 [FATAL] Updater:297 - Updater called before beeing initialized
2024-05-07 13:54:13,471 [FATAL] Updater:297 - Updater called before beeing initialized
2024-05-07 13:54:13,473 [FATAL] Updater:297 - Updater called before beeing initialized
2024-05-07 13:54:13,473 [WARN] DetailPanel:320 - Failed to get advertising image, set to default
2024-05-07 13:54:13,476 [FATAL] Updater:297 - Updater called before beeing initialized
2024-05-07 13:54:13,657 [INFO] Updater:1026 - Updater Version found : 6.5.0
2024-05-07 13:54:13,716 [INFO] ApplicationProperties:181 - Using Application install path: C:\ST\STM32CubeIDE_1.9.0\STM32CubeIDE\plugins\com.st.stm32cube.common.mx_6.5.0.202202251913
2024-05-07 13:54:14,148 [INFO] MainUpdater:2729 - connection check result : 10
2024-05-07 13:54:14,151 [INFO] MainUpdater:276 - Updater Check For Update Now.
2024-05-07 13:54:14,151 [INFO] MicroXplorer:477 - Change Database Version : DB.6.0.50
2024-05-07 13:54:14,185 [WARN] MainUpdater:1180 - Updater busy. Cannot search thirdparties
2024-05-07 13:54:14,185 [INFO] ThirdPartyUpdaterWithRetryManager:92 - Updater plugin is busy. [1/15]
2024-05-07 13:54:14,370 [INFO] CheckServerUpdateThread:115 - End of CheckServer Thread
2024-05-07 13:54:14,382 [INFO] MainUpdater:2729 - connection check result : 10
2024-05-07 13:54:14,396 [INFO] McuFinderGlobals:52 - Set McuFinderConnectedMode to true
2024-05-07 13:54:14,700 [INFO] ServerAccessManage:359 - Download File mcusAds.json._tmp_
2024-05-07 13:54:14,940 [INFO] LoadUrlFilesThread:146 - End of LoadUrlFiles Thread
2024-05-07 13:54:15,079 [INFO] ServerAccessManage:359 - Download File cube-finder-db.zip
2024-05-07 13:54:17,188 [WARN] MainUpdater:1180 - Updater busy. Cannot search thirdparties
2024-05-07 13:54:17,188 [INFO] ThirdPartyUpdaterWithRetryManager:92 - Updater plugin is busy. [2/15]
2024-05-07 13:54:20,188 [WARN] MainUpdater:1180 - Updater busy. Cannot search thirdparties
2024-05-07 13:54:20,188 [INFO] ThirdPartyUpdaterWithRetryManager:92 - Updater plugin is busy. [3/15]
2024-05-07 13:54:23,188 [WARN] MainUpdater:1180 - Updater busy. Cannot search thirdparties
2024-05-07 13:54:23,188 [INFO] ThirdPartyUpdaterWithRetryManager:92 - Updater plugin is busy. [4/15]
2024-05-07 13:54:26,190 [WARN] MainUpdater:1180 - Updater busy. Cannot search thirdparties
2024-05-07 13:54:26,190 [INFO] ThirdPartyUpdaterWithRetryManager:92 - Updater plugin is busy. [5/15]
2024-05-07 13:54:29,193 [WARN] MainUpdater:1180 - Updater busy. Cannot search thirdparties
2024-05-07 13:54:29,193 [INFO] ThirdPartyUpdaterWithRetryManager:92 - Updater plugin is busy. [6/15]
2024-05-07 13:54:30,756 [INFO] FileExtend:235 - Unzip File : cube-finder-db.zip
2024-05-07 13:54:30,756 [INFO] FileExtend:250 - Standard Zip Deflate
2024-05-07 13:54:32,193 [WARN] MainUpdater:1180 - Updater busy. Cannot search thirdparties
2024-05-07 13:54:32,193 [INFO] ThirdPartyUpdaterWithRetryManager:92 - Updater plugin is busy. [7/15]
2024-05-07 13:54:34,638 [INFO] LoadUrlFilesThread:146 - End of LoadUrlFiles Thread
2024-05-07 13:54:35,193 [WARN] MainUpdater:1180 - Updater busy. Cannot search thirdparties
2024-05-07 13:54:35,193 [INFO] ThirdPartyUpdaterWithRetryManager:92 - Updater plugin is busy. [8/15]
2024-05-07 13:54:36,028 [INFO] ServerAccessManage:359 - Download File crdb.zip
2024-05-07 13:54:37,608 [INFO] FileExtend:235 - Unzip File : crdb.zip
2024-05-07 13:54:37,608 [INFO] FileExtend:250 - Standard Zip Deflate
2024-05-07 13:54:37,788 [INFO] LoadUrlFilesThread:146 - End of LoadUrlFiles Thread
2024-05-07 13:54:38,177 [INFO] ServerAccessManage:359 - Download File tutoVideoDB.zip
2024-05-07 13:54:38,197 [WARN] MainUpdater:1180 - Updater busy. Cannot search thirdparties
2024-05-07 13:54:38,197 [INFO] ThirdPartyUpdaterWithRetryManager:92 - Updater plugin is busy. [9/15]
2024-05-07 13:54:38,207 [INFO] FileExtend:235 - Unzip File : tutoVideoDB.zip
2024-05-07 13:54:38,210 [INFO] FileExtend:250 - Standard Zip Deflate
2024-05-07 13:54:38,333 [INFO] LoadUrlFilesThread:146 - End of LoadUrlFiles Thread
2024-05-07 13:54:38,335 [INFO] DbMcusAds:47 - JSON generation date=Thu May 02 15:37:29 ICT 2024 (1714639049318)
2024-05-07 13:54:38,382 [INFO] LoadUrlFilesThread:173 - End of LoadServerUrlFiles without Thread
2024-05-07 13:54:38,385 [INFO] TargetSelectorAdapter:228 - Refresh data is successful
2024-05-07 13:54:38,753 [INFO] ApiDb:567 - Connected to CubeFinder SQLite database (C:\Users\hoatt\.stmcufinder\plugins\mcufinder\mcu\cube-finder-db.db)
2024-05-07 13:54:38,904 [INFO] ApiDb:654 - CubeFinder database Data Model version=2.1
2024-05-07 13:54:38,904 [INFO] ApiDb:655 - CubeFinder database Configuration version=3.0.39
2024-05-07 13:54:38,907 [INFO] ApiDb:656 - CubeFinder database generation date=2024-04-15 (1713193726)
2024-05-07 13:54:38,907 [INFO] ApiDb:657 - CubeFinder database FW Pack versions=[FP-ATR-ASTRA1_V2.0.0, FP-SNS-FLIGHT1_V5.0.1, FP-SNS-FLIGHT1_V5.0.2, FP-SNS-MOTENV1_V4.3.1, FP-SNS-MOTENV1_V4.3.2, FP-SNS-MOTENVWB1_V1.3.1, FP-SNS-SMARTAG2_V1.2.0, STM32Cube_FW_C0_V1.1.0, STM32Cube_FW_F4_V1.28.0, STM32Cube_FW_F7_V1.17.0, STM32Cube_FW_G0_V1.6.2, STM32Cube_FW_G4_V1.5.2, STM32Cube_FW_H5_V0.5.1, STM32Cube_FW_H5_V1.1.1, STM32Cube_FW_H5_V1.2.0, STM32Cube_FW_H5_V1.2.0RC4, STM32Cube_FW_H7RS_V1.0.0, STM32Cube_FW_H7RS_V1.0.0RC4, STM32Cube_FW_H7_V1.11.0, STM32Cube_FW_L0_V1.12.2, STM32Cube_FW_L5_V1.5.1, STM32Cube_FW_U0_V1.0.0, STM32Cube_FW_U0_V1.0.0RC1, STM32Cube_FW_U5_V1.3.0RC4, STM32Cube_FW_U5_V1.5.0, STM32Cube_FW_U5_V1.5.0RC1, STM32Cube_FW_WBA_V1.0.0RC1, STM32Cube_FW_WBA_V1.2.0, STM32Cube_FW_WBA_V1.2.0RC2, STM32Cube_FW_WBA_V1.3.0, STM32Cube_FW_WBA_V1.3.0RC1, STM32Cube_FW_WB_V1.15.0RC1, STM32Cube_FW_WB_V1.16.0, STM32Cube_FW_WB_V1.16.0RC2, STM32Cube_FW_WB_V1.18.0, STM32Cube_FW_WB_V1.19.0, STM32Cube_FW_WL_V1.3.0, X-CUBE-ALGOBUILD_V1.3.0, X-CUBE-ALS_V1.0.1, X-CUBE-AZRTOS-F4_V1.1.0, X-CUBE-AZRTOS-F7_V1.1.0, X-CUBE-AZRTOS-G0_V1.1.0, X-CUBE-AZRTOS-G4_V2.0.0, X-CUBE-AZRTOS-H7_V3.2.0, X-CUBE-AZRTOS-L4_V1.0.0, X-CUBE-AZRTOS-L4_V2.0.0, X-CUBE-AZRTOS-L5_V1.1.0, X-CUBE-AZRTOS-WB_V2.0.0, X-CUBE-AZRTOS-WL_V2.0.0, X-CUBE-BLE1_V7.0.0, X-CUBE-BLE2_V3.3.0, X-CUBE-BLEMGR_V3.1.0, X-CUBE-EEPRMA1_V4.1.0, X-CUBE-EEPRMA1_V5.1.0, X-CUBE-FREERTOS_V1.1.0, X-CUBE-GNSS1_V6.0.0, X-CUBE-MEMS1_V10.0.0, X-CUBE-MEMS1_V9.1.0, X-CUBE-MEMS1_V9.4.0, X-CUBE-MEMS1_V9.6.0, X-CUBE-NFC4_V3.0.0, X-CUBE-NFC7_V1.0.1, X-CUBE-SFXS2LP1_V4.0.0, X-CUBE-SUBG2_V5.0.0, X-CUBE-TOF1_V3.4.0]
2024-05-07 13:54:44,148 [WARN] PackLoader:238 - Cannot read IP mode file for STMicroelectronics.FP-SNS-MOTENVWB1.1.4.0
2024-05-07 13:54:44,235 [WARN] PackLoader:238 - Cannot read IP mode file for STMicroelectronics.X-CUBE-SMBUS.2.1.0
2024-05-07 13:54:44,279 [WARN] PackLoader:238 - Cannot read IP mode file for STMicroelectronics.X-CUBE-TOUCHGFX.4.23.2
2024-05-07 13:54:44,426 [WARN] PackLoader:238 - Cannot read IP mode file for STMicroelectronics.X-CUBE-AZRTOS-F7.1.1.0
2024-05-07 13:54:44,449 [WARN] PackLoader:238 - Cannot read IP mode file for STMicroelectronics.FP-SNS-FLIGHT1.5.0.2
2024-05-07 13:54:44,473 [WARN] PackLoader:238 - Cannot read IP mode file for STMicroelectronics.X-CUBE-DISPLAY.3.0.0
2024-05-07 13:54:44,513 [WARN] PackLoader:238 - Cannot read IP mode file for STMicroelectronics.X-CUBE-BLE1.7.0.0
2024-05-07 13:54:44,534 [WARN] PackLoader:238 - Cannot read IP mode file for emotas.I-CUBE-CANOPEN.1.3.0
2024-05-07 13:54:44,564 [WARN] PackLoader:238 - Cannot read IP mode file for STMicroelectronics.X-CUBE-BLEMGR.3.1.0
2024-05-07 13:54:44,580 [WARN] PackLoader:238 - Cannot read IP mode file for STMicroelectronics.FP-SNS-SMARTAG2.1.2.0
2024-05-07 13:54:44,619 [INFO] LogOutputStream:76 - [STDOUT_REDIRECT] 1 : Invalid condition id : UX_CORESTACK_Condition cause : null
2024-05-07 13:54:44,621 [INFO] LogOutputStream:76 - [STDOUT_REDIRECT] 1 : Invalid condition id : UX_CORESTACK_Condition cause : null
2024-05-07 13:54:44,624 [INFO] LogOutputStream:76 - [STDOUT_REDIRECT] 1 : Invalid condition id : UX_CORESTACK_Condition cause : null
2024-05-07 13:54:44,624 [INFO] LogOutputStream:76 - [STDOUT_REDIRECT] 1 : Invalid condition id : UX_CORESTACK_Condition cause : null
2024-05-07 13:54:44,626 [INFO] LogOutputStream:76 - [STDOUT_REDIRECT] 1 : Invalid condition id : UX_CORESTACK_Condition cause : null
2024-05-07 13:54:44,636 [WARN] PackLoader:238 - Cannot read IP mode file for STMicroelectronics.X-CUBE-AZRTOS-WL.2.0.0
2024-05-07 13:54:44,657 [WARN] PackLoader:238 - Cannot read IP mode file for STMicroelectronics.FP-SNS-MOTENV1.5.0.0
2024-05-07 13:54:44,688 [WARN] PackLoader:238 - Cannot read IP mode file for WES.I-CUBE-Cesium.1.3.0
2024-05-07 13:54:44,706 [WARN] PackLoader:238 - Cannot read IP mode file for STMicroelectronics.X-CUBE-BLE2.3.3.0
2024-05-07 13:54:44,727 [WARN] PackLoader:238 - Cannot read IP mode file for STMicroelectronics.X-CUBE-TCPP.4.1.0
2024-05-07 13:54:44,759 [WARN] PackLoader:238 - Cannot read IP mode file for STMicroelectronics.X-CUBE-ALGOBUILD.1.3.0
2024-05-07 13:54:44,814 [WARN] PackLoader:238 - Cannot read IP mode file for STMicroelectronics.X-CUBE-AZRTOS-G0.1.1.0
2024-05-07 13:54:44,847 [WARN] PackLoader:238 - Cannot read IP mode file for STMicroelectronics.X-CUBE-SAFEA1.1.2.2
2024-05-07 13:54:44,868 [WARN] PackLoader:238 - Cannot read IP mode file for STMicroelectronics.X-CUBE-NFC4.3.0.0
2024-05-07 13:54:44,892 [WARN] PackLoader:238 - Cannot read IP mode file for wolfSSL.I-CUBE-wolfSSL.5.7.0
2024-05-07 13:54:44,908 [WARN] PackLoader:238 - Cannot read IP mode file for STMicroelectronics.FP-ATR-SIGFOX1.3.2.0
2024-05-07 13:54:44,932 [WARN] PackLoader:238 - Cannot read IP mode file for STMicroelectronics.X-CUBE-EEPRMA1.5.1.0
2024-05-07 13:54:44,955 [WARN] PackLoader:238 - Cannot read IP mode file for ITTIA_DB.I-CUBE-ITTIADB.8.9.0
2024-05-07 13:54:45,020 [WARN] PackLoader:238 - Cannot read IP mode file for SEGGER.I-CUBE-embOS.1.3.1
2024-05-07 13:54:45,230 [WARN] PackLoader:238 - Cannot read IP mode file for STMicroelectronics.X-CUBE-GNSS1.6.0.0
2024-05-07 13:54:45,268 [WARN] PackLoader:238 - Cannot read IP mode file for STMicroelectronics.X-CUBE-AZRTOS-F4.1.1.0
2024-05-07 13:54:45,287 [WARN] PackLoader:238 - Cannot read IP mode file for STMicroelectronics.X-CUBE-FREERTOS.1.2.0
2024-05-07 13:54:45,332 [WARN] PackLoader:238 - Cannot read IP mode file for STMicroelectronics.X-CUBE-AZRTOS-L5.2.0.0
2024-05-07 13:54:45,358 [WARN] PackLoader:238 - Cannot read IP mode file for STMicroelectronics.X-CUBE-NFC6.3.1.0
2024-05-07 13:54:45,380 [WARN] PackLoader:238 - Cannot read IP mode file for STMicroelectronics.X-CUBE-AI.9.0.0
2024-05-07 13:54:45,401 [WARN] PackLoader:238 - Cannot read IP mode file for STMicroelectronics.X-CUBE-NFC7.1.0.1
2024-05-07 13:54:45,444 [WARN] ConditionMgr:437 - getConditionDescription Invalid condition id : LAN8742 Phy interface Condition cause : null
2024-05-07 13:54:45,447 [WARN] PackLoader:238 - Cannot read IP mode file for STMicroelectronics.X-CUBE-AZRTOS-L4.2.0.0
2024-05-07 13:54:45,449 [WARN] ConditionMgr:1038 - genDependencies : Invalid condition id : LAN8742 Phy interface Condition cause : null
2024-05-07 13:54:45,449 [WARN] ConditionMgr:1038 - genDependencies : Invalid condition id : LAN8742 Phy interface Condition cause : null
2024-05-07 13:54:45,452 [WARN] ConditionMgr:1038 - genDependencies : Invalid condition id : LAN8742 Phy interface Condition cause : null
2024-05-07 13:54:45,471 [WARN] PackLoader:238 - Cannot read IP mode file for STMicroelectronics.X-CUBE-SFXS2LP1.4.0.0
2024-05-07 13:54:45,494 [WARN] ConditionMgr:437 - getConditionDescription Invalid condition id : UX DEVICE CLASS RTOS Condition cause : null
2024-05-07 13:54:45,494 [WARN] ConditionMgr:437 - getConditionDescription Invalid condition id : UX DEVICE CLASS RTOS Condition cause : null
2024-05-07 13:54:45,497 [WARN] PackLoader:238 - Cannot read IP mode file for STMicroelectronics.X-CUBE-AZRTOS-WB.2.0.0
2024-05-07 13:54:45,500 [WARN] ConditionMgr:1038 - genDependencies : Invalid condition id : UX DEVICE CLASS RTOS Condition cause : null
2024-05-07 13:54:45,500 [WARN] ConditionMgr:1038 - genDependencies : Invalid condition id : UX DEVICE CLASS RTOS Condition cause : null
2024-05-07 13:54:45,500 [WARN] ConditionMgr:1038 - genDependencies : Invalid condition id : UX DEVICE CLASS RTOS Condition cause : null
2024-05-07 13:54:45,502 [WARN] ConditionMgr:1038 - genDependencies : Invalid condition id : UX DEVICE CLASS RTOS Condition cause : null
2024-05-07 13:54:45,502 [WARN] ConditionMgr:1038 - genDependencies : Invalid condition id : UX DEVICE CLASS RTOS Condition cause : null
2024-05-07 13:54:45,522 [WARN] PackLoader:238 - Cannot read IP mode file for STMicroelectronics.X-CUBE-SUBG2.5.0.0
2024-05-07 13:54:45,554 [WARN] PackLoader:238 - Cannot read IP mode file for STMicroelectronics.X-CUBE-AZRTOS-G4.2.0.0
2024-05-07 13:54:45,568 [WARN] PackLoader:238 - Cannot read IP mode file for STMicroelectronics.X-CUBE-ISPU.2.0.0
2024-05-07 13:54:45,620 [WARN] PackLoader:238 - Cannot read IP mode file for STMicroelectronics.X-CUBE-MEMS1.10.0.0
2024-05-07 13:54:46,015 [WARN] PackLoader:238 - Cannot read IP mode file for portGmbH.I-Cube-SoM-uGOAL.1.1.0
2024-05-07 13:54:46,030 [WARN] PackLoader:238 - Cannot read IP mode file for STMicroelectronics.X-CUBE-ALS.1.0.1
2024-05-07 13:54:46,089 [WARN] PackLoader:238 - Cannot read IP mode file for STMicroelectronics.X-CUBE-AZRTOS-H7RS.1.0.0
2024-05-07 13:54:46,111 [WARN] PackLoader:238 - Cannot read IP mode file for STMicroelectronics.FP-ATR-ASTRA1.2.0.0
2024-05-07 13:54:46,143 [WARN] PackLoader:238 - Cannot read IP mode file for STMicroelectronics.X-CUBE-TOF1.3.4.1
2024-05-07 13:54:46,233 [WARN] PackLoader:238 - Cannot read IP mode file for STMicroelectronics.X-CUBE-AZRTOS-H7.3.2.0
2024-05-07 13:54:46,281 [WARN] PackLoader:238 - Cannot read IP mode file for Infineon.AIROC-Wi-Fi-Bluetooth-STM32.1.6.0
2024-05-07 13:54:46,297 [INFO] ThirdParty:925 - Integrity check success = true
2024-05-07 13:54:46,297 [INFO] IntegrityCheckThread:94 - exiting critical section [integrity check]
2024-05-07 13:54:46,297 [INFO] IntegrityCheckThread:97 - End integrity checks thread
2024-05-07 13:54:47,943 [INFO] ApiDb:212 - Found 97 in-development CPN: [NUCLEO-C031C6, STM32C0116-DK, STM32C011D6Y3TR, STM32C011D6Y6TR, STM32C011F4P3, STM32C011F4P6, STM32C011F4U3, STM32C011F4U6TR, STM32C011F6P3, STM32C011F6P6, STM32C011F6U3, STM32C011F6U6TR, STM32C011J4M3, STM32C011J4M6, STM32C011J6M3, STM32C011J6M6, STM32C0316-DK, STM32C031C4T3, STM32C031C4T6, STM32C031C4U3, STM32C031C4U6, STM32C031C6T3, STM32C031C6T6, STM32C031C6U3, STM32C031C6U6, STM32C031F4P3, STM32C031F4P6, STM32C031F6P3, STM32C031F6P6, STM32C031G4U3, STM32C031G4U6, STM32C031G6U3, STM32C031G6U6, STM32C031K4T3, STM32C031K4T6, STM32C031K4U3, STM32C031K4U6, STM32C031K6T3, STM32C031K6T6, STM32C031K6U3, STM32C031K6U6, STM32G071K8TXN, STM32G071K8UXN, STM32G081GBU6N, STM32G081KBT6N, STM32G081KBUXN, STM32G0B1CCT6N, STM32G0B1KCT6, STM32G0B1NEY6, STM32G0B1NEY6TR, STM32G0B1RCT6N, STM32G0C1CCT6, STM32G0C1CCT6N, STM32G0C1CCU6N, STM32G0C1CET6N, STM32G0C1CEU6N, STM32G0C1KCT6, STM32G0C1NEY6TR, STM32G0C1RCI6N, STM32G0C1RCT6N, STM32G0C1REI6N, STM32G0C1RET6N, STM32G0C1VCI6, STM32G0C1VEI6, STM32G471CCT6, STM32G471CCU6, STM32G471CET3, STM32G471CET6, STM32G471CEU3, STM32G471CEU6, STM32G471MCT6, STM32G471MET3, STM32G471MET6, STM32G471MEY6TR, STM32G471QCT6, STM32G471QET3, STM32G471RCT6, STM32G471RET3, STM32G471RET6, STM32G471VCH6, STM32G471VCI6, STM32G471VCT6, STM32G471VEH3, STM32G471VEH6, STM32G471VEI3, STM32G471VEI6, STM32G471VET3, STM32G471VET6, STM32G474CCT6, STM32L4R5QGI6STR, STM32U595ZJT6Q, STM32U599BJY6QTR, STM32U599NIH6Q, STM32U599NJH6Q, STM32U5A5ZJT6Q, STM32U5A9BJY6QTR, STM32U5A9NJH6Q]
2024-05-07 13:54:47,954 [INFO] DbMcus:201 - Found 4063 MCUs, 4063 are supported
2024-05-07 13:54:47,961 [INFO] ApiDb:407 - Load user favorites file C:\Users\hoatt/.stm32cubeide/favorites.mcus.txt: 0 item(s)
2024-05-07 13:54:47,961 [INFO] ApiDb:411 - User favorites MCUs=[]
2024-05-07 13:54:47,961 [INFO] DbMcus:207 - Set 0 / 0 favorites MCUs
2024-05-07 13:54:47,972 [INFO] ApiDb:654 - CubeFinder database Data Model version=2.1
2024-05-07 13:54:47,972 [INFO] ApiDb:655 - CubeFinder database Configuration version=3.0.39
2024-05-07 13:54:47,975 [INFO] ApiDb:656 - CubeFinder database generation date=2024-04-15 (1713193726)
2024-05-07 13:54:47,975 [INFO] ApiDb:657 - CubeFinder database FW Pack versions=[FP-ATR-ASTRA1_V2.0.0, FP-SNS-FLIGHT1_V5.0.1, FP-SNS-FLIGHT1_V5.0.2, FP-SNS-MOTENV1_V4.3.1, FP-SNS-MOTENV1_V4.3.2, FP-SNS-MOTENVWB1_V1.3.1, FP-SNS-SMARTAG2_V1.2.0, STM32Cube_FW_C0_V1.1.0, STM32Cube_FW_F4_V1.28.0, STM32Cube_FW_F7_V1.17.0, STM32Cube_FW_G0_V1.6.2, STM32Cube_FW_G4_V1.5.2, STM32Cube_FW_H5_V0.5.1, STM32Cube_FW_H5_V1.1.1, STM32Cube_FW_H5_V1.2.0, STM32Cube_FW_H5_V1.2.0RC4, STM32Cube_FW_H7RS_V1.0.0, STM32Cube_FW_H7RS_V1.0.0RC4, STM32Cube_FW_H7_V1.11.0, STM32Cube_FW_L0_V1.12.2, STM32Cube_FW_L5_V1.5.1, STM32Cube_FW_U0_V1.0.0, STM32Cube_FW_U0_V1.0.0RC1, STM32Cube_FW_U5_V1.3.0RC4, STM32Cube_FW_U5_V1.5.0, STM32Cube_FW_U5_V1.5.0RC1, STM32Cube_FW_WBA_V1.0.0RC1, STM32Cube_FW_WBA_V1.2.0, STM32Cube_FW_WBA_V1.2.0RC2, STM32Cube_FW_WBA_V1.3.0, STM32Cube_FW_WBA_V1.3.0RC1, STM32Cube_FW_WB_V1.15.0RC1, STM32Cube_FW_WB_V1.16.0, STM32Cube_FW_WB_V1.16.0RC2, STM32Cube_FW_WB_V1.18.0, STM32Cube_FW_WB_V1.19.0, STM32Cube_FW_WL_V1.3.0, X-CUBE-ALGOBUILD_V1.3.0, X-CUBE-ALS_V1.0.1, X-CUBE-AZRTOS-F4_V1.1.0, X-CUBE-AZRTOS-F7_V1.1.0, X-CUBE-AZRTOS-G0_V1.1.0, X-CUBE-AZRTOS-G4_V2.0.0, X-CUBE-AZRTOS-H7_V3.2.0, X-CUBE-AZRTOS-L4_V1.0.0, X-CUBE-AZRTOS-L4_V2.0.0, X-CUBE-AZRTOS-L5_V1.1.0, X-CUBE-AZRTOS-WB_V2.0.0, X-CUBE-AZRTOS-WL_V2.0.0, X-CUBE-BLE1_V7.0.0, X-CUBE-BLE2_V3.3.0, X-CUBE-BLEMGR_V3.1.0, X-CUBE-EEPRMA1_V4.1.0, X-CUBE-EEPRMA1_V5.1.0, X-CUBE-FREERTOS_V1.1.0, X-CUBE-GNSS1_V6.0.0, X-CUBE-MEMS1_V10.0.0, X-CUBE-MEMS1_V9.1.0, X-CUBE-MEMS1_V9.4.0, X-CUBE-MEMS1_V9.6.0, X-CUBE-NFC4_V3.0.0, X-CUBE-NFC7_V1.0.1, X-CUBE-SFXS2LP1_V4.0.0, X-CUBE-SUBG2_V5.0.0, X-CUBE-TOF1_V3.4.0]
2024-05-07 13:54:48,100 [INFO] DbBoardsSqlite:220 - include board P-NUCLEO-WB55-NUCLEO as a kit item of type 'Nucleo-64'
2024-05-07 13:54:48,103 [INFO] DbBoardsSqlite:220 - include board P-NUCLEO-WB55-USBDONGLE as a kit item of type 'Nucleo USB Dongle'
2024-05-07 13:54:48,103 [INFO] DbBoardsSqlite:220 - include board STEVAL-IDP005V1 as a kit item of type 'Evaluation Board'
2024-05-07 13:54:48,103 [INFO] DbBoardsSqlite:220 - include board STEVAL-IDP005V2 as a kit item of type 'Evaluation Board'
2024-05-07 13:54:48,238 [INFO] ApiDb:212 - Found 97 in-development CPN: [NUCLEO-C031C6, STM32C0116-DK, STM32C011D6Y3TR, STM32C011D6Y6TR, STM32C011F4P3, STM32C011F4P6, STM32C011F4U3, STM32C011F4U6TR, STM32C011F6P3, STM32C011F6P6, STM32C011F6U3, STM32C011F6U6TR, STM32C011J4M3, STM32C011J4M6, STM32C011J6M3, STM32C011J6M6, STM32C0316-DK, STM32C031C4T3, STM32C031C4T6, STM32C031C4U3, STM32C031C4U6, STM32C031C6T3, STM32C031C6T6, STM32C031C6U3, STM32C031C6U6, STM32C031F4P3, STM32C031F4P6, STM32C031F6P3, STM32C031F6P6, STM32C031G4U3, STM32C031G4U6, STM32C031G6U3, STM32C031G6U6, STM32C031K4T3, STM32C031K4T6, STM32C031K4U3, STM32C031K4U6, STM32C031K6T3, STM32C031K6T6, STM32C031K6U3, STM32C031K6U6, STM32G071K8TXN, STM32G071K8UXN, STM32G081GBU6N, STM32G081KBT6N, STM32G081KBUXN, STM32G0B1CCT6N, STM32G0B1KCT6, STM32G0B1NEY6, STM32G0B1NEY6TR, STM32G0B1RCT6N, STM32G0C1CCT6, STM32G0C1CCT6N, STM32G0C1CCU6N, STM32G0C1CET6N, STM32G0C1CEU6N, STM32G0C1KCT6, STM32G0C1NEY6TR, STM32G0C1RCI6N, STM32G0C1RCT6N, STM32G0C1REI6N, STM32G0C1RET6N, STM32G0C1VCI6, STM32G0C1VEI6, STM32G471CCT6, STM32G471CCU6, STM32G471CET3, STM32G471CET6, STM32G471CEU3, STM32G471CEU6, STM32G471MCT6, STM32G471MET3, STM32G471MET6, STM32G471MEY6TR, STM32G471QCT6, STM32G471QET3, STM32G471RCT6, STM32G471RET3, STM32G471RET6, STM32G471VCH6, STM32G471VCI6, STM32G471VCT6, STM32G471VEH3, STM32G471VEH6, STM32G471VEI3, STM32G471VEI6, STM32G471VET3, STM32G471VET6, STM32G474CCT6, STM32L4R5QGI6STR, STM32U595ZJT6Q, STM32U599BJY6QTR, STM32U599NIH6Q, STM32U599NJH6Q, STM32U5A5ZJT6Q, STM32U5A9BJY6QTR, STM32U5A9NJH6Q]
2024-05-07 13:54:48,292 [INFO] BoardInfo:872 - No configuration file found for board B-G473E-ZEST1S
2024-05-07 13:54:48,292 [INFO] DbBoards:144 - Board is not supported: B-G473E-ZEST1S
2024-05-07 13:54:48,364 [INFO] BoardInfo:872 - No configuration file found for board B-WB1M-WPAN1
2024-05-07 13:54:48,364 [INFO] DbBoards:144 - Board is not supported: B-WB1M-WPAN1
2024-05-07 13:54:48,369 [INFO] BoardInfo:872 - No configuration file found for board B-WL5M-SUBG1
2024-05-07 13:54:48,369 [INFO] DbBoards:144 - Board is not supported: B-WL5M-SUBG1
2024-05-07 13:54:48,487 [INFO] BoardInfo:872 - No configuration file found for board NUCLEO-H503RB
2024-05-07 13:54:48,487 [INFO] DbBoards:144 - Board is not supported: NUCLEO-H503RB
2024-05-07 13:54:48,490 [INFO] BoardInfo:872 - No configuration file found for board NUCLEO-H533RE
2024-05-07 13:54:48,490 [INFO] DbBoards:144 - Board is not supported: NUCLEO-H533RE
2024-05-07 13:54:48,492 [INFO] BoardInfo:872 - No configuration file found for board NUCLEO-H563ZI
2024-05-07 13:54:48,495 [INFO] DbBoards:144 - Board is not supported: NUCLEO-H563ZI
2024-05-07 13:54:48,515 [INFO] BoardInfo:872 - No configuration file found for board NUCLEO-H7S3L8
2024-05-07 13:54:48,515 [INFO] DbBoards:144 - Board is not supported: NUCLEO-H7S3L8
2024-05-07 13:54:48,576 [INFO] BoardInfo:872 - No configuration file found for board NUCLEO-U031R8
2024-05-07 13:54:48,576 [INFO] DbBoards:144 - Board is not supported: NUCLEO-U031R8
2024-05-07 13:54:48,581 [INFO] BoardInfo:872 - No configuration file found for board NUCLEO-U083RC
2024-05-07 13:54:48,581 [INFO] DbBoards:144 - Board is not supported: NUCLEO-U083RC
2024-05-07 13:54:48,584 [INFO] BoardInfo:872 - No configuration file found for board NUCLEO-U545RE-Q
2024-05-07 13:54:48,584 [INFO] DbBoards:144 - Board is not supported: NUCLEO-U545RE-Q
2024-05-07 13:54:48,591 [INFO] BoardInfo:872 - No configuration file found for board NUCLEO-U5A5ZJ-Q
2024-05-07 13:54:48,591 [INFO] DbBoards:144 - Board is not supported: NUCLEO-U5A5ZJ-Q
2024-05-07 13:54:48,601 [INFO] BoardInfo:872 - No configuration file found for board NUCLEO-WBA52CG
2024-05-07 13:54:48,601 [INFO] DbBoards:144 - Board is not supported: NUCLEO-WBA52CG
2024-05-07 13:54:48,604 [INFO] BoardInfo:872 - No configuration file found for board NUCLEO-WBA55CG
2024-05-07 13:54:48,604 [INFO] DbBoards:144 - Board is not supported: NUCLEO-WBA55CG
2024-05-07 13:54:48,617 [INFO] BoardInfo:872 - No configuration file found for board P-NUCLEO-WB55
2024-05-07 13:54:48,617 [INFO] DbBoards:144 - Kit is not supported: P-NUCLEO-WB55
2024-05-07 13:54:48,625 [INFO] BoardInfo:872 - No configuration file found for board STEVAL-ASTRA1B
2024-05-07 13:54:48,628 [INFO] DbBoards:144 - Board is not supported: STEVAL-ASTRA1B
2024-05-07 13:54:48,630 [INFO] BoardInfo:872 - No configuration file found for board STEVAL-BFA001V1B
2024-05-07 13:54:48,630 [INFO] DbBoards:144 - Kit is not supported: STEVAL-BFA001V1B
2024-05-07 13:54:48,633 [INFO] BoardInfo:872 - No configuration file found for board STEVAL-BFA001V2B
2024-05-07 13:54:48,633 [INFO] DbBoards:144 - Kit is not supported: STEVAL-BFA001V2B
2024-05-07 13:54:48,641 [INFO] BoardInfo:872 - No configuration file found for board STEVAL-MKBOXPRO
2024-05-07 13:54:48,641 [INFO] DbBoards:144 - Board is not supported: STEVAL-MKBOXPRO
2024-05-07 13:54:48,647 [INFO] BoardInfo:872 - No configuration file found for board STEVAL-PROTEUS1
2024-05-07 13:54:48,647 [INFO] DbBoards:144 - Board is not supported: STEVAL-PROTEUS1
2024-05-07 13:54:48,650 [INFO] BoardInfo:872 - No configuration file found for board STEVAL-SMARTAG2
2024-05-07 13:54:48,652 [INFO] DbBoards:144 - Board is not supported: STEVAL-SMARTAG2
2024-05-07 13:54:48,655 [INFO] BoardInfo:872 - No configuration file found for board STEVAL-STWINBX1
2024-05-07 13:54:48,655 [INFO] DbBoards:144 - Board is not supported: STEVAL-STWINBX1
2024-05-07 13:54:48,665 [INFO] BoardInfo:872 - No configuration file found for board STM320518-EVAL
2024-05-07 13:54:48,665 [INFO] DbBoards:144 - Board is not supported: STM320518-EVAL
2024-05-07 13:54:48,785 [INFO] BoardInfo:872 - No configuration file found for board STM32H573I-DK
2024-05-07 13:54:48,788 [INFO] DbBoards:144 - Board is not supported: STM32H573I-DK
2024-05-07 13:54:48,831 [INFO] BoardInfo:872 - No configuration file found for board STM32H7S78-DK
2024-05-07 13:54:48,831 [INFO] DbBoards:144 - Board is not supported: STM32H7S78-DK
2024-05-07 13:54:48,882 [INFO] BoardInfo:872 - No configuration file found for board STM32MP135F-DK
2024-05-07 13:54:48,882 [INFO] DbBoards:144 - Board is not supported: STM32MP135F-DK
2024-05-07 13:54:48,910 [INFO] BoardInfo:872 - No configuration file found for board STM32U083C-DK
2024-05-07 13:54:48,910 [INFO] DbBoards:144 - Board is not supported: STM32U083C-DK
2024-05-07 13:54:48,918 [INFO] BoardInfo:872 - No configuration file found for board STM32U5A9J-DK
2024-05-07 13:54:48,918 [INFO] DbBoards:144 - Board is not supported: STM32U5A9J-DK
2024-05-07 13:54:48,920 [INFO] BoardInfo:872 - No configuration file found for board STM32U5G9J-DK1
2024-05-07 13:54:48,920 [INFO] DbBoards:144 - Board is not supported: STM32U5G9J-DK1
2024-05-07 13:54:48,923 [INFO] BoardInfo:872 - No configuration file found for board STM32U5G9J-DK2
2024-05-07 13:54:48,923 [INFO] DbBoards:144 - Board is not supported: STM32U5G9J-DK2
2024-05-07 13:54:48,930 [INFO] BoardInfo:872 - No configuration file found for board STM32WBA55G-DK1
2024-05-07 13:54:48,933 [INFO] DbBoards:144 - Board is not supported: STM32WBA55G-DK1
2024-05-07 13:54:48,933 [INFO] DbBoards:148 - Found 199 boards, 169 are supported
2024-05-07 13:54:48,943 [INFO] ApiDb:407 - Load user favorites file C:\Users\hoatt/.stm32cubeide/favorites.boards.txt: 0 item(s)
2024-05-07 13:54:48,943 [INFO] ApiDb:411 - User favorites Boards=[]
2024-05-07 13:54:48,943 [INFO] DbBoards:174 - Set 0 / 0 favorites Boards
2024-05-07 13:54:48,951 [INFO] ApiDb:654 - CubeFinder database Data Model version=2.1
2024-05-07 13:54:48,951 [INFO] ApiDb:655 - CubeFinder database Configuration version=3.0.39
2024-05-07 13:54:48,951 [INFO] ApiDb:656 - CubeFinder database generation date=2024-04-15 (1713193726)
2024-05-07 13:54:48,951 [INFO] ApiDb:657 - CubeFinder database FW Pack versions=[FP-ATR-ASTRA1_V2.0.0, FP-SNS-FLIGHT1_V5.0.1, FP-SNS-FLIGHT1_V5.0.2, FP-SNS-MOTENV1_V4.3.1, FP-SNS-MOTENV1_V4.3.2, FP-SNS-MOTENVWB1_V1.3.1, FP-SNS-SMARTAG2_V1.2.0, STM32Cube_FW_C0_V1.1.0, STM32Cube_FW_F4_V1.28.0, STM32Cube_FW_F7_V1.17.0, STM32Cube_FW_G0_V1.6.2, STM32Cube_FW_G4_V1.5.2, STM32Cube_FW_H5_V0.5.1, STM32Cube_FW_H5_V1.1.1, STM32Cube_FW_H5_V1.2.0, STM32Cube_FW_H5_V1.2.0RC4, STM32Cube_FW_H7RS_V1.0.0, STM32Cube_FW_H7RS_V1.0.0RC4, STM32Cube_FW_H7_V1.11.0, STM32Cube_FW_L0_V1.12.2, STM32Cube_FW_L5_V1.5.1, STM32Cube_FW_U0_V1.0.0, STM32Cube_FW_U0_V1.0.0RC1, STM32Cube_FW_U5_V1.3.0RC4, STM32Cube_FW_U5_V1.5.0, STM32Cube_FW_U5_V1.5.0RC1, STM32Cube_FW_WBA_V1.0.0RC1, STM32Cube_FW_WBA_V1.2.0, STM32Cube_FW_WBA_V1.2.0RC2, STM32Cube_FW_WBA_V1.3.0, STM32Cube_FW_WBA_V1.3.0RC1, STM32Cube_FW_WB_V1.15.0RC1, STM32Cube_FW_WB_V1.16.0, STM32Cube_FW_WB_V1.16.0RC2, STM32Cube_FW_WB_V1.18.0, STM32Cube_FW_WB_V1.19.0, STM32Cube_FW_WL_V1.3.0, X-CUBE-ALGOBUILD_V1.3.0, X-CUBE-ALS_V1.0.1, X-CUBE-AZRTOS-F4_V1.1.0, X-CUBE-AZRTOS-F7_V1.1.0, X-CUBE-AZRTOS-G0_V1.1.0, X-CUBE-AZRTOS-G4_V2.0.0, X-CUBE-AZRTOS-H7_V3.2.0, X-CUBE-AZRTOS-L4_V1.0.0, X-CUBE-AZRTOS-L4_V2.0.0, X-CUBE-AZRTOS-L5_V1.1.0, X-CUBE-AZRTOS-WB_V2.0.0, X-CUBE-AZRTOS-WL_V2.0.0, X-CUBE-BLE1_V7.0.0, X-CUBE-BLE2_V3.3.0, X-CUBE-BLEMGR_V3.1.0, X-CUBE-EEPRMA1_V4.1.0, X-CUBE-EEPRMA1_V5.1.0, X-CUBE-FREERTOS_V1.1.0, X-CUBE-GNSS1_V6.0.0, X-CUBE-MEMS1_V10.0.0, X-CUBE-MEMS1_V9.1.0, X-CUBE-MEMS1_V9.4.0, X-CUBE-MEMS1_V9.6.0, X-CUBE-NFC4_V3.0.0, X-CUBE-NFC7_V1.0.1, X-CUBE-SFXS2LP1_V4.0.0, X-CUBE-SUBG2_V5.0.0, X-CUBE-TOF1_V3.4.0]
2024-05-07 13:54:51,143 [ERROR] DbExamplesSqlite:409 - Missing JSON key: board_cpn
2024-05-07 13:54:51,143 [ERROR] DbExamplesSqlite:409 - Missing JSON key: board_cpn
2024-05-07 13:54:51,145 [ERROR] DbExamplesSqlite:409 - Missing JSON key: board_cpn
2024-05-07 13:54:51,145 [ERROR] DbExamplesSqlite:409 - Missing JSON key: board_cpn
2024-05-07 13:54:51,417 [INFO] DbExamplesSqlite:367 - Ignored 60 examples not supported by CubeIDE
2024-05-07 13:54:51,420 [INFO] DbExamplesSqlite:368 - Found 8152 examples active
2024-05-07 13:54:51,420 [INFO] DbExamplesSqlite:369 - Found 871 examples obsolete
2024-05-07 13:54:51,420 [INFO] DbExamplesSqlite:370 - Found 0 examples under development
2024-05-07 13:54:51,423 [INFO] DbExamplesSqlite:371 - Found 10 examples not building
2024-05-07 13:54:51,428 [INFO] DbExamples:124 - Found 8102 examples
2024-05-07 13:54:51,507 [ERROR] DbExamples:207 - Found 11 examples with invalid data (board or MCU)
2024-05-07 13:54:51,510 [INFO] DbExamples:221 - Found 101 boards with related examples
2024-05-07 13:54:51,513 [INFO] DbExamples:234 - Found 85 MCUs with related examples
2024-05-07 13:54:51,571 [INFO] ApiDb:398 - User favorites file not found: C:\Users\hoatt/.stm32cubeide/favorites.examples.txt
2024-05-07 13:54:51,574 [INFO] DbExamples:249 - Set 0 / 0 favorites Examples
2024-05-07 13:54:52,982 [INFO] McuFinderGlobals:52 - Set McuFinderConnectedMode to true
2024-05-07 13:54:53,012 [INFO] MultiScanPanel:195 - Auto-refresh data requested => check proxy status ongoing
2024-05-07 13:54:53,025 [INFO] FinderPluginLoader:87 - Searching for filters in installed packs
2024-05-07 13:54:56,388 [INFO] LoadUrlFilesThread:173 - End of LoadServerUrlFiles without Thread
2024-05-07 13:54:56,484 [INFO] DetailPanel:315 - Set advertising image to C:/Users/hoatt/STM32Cube/Repository/\en.prom-stm32h7rs-mcu-finder.png
2024-05-07 13:55:40,604 [INFO] MainUpdater:2729 - connection check result : 10
2024-05-07 13:55:40,604 [INFO] MainUpdater:2729 - connection check result : 10
2024-05-07 13:55:40,658 [INFO] MicroXplorer:447 - Change Database Path : 
2024-05-07 13:55:40,658 [INFO] MicroXplorer:477 - Change Database Version : DB.6.0.50
2024-05-07 13:55:40,661 [WARN] ThirdParty:823 - waiting for thirdparty lock release [close project]
2024-05-07 13:55:40,661 [INFO] ThirdParty:825 - entering critical section [close project]
2024-05-07 13:55:40,663 [INFO] ThirdParty:835 - exiting critical section [close project]
2024-05-07 13:55:40,671 [INFO] PinOutPanel:1465 - setPackage(No Configuration,No Configuration)
2024-05-07 13:55:40,681 [INFO] UtilMem:74 - Begin LoadConfig() Used Memory: 601015672 Bytes (795869184)
2024-05-07 13:55:40,687 [INFO] MicroXplorer:447 - Change Database Path : 
2024-05-07 13:55:40,687 [INFO] MicroXplorer:477 - Change Database Version : DB.6.0.50
2024-05-07 13:55:40,687 [INFO] OpenFileManager:303 - Change cursor
2024-05-07 13:55:41,033 [INFO] Mcu:1893 - Initializing MCU STM32F103C8Tx STM32F103C8Tx 
2024-05-07 13:55:41,036 [INFO] Mcu:1906 - No CPN specified => set CPN to STM32F103C8T6
2024-05-07 13:55:43,268 [INFO] Context:599 - Trying to add GPIOservice into a context  which must be forbidden
2024-05-07 13:55:43,807 [INFO] ImportTextPane:183 - (OptionalMessage_ERROR) Unable to find key (Mcu.ThirdPartyNb) in loaded IOC file
2024-05-07 13:55:43,809 [INFO] ImportTextPane:183 - (OptionalMessage_ERROR) Unable to find key (Mcu.PinsNb) in loaded IOC file
2024-05-07 13:55:43,809 [INFO] ImportTextPane:183 - (OptionalMessage_ERROR) Unable to find key (Mcu.IPNb) in loaded IOC file
2024-05-07 13:55:44,047 [WARN] ApiManager:304 - Cannot register API 'Board Extension:GNSS1A1' from pack STMicroelectronics.X-CUBE-GNSS1.6.0.0: no header file found
2024-05-07 13:55:44,047 [WARN] ApiManager:304 - Cannot register API 'Board Support:Custom' from pack STMicroelectronics.X-CUBE-GNSS1.6.0.0: no header file found
2024-05-07 13:55:44,050 [WARN] ApiManager:304 - Cannot register API 'Data Exchange:lib_gnss' from pack STMicroelectronics.X-CUBE-GNSS1.6.0.0: no header file found
2024-05-07 13:55:44,121 [WARN] ApiManager:304 - Cannot register API 'Board Extension:NFC06A1' from pack STMicroelectronics.X-CUBE-NFC6.3.1.0: no header file found
2024-05-07 13:55:44,121 [WARN] ApiManager:304 - Cannot register API 'Board Extension:NFC08A1' from pack STMicroelectronics.X-CUBE-NFC6.3.1.0: no header file found
2024-05-07 13:55:44,129 [INFO] RtosManager:484 - Registered RTOS mode: class=CMSIS, group=RTOS, mode=CMSIS_V1, owner=FREERTOS
2024-05-07 13:55:44,132 [INFO] RtosManager:484 - Registered RTOS mode: class=CMSIS, group=RTOS2, mode=CMSIS_V2, owner=FREERTOS
2024-05-07 13:55:44,132 [INFO] RtosManager:484 - Registered RTOS mode: class=RTOS, group=Core, mode=CMSIS_V1, owner=FREERTOS
2024-05-07 13:55:44,132 [INFO] RtosManager:484 - Registered RTOS mode: class=RTOS, group=Core, mode=CMSIS_V2, owner=FREERTOS
2024-05-07 13:55:44,134 [WARN] ModelIntegratedComponent:181 - Missing modes for component STMicroelectronics:FreeRTOS:0.0.1:STMicroelectronics:RTOS:FreeRTOS:Core:::10.2.0:
2024-05-07 13:55:44,142 [WARN] ApiManager:304 - Cannot register API 'Board Extension:STSAFEA1' from pack STMicroelectronics.X-CUBE-SAFEA1.1.2.2: no header file found
2024-05-07 13:55:44,142 [WARN] ApiManager:304 - Cannot register API 'Board Part:STSAFEA110' from pack STMicroelectronics.X-CUBE-SAFEA1.1.2.2: no header file found
2024-05-07 13:55:44,142 [WARN] ApiManager:304 - Cannot register API 'Security:ST_Cryptolib' from pack STMicroelectronics.X-CUBE-SAFEA1.1.2.2: no header file found
2024-05-07 13:55:44,142 [WARN] ApiManager:304 - Cannot register API 'Security:MbedTLS' from pack STMicroelectronics.X-CUBE-SAFEA1.1.2.2: no header file found
2024-05-07 13:55:44,147 [WARN] ApiManager:304 - Cannot register API 'Board Extension:NFC04A1' from pack STMicroelectronics.X-CUBE-NFC4.3.0.0: no header file found
2024-05-07 13:55:44,157 [WARN] ApiManager:304 - Cannot register API 'Board Extension:S2868A1' from pack STMicroelectronics.X-CUBE-SUBG2.5.0.0: no header file found
2024-05-07 13:55:44,157 [WARN] ApiManager:304 - Cannot register API 'Board Extension:S2868A2' from pack STMicroelectronics.X-CUBE-SUBG2.5.0.0: no header file found
2024-05-07 13:55:44,157 [WARN] ApiManager:304 - Cannot register API 'Board Extension:S2915A1' from pack STMicroelectronics.X-CUBE-SUBG2.5.0.0: no header file found
2024-05-07 13:55:44,178 [WARN] ApiManager:304 - Cannot register API 'Wireless:BlueNRG-MS' from pack STMicroelectronics.X-CUBE-BLE1.7.0.0: no header file found
2024-05-07 13:55:44,185 [WARN] ApiManager:304 - Cannot register API 'Board Extension:EEPRMA2' from pack STMicroelectronics.X-CUBE-EEPRMA1.5.1.0: no header file found
2024-05-07 13:55:44,185 [WARN] ApiManager:304 - Cannot register API 'Board Extension:PGEEZ1' from pack STMicroelectronics.X-CUBE-EEPRMA1.5.1.0: no header file found
2024-05-07 13:55:44,185 [WARN] ApiManager:304 - Cannot register API 'Board Extension:EEICA1' from pack STMicroelectronics.X-CUBE-EEPRMA1.5.1.0: no header file found
2024-05-07 13:55:44,185 [WARN] ApiManager:304 - Cannot register API 'Board Part:M24' from pack STMicroelectronics.X-CUBE-EEPRMA1.5.1.0: no header file found
2024-05-07 13:55:44,185 [WARN] ApiManager:304 - Cannot register API 'Board Part:M95' from pack STMicroelectronics.X-CUBE-EEPRMA1.5.1.0: no header file found
2024-05-07 13:55:44,185 [WARN] ApiManager:304 - Cannot register API 'Board Part:M95P32' from pack STMicroelectronics.X-CUBE-EEPRMA1.5.1.0: no header file found
2024-05-07 13:55:44,185 [WARN] ApiManager:304 - Cannot register API 'Board Part:M24256E-F' from pack STMicroelectronics.X-CUBE-EEPRMA1.5.1.0: no header file found
2024-05-07 13:55:44,185 [WARN] ApiManager:304 - Cannot register API 'Board Part:M24M01E-F' from pack STMicroelectronics.X-CUBE-EEPRMA1.5.1.0: no header file found
2024-05-07 13:55:44,185 [WARN] ApiManager:304 - Cannot register API 'PGEEZ1:SPI' from pack STMicroelectronics.X-CUBE-EEPRMA1.5.1.0: no header file found
2024-05-07 13:55:44,185 [WARN] ApiManager:304 - Cannot register API 'PGEEZ1:QDSPI' from pack STMicroelectronics.X-CUBE-EEPRMA1.5.1.0: no header file found
2024-05-07 13:55:44,191 [WARN] ModelIntegratedComponent:60 - No mode defined for component null
2024-05-07 13:55:44,193 [WARN] ModelIntegratedComponent:60 - No mode defined for component null
2024-05-07 13:55:44,193 [WARN] ModelIntegratedComponent:60 - No mode defined for component null
2024-05-07 13:55:44,193 [WARN] ModelIntegratedComponent:60 - No mode defined for component null
2024-05-07 13:55:44,193 [WARN] ModelIntegratedComponent:60 - No mode defined for component null
2024-05-07 13:55:44,193 [WARN] ModelIntegratedComponent:60 - No mode defined for component null
2024-05-07 13:55:44,193 [WARN] ModelIntegratedComponent:60 - No mode defined for component null
2024-05-07 13:55:44,193 [WARN] ModelIntegratedComponent:60 - No mode defined for component null
2024-05-07 13:55:44,193 [WARN] ModelIntegratedComponent:60 - No mode defined for component null
2024-05-07 13:55:44,193 [WARN] ModelIntegratedComponent:60 - No mode defined for component null
2024-05-07 13:55:44,193 [WARN] ModelIntegratedComponent:60 - No mode defined for component null
2024-05-07 13:55:44,193 [WARN] ModelIntegratedComponent:60 - No mode defined for component null
2024-05-07 13:55:44,193 [WARN] ModelIntegratedComponent:60 - No mode defined for component null
2024-05-07 13:55:44,193 [WARN] ModelIntegratedComponent:60 - No mode defined for component null
2024-05-07 13:55:44,196 [WARN] ModelIntegratedComponent:60 - No mode defined for component null
2024-05-07 13:55:44,196 [WARN] ModelIntegratedComponent:60 - No mode defined for component null
2024-05-07 13:55:44,196 [WARN] ModelIntegratedComponent:60 - No mode defined for component null
2024-05-07 13:55:44,196 [WARN] ModelIntegratedComponent:60 - No mode defined for component null
2024-05-07 13:55:44,196 [WARN] ModelIntegratedComponent:60 - No mode defined for component null
2024-05-07 13:55:44,196 [WARN] ModelIntegratedComponent:60 - No mode defined for component null
2024-05-07 13:55:44,196 [WARN] ModelIntegratedComponent:60 - No mode defined for component null
2024-05-07 13:55:44,196 [WARN] ModelIntegratedComponent:60 - No mode defined for component null
2024-05-07 13:55:44,196 [WARN] ModelIntegratedComponent:60 - No mode defined for component null
2024-05-07 13:55:44,196 [WARN] ModelIntegratedComponent:60 - No mode defined for component null
2024-05-07 13:55:44,196 [WARN] ModelIntegratedComponent:60 - No mode defined for component null
2024-05-07 13:55:44,196 [WARN] ModelIntegratedComponent:60 - No mode defined for component null
2024-05-07 13:55:44,196 [WARN] ModelIntegratedComponent:60 - No mode defined for component null
2024-05-07 13:55:44,196 [WARN] ModelIntegratedComponent:60 - No mode defined for component null
2024-05-07 13:55:44,196 [WARN] ModelIntegratedComponent:60 - No mode defined for component null
2024-05-07 13:55:44,196 [WARN] ModelIntegratedComponent:60 - No mode defined for component null
2024-05-07 13:55:44,196 [WARN] ModelIntegratedComponent:60 - No mode defined for component null
2024-05-07 13:55:44,196 [WARN] ModelIntegratedComponent:60 - No mode defined for component null
2024-05-07 13:55:44,196 [WARN] ModelIntegratedComponent:60 - No mode defined for component null
2024-05-07 13:55:44,428 [WARN] ApiManager:304 - Cannot register API 'Board Extension:IKS01A3' from pack STMicroelectronics.X-CUBE-MEMS1.10.0.0: no header file found
2024-05-07 13:55:44,430 [WARN] ApiManager:304 - Cannot register API 'Board Extension:IKS02A1' from pack STMicroelectronics.X-CUBE-MEMS1.10.0.0: no header file found
2024-05-07 13:55:44,430 [WARN] ApiManager:304 - Cannot register API 'Board Extension:IKS4A1' from pack STMicroelectronics.X-CUBE-MEMS1.10.0.0: no header file found
2024-05-07 13:55:44,449 [WARN] ApiManager:304 - Cannot register API 'Board Extension:NFC07A1' from pack STMicroelectronics.X-CUBE-NFC7.1.0.1: no header file found
2024-05-07 13:55:44,488 [WARN] ApiManager:304 - Cannot register API 'Board Extension:S2868A1' from pack STMicroelectronics.X-CUBE-SFXS2LP1.4.0.0: no header file found
2024-05-07 13:55:44,491 [WARN] ApiManager:304 - Cannot register API 'Board Extension:S2868A2' from pack STMicroelectronics.X-CUBE-SFXS2LP1.4.0.0: no header file found
2024-05-07 13:55:44,491 [WARN] ApiManager:304 - Cannot register API 'Board Extension:S2915A1' from pack STMicroelectronics.X-CUBE-SFXS2LP1.4.0.0: no header file found
2024-05-07 13:55:44,491 [WARN] ApiManager:304 - Cannot register API 'Wireless:BlueNRG-2' from pack STMicroelectronics.X-CUBE-BLE2.3.3.0: no header file found
2024-05-07 13:55:44,539 [INFO] ThirdPartyModel:282 - Start build external matchings
2024-05-07 13:55:45,436 [INFO] ThirdPartyModel:295 - End build external matchings
2024-05-07 13:55:46,006 [INFO] UtilMem:74 - End LoadConfig() Used Memory: 578487344 Bytes (795869184)
2024-05-07 13:55:46,097 [WARN] ThirdParty:785 - waiting for thirdparty lock release [change project]
2024-05-07 13:55:46,100 [INFO] ThirdParty:787 - entering critical section [change project]
2024-05-07 13:55:46,100 [INFO] ThirdParty:977 - CMSIS Pack Vendor :STMicroelectronics X-CUBE-GNSS1 6.0.0
2024-05-07 13:55:46,103 [INFO] ThirdParty:977 - CMSIS Pack Vendor :STMicroelectronics USB_HOST 2.0.0
2024-05-07 13:55:46,103 [INFO] ThirdParty:977 - CMSIS Pack Vendor :STMicroelectronics FP-SNS-MOTENVWB1 1.4.0
2024-05-07 13:55:46,103 [INFO] ThirdParty:977 - CMSIS Pack Vendor :STMicroelectronics X-CUBE-AZRTOS-F4 1.1.0
2024-05-07 13:55:46,103 [INFO] ThirdParty:977 - CMSIS Pack Vendor :STMicroelectronics LIBJPEG 8.0.0
2024-05-07 13:55:46,105 [INFO] ThirdParty:977 - CMSIS Pack Vendor :STMicroelectronics X-CUBE-SMBUS 2.1.0
2024-05-07 13:55:46,105 [INFO] ThirdParty:977 - CMSIS Pack Vendor :STMicroelectronics USB_DEVICE 3.0.0
2024-05-07 13:55:46,105 [INFO] ThirdParty:977 - CMSIS Pack Vendor :STMicroelectronics X-CUBE-TCPP 4.1.0
2024-05-07 13:55:46,105 [INFO] ThirdParty:977 - CMSIS Pack Vendor :STMicroelectronics X-CUBE-FREERTOS 1.2.0
2024-05-07 13:55:46,105 [INFO] ThirdParty:977 - CMSIS Pack Vendor :STMicroelectronics X-CUBE-AZRTOS-WB 2.0.0
2024-05-07 13:55:46,105 [INFO] ThirdParty:977 - CMSIS Pack Vendor :STMicroelectronics X-CUBE-TOUCHGFX 4.23.2
2024-05-07 13:55:46,105 [INFO] ThirdParty:977 - CMSIS Pack Vendor :STMicroelectronics X-CUBE-AZRTOS-F7 1.1.0
2024-05-07 13:55:46,105 [INFO] ThirdParty:977 - CMSIS Pack Vendor :STMicroelectronics X-CUBE-AZRTOS-L5 2.0.0
2024-05-07 13:55:46,105 [INFO] ThirdParty:977 - CMSIS Pack Vendor :STMicroelectronics USB_DEVICE 2.0.0
2024-05-07 13:55:46,105 [INFO] ThirdParty:977 - CMSIS Pack Vendor :STMicroelectronics X-CUBE-NFC6 3.1.0
2024-05-07 13:55:46,105 [INFO] ThirdParty:977 - CMSIS Pack Vendor :STMicroelectronics X-CUBE-ALGOBUILD 1.3.0
2024-05-07 13:55:46,105 [INFO] ThirdParty:977 - CMSIS Pack Vendor :STMicroelectronics FreeRTOS 0.0.1
2024-05-07 13:55:46,105 [INFO] ThirdParty:977 - CMSIS Pack Vendor :STMicroelectronics X-CUBE-AZRTOS-G0 1.1.0
2024-05-07 13:55:46,105 [INFO] ThirdParty:977 - CMSIS Pack Vendor :STMicroelectronics X-CUBE-SAFEA1 1.2.2
2024-05-07 13:55:46,105 [INFO] ThirdParty:977 - CMSIS Pack Vendor :STMicroelectronics X-CUBE-NFC4 3.0.0
2024-05-07 13:55:46,105 [INFO] ThirdParty:977 - CMSIS Pack Vendor :STMicroelectronics X-CUBE-SUBG2 5.0.0
2024-05-07 13:55:46,108 [INFO] ThirdParty:977 - CMSIS Pack Vendor :STMicroelectronics STM32_WPAN 1.0.0
2024-05-07 13:55:46,108 [INFO] ThirdParty:977 - CMSIS Pack Vendor :STMicroelectronics lwIP 2.0.3
2024-05-07 13:55:46,113 [INFO] ThirdParty:977 - CMSIS Pack Vendor :STMicroelectronics FP-SNS-FLIGHT1 5.0.2
2024-05-07 13:55:46,113 [INFO] ThirdParty:977 - CMSIS Pack Vendor :STMicroelectronics USB_HOST 1.0.0
2024-05-07 13:55:46,113 [INFO] ThirdParty:977 - CMSIS Pack Vendor :STMicroelectronics X-CUBE-AI 9.0.0
2024-05-07 13:55:46,113 [INFO] ThirdParty:977 - CMSIS Pack Vendor :STMicroelectronics X-CUBE-AZRTOS-G4 2.0.0
2024-05-07 13:55:46,113 [INFO] ThirdParty:977 - CMSIS Pack Vendor :STMicroelectronics PDM2PCM 3.1.0
2024-05-07 13:55:46,113 [INFO] ThirdParty:977 - CMSIS Pack Vendor :STMicroelectronics PDM2PCM 3.3.0
2024-05-07 13:55:46,113 [INFO] ThirdParty:977 - CMSIS Pack Vendor :STMicroelectronics X-CUBE-DISPLAY 3.0.0
2024-05-07 13:55:46,113 [INFO] ThirdParty:977 - CMSIS Pack Vendor :wolfSSL I-CUBE-wolfSSL 5.7.0
2024-05-07 13:55:46,116 [INFO] ThirdParty:977 - CMSIS Pack Vendor :STMicroelectronics X-CUBE-BLE1 7.0.0
2024-05-07 13:55:46,116 [INFO] ThirdParty:977 - CMSIS Pack Vendor :STMicroelectronics FP-ATR-SIGFOX1 3.2.0
2024-05-07 13:55:46,116 [INFO] ThirdParty:977 - CMSIS Pack Vendor :STMicroelectronics X-CUBE-ISPU 2.0.0
2024-05-07 13:55:46,116 [INFO] ThirdParty:977 - CMSIS Pack Vendor :STMicroelectronics X-CUBE-EEPRMA1 5.1.0
2024-05-07 13:55:46,116 [INFO] ThirdParty:977 - CMSIS Pack Vendor :STMicroelectronics HAL Drivers 0.0.0
2024-05-07 13:55:46,116 [INFO] ThirdParty:977 - CMSIS Pack Vendor :STMicroelectronics MBEDTLS 2.16.2
2024-05-07 13:55:46,116 [INFO] ThirdParty:977 - CMSIS Pack Vendor :emotas I-CUBE-CANOPEN 1.3.0
2024-05-07 13:55:46,116 [INFO] ThirdParty:977 - CMSIS Pack Vendor :STMicroelectronics X-CUBE-MEMS1 10.0.0
2024-05-07 13:55:46,116 [INFO] ThirdParty:977 - CMSIS Pack Vendor :STMicroelectronics X-CUBE-NFC7 1.0.1
2024-05-07 13:55:46,116 [INFO] ThirdParty:977 - CMSIS Pack Vendor :STMicroelectronics MBEDTLS 2.14.1
2024-05-07 13:55:46,116 [INFO] ThirdParty:977 - CMSIS Pack Vendor :ITTIA_DB I-CUBE-ITTIADB 8.9.0
2024-05-07 13:55:46,116 [INFO] ThirdParty:977 - CMSIS Pack Vendor :portGmbH I-Cube-SoM-uGOAL 1.1.0
2024-05-07 13:55:46,116 [INFO] ThirdParty:977 - CMSIS Pack Vendor :STMicroelectronics X-CUBE-ALS 1.0.1
2024-05-07 13:55:46,116 [INFO] ThirdParty:977 - CMSIS Pack Vendor :STMicroelectronics X-CUBE-BLEMGR 3.1.0
2024-05-07 13:55:46,116 [INFO] ThirdParty:977 - CMSIS Pack Vendor :STMicroelectronics ThreadX 1.0.0
2024-05-07 13:55:46,116 [INFO] ThirdParty:977 - CMSIS Pack Vendor :STMicroelectronics FP-SNS-SMARTAG2 1.2.0
2024-05-07 13:55:46,116 [INFO] ThirdParty:977 - CMSIS Pack Vendor :STMicroelectronics X-CUBE-AZRTOS-WL 2.0.0
2024-05-07 13:55:46,116 [INFO] ThirdParty:977 - CMSIS Pack Vendor :SEGGER I-CUBE-embOS 1.3.1
2024-05-07 13:55:46,116 [INFO] ThirdParty:977 - CMSIS Pack Vendor :STMicroelectronics FP-SNS-MOTENV1 5.0.0
2024-05-07 13:55:46,116 [INFO] ThirdParty:977 - CMSIS Pack Vendor :STMicroelectronics USB_DEVICE 1.0.0
2024-05-07 13:55:46,119 [INFO] ThirdParty:977 - CMSIS Pack Vendor :STMicroelectronics X-CUBE-AZRTOS-H7RS 1.0.0
2024-05-07 13:55:46,119 [INFO] ThirdParty:977 - CMSIS Pack Vendor :STMicroelectronics X-CUBE-AZRTOS-L4 2.0.0
2024-05-07 13:55:46,119 [INFO] ThirdParty:977 - CMSIS Pack Vendor :STMicroelectronics ThreadX 0.0.2
2024-05-07 13:55:46,119 [INFO] ThirdParty:977 - CMSIS Pack Vendor :WES I-CUBE-Cesium 1.3.0
2024-05-07 13:55:46,119 [INFO] ThirdParty:977 - CMSIS Pack Vendor :STMicroelectronics FP-ATR-ASTRA1 2.0.0
2024-05-07 13:55:46,119 [INFO] ThirdParty:977 - CMSIS Pack Vendor :STMicroelectronics lwIP 2.1.2
2024-05-07 13:55:46,119 [INFO] ThirdParty:977 - CMSIS Pack Vendor :STMicroelectronics X-CUBE-SFXS2LP1 4.0.0
2024-05-07 13:55:46,119 [INFO] ThirdParty:977 - CMSIS Pack Vendor :STMicroelectronics X-CUBE-BLE2 3.3.0
2024-05-07 13:55:46,119 [INFO] ThirdParty:977 - CMSIS Pack Vendor :STMicroelectronics X-CUBE-TOF1 3.4.1
2024-05-07 13:55:46,119 [INFO] ThirdParty:977 - CMSIS Pack Vendor :STMicroelectronics X-CUBE-AZRTOS-H7 3.2.0
2024-05-07 13:55:46,119 [INFO] ThirdParty:977 - CMSIS Pack Vendor :Infineon AIROC-Wi-Fi-Bluetooth-STM32 1.6.0
2024-05-07 13:55:46,119 [INFO] ThirdParty:977 - CMSIS Pack Vendor :STMicroelectronics PDM2PCM 3.2.0
2024-05-07 13:55:46,119 [INFO] ThirdParty:793 - exiting critical section [change project]
2024-05-07 13:55:47,218 [INFO] PinOutPanel:1465 - setPackage(No Configuration,No Configuration)
2024-05-07 13:55:47,225 [INFO] PinOutPanel:1465 - setPackage(STM32F103C8Tx,LQFP48)
2024-05-07 13:55:48,321 [INFO] UtilMem:74 - Before build in PCC Used Memory: 606548944 Bytes (795869184)
2024-05-07 13:55:50,412 [INFO] UtilMem:74 - After build in PCC Used Memory: 668676664 Bytes (795869184)
2024-05-07 13:55:50,468 [INFO] IPUIPlugin:75 - create IPUIPlugin
2024-05-07 13:55:50,468 [INFO] IPUIPlugin:75 - create IPUIPlugin
2024-05-07 13:55:50,468 [INFO] IPUIPlugin:75 - create IPUIPlugin
2024-05-07 13:55:50,468 [INFO] IPUIPlugin:75 - create IPUIPlugin
2024-05-07 13:55:50,468 [INFO] IPUIPlugin:75 - create IPUIPlugin
2024-05-07 13:55:50,471 [INFO] IPUIPlugin:75 - create IPUIPlugin
2024-05-07 13:55:50,471 [INFO] IPUIPlugin:75 - create IPUIPlugin
2024-05-07 13:55:50,471 [INFO] IPUIPlugin:75 - create IPUIPlugin
2024-05-07 13:55:50,471 [INFO] IPUIPlugin:75 - create IPUIPlugin
2024-05-07 13:55:50,471 [INFO] IPUIPlugin:75 - create IPUIPlugin
2024-05-07 13:55:50,471 [INFO] IPUIPlugin:75 - create IPUIPlugin
2024-05-07 13:55:50,474 [INFO] IPUIPlugin:75 - create IPUIPlugin
2024-05-07 13:55:50,474 [INFO] IPUIPlugin:75 - create IPUIPlugin
2024-05-07 13:55:50,474 [INFO] IPUIPlugin:75 - create IPUIPlugin
2024-05-07 13:55:50,476 [INFO] IPUIPlugin:75 - create IPUIPlugin
2024-05-07 13:55:50,476 [INFO] IPUIPlugin:75 - create IPUIPlugin
2024-05-07 13:55:50,476 [INFO] IPUIPlugin:75 - create IPUIPlugin
2024-05-07 13:55:50,476 [INFO] IPUIPlugin:75 - create IPUIPlugin
2024-05-07 13:55:50,479 [INFO] IPUIPlugin:75 - create IPUIPlugin
2024-05-07 13:55:50,479 [INFO] IPUIPlugin:75 - create IPUIPlugin
2024-05-07 13:55:50,479 [INFO] IPUIPlugin:75 - create IPUIPlugin
2024-05-07 13:55:50,479 [INFO] IPUIPlugin:75 - create IPUIPlugin
2024-05-07 13:55:50,482 [INFO] IPUIPlugin:75 - create IPUIPlugin
2024-05-07 13:55:50,482 [INFO] IPUIPlugin:75 - create IPUIPlugin
2024-05-07 13:55:50,482 [INFO] IPUIPlugin:75 - create IPUIPlugin
2024-05-07 13:55:50,482 [INFO] IPUIPlugin:75 - create IPUIPlugin
2024-05-07 13:55:50,484 [INFO] IPUIPlugin:75 - create IPUIPlugin
2024-05-07 13:55:50,977 [INFO] OpenFileManager:323 - Restore cursor
2024-05-07 13:55:53,369 [INFO] UtilMem:74 - End SaveConfig() Used Memory: 657209368 Bytes (795869184)
2024-05-07 13:55:53,527 [INFO] UtilMem:74 - End SaveConfig() Used Memory: 668221464 Bytes (795869184)
2024-05-07 13:55:55,148 [INFO] BlockDiagram:2740 - set Specific Code input for plugin: NVIC
2024-05-07 13:55:55,150 [INFO] BlockDiagram:2740 - set Specific Code input for plugin: SYS
2024-05-07 13:55:55,150 [INFO] BlockDiagram:2740 - set Specific Code input for plugin: RCC
2024-05-07 13:55:55,160 [INFO] CodeGenerator:681 - code generatio: config db path: C:\ST\STM32CubeIDE_1.9.0\STM32CubeIDE\plugins\com.st.stm32cube.common.mx_6.5.0.202202251913\\db\
2024-05-07 13:55:56,100 [INFO] CodeEngine:237 - oldGeneratedFile, C:\Users\hoatt\STM32CubeIDE\workspace_1.9.0\BOOT\MXTmpFiles\license.tmp_save
2024-05-07 13:55:57,220 [INFO] CodeEngine:261 - Generated code: C:\Users\hoatt\STM32CubeIDE\workspace_1.9.0\BOOT\MXTmpFiles\license.tmp
2024-05-07 13:55:57,500 [INFO] CodeEngine:237 - oldGeneratedFile, C:\Users\hoatt\STM32CubeIDE\workspace_1.9.0\BOOT\Core\Src\stm32f1xx_it.c_save
2024-05-07 13:55:57,828 [INFO] CodeEngine:261 - Generated code: C:\Users\hoatt\STM32CubeIDE\workspace_1.9.0\BOOT\Core\Src\stm32f1xx_it.c
2024-05-07 13:55:57,842 [INFO] CodeEngine:237 - oldGeneratedFile, C:\Users\hoatt\STM32CubeIDE\workspace_1.9.0\BOOT\Core\Inc\stm32f1xx_it.h_save
2024-05-07 13:55:58,010 [INFO] CodeEngine:261 - Generated code: C:\Users\hoatt\STM32CubeIDE\workspace_1.9.0\BOOT\Core\Inc\stm32f1xx_it.h
2024-05-07 13:55:58,052 [INFO] CodeEngine:237 - oldGeneratedFile, C:\Users\hoatt\STM32CubeIDE\workspace_1.9.0\BOOT\Core\Src\stm32f1xx_hal_msp.c_save
2024-05-07 13:55:58,478 [INFO] CodeEngine:261 - Generated code: C:\Users\hoatt\STM32CubeIDE\workspace_1.9.0\BOOT\Core\Src\stm32f1xx_hal_msp.c
2024-05-07 13:55:58,514 [INFO] CodeEngine:237 - oldGeneratedFile, C:\Users\hoatt\STM32CubeIDE\workspace_1.9.0\BOOT\MXTmpFiles\system.tmp_save
2024-05-07 13:55:58,729 [INFO] CodeEngine:261 - Generated code: C:\Users\hoatt\STM32CubeIDE\workspace_1.9.0\BOOT\MXTmpFiles\system.tmp
2024-05-07 13:55:58,763 [INFO] CodeEngine:237 - oldGeneratedFile, C:\Users\hoatt\STM32CubeIDE\workspace_1.9.0\BOOT\Core\Inc\stm32f1xx_hal_conf.h_save
2024-05-07 13:55:59,012 [INFO] CodeEngine:261 - Generated code: C:\Users\hoatt\STM32CubeIDE\workspace_1.9.0\BOOT\Core\Inc\stm32f1xx_hal_conf.h
2024-05-07 13:55:59,113 [INFO] CodeEngine:237 - oldGeneratedFile, C:\Users\hoatt\STM32CubeIDE\workspace_1.9.0\BOOT\Core\Inc\main.h_save
2024-05-07 13:55:59,401 [INFO] CodeEngine:261 - Generated code: C:\Users\hoatt\STM32CubeIDE\workspace_1.9.0\BOOT\Core\Inc\main.h
2024-05-07 13:55:59,420 [INFO] CodeEngine:237 - oldGeneratedFile, C:\Users\hoatt\STM32CubeIDE\workspace_1.9.0\BOOT\Core\Src\main.c_save
2024-05-07 13:55:59,892 [INFO] CodeEngine:261 - Generated code: C:\Users\hoatt\STM32CubeIDE\workspace_1.9.0\BOOT\Core\Src\main.c
2024-05-07 13:56:01,783 [INFO] ProjectBuilder:2913 - Time for Copy HAL[1] : 513mS.
2024-05-07 13:56:01,823 [INFO] ProjectBuilder:4015 - Project Generator version: 3.16.0
2024-05-07 13:56:02,734 [INFO] ConfigFileManager:1287 - The Die is : DIE410
2024-05-07 13:56:02,761 [INFO] ApiDbMcu:488 - Load IP Config File for FATFS
2024-05-07 13:56:02,780 [INFO] ApiDbMcu:488 - Load IP Config File for FREERTOS
2024-05-07 13:56:02,803 [INFO] ApiDbMcu:488 - Load IP Config File for USB_DEVICE
2024-05-07 13:56:09,377 [INFO] ProjectBuilder:4183 - Time for Generating toolchain IDE Files: 7554mS.
2024-05-07 13:56:09,380 [INFO] ProjectBuilder:2785 - Time for Copy CMSIS : 0mS.
2024-05-07 13:56:09,391 [INFO] ProjectBuilder:2785 - Time for Copy CMSIS : 0mS.
2024-05-07 13:56:12,389 [INFO] McuFinderGlobals:52 - Set McuFinderConnectedMode to true
2024-05-07 13:56:12,394 [INFO] ApiDb:432 - Save user favorites file C:\Users\hoatt/.stm32cubeide/favorites.mcus.txt: 0 item(s)
2024-05-07 13:56:12,396 [INFO] ApiDb:436 - User favorites MCUs=[]
2024-05-07 13:56:21,684 [INFO] UtilMem:74 - End SaveConfig() Used Memory: 626186448 Bytes (995098624)
2024-05-07 13:56:23,575 [INFO] UtilMem:74 - End SaveConfig() Used Memory: 645116368 Bytes (995098624)
2024-05-07 13:56:28,889 [INFO] UtilMem:74 - End SaveConfig() Used Memory: 759787704 Bytes (995098624)
2024-05-07 13:56:29,717 [INFO] BlockDiagram:2740 - set Specific Code input for plugin: NVIC
2024-05-07 13:56:29,720 [INFO] BlockDiagram:2740 - set Specific Code input for plugin: SYS
2024-05-07 13:56:29,720 [INFO] BlockDiagram:2740 - set Specific Code input for plugin: GPIO
2024-05-07 13:56:29,720 [INFO] BlockDiagram:2740 - set Specific Code input for plugin: RCC
2024-05-07 13:56:29,724 [INFO] CodeGenerator:681 - code generatio: config db path: C:\ST\STM32CubeIDE_1.9.0\STM32CubeIDE\plugins\com.st.stm32cube.common.mx_6.5.0.202202251913\\db\
2024-05-07 13:56:30,060 [INFO] CodeEngine:237 - oldGeneratedFile, C:\Users\hoatt\STM32CubeIDE\workspace_1.9.0\BOOT\MXTmpFiles\license.tmp_save
2024-05-07 13:56:30,236 [INFO] CodeEngine:261 - Generated code: C:\Users\hoatt\STM32CubeIDE\workspace_1.9.0\BOOT\MXTmpFiles\license.tmp
2024-05-07 13:56:30,291 [INFO] CodeEngine:237 - oldGeneratedFile, C:\Users\hoatt\STM32CubeIDE\workspace_1.9.0\BOOT\MXTmpFiles\gpio.tmp_save
2024-05-07 13:56:30,539 [INFO] CodeEngine:261 - Generated code: C:\Users\hoatt\STM32CubeIDE\workspace_1.9.0\BOOT\MXTmpFiles\gpio.tmp
2024-05-07 13:56:30,596 [INFO] CodeEngine:237 - oldGeneratedFile, C:\Users\hoatt\STM32CubeIDE\workspace_1.9.0\BOOT\Core\Src\stm32f1xx_it.c_save
2024-05-07 13:56:30,792 [INFO] CodeEngine:261 - Generated code: C:\Users\hoatt\STM32CubeIDE\workspace_1.9.0\BOOT\Core\Src\stm32f1xx_it.c
2024-05-07 13:56:30,819 [INFO] CodeEngine:237 - oldGeneratedFile, C:\Users\hoatt\STM32CubeIDE\workspace_1.9.0\BOOT\Core\Inc\stm32f1xx_it.h_save
2024-05-07 13:56:31,014 [INFO] CodeEngine:261 - Generated code: C:\Users\hoatt\STM32CubeIDE\workspace_1.9.0\BOOT\Core\Inc\stm32f1xx_it.h
2024-05-07 13:56:31,063 [INFO] CodeEngine:237 - oldGeneratedFile, C:\Users\hoatt\STM32CubeIDE\workspace_1.9.0\BOOT\Core\Src\stm32f1xx_hal_msp.c_save
2024-05-07 13:56:31,369 [INFO] CodeEngine:261 - Generated code: C:\Users\hoatt\STM32CubeIDE\workspace_1.9.0\BOOT\Core\Src\stm32f1xx_hal_msp.c
2024-05-07 13:56:31,391 [INFO] CodeEngine:237 - oldGeneratedFile, C:\Users\hoatt\STM32CubeIDE\workspace_1.9.0\BOOT\MXTmpFiles\system.tmp_save
2024-05-07 13:56:31,519 [INFO] CodeEngine:261 - Generated code: C:\Users\hoatt\STM32CubeIDE\workspace_1.9.0\BOOT\MXTmpFiles\system.tmp
2024-05-07 13:56:31,553 [INFO] CodeEngine:237 - oldGeneratedFile, C:\Users\hoatt\STM32CubeIDE\workspace_1.9.0\BOOT\Core\Inc\stm32f1xx_hal_conf.h_save
2024-05-07 13:56:31,716 [INFO] CodeEngine:261 - Generated code: C:\Users\hoatt\STM32CubeIDE\workspace_1.9.0\BOOT\Core\Inc\stm32f1xx_hal_conf.h
2024-05-07 13:56:31,804 [INFO] CodeEngine:237 - oldGeneratedFile, C:\Users\hoatt\STM32CubeIDE\workspace_1.9.0\BOOT\Core\Inc\main.h_save
2024-05-07 13:56:31,990 [INFO] CodeEngine:261 - Generated code: C:\Users\hoatt\STM32CubeIDE\workspace_1.9.0\BOOT\Core\Inc\main.h
2024-05-07 13:56:32,020 [INFO] CodeEngine:237 - oldGeneratedFile, C:\Users\hoatt\STM32CubeIDE\workspace_1.9.0\BOOT\Core\Src\main.c_save
2024-05-07 13:56:32,284 [INFO] CodeEngine:261 - Generated code: C:\Users\hoatt\STM32CubeIDE\workspace_1.9.0\BOOT\Core\Src\main.c
2024-05-07 13:56:33,998 [INFO] ProjectBuilder:2913 - Time for Copy HAL[1] : 645mS.
2024-05-07 13:56:34,013 [INFO] ProjectBuilder:4015 - Project Generator version: 3.16.0
2024-05-07 13:56:34,707 [INFO] ConfigFileManager:1287 - The Die is : DIE410
2024-05-07 13:56:37,482 [INFO] ProjectBuilder:4183 - Time for Generating toolchain IDE Files: 3466mS.
2024-05-07 13:56:37,484 [INFO] ProjectBuilder:2785 - Time for Copy CMSIS : 2mS.
2024-05-07 13:56:37,497 [INFO] ProjectBuilder:2785 - Time for Copy CMSIS : 0mS.
2024-05-07 20:46:29,456 [ERROR] ConfigurationRetriever:139 - IOException on connection: PKIX path building failed: sun.security.provider.certpath.SunCertPathBuilderException: unable to find valid certification path to requested target
2024-05-07 20:46:29,557 [ERROR] ConfigurationRetriever:139 - IOException on connection: PKIX path building failed: sun.security.provider.certpath.SunCertPathBuilderException: unable to find valid certification path to requested target
2024-05-07 20:46:29,638 [ERROR] ConfigurationRetriever:139 - IOException on connection: PKIX path building failed: sun.security.provider.certpath.SunCertPathBuilderException: unable to find valid certification path to requested target
