2024-05-28 22:30:28,240 [INFO] Activator:177 - 


2024-05-28 22:30:28,244 [INFO] Activator:178 - !SESSION log4j initialized
2024-05-28 22:30:32,613 [INFO] McuFinderGlobals:39 - Set McuFinder mode to 2 (CubeIDE integrated)
2024-05-28 22:30:33,840 [ERROR] AnalyticsContext:980 - The ST intranet updater server is unknown: mcucrossselector.codex.cro.st.com
2024-05-28 22:30:35,342 [INFO] ApplicationProperties:181 - Using Application install path: C:\ST\STM32CubeIDE_1.9.0\STM32CubeIDE\plugins\com.st.stm32cube.common.mx_6.5.0.202202251913
2024-05-28 22:30:35,377 [INFO] DbMcusXml:72 - Set database path to: C:\ST\STM32CubeIDE_1.9.0\STM32CubeIDE\plugins\com.st.stm32cube.common.mx_6.5.0.202202251913\\db\/mcu/
2024-05-28 22:30:35,377 [INFO] ApiDb:260 - Set plugin database path to: C:\ST\STM32CubeIDE_1.9.0\STM32CubeIDE\plugins\com.st.stm32cube.common.mx_6.5.0.202202251913\\db\/plugins/boardmanager/
2024-05-28 22:30:35,385 [WARN] ApiDb:245 - Overriding images path with different value:  => C:\ST\STM32CubeIDE_1.9.0\STM32CubeIDE\plugins\com.st.stm32cube.common.mx_6.5.0.202202251913\\db\/plugins/mcufinder/images/
2024-05-28 22:30:35,425 [INFO] ApiDb:226 - Set database path to: C:\Users\hoatt\.stmcufinder\plugins\mcufinder//mcu/
2024-05-28 22:30:35,425 [INFO] DbMcusAds:119 - Set database path to: C:\Users\hoatt\.stmcufinder\plugins\mcufinder//mcu/
2024-05-28 22:30:35,431 [INFO] CrossReferenceDbSqlite:196 - Set database path to: C:\Users\hoatt\.stmcufinder\plugins\mcufinder//mcu/cs/
2024-05-28 22:30:35,628 [INFO] RulesReader:57 - Compatibility file has been processed (281 Rules)
2024-05-28 22:30:35,789 [INFO] DbMcusXml:72 - Set database path to: C:\ST\STM32CubeIDE_1.9.0\STM32CubeIDE\plugins\com.st.stm32cube.common.mx_6.5.0.202202251913\\db\/mcu/
2024-05-28 22:30:35,789 [INFO] ApiDb:260 - Set plugin database path to: C:\ST\STM32CubeIDE_1.9.0\STM32CubeIDE\plugins\com.st.stm32cube.common.mx_6.5.0.202202251913\\db\/plugins/boardmanager/
2024-05-28 22:30:35,789 [INFO] ApiDb:247 - Set plugin images path to: C:\ST\STM32CubeIDE_1.9.0\STM32CubeIDE\plugins\com.st.stm32cube.common.mx_6.5.0.202202251913\\db\/plugins/mcufinder/images/
2024-05-28 22:30:35,789 [WARN] DbFile:35 - Overriding database path with different value: C:\Users\hoatt\.stmcufinder\plugins\mcufinder/ => C:\Users\hoatt\.stmcufinder\plugins\mcufinder
2024-05-28 22:30:35,789 [INFO] ApiDb:226 - Set database path to: C:\Users\hoatt\.stmcufinder\plugins\mcufinder//mcu/
2024-05-28 22:30:35,789 [WARN] DbFile:35 - Overriding database path with different value: C:\Users\hoatt\.stmcufinder\plugins\mcufinder/ => C:\Users\hoatt\.stmcufinder\plugins\mcufinder
2024-05-28 22:30:35,789 [INFO] DbMcusAds:119 - Set database path to: C:\Users\hoatt\.stmcufinder\plugins\mcufinder//mcu/
2024-05-28 22:30:35,789 [WARN] DbFile:35 - Overriding database path with different value: C:\Users\hoatt\.stmcufinder\plugins\mcufinder/ => C:\Users\hoatt\.stmcufinder\plugins\mcufinder
2024-05-28 22:30:35,789 [WARN] DbFile:35 - Overriding database path with different value: C:\Users\hoatt\.stmcufinder\plugins\mcufinder/ => C:\Users\hoatt\.stmcufinder\plugins\mcufinder
2024-05-28 22:30:35,789 [INFO] CrossReferenceDbSqlite:196 - Set database path to: C:\Users\hoatt\.stmcufinder\plugins\mcufinder//mcu/cs/
2024-05-28 22:30:35,923 [INFO] MainPanel:230 - HeapMemory: 268435456
2024-05-28 22:30:36,090 [INFO] DbMcusXml:72 - Set database path to: C:\ST\STM32CubeIDE_1.9.0\STM32CubeIDE\plugins\com.st.stm32cube.common.mx_6.5.0.202202251913\\db\/mcu/
2024-05-28 22:30:36,090 [INFO] ApiDb:260 - Set plugin database path to: C:\ST\STM32CubeIDE_1.9.0\STM32CubeIDE\plugins\com.st.stm32cube.common.mx_6.5.0.202202251913\\db\/plugins/boardmanager/
2024-05-28 22:30:36,090 [INFO] ApiDb:247 - Set plugin images path to: C:\ST\STM32CubeIDE_1.9.0\STM32CubeIDE\plugins\com.st.stm32cube.common.mx_6.5.0.202202251913\\db\/plugins/mcufinder/images/
2024-05-28 22:30:36,090 [WARN] DbFile:35 - Overriding database path with different value: C:\Users\hoatt\.stmcufinder\plugins\mcufinder/ => C:\Users\hoatt\.stmcufinder\plugins\mcufinder
2024-05-28 22:30:36,090 [INFO] ApiDb:226 - Set database path to: C:\Users\hoatt\.stmcufinder\plugins\mcufinder//mcu/
2024-05-28 22:30:36,090 [WARN] DbFile:35 - Overriding database path with different value: C:\Users\hoatt\.stmcufinder\plugins\mcufinder/ => C:\Users\hoatt\.stmcufinder\plugins\mcufinder
2024-05-28 22:30:36,098 [INFO] DbMcusAds:119 - Set database path to: C:\Users\hoatt\.stmcufinder\plugins\mcufinder//mcu/
2024-05-28 22:30:36,098 [WARN] DbFile:35 - Overriding database path with different value: C:\Users\hoatt\.stmcufinder\plugins\mcufinder/ => C:\Users\hoatt\.stmcufinder\plugins\mcufinder
2024-05-28 22:30:36,098 [WARN] DbFile:35 - Overriding database path with different value: C:\Users\hoatt\.stmcufinder\plugins\mcufinder/ => C:\Users\hoatt\.stmcufinder\plugins\mcufinder
2024-05-28 22:30:36,098 [INFO] CrossReferenceDbSqlite:196 - Set database path to: C:\Users\hoatt\.stmcufinder\plugins\mcufinder//mcu/cs/
2024-05-28 22:30:36,140 [INFO] ApplicationProperties:181 - Using Application install path: C:\ST\STM32CubeIDE_1.9.0\STM32CubeIDE\plugins\com.st.stm32cube.common.mx_6.5.0.202202251913
2024-05-28 22:30:36,147 [INFO] PluginManage:188 - Search for loadable plugins [exclusion list=, ]
2024-05-28 22:30:36,147 [INFO] PluginManage:302 - Check plugin analytics
2024-05-28 22:30:36,341 [ERROR] AnalyticsContext:980 - The ST intranet updater server is unknown: mcucrossselector.codex.cro.st.com
2024-05-28 22:30:36,441 [INFO] AnalyticsPlugin:257 - Accepted Software Licenses: 
2024-05-28 22:30:36,441 [INFO] AnalyticsPlugin:259 - Accepted CMSIS Pack Licenses: 
2024-05-28 22:30:36,441 [INFO] AnalyticsPlugin:261 - Accepted Firmware Licenses: 
2024-05-28 22:30:36,458 [INFO] PluginManage:352 - Loaded plugin analytics (category:tool,tabindex:-1)
2024-05-28 22:30:36,458 [INFO] PluginManage:302 - Check plugin clock
2024-05-28 22:30:36,482 [INFO] PluginManage:352 - Loaded plugin clock (category:base,tabindex:2)
2024-05-28 22:30:36,482 [INFO] PluginManage:302 - Check plugin ddr
2024-05-28 22:30:36,491 [INFO] PluginManage:352 - Loaded plugin ddr (category:tool,tabindex:6)
2024-05-28 22:30:36,491 [INFO] PluginManage:302 - Check plugin filemanager
2024-05-28 22:30:36,764 [INFO] PluginManage:352 - Loaded plugin filemanager (category:base,tabindex:10)
2024-05-28 22:30:36,764 [INFO] PluginManage:302 - Check plugin ipmanager
2024-05-28 22:30:36,773 [INFO] PluginManage:352 - Loaded plugin ipmanager (category:base,tabindex:5)
2024-05-28 22:30:36,773 [INFO] PluginManage:302 - Check plugin lpbam
2024-05-28 22:30:36,838 [INFO] PluginManage:352 - Loaded plugin lpbam (category:base,tabindex:0)
2024-05-28 22:30:36,838 [INFO] PluginManage:302 - Check plugin pinoutandconfiguration
2024-05-28 22:30:36,857 [INFO] PluginManage:352 - Loaded plugin pinoutandconfiguration (category:base,tabindex:1)
2024-05-28 22:30:36,857 [INFO] PluginManage:302 - Check plugin pinoutconfig
2024-05-28 22:30:36,935 [INFO] PluginManage:352 - Loaded plugin pinoutconfig (category:base,tabindex:0)
2024-05-28 22:30:36,935 [INFO] PluginManage:302 - Check plugin power
2024-05-28 22:30:36,959 [INFO] PluginManage:352 - Loaded plugin power (category:power,tabindex:4)
2024-05-28 22:30:36,959 [INFO] PluginManage:302 - Check plugin projectmanager
2024-05-28 22:30:36,983 [INFO] PluginManage:352 - Loaded plugin projectmanager (category:projectmanager,tabindex:3)
2024-05-28 22:30:36,983 [INFO] PluginManage:302 - Check plugin thirdparty
2024-05-28 22:30:37,241 [INFO] PluginManage:352 - Loaded plugin thirdparty (category:base,tabindex:-1)
2024-05-28 22:30:37,241 [WARN] IntegrityCheckThread:78 - waiting for thirdparty lock release [integrity check]
2024-05-28 22:30:37,241 [INFO] PluginManage:302 - Check plugin tools
2024-05-28 22:30:37,241 [INFO] IntegrityCheckThread:80 - entering critical section [integrity check]
2024-05-28 22:30:37,249 [INFO] ThirdPartyUpdaterWithRetryManager:66 - Updater plugin not ready yet. [1/15]
2024-05-28 22:30:37,249 [INFO] PluginManage:352 - Loaded plugin tools (category:base,tabindex:7)
2024-05-28 22:30:37,249 [INFO] PluginManage:302 - Check plugin tutovideos
2024-05-28 22:30:37,624 [INFO] PluginManage:352 - Loaded plugin tutovideos (category:base,tabindex:-1)
2024-05-28 22:30:37,624 [INFO] PluginManage:302 - Check plugin updater
2024-05-28 22:30:37,657 [INFO] PluginManage:352 - Loaded plugin updater (category:base,tabindex:12)
2024-05-28 22:30:37,657 [INFO] PluginManage:275 - PluginManage : Loaded plugins [14]
2024-05-28 22:30:38,114 [INFO] PinOutPanel:1465 - setPackage(No Configuration,No Configuration)
2024-05-28 22:30:38,267 [INFO] IPUIPlugin:75 - create IPUIPlugin
2024-05-28 22:30:38,267 [INFO] PluginManager:213 - loadIPPluginJar : add adc
2024-05-28 22:30:38,273 [INFO] IPUIPlugin:75 - create IPUIPlugin
2024-05-28 22:30:38,273 [INFO] PluginManager:213 - loadIPPluginJar : add aes
2024-05-28 22:30:38,273 [INFO] IPUIPlugin:75 - create IPUIPlugin
2024-05-28 22:30:38,273 [INFO] PluginManager:213 - loadIPPluginJar : add can
2024-05-28 22:30:38,273 [INFO] IPUIPlugin:75 - create IPUIPlugin
2024-05-28 22:30:38,273 [INFO] PluginManager:213 - loadIPPluginJar : add comp
2024-05-28 22:30:38,283 [INFO] IPUIPlugin:75 - create IPUIPlugin
2024-05-28 22:30:38,283 [INFO] PluginManager:213 - loadIPPluginJar : add cryp
2024-05-28 22:30:38,291 [INFO] IPUIPlugin:75 - create IPUIPlugin
2024-05-28 22:30:38,291 [INFO] PluginManager:213 - loadIPPluginJar : add dfsdm
2024-05-28 22:30:38,307 [INFO] IPUIPlugin:75 - create IPUIPlugin
2024-05-28 22:30:38,307 [INFO] PluginManager:213 - loadIPPluginJar : add dma
2024-05-28 22:30:38,315 [INFO] IPUIPlugin:75 - create IPUIPlugin
2024-05-28 22:30:38,315 [INFO] PluginManager:213 - loadIPPluginJar : add dma3
2024-05-28 22:30:38,315 [INFO] IPUIPlugin:75 - create IPUIPlugin
2024-05-28 22:30:38,315 [INFO] PluginManager:213 - loadIPPluginJar : add fatfs
2024-05-28 22:30:38,323 [INFO] IPUIPlugin:75 - create IPUIPlugin
2024-05-28 22:30:38,323 [INFO] PluginManager:213 - loadIPPluginJar : add fmc
2024-05-28 22:30:38,331 [INFO] IPUIPlugin:75 - create IPUIPlugin
2024-05-28 22:30:38,331 [INFO] PluginManager:213 - loadIPPluginJar : add freertos
2024-05-28 22:30:38,341 [INFO] IPUIPlugin:75 - create IPUIPlugin
2024-05-28 22:30:38,341 [INFO] PluginManager:213 - loadIPPluginJar : add genericplugin
2024-05-28 22:30:38,341 [INFO] IPUIPlugin:75 - create IPUIPlugin
2024-05-28 22:30:38,341 [INFO] PluginManager:213 - loadIPPluginJar : add gfxmmu
2024-05-28 22:30:38,341 [INFO] IPUIPlugin:75 - create IPUIPlugin
2024-05-28 22:30:38,355 [INFO] PluginManager:213 - loadIPPluginJar : add gic
2024-05-28 22:30:38,357 [INFO] IPUIPlugin:75 - create IPUIPlugin
2024-05-28 22:30:38,357 [INFO] PluginManager:213 - loadIPPluginJar : add gpio
2024-05-28 22:30:38,370 [INFO] IPUIPlugin:75 - create IPUIPlugin
2024-05-28 22:30:38,370 [INFO] PluginManager:213 - loadIPPluginJar : add gtzc
2024-05-28 22:30:38,373 [INFO] IPUIPlugin:75 - create IPUIPlugin
2024-05-28 22:30:38,373 [INFO] PluginManager:213 - loadIPPluginJar : add hash
2024-05-28 22:30:38,378 [INFO] IPUIPlugin:75 - create IPUIPlugin
2024-05-28 22:30:38,378 [INFO] PluginManager:213 - loadIPPluginJar : add i2c
2024-05-28 22:30:38,386 [INFO] IPUIPlugin:75 - create IPUIPlugin
2024-05-28 22:30:38,386 [INFO] PluginManager:213 - loadIPPluginJar : add i2s
2024-05-28 22:30:38,394 [INFO] IPUIPlugin:75 - create IPUIPlugin
2024-05-28 22:30:38,394 [INFO] PluginManager:213 - loadIPPluginJar : add ipddr
2024-05-28 22:30:38,402 [INFO] IPUIPlugin:75 - create IPUIPlugin
2024-05-28 22:30:38,402 [INFO] PluginManager:213 - loadIPPluginJar : add linkedlist
2024-05-28 22:30:38,406 [INFO] IPUIPlugin:75 - create IPUIPlugin
2024-05-28 22:30:38,406 [INFO] PluginManager:213 - loadIPPluginJar : add lorawan
2024-05-28 22:30:38,406 [INFO] IPUIPlugin:75 - create IPUIPlugin
2024-05-28 22:30:38,406 [INFO] PluginManager:213 - loadIPPluginJar : add ltdc
2024-05-28 22:30:38,424 [INFO] IPUIPlugin:75 - create IPUIPlugin
2024-05-28 22:30:38,424 [INFO] PluginManager:213 - loadIPPluginJar : add mdma
2024-05-28 22:30:38,434 [INFO] IPUIPlugin:75 - create IPUIPlugin
2024-05-28 22:30:38,434 [INFO] PluginManager:213 - loadIPPluginJar : add nvic
2024-05-28 22:30:38,441 [INFO] IPUIPlugin:75 - create IPUIPlugin
2024-05-28 22:30:38,441 [INFO] PluginManager:213 - loadIPPluginJar : add opamp
2024-05-28 22:30:38,441 [INFO] IPUIPlugin:75 - create IPUIPlugin
2024-05-28 22:30:38,441 [INFO] PluginManager:213 - loadIPPluginJar : add openamp
2024-05-28 22:30:38,449 [INFO] IPUIPlugin:75 - create IPUIPlugin
2024-05-28 22:30:38,449 [INFO] PluginManager:213 - loadIPPluginJar : add pdm2pcm
2024-05-28 22:30:38,458 [INFO] IPUIPlugin:75 - create IPUIPlugin
2024-05-28 22:30:38,466 [INFO] PluginManager:213 - loadIPPluginJar : add plateformsettings
2024-05-28 22:30:38,466 [INFO] IPUIPlugin:75 - create IPUIPlugin
2024-05-28 22:30:38,473 [INFO] PluginManager:213 - loadIPPluginJar : add quadspi
2024-05-28 22:30:38,482 [INFO] IPUIPlugin:75 - create IPUIPlugin
2024-05-28 22:30:38,482 [INFO] PluginManager:213 - loadIPPluginJar : add resmgrutility
2024-05-28 22:30:38,490 [INFO] IPUIPlugin:75 - create IPUIPlugin
2024-05-28 22:30:38,491 [INFO] PluginManager:213 - loadIPPluginJar : add sai
2024-05-28 22:30:38,491 [INFO] IPUIPlugin:75 - create IPUIPlugin
2024-05-28 22:30:38,491 [INFO] PluginManager:213 - loadIPPluginJar : add spi
2024-05-28 22:30:38,505 [INFO] IPUIPlugin:75 - create IPUIPlugin
2024-05-28 22:30:38,506 [INFO] PluginManager:213 - loadIPPluginJar : add stm32_wpan
2024-05-28 22:30:38,506 [INFO] IPUIPlugin:75 - create IPUIPlugin
2024-05-28 22:30:38,506 [INFO] PluginManager:213 - loadIPPluginJar : add tim
2024-05-28 22:30:38,514 [INFO] IPUIPlugin:75 - create IPUIPlugin
2024-05-28 22:30:38,514 [INFO] PluginManager:213 - loadIPPluginJar : add touchsensing
2024-05-28 22:30:38,514 [INFO] IPUIPlugin:75 - create IPUIPlugin
2024-05-28 22:30:38,514 [INFO] PluginManager:213 - loadIPPluginJar : add tracer_emb
2024-05-28 22:30:38,523 [INFO] IPUIPlugin:75 - create IPUIPlugin
2024-05-28 22:30:38,523 [INFO] PluginManager:213 - loadIPPluginJar : add ts
2024-05-28 22:30:38,523 [INFO] IPUIPlugin:75 - create IPUIPlugin
2024-05-28 22:30:38,530 [INFO] PluginManager:213 - loadIPPluginJar : add tsc
2024-05-28 22:30:38,530 [INFO] IPUIPlugin:75 - create IPUIPlugin
2024-05-28 22:30:38,530 [INFO] PluginManager:213 - loadIPPluginJar : add ucpd
2024-05-28 22:30:38,539 [INFO] IPUIPlugin:75 - create IPUIPlugin
2024-05-28 22:30:38,539 [INFO] PluginManager:213 - loadIPPluginJar : add usart
2024-05-28 22:30:38,541 [INFO] IPUIPlugin:75 - create IPUIPlugin
2024-05-28 22:30:38,541 [INFO] PluginManager:213 - loadIPPluginJar : add usbx
2024-05-28 22:30:39,037 [FATAL] Updater:297 - Updater called before beeing initialized
2024-05-28 22:30:39,240 [FATAL] Updater:297 - Updater called before beeing initialized
2024-05-28 22:30:39,247 [INFO] DbMcusAds:47 - JSON generation date=Thu May 02 15:37:29 ICT 2024 (1714639049318)
2024-05-28 22:30:39,247 [FATAL] Updater:297 - Updater called before beeing initialized
2024-05-28 22:30:39,351 [WARN] DetailPanel:320 - Failed to get advertising image, set to default
2024-05-28 22:30:39,512 [FATAL] Updater:297 - Updater called before beeing initialized
2024-05-28 22:30:39,512 [FATAL] Updater:297 - Updater called before beeing initialized
2024-05-28 22:30:39,512 [FATAL] Updater:297 - Updater called before beeing initialized
2024-05-28 22:30:39,512 [WARN] DetailPanel:320 - Failed to get advertising image, set to default
2024-05-28 22:30:39,512 [FATAL] Updater:297 - Updater called before beeing initialized
2024-05-28 22:30:39,593 [INFO] Updater:1026 - Updater Version found : 6.5.0
2024-05-28 22:30:39,624 [INFO] ApplicationProperties:181 - Using Application install path: C:\ST\STM32CubeIDE_1.9.0\STM32CubeIDE\plugins\com.st.stm32cube.common.mx_6.5.0.202202251913
2024-05-28 22:30:39,823 [INFO] MainUpdater:2729 - connection check result : 10
2024-05-28 22:30:39,837 [INFO] MainUpdater:3414 - Updater definition file requires update
2024-05-28 22:30:39,841 [INFO] MainUpdater:276 - Updater Check For Update Now.
2024-05-28 22:30:39,842 [INFO] MicroXplorer:477 - Change Database Version : DB.6.0.50
2024-05-28 22:30:39,873 [INFO] ServerAccessManage:359 - Download File updaters.zip
2024-05-28 22:30:40,062 [INFO] FileExtend:235 - Unzip File : updaters.zip
2024-05-28 22:30:40,062 [INFO] FileExtend:250 - Standard Zip Deflate
2024-05-28 22:30:40,306 [WARN] MainUpdater:1180 - Updater busy. Cannot search thirdparties
2024-05-28 22:30:40,306 [INFO] ThirdPartyUpdaterWithRetryManager:92 - Updater plugin is busy. [1/15]
2024-05-28 22:30:41,455 [INFO] ServerAccessManage:359 - Download File PacksControlFlags.xml
2024-05-28 22:30:41,590 [INFO] ServerAccessManage:359 - Download File cubemx.pidx
2024-05-28 22:30:42,349 [INFO] ServerAccessManage:359 - Download File STMicroelectronics.X-CUBE-ALS.pdsc
2024-05-28 22:30:43,313 [WARN] MainUpdater:1180 - Updater busy. Cannot search thirdparties
2024-05-28 22:30:43,317 [INFO] ThirdPartyUpdaterWithRetryManager:92 - Updater plugin is busy. [2/15]
2024-05-28 22:30:46,325 [WARN] MainUpdater:1180 - Updater busy. Cannot search thirdparties
2024-05-28 22:30:46,330 [INFO] ThirdPartyUpdaterWithRetryManager:92 - Updater plugin is busy. [3/15]
2024-05-28 22:30:48,644 [WARN] PackLoader:238 - Cannot read IP mode file for STMicroelectronics.X-CUBE-ALS.1.0.2
2024-05-28 22:30:48,652 [INFO] PopulateThirdPartyThread:60 - Ending populate Thread
2024-05-28 22:30:48,656 [INFO] ThirdParty:977 - CMSIS Pack Vendor :STMicroelectronics X-CUBE-ALS 1.0.2
2024-05-28 22:30:48,659 [INFO] LoadServerUpdatesThread:362 - End of LoadServerUpdate Thread
2024-05-28 22:30:48,798 [INFO] CheckServerUpdateThread:115 - End of CheckServer Thread
2024-05-28 22:30:48,983 [INFO] MainUpdater:2729 - connection check result : 10
2024-05-28 22:30:48,992 [INFO] McuFinderGlobals:52 - Set McuFinderConnectedMode to true
2024-05-28 22:30:49,294 [INFO] ServerAccessManage:359 - Download File mcusAds.json._tmp_
2024-05-28 22:30:49,350 [WARN] MainUpdater:1180 - Updater busy. Cannot search thirdparties
2024-05-28 22:30:49,350 [INFO] ThirdPartyUpdaterWithRetryManager:92 - Updater plugin is busy. [4/15]
2024-05-28 22:30:49,459 [INFO] LoadUrlFilesThread:146 - End of LoadUrlFiles Thread
2024-05-28 22:30:49,559 [INFO] ServerAccessManage:359 - Download File cube-finder-db.zip
2024-05-28 22:30:52,350 [WARN] MainUpdater:1180 - Updater busy. Cannot search thirdparties
2024-05-28 22:30:52,350 [INFO] ThirdPartyUpdaterWithRetryManager:92 - Updater plugin is busy. [5/15]
2024-05-28 22:30:55,353 [WARN] MainUpdater:1180 - Updater busy. Cannot search thirdparties
2024-05-28 22:30:55,353 [INFO] ThirdPartyUpdaterWithRetryManager:92 - Updater plugin is busy. [6/15]
2024-05-28 22:30:58,361 [WARN] MainUpdater:1180 - Updater busy. Cannot search thirdparties
2024-05-28 22:30:58,361 [INFO] ThirdPartyUpdaterWithRetryManager:92 - Updater plugin is busy. [7/15]
2024-05-28 22:31:01,396 [WARN] MainUpdater:1180 - Updater busy. Cannot search thirdparties
2024-05-28 22:31:01,423 [INFO] ThirdPartyUpdaterWithRetryManager:92 - Updater plugin is busy. [8/15]
2024-05-28 22:31:04,432 [WARN] MainUpdater:1180 - Updater busy. Cannot search thirdparties
2024-05-28 22:31:04,432 [INFO] ThirdPartyUpdaterWithRetryManager:92 - Updater plugin is busy. [9/15]
2024-05-28 22:31:07,453 [WARN] MainUpdater:1180 - Updater busy. Cannot search thirdparties
2024-05-28 22:31:07,453 [INFO] ThirdPartyUpdaterWithRetryManager:92 - Updater plugin is busy. [10/15]
2024-05-28 22:31:09,665 [INFO] FileExtend:235 - Unzip File : cube-finder-db.zip
2024-05-28 22:31:09,665 [INFO] FileExtend:250 - Standard Zip Deflate
2024-05-28 22:31:10,468 [WARN] MainUpdater:1180 - Updater busy. Cannot search thirdparties
2024-05-28 22:31:10,468 [INFO] ThirdPartyUpdaterWithRetryManager:92 - Updater plugin is busy. [11/15]
2024-05-28 22:31:11,785 [INFO] LoadUrlFilesThread:146 - End of LoadUrlFiles Thread
2024-05-28 22:31:13,479 [WARN] MainUpdater:1180 - Updater busy. Cannot search thirdparties
2024-05-28 22:31:13,480 [INFO] ThirdPartyUpdaterWithRetryManager:92 - Updater plugin is busy. [12/15]
2024-05-28 22:31:16,484 [WARN] MainUpdater:1180 - Updater busy. Cannot search thirdparties
2024-05-28 22:31:16,484 [INFO] ThirdPartyUpdaterWithRetryManager:92 - Updater plugin is busy. [13/15]
2024-05-28 22:31:19,490 [WARN] MainUpdater:1180 - Updater busy. Cannot search thirdparties
2024-05-28 22:31:19,490 [INFO] ThirdPartyUpdaterWithRetryManager:92 - Updater plugin is busy. [14/15]
2024-05-28 22:31:22,501 [WARN] MainUpdater:1180 - Updater busy. Cannot search thirdparties
2024-05-28 22:31:22,517 [INFO] ThirdPartyUpdaterWithRetryManager:92 - Updater plugin is busy. [15/15]
2024-05-28 22:31:22,607 [ERROR] IntegrityCheckThread:124 - Cannot retrieve database content from updater: error -1
2024-05-28 22:31:22,615 [INFO] ThirdParty:925 - Integrity check success = false
2024-05-28 22:31:22,615 [INFO] IntegrityCheckThread:94 - exiting critical section [integrity check]
2024-05-28 22:31:22,615 [INFO] IntegrityCheckThread:97 - End integrity checks thread
2024-05-28 22:31:33,433 [ERROR] ServerAccessManage:1058 - Problem during Server Connexion :  IO error Connection timed out: connect
2024-05-28 22:31:33,449 [ERROR] ServerAccessManage:1062 - Exception trace: 
java.net.ConnectException: Connection timed out: connect
	at java.base/java.net.PlainSocketImpl.waitForConnect(Native Method)
	at java.base/java.net.PlainSocketImpl.socketConnect(PlainSocketImpl.java:107)
	at java.base/java.net.AbstractPlainSocketImpl.doConnect(AbstractPlainSocketImpl.java:399)
	at java.base/java.net.AbstractPlainSocketImpl.connectToAddress(AbstractPlainSocketImpl.java:242)
	at java.base/java.net.AbstractPlainSocketImpl.connect(AbstractPlainSocketImpl.java:224)
	at java.base/java.net.SocksSocketImpl.connect(SocksSocketImpl.java:392)
	at java.base/java.net.Socket.connect(Socket.java:609)
	at java.base/sun.security.ssl.SSLSocketImpl.connect(SSLSocketImpl.java:289)
	at java.base/sun.net.NetworkClient.doConnect(NetworkClient.java:177)
	at java.base/sun.net.www.http.HttpClient.openServer(HttpClient.java:474)
	at java.base/sun.net.www.http.HttpClient.openServer(HttpClient.java:569)
	at java.base/sun.net.www.protocol.https.HttpsClient.<init>(HttpsClient.java:265)
	at java.base/sun.net.www.protocol.https.HttpsClient.New(HttpsClient.java:372)
	at java.base/sun.net.www.protocol.https.AbstractDelegateHttpsURLConnection.getNewHttpClient(AbstractDelegateHttpsURLConnection.java:203)
	at java.base/sun.net.www.protocol.http.HttpURLConnection.plainConnect0(HttpURLConnection.java:1187)
	at java.base/sun.net.www.protocol.http.HttpURLConnection.plainConnect(HttpURLConnection.java:1081)
	at java.base/sun.net.www.protocol.https.AbstractDelegateHttpsURLConnection.connect(AbstractDelegateHttpsURLConnection.java:189)
	at java.base/sun.net.www.protocol.http.HttpURLConnection.getInputStream0(HttpURLConnection.java:1592)
	at java.base/sun.net.www.protocol.http.HttpURLConnection.getInputStream(HttpURLConnection.java:1520)
	at java.base/java.net.HttpURLConnection.getResponseCode(HttpURLConnection.java:527)
	at java.base/sun.net.www.protocol.https.HttpsURLConnectionImpl.getResponseCode(HttpsURLConnectionImpl.java:334)
	at com.st.microxplorer.plugins.updater.engine.ServerAccessManage.openHttpConnexion(ServerAccessManage.java:919)
	at com.st.microxplorer.plugins.updater.engine.ServerAccessManage.readHttpFile(ServerAccessManage.java:301)
	at com.st.microxplorer.plugins.updater.engine.LoadUrlFilesThread.loadAllFiles(LoadUrlFilesThread.java:501)
	at com.st.microxplorer.plugins.updater.engine.LoadUrlFilesThread.downloadUrlFiles(LoadUrlFilesThread.java:206)
	at com.st.microxplorer.plugins.updater.engine.LoadUrlFilesThread.run(LoadUrlFilesThread.java:138)
2024-05-28 22:31:33,465 [ERROR] ServerAccessManage:537 - Problem during Server Connexion :  : crdb.zip.
2024-05-28 22:31:34,578 [INFO] LoadUrlFilesThread:146 - End of LoadUrlFiles Thread
2024-05-28 22:31:35,468 [INFO] DbMcusAds:47 - JSON generation date=Thu May 16 16:22:00 ICT 2024 (1715851320852)
2024-05-28 22:31:35,612 [ERROR] TargetSelectorAdapter:236 - Unable to refresh data
2024-05-28 22:31:36,175 [INFO] McuFinderGlobals:52 - Set McuFinderConnectedMode to true
2024-05-28 22:31:36,199 [INFO] MultiScanPanel:195 - Auto-refresh data requested => check proxy status ongoing
2024-05-28 22:31:36,231 [INFO] FinderPluginLoader:87 - Searching for filters in installed packs
2024-05-28 22:31:39,632 [INFO] ApiDb:567 - Connected to CubeFinder SQLite database (C:\Users\hoatt\.stmcufinder\plugins\mcufinder\mcu\cube-finder-db.db)
2024-05-28 22:31:41,214 [INFO] ApiDb:654 - CubeFinder database Data Model version=2.1
2024-05-28 22:31:41,223 [INFO] ApiDb:655 - CubeFinder database Configuration version=3.0.39
2024-05-28 22:31:41,223 [INFO] ApiDb:656 - CubeFinder database generation date=2024-05-16 (1715872938)
2024-05-28 22:31:41,223 [INFO] ApiDb:657 - CubeFinder database FW Pack versions=[FP-ATR-ASTRA1_V2.0.0, FP-SNS-FLIGHT1_V5.0.1, FP-SNS-FLIGHT1_V5.0.2, FP-SNS-MOTENV1_V4.3.1, FP-SNS-MOTENV1_V4.3.2, FP-SNS-MOTENV1_V5.0.0, FP-SNS-MOTENVWB1_V1.4.0, FP-SNS-SMARTAG2_V1.2.0, STM32Cube_FW_C0_V1.1.0, STM32Cube_FW_F4_V1.28.0, STM32Cube_FW_F7_V1.17.0, STM32Cube_FW_G0_V1.6.2, STM32Cube_FW_G4_V1.5.2, STM32Cube_FW_H5_V0.5.1, STM32Cube_FW_H5_V1.1.1, STM32Cube_FW_H5_V1.2.0, STM32Cube_FW_H5_V1.2.0RC4, STM32Cube_FW_H7RS_V1.0.0, STM32Cube_FW_H7RS_V1.0.0RC4, STM32Cube_FW_H7_V1.11.0, STM32Cube_FW_L0_V1.12.2, STM32Cube_FW_L5_V1.5.1, STM32Cube_FW_U0_V1.0.0, STM32Cube_FW_U0_V1.0.0RC1, STM32Cube_FW_U5_V1.3.0RC4, STM32Cube_FW_U5_V1.5.0, STM32Cube_FW_U5_V1.5.0RC1, STM32Cube_FW_WBA_V1.0.0RC1, STM32Cube_FW_WBA_V1.2.0, STM32Cube_FW_WBA_V1.2.0RC2, STM32Cube_FW_WBA_V1.3.0, STM32Cube_FW_WBA_V1.3.0RC1, STM32Cube_FW_WB_V1.15.0RC1, STM32Cube_FW_WB_V1.16.0, STM32Cube_FW_WB_V1.16.0RC2, STM32Cube_FW_WB_V1.18.0, STM32Cube_FW_WB_V1.19.0, STM32Cube_FW_WL_V1.3.0, X-CUBE-ALGOBUILD_V1.4.0, X-CUBE-ALS_V1.0.1, X-CUBE-AZRTOS-F4_V1.1.0, X-CUBE-AZRTOS-F7_V1.1.0, X-CUBE-AZRTOS-G0_V1.1.0, X-CUBE-AZRTOS-G4_V2.0.0, X-CUBE-AZRTOS-H7_V3.2.0, X-CUBE-AZRTOS-L4_V1.0.0, X-CUBE-AZRTOS-L4_V2.0.0, X-CUBE-AZRTOS-L5_V1.1.0, X-CUBE-AZRTOS-WB_V2.0.0, X-CUBE-AZRTOS-WL_V2.0.0, X-CUBE-BLE1_V7.0.0, X-CUBE-BLE2_V3.3.0, X-CUBE-BLEMGR_V3.1.0, X-CUBE-EEPRMA1_V4.1.0, X-CUBE-EEPRMA1_V5.1.0, X-CUBE-FREERTOS_V1.1.0, X-CUBE-GNSS1_V6.0.0, X-CUBE-MEMS1_V10.0.0, X-CUBE-MEMS1_V9.1.0, X-CUBE-MEMS1_V9.4.0, X-CUBE-MEMS1_V9.6.0, X-CUBE-NFC4_V3.0.0, X-CUBE-NFC7_V1.0.1, X-CUBE-SFXS2LP1_V4.0.0, X-CUBE-SUBG2_V5.0.0, X-CUBE-TOF1_V3.4.0]
2024-05-28 22:31:47,732 [INFO] ApiDb:212 - Found 97 in-development CPN: [NUCLEO-C031C6, STM32C0116-DK, STM32C011D6Y3TR, STM32C011D6Y6TR, STM32C011F4P3, STM32C011F4P6, STM32C011F4U3, STM32C011F4U6TR, STM32C011F6P3, STM32C011F6P6, STM32C011F6U3, STM32C011F6U6TR, STM32C011J4M3, STM32C011J4M6, STM32C011J6M3, STM32C011J6M6, STM32C0316-DK, STM32C031C4T3, STM32C031C4T6, STM32C031C4U3, STM32C031C4U6, STM32C031C6T3, STM32C031C6T6, STM32C031C6U3, STM32C031C6U6, STM32C031F4P3, STM32C031F4P6, STM32C031F6P3, STM32C031F6P6, STM32C031G4U3, STM32C031G4U6, STM32C031G6U3, STM32C031G6U6, STM32C031K4T3, STM32C031K4T6, STM32C031K4U3, STM32C031K4U6, STM32C031K6T3, STM32C031K6T6, STM32C031K6U3, STM32C031K6U6, STM32G071K8TXN, STM32G071K8UXN, STM32G081GBU6N, STM32G081KBT6N, STM32G081KBUXN, STM32G0B1CCT6N, STM32G0B1KCT6, STM32G0B1NEY6, STM32G0B1NEY6TR, STM32G0B1RCT6N, STM32G0C1CCT6, STM32G0C1CCT6N, STM32G0C1CCU6N, STM32G0C1CET6N, STM32G0C1CEU6N, STM32G0C1KCT6, STM32G0C1NEY6TR, STM32G0C1RCI6N, STM32G0C1RCT6N, STM32G0C1REI6N, STM32G0C1RET6N, STM32G0C1VCI6, STM32G0C1VEI6, STM32G471CCT6, STM32G471CCU6, STM32G471CET3, STM32G471CET6, STM32G471CEU3, STM32G471CEU6, STM32G471MCT6, STM32G471MET3, STM32G471MET6, STM32G471MEY6TR, STM32G471QCT6, STM32G471QET3, STM32G471RCT6, STM32G471RET3, STM32G471RET6, STM32G471VCH6, STM32G471VCI6, STM32G471VCT6, STM32G471VEH3, STM32G471VEH6, STM32G471VEI3, STM32G471VEI6, STM32G471VET3, STM32G471VET6, STM32G474CCT6, STM32L4R5QGI6STR, STM32U595ZJT6Q, STM32U599BJY6QTR, STM32U599NIH6Q, STM32U599NJH6Q, STM32U5A5ZJT6Q, STM32U5A9BJY6QTR, STM32U5A9NJH6Q]
2024-05-28 22:31:47,811 [INFO] DbMcus:201 - Found 4063 MCUs, 4063 are supported
2024-05-28 22:31:47,862 [INFO] ApiDb:407 - Load user favorites file C:\Users\hoatt/.stm32cubeide/favorites.mcus.txt: 1 item(s)
2024-05-28 22:31:47,870 [INFO] ApiDb:411 - User favorites MCUs=[STM32F103C8T6]
2024-05-28 22:31:47,870 [INFO] DbMcus:207 - Set 1 / 1 favorites MCUs
2024-05-28 22:31:55,167 [INFO] ServerAccessManage:359 - Download File 
2024-05-28 22:31:55,193 [INFO] LoadUrlFilesThread:173 - End of LoadServerUrlFiles without Thread
2024-05-28 22:31:55,364 [INFO] DetailPanel:315 - Set advertising image to C:/Users/hoatt/STM32Cube/Repository/\en.prom-stm32h7rs-mcu-finder.jpg
2024-05-28 22:32:01,244 [INFO] MultiScanPanel:787 - Auto Refresh Data is needed due to updater interval setting
2024-05-28 22:32:01,474 [INFO] ServerAccessManage:359 - Download File mcusAds.json._tmp_
2024-05-28 22:32:01,647 [INFO] LoadUrlFilesThread:146 - End of LoadUrlFiles Thread
2024-05-28 22:32:01,945 [INFO] ServerAccessManage:359 - Download File cube-finder-db.zip
2024-05-28 22:32:27,001 [INFO] FileExtend:235 - Unzip File : cube-finder-db.zip
2024-05-28 22:32:27,001 [INFO] FileExtend:250 - Standard Zip Deflate
2024-05-28 22:32:28,473 [INFO] LoadUrlFilesThread:146 - End of LoadUrlFiles Thread
2024-05-28 22:32:50,892 [ERROR] ServerAccessManage:1058 - Problem during Server Connexion :  IO error Connection timed out: connect
2024-05-28 22:32:50,892 [ERROR] ServerAccessManage:1062 - Exception trace: 
java.net.ConnectException: Connection timed out: connect
	at java.base/java.net.PlainSocketImpl.waitForConnect(Native Method)
	at java.base/java.net.PlainSocketImpl.socketConnect(PlainSocketImpl.java:107)
	at java.base/java.net.AbstractPlainSocketImpl.doConnect(AbstractPlainSocketImpl.java:399)
	at java.base/java.net.AbstractPlainSocketImpl.connectToAddress(AbstractPlainSocketImpl.java:242)
	at java.base/java.net.AbstractPlainSocketImpl.connect(AbstractPlainSocketImpl.java:224)
	at java.base/java.net.SocksSocketImpl.connect(SocksSocketImpl.java:392)
	at java.base/java.net.Socket.connect(Socket.java:609)
	at java.base/sun.security.ssl.SSLSocketImpl.connect(SSLSocketImpl.java:289)
	at java.base/sun.net.NetworkClient.doConnect(NetworkClient.java:177)
	at java.base/sun.net.www.http.HttpClient.openServer(HttpClient.java:474)
	at java.base/sun.net.www.http.HttpClient.openServer(HttpClient.java:569)
	at java.base/sun.net.www.protocol.https.HttpsClient.<init>(HttpsClient.java:265)
	at java.base/sun.net.www.protocol.https.HttpsClient.New(HttpsClient.java:372)
	at java.base/sun.net.www.protocol.https.AbstractDelegateHttpsURLConnection.getNewHttpClient(AbstractDelegateHttpsURLConnection.java:203)
	at java.base/sun.net.www.protocol.http.HttpURLConnection.plainConnect0(HttpURLConnection.java:1187)
	at java.base/sun.net.www.protocol.http.HttpURLConnection.plainConnect(HttpURLConnection.java:1081)
	at java.base/sun.net.www.protocol.https.AbstractDelegateHttpsURLConnection.connect(AbstractDelegateHttpsURLConnection.java:189)
	at java.base/sun.net.www.protocol.http.HttpURLConnection.getInputStream0(HttpURLConnection.java:1592)
	at java.base/sun.net.www.protocol.http.HttpURLConnection.getInputStream(HttpURLConnection.java:1520)
	at java.base/java.net.HttpURLConnection.getResponseCode(HttpURLConnection.java:527)
	at java.base/sun.net.www.protocol.https.HttpsURLConnectionImpl.getResponseCode(HttpsURLConnectionImpl.java:334)
	at com.st.microxplorer.plugins.updater.engine.ServerAccessManage.openHttpConnexion(ServerAccessManage.java:919)
	at com.st.microxplorer.plugins.updater.engine.ServerAccessManage.readHttpFile(ServerAccessManage.java:301)
	at com.st.microxplorer.plugins.updater.engine.LoadUrlFilesThread.loadAllFiles(LoadUrlFilesThread.java:501)
	at com.st.microxplorer.plugins.updater.engine.LoadUrlFilesThread.downloadUrlFiles(LoadUrlFilesThread.java:206)
	at com.st.microxplorer.plugins.updater.engine.LoadUrlFilesThread.run(LoadUrlFilesThread.java:138)
2024-05-28 22:32:50,892 [ERROR] ServerAccessManage:537 - Problem during Server Connexion :  : crdb.zip.
2024-05-28 22:33:02,202 [INFO] LoadUrlFilesThread:146 - End of LoadUrlFiles Thread
2024-05-28 22:33:03,300 [INFO] DbMcusAds:47 - JSON generation date=Thu May 16 16:22:00 ICT 2024 (1715851320852)
2024-05-28 22:33:03,316 [INFO] ApiDb:432 - Save user favorites file C:\Users\hoatt/.stm32cubeide/favorites.mcus.txt: 1 item(s)
2024-05-28 22:33:03,316 [INFO] ApiDb:436 - User favorites MCUs=[STM32F103C8T6]
2024-05-28 22:33:03,324 [INFO] ApiDb:567 - Connected to CubeFinder SQLite database (C:\Users\hoatt\.stmcufinder\plugins\mcufinder\mcu\cube-finder-db.db)
2024-05-28 22:33:03,453 [INFO] ApiDb:654 - CubeFinder database Data Model version=2.1
2024-05-28 22:33:03,453 [INFO] ApiDb:655 - CubeFinder database Configuration version=3.0.39
2024-05-28 22:33:03,453 [INFO] ApiDb:656 - CubeFinder database generation date=2024-05-16 (1715872938)
2024-05-28 22:33:03,453 [INFO] ApiDb:657 - CubeFinder database FW Pack versions=[FP-ATR-ASTRA1_V2.0.0, FP-SNS-FLIGHT1_V5.0.1, FP-SNS-FLIGHT1_V5.0.2, FP-SNS-MOTENV1_V4.3.1, FP-SNS-MOTENV1_V4.3.2, FP-SNS-MOTENV1_V5.0.0, FP-SNS-MOTENVWB1_V1.4.0, FP-SNS-SMARTAG2_V1.2.0, STM32Cube_FW_C0_V1.1.0, STM32Cube_FW_F4_V1.28.0, STM32Cube_FW_F7_V1.17.0, STM32Cube_FW_G0_V1.6.2, STM32Cube_FW_G4_V1.5.2, STM32Cube_FW_H5_V0.5.1, STM32Cube_FW_H5_V1.1.1, STM32Cube_FW_H5_V1.2.0, STM32Cube_FW_H5_V1.2.0RC4, STM32Cube_FW_H7RS_V1.0.0, STM32Cube_FW_H7RS_V1.0.0RC4, STM32Cube_FW_H7_V1.11.0, STM32Cube_FW_L0_V1.12.2, STM32Cube_FW_L5_V1.5.1, STM32Cube_FW_U0_V1.0.0, STM32Cube_FW_U0_V1.0.0RC1, STM32Cube_FW_U5_V1.3.0RC4, STM32Cube_FW_U5_V1.5.0, STM32Cube_FW_U5_V1.5.0RC1, STM32Cube_FW_WBA_V1.0.0RC1, STM32Cube_FW_WBA_V1.2.0, STM32Cube_FW_WBA_V1.2.0RC2, STM32Cube_FW_WBA_V1.3.0, STM32Cube_FW_WBA_V1.3.0RC1, STM32Cube_FW_WB_V1.15.0RC1, STM32Cube_FW_WB_V1.16.0, STM32Cube_FW_WB_V1.16.0RC2, STM32Cube_FW_WB_V1.18.0, STM32Cube_FW_WB_V1.19.0, STM32Cube_FW_WL_V1.3.0, X-CUBE-ALGOBUILD_V1.4.0, X-CUBE-ALS_V1.0.1, X-CUBE-AZRTOS-F4_V1.1.0, X-CUBE-AZRTOS-F7_V1.1.0, X-CUBE-AZRTOS-G0_V1.1.0, X-CUBE-AZRTOS-G4_V2.0.0, X-CUBE-AZRTOS-H7_V3.2.0, X-CUBE-AZRTOS-L4_V1.0.0, X-CUBE-AZRTOS-L4_V2.0.0, X-CUBE-AZRTOS-L5_V1.1.0, X-CUBE-AZRTOS-WB_V2.0.0, X-CUBE-AZRTOS-WL_V2.0.0, X-CUBE-BLE1_V7.0.0, X-CUBE-BLE2_V3.3.0, X-CUBE-BLEMGR_V3.1.0, X-CUBE-EEPRMA1_V4.1.0, X-CUBE-EEPRMA1_V5.1.0, X-CUBE-FREERTOS_V1.1.0, X-CUBE-GNSS1_V6.0.0, X-CUBE-MEMS1_V10.0.0, X-CUBE-MEMS1_V9.1.0, X-CUBE-MEMS1_V9.4.0, X-CUBE-MEMS1_V9.6.0, X-CUBE-NFC4_V3.0.0, X-CUBE-NFC7_V1.0.1, X-CUBE-SFXS2LP1_V4.0.0, X-CUBE-SUBG2_V5.0.0, X-CUBE-TOF1_V3.4.0]
2024-05-28 22:33:06,991 [INFO] ApiDb:212 - Found 97 in-development CPN: [NUCLEO-C031C6, STM32C0116-DK, STM32C011D6Y3TR, STM32C011D6Y6TR, STM32C011F4P3, STM32C011F4P6, STM32C011F4U3, STM32C011F4U6TR, STM32C011F6P3, STM32C011F6P6, STM32C011F6U3, STM32C011F6U6TR, STM32C011J4M3, STM32C011J4M6, STM32C011J6M3, STM32C011J6M6, STM32C0316-DK, STM32C031C4T3, STM32C031C4T6, STM32C031C4U3, STM32C031C4U6, STM32C031C6T3, STM32C031C6T6, STM32C031C6U3, STM32C031C6U6, STM32C031F4P3, STM32C031F4P6, STM32C031F6P3, STM32C031F6P6, STM32C031G4U3, STM32C031G4U6, STM32C031G6U3, STM32C031G6U6, STM32C031K4T3, STM32C031K4T6, STM32C031K4U3, STM32C031K4U6, STM32C031K6T3, STM32C031K6T6, STM32C031K6U3, STM32C031K6U6, STM32G071K8TXN, STM32G071K8UXN, STM32G081GBU6N, STM32G081KBT6N, STM32G081KBUXN, STM32G0B1CCT6N, STM32G0B1KCT6, STM32G0B1NEY6, STM32G0B1NEY6TR, STM32G0B1RCT6N, STM32G0C1CCT6, STM32G0C1CCT6N, STM32G0C1CCU6N, STM32G0C1CET6N, STM32G0C1CEU6N, STM32G0C1KCT6, STM32G0C1NEY6TR, STM32G0C1RCI6N, STM32G0C1RCT6N, STM32G0C1REI6N, STM32G0C1RET6N, STM32G0C1VCI6, STM32G0C1VEI6, STM32G471CCT6, STM32G471CCU6, STM32G471CET3, STM32G471CET6, STM32G471CEU3, STM32G471CEU6, STM32G471MCT6, STM32G471MET3, STM32G471MET6, STM32G471MEY6TR, STM32G471QCT6, STM32G471QET3, STM32G471RCT6, STM32G471RET3, STM32G471RET6, STM32G471VCH6, STM32G471VCI6, STM32G471VCT6, STM32G471VEH3, STM32G471VEH6, STM32G471VEI3, STM32G471VEI6, STM32G471VET3, STM32G471VET6, STM32G474CCT6, STM32L4R5QGI6STR, STM32U595ZJT6Q, STM32U599BJY6QTR, STM32U599NIH6Q, STM32U599NJH6Q, STM32U5A5ZJT6Q, STM32U5A9BJY6QTR, STM32U5A9NJH6Q]
2024-05-28 22:33:06,996 [INFO] DbMcus:201 - Found 4063 MCUs, 4063 are supported
2024-05-28 22:33:06,996 [INFO] ApiDb:407 - Load user favorites file C:\Users\hoatt/.stm32cubeide/favorites.mcus.txt: 1 item(s)
2024-05-28 22:33:06,997 [INFO] ApiDb:411 - User favorites MCUs=[STM32F103C8T6]
2024-05-28 22:33:06,997 [INFO] DbMcus:207 - Set 1 / 1 favorites MCUs
2024-05-28 22:33:08,829 [ERROR] MultiScanPanel:802 - Unable to refresh data
2024-05-28 22:33:08,837 [INFO] ApiDb:654 - CubeFinder database Data Model version=2.1
2024-05-28 22:33:08,837 [INFO] ApiDb:655 - CubeFinder database Configuration version=3.0.39
2024-05-28 22:33:08,837 [INFO] ApiDb:656 - CubeFinder database generation date=2024-05-16 (1715872938)
2024-05-28 22:33:08,837 [INFO] ApiDb:657 - CubeFinder database FW Pack versions=[FP-ATR-ASTRA1_V2.0.0, FP-SNS-FLIGHT1_V5.0.1, FP-SNS-FLIGHT1_V5.0.2, FP-SNS-MOTENV1_V4.3.1, FP-SNS-MOTENV1_V4.3.2, FP-SNS-MOTENV1_V5.0.0, FP-SNS-MOTENVWB1_V1.4.0, FP-SNS-SMARTAG2_V1.2.0, STM32Cube_FW_C0_V1.1.0, STM32Cube_FW_F4_V1.28.0, STM32Cube_FW_F7_V1.17.0, STM32Cube_FW_G0_V1.6.2, STM32Cube_FW_G4_V1.5.2, STM32Cube_FW_H5_V0.5.1, STM32Cube_FW_H5_V1.1.1, STM32Cube_FW_H5_V1.2.0, STM32Cube_FW_H5_V1.2.0RC4, STM32Cube_FW_H7RS_V1.0.0, STM32Cube_FW_H7RS_V1.0.0RC4, STM32Cube_FW_H7_V1.11.0, STM32Cube_FW_L0_V1.12.2, STM32Cube_FW_L5_V1.5.1, STM32Cube_FW_U0_V1.0.0, STM32Cube_FW_U0_V1.0.0RC1, STM32Cube_FW_U5_V1.3.0RC4, STM32Cube_FW_U5_V1.5.0, STM32Cube_FW_U5_V1.5.0RC1, STM32Cube_FW_WBA_V1.0.0RC1, STM32Cube_FW_WBA_V1.2.0, STM32Cube_FW_WBA_V1.2.0RC2, STM32Cube_FW_WBA_V1.3.0, STM32Cube_FW_WBA_V1.3.0RC1, STM32Cube_FW_WB_V1.15.0RC1, STM32Cube_FW_WB_V1.16.0, STM32Cube_FW_WB_V1.16.0RC2, STM32Cube_FW_WB_V1.18.0, STM32Cube_FW_WB_V1.19.0, STM32Cube_FW_WL_V1.3.0, X-CUBE-ALGOBUILD_V1.4.0, X-CUBE-ALS_V1.0.1, X-CUBE-AZRTOS-F4_V1.1.0, X-CUBE-AZRTOS-F7_V1.1.0, X-CUBE-AZRTOS-G0_V1.1.0, X-CUBE-AZRTOS-G4_V2.0.0, X-CUBE-AZRTOS-H7_V3.2.0, X-CUBE-AZRTOS-L4_V1.0.0, X-CUBE-AZRTOS-L4_V2.0.0, X-CUBE-AZRTOS-L5_V1.1.0, X-CUBE-AZRTOS-WB_V2.0.0, X-CUBE-AZRTOS-WL_V2.0.0, X-CUBE-BLE1_V7.0.0, X-CUBE-BLE2_V3.3.0, X-CUBE-BLEMGR_V3.1.0, X-CUBE-EEPRMA1_V4.1.0, X-CUBE-EEPRMA1_V5.1.0, X-CUBE-FREERTOS_V1.1.0, X-CUBE-GNSS1_V6.0.0, X-CUBE-MEMS1_V10.0.0, X-CUBE-MEMS1_V9.1.0, X-CUBE-MEMS1_V9.4.0, X-CUBE-MEMS1_V9.6.0, X-CUBE-NFC4_V3.0.0, X-CUBE-NFC7_V1.0.1, X-CUBE-SFXS2LP1_V4.0.0, X-CUBE-SUBG2_V5.0.0, X-CUBE-TOF1_V3.4.0]
2024-05-28 22:33:09,010 [INFO] DbBoardsSqlite:220 - include board P-NUCLEO-WB55-NUCLEO as a kit item of type 'Nucleo-64'
2024-05-28 22:33:09,011 [INFO] DbBoardsSqlite:220 - include board P-NUCLEO-WB55-USBDONGLE as a kit item of type 'Nucleo USB Dongle'
2024-05-28 22:33:09,011 [INFO] DbBoardsSqlite:220 - include board STEVAL-IDP005V1 as a kit item of type 'Evaluation Board'
2024-05-28 22:33:09,011 [INFO] DbBoardsSqlite:220 - include board STEVAL-IDP005V2 as a kit item of type 'Evaluation Board'
2024-05-28 22:33:09,146 [INFO] ApiDb:212 - Found 97 in-development CPN: [NUCLEO-C031C6, STM32C0116-DK, STM32C011D6Y3TR, STM32C011D6Y6TR, STM32C011F4P3, STM32C011F4P6, STM32C011F4U3, STM32C011F4U6TR, STM32C011F6P3, STM32C011F6P6, STM32C011F6U3, STM32C011F6U6TR, STM32C011J4M3, STM32C011J4M6, STM32C011J6M3, STM32C011J6M6, STM32C0316-DK, STM32C031C4T3, STM32C031C4T6, STM32C031C4U3, STM32C031C4U6, STM32C031C6T3, STM32C031C6T6, STM32C031C6U3, STM32C031C6U6, STM32C031F4P3, STM32C031F4P6, STM32C031F6P3, STM32C031F6P6, STM32C031G4U3, STM32C031G4U6, STM32C031G6U3, STM32C031G6U6, STM32C031K4T3, STM32C031K4T6, STM32C031K4U3, STM32C031K4U6, STM32C031K6T3, STM32C031K6T6, STM32C031K6U3, STM32C031K6U6, STM32G071K8TXN, STM32G071K8UXN, STM32G081GBU6N, STM32G081KBT6N, STM32G081KBUXN, STM32G0B1CCT6N, STM32G0B1KCT6, STM32G0B1NEY6, STM32G0B1NEY6TR, STM32G0B1RCT6N, STM32G0C1CCT6, STM32G0C1CCT6N, STM32G0C1CCU6N, STM32G0C1CET6N, STM32G0C1CEU6N, STM32G0C1KCT6, STM32G0C1NEY6TR, STM32G0C1RCI6N, STM32G0C1RCT6N, STM32G0C1REI6N, STM32G0C1RET6N, STM32G0C1VCI6, STM32G0C1VEI6, STM32G471CCT6, STM32G471CCU6, STM32G471CET3, STM32G471CET6, STM32G471CEU3, STM32G471CEU6, STM32G471MCT6, STM32G471MET3, STM32G471MET6, STM32G471MEY6TR, STM32G471QCT6, STM32G471QET3, STM32G471RCT6, STM32G471RET3, STM32G471RET6, STM32G471VCH6, STM32G471VCI6, STM32G471VCT6, STM32G471VEH3, STM32G471VEH6, STM32G471VEI3, STM32G471VEI6, STM32G471VET3, STM32G471VET6, STM32G474CCT6, STM32L4R5QGI6STR, STM32U595ZJT6Q, STM32U599BJY6QTR, STM32U599NIH6Q, STM32U599NJH6Q, STM32U5A5ZJT6Q, STM32U5A9BJY6QTR, STM32U5A9NJH6Q]
2024-05-28 22:33:09,203 [INFO] BoardInfo:872 - No configuration file found for board B-G473E-ZEST1S
2024-05-28 22:33:09,203 [INFO] DbBoards:144 - Board is not supported: B-G473E-ZEST1S
2024-05-28 22:33:09,244 [INFO] BoardInfo:872 - No configuration file found for board B-WB1M-WPAN1
2024-05-28 22:33:09,244 [INFO] DbBoards:144 - Board is not supported: B-WB1M-WPAN1
2024-05-28 22:33:09,244 [INFO] BoardInfo:872 - No configuration file found for board B-WL5M-SUBG1
2024-05-28 22:33:09,251 [INFO] DbBoards:144 - Board is not supported: B-WL5M-SUBG1
2024-05-28 22:33:09,430 [INFO] BoardInfo:872 - No configuration file found for board NUCLEO-H503RB
2024-05-28 22:33:09,438 [INFO] DbBoards:144 - Board is not supported: NUCLEO-H503RB
2024-05-28 22:33:09,443 [INFO] BoardInfo:872 - No configuration file found for board NUCLEO-H533RE
2024-05-28 22:33:09,443 [INFO] DbBoards:144 - Board is not supported: NUCLEO-H533RE
2024-05-28 22:33:09,447 [INFO] BoardInfo:872 - No configuration file found for board NUCLEO-H563ZI
2024-05-28 22:33:09,447 [INFO] DbBoards:144 - Board is not supported: NUCLEO-H563ZI
2024-05-28 22:33:09,487 [INFO] BoardInfo:872 - No configuration file found for board NUCLEO-H7S3L8
2024-05-28 22:33:09,487 [INFO] DbBoards:144 - Board is not supported: NUCLEO-H7S3L8
2024-05-28 22:33:09,559 [INFO] BoardInfo:872 - No configuration file found for board NUCLEO-U031R8
2024-05-28 22:33:09,559 [INFO] DbBoards:144 - Board is not supported: NUCLEO-U031R8
2024-05-28 22:33:09,572 [INFO] BoardInfo:872 - No configuration file found for board NUCLEO-U083RC
2024-05-28 22:33:09,572 [INFO] DbBoards:144 - Board is not supported: NUCLEO-U083RC
2024-05-28 22:33:09,574 [INFO] BoardInfo:872 - No configuration file found for board NUCLEO-U545RE-Q
2024-05-28 22:33:09,574 [INFO] DbBoards:144 - Board is not supported: NUCLEO-U545RE-Q
2024-05-28 22:33:09,581 [INFO] BoardInfo:872 - No configuration file found for board NUCLEO-U5A5ZJ-Q
2024-05-28 22:33:09,581 [INFO] DbBoards:144 - Board is not supported: NUCLEO-U5A5ZJ-Q
2024-05-28 22:33:09,589 [INFO] BoardInfo:872 - No configuration file found for board NUCLEO-WBA52CG
2024-05-28 22:33:09,589 [INFO] DbBoards:144 - Board is not supported: NUCLEO-WBA52CG
2024-05-28 22:33:09,594 [INFO] BoardInfo:872 - No configuration file found for board NUCLEO-WBA55CG
2024-05-28 22:33:09,594 [INFO] DbBoards:144 - Board is not supported: NUCLEO-WBA55CG
2024-05-28 22:33:09,607 [INFO] BoardInfo:872 - No configuration file found for board P-NUCLEO-WB55
2024-05-28 22:33:09,607 [INFO] DbBoards:144 - Kit is not supported: P-NUCLEO-WB55
2024-05-28 22:33:09,620 [INFO] BoardInfo:872 - No configuration file found for board STEVAL-ASTRA1B
2024-05-28 22:33:09,620 [INFO] DbBoards:144 - Board is not supported: STEVAL-ASTRA1B
2024-05-28 22:33:09,620 [INFO] BoardInfo:872 - No configuration file found for board STEVAL-BFA001V1B
2024-05-28 22:33:09,620 [INFO] DbBoards:144 - Kit is not supported: STEVAL-BFA001V1B
2024-05-28 22:33:09,625 [INFO] BoardInfo:872 - No configuration file found for board STEVAL-BFA001V2B
2024-05-28 22:33:09,625 [INFO] DbBoards:144 - Kit is not supported: STEVAL-BFA001V2B
2024-05-28 22:33:09,625 [INFO] BoardInfo:872 - No configuration file found for board STEVAL-MKBOXPRO
2024-05-28 22:33:09,625 [INFO] DbBoards:144 - Board is not supported: STEVAL-MKBOXPRO
2024-05-28 22:33:09,636 [INFO] BoardInfo:872 - No configuration file found for board STEVAL-PROTEUS1
2024-05-28 22:33:09,636 [INFO] DbBoards:144 - Board is not supported: STEVAL-PROTEUS1
2024-05-28 22:33:09,641 [INFO] BoardInfo:872 - No configuration file found for board STEVAL-SMARTAG2
2024-05-28 22:33:09,641 [INFO] DbBoards:144 - Board is not supported: STEVAL-SMARTAG2
2024-05-28 22:33:09,644 [INFO] BoardInfo:872 - No configuration file found for board STEVAL-STWINBX1
2024-05-28 22:33:09,644 [INFO] DbBoards:144 - Board is not supported: STEVAL-STWINBX1
2024-05-28 22:33:09,652 [INFO] BoardInfo:872 - No configuration file found for board STM320518-EVAL
2024-05-28 22:33:09,652 [INFO] DbBoards:144 - Board is not supported: STM320518-EVAL
2024-05-28 22:33:09,817 [INFO] BoardInfo:872 - No configuration file found for board STM32H573I-DK
2024-05-28 22:33:09,817 [INFO] DbBoards:144 - Board is not supported: STM32H573I-DK
2024-05-28 22:33:09,856 [INFO] BoardInfo:872 - No configuration file found for board STM32H7S78-DK
2024-05-28 22:33:09,856 [INFO] DbBoards:144 - Board is not supported: STM32H7S78-DK
2024-05-28 22:33:09,893 [INFO] BoardInfo:872 - No configuration file found for board STM32MP135F-DK
2024-05-28 22:33:09,893 [INFO] DbBoards:144 - Board is not supported: STM32MP135F-DK
2024-05-28 22:33:09,927 [INFO] BoardInfo:872 - No configuration file found for board STM32U083C-DK
2024-05-28 22:33:09,927 [INFO] DbBoards:144 - Board is not supported: STM32U083C-DK
2024-05-28 22:33:09,936 [INFO] BoardInfo:872 - No configuration file found for board STM32U5A9J-DK
2024-05-28 22:33:09,936 [INFO] DbBoards:144 - Board is not supported: STM32U5A9J-DK
2024-05-28 22:33:09,942 [INFO] BoardInfo:872 - No configuration file found for board STM32U5G9J-DK1
2024-05-28 22:33:09,942 [INFO] DbBoards:144 - Board is not supported: STM32U5G9J-DK1
2024-05-28 22:33:09,944 [INFO] BoardInfo:872 - No configuration file found for board STM32U5G9J-DK2
2024-05-28 22:33:09,944 [INFO] DbBoards:144 - Board is not supported: STM32U5G9J-DK2
2024-05-28 22:33:09,952 [INFO] BoardInfo:872 - No configuration file found for board STM32WBA55G-DK1
2024-05-28 22:33:09,952 [INFO] DbBoards:144 - Board is not supported: STM32WBA55G-DK1
2024-05-28 22:33:09,952 [INFO] DbBoards:148 - Found 199 boards, 169 are supported
2024-05-28 22:33:09,960 [INFO] ApiDb:407 - Load user favorites file C:\Users\hoatt/.stm32cubeide/favorites.boards.txt: 0 item(s)
2024-05-28 22:33:09,960 [INFO] ApiDb:411 - User favorites Boards=[]
2024-05-28 22:33:09,960 [INFO] DbBoards:174 - Set 0 / 0 favorites Boards
2024-05-28 22:34:46,818 [INFO] RetryExec:97 - I/O exception (java.net.SocketException) caught when processing request to {s}->https://download.eclipse.org:443: Software caused connection abort: connect
2024-05-28 22:34:46,843 [INFO] RetryExec:113 - Retrying request to {s}->https://download.eclipse.org:443
2024-05-28 22:34:46,843 [INFO] RetryExec:97 - I/O exception (java.net.SocketException) caught when processing request to {s}->https://download.eclipse.org:443: Network is unreachable: connect
2024-05-28 22:34:46,843 [INFO] RetryExec:113 - Retrying request to {s}->https://download.eclipse.org:443
2024-05-28 22:34:46,843 [INFO] RetryExec:97 - I/O exception (java.net.SocketException) caught when processing request to {s}->https://download.eclipse.org:443: Network is unreachable: connect
2024-05-28 22:34:46,843 [INFO] RetryExec:113 - Retrying request to {s}->https://download.eclipse.org:443
2024-05-28 22:34:47,080 [INFO] RetryExec:97 - I/O exception (java.net.SocketException) caught when processing request to {s}->https://download.eclipse.org:443: Network is unreachable: connect
2024-05-28 22:34:47,080 [INFO] RetryExec:113 - Retrying request to {s}->https://download.eclipse.org:443
2024-05-28 22:34:47,080 [INFO] RetryExec:97 - I/O exception (java.net.SocketException) caught when processing request to {s}->https://download.eclipse.org:443: Network is unreachable: connect
2024-05-28 22:34:47,080 [INFO] RetryExec:113 - Retrying request to {s}->https://download.eclipse.org:443
2024-05-28 22:34:47,080 [INFO] RetryExec:97 - I/O exception (java.net.SocketException) caught when processing request to {s}->https://download.eclipse.org:443: Network is unreachable: connect
2024-05-28 22:34:47,080 [INFO] RetryExec:113 - Retrying request to {s}->https://download.eclipse.org:443
2024-05-28 22:34:47,131 [INFO] RetryExec:97 - I/O exception (java.net.SocketException) caught when processing request to {s}->https://download.eclipse.org:443: Network is unreachable: connect
2024-05-28 22:34:47,131 [INFO] RetryExec:113 - Retrying request to {s}->https://download.eclipse.org:443
2024-05-28 22:34:47,131 [INFO] RetryExec:97 - I/O exception (java.net.SocketException) caught when processing request to {s}->https://download.eclipse.org:443: Network is unreachable: connect
2024-05-28 22:34:47,131 [INFO] RetryExec:113 - Retrying request to {s}->https://download.eclipse.org:443
2024-05-28 22:34:47,131 [INFO] RetryExec:97 - I/O exception (java.net.SocketException) caught when processing request to {s}->https://download.eclipse.org:443: Network is unreachable: connect
2024-05-28 22:34:47,131 [INFO] RetryExec:113 - Retrying request to {s}->https://download.eclipse.org:443
2024-05-28 22:34:47,148 [INFO] RetryExec:97 - I/O exception (java.net.SocketException) caught when processing request to {s}->https://download.eclipse.org:443: Network is unreachable: connect
2024-05-28 22:34:47,148 [INFO] RetryExec:113 - Retrying request to {s}->https://download.eclipse.org:443
2024-05-28 22:34:47,148 [INFO] RetryExec:97 - I/O exception (java.net.SocketException) caught when processing request to {s}->https://download.eclipse.org:443: Network is unreachable: connect
2024-05-28 22:34:47,148 [INFO] RetryExec:113 - Retrying request to {s}->https://download.eclipse.org:443
2024-05-28 22:34:47,148 [INFO] RetryExec:97 - I/O exception (java.net.SocketException) caught when processing request to {s}->https://download.eclipse.org:443: Network is unreachable: connect
2024-05-28 22:34:47,148 [INFO] RetryExec:113 - Retrying request to {s}->https://download.eclipse.org:443
2024-05-28 22:39:11,806 [INFO] MainUpdater:2729 - connection check result : 10
2024-05-28 22:39:11,808 [INFO] MainUpdater:2729 - connection check result : 10
2024-05-28 22:39:11,873 [INFO] MicroXplorer:447 - Change Database Path : 
2024-05-28 22:39:11,876 [INFO] MicroXplorer:477 - Change Database Version : DB.6.0.50
2024-05-28 22:39:11,876 [WARN] ThirdParty:823 - waiting for thirdparty lock release [close project]
2024-05-28 22:39:11,876 [INFO] ThirdParty:825 - entering critical section [close project]
2024-05-28 22:39:11,883 [INFO] ThirdParty:835 - exiting critical section [close project]
2024-05-28 22:39:11,902 [INFO] PinOutPanel:1465 - setPackage(No Configuration,No Configuration)
2024-05-28 22:39:11,920 [INFO] UtilMem:74 - Begin LoadConfig() Used Memory: 562681000 Bytes (665845760)
2024-05-28 22:39:11,925 [INFO] MicroXplorer:447 - Change Database Path : 
2024-05-28 22:39:11,925 [INFO] MicroXplorer:477 - Change Database Version : DB.6.0.50
2024-05-28 22:39:11,925 [INFO] OpenFileManager:303 - Change cursor
2024-05-28 22:39:11,990 [WARN] IntegrityCheckThread:78 - waiting for thirdparty lock release [integrity check]
2024-05-28 22:39:11,993 [INFO] IntegrityCheckThread:80 - entering critical section [integrity check]
2024-05-28 22:39:12,581 [WARN] PackLoader:238 - Cannot read IP mode file for STMicroelectronics.FP-SNS-MOTENVWB1.1.4.0
2024-05-28 22:39:12,596 [WARN] PackLoader:238 - Cannot read IP mode file for STMicroelectronics.X-CUBE-SMBUS.2.1.0
2024-05-28 22:39:12,606 [WARN] PackLoader:238 - Cannot read IP mode file for STMicroelectronics.X-CUBE-TOUCHGFX.4.23.2
2024-05-28 22:39:12,651 [WARN] PackLoader:238 - Cannot read IP mode file for STMicroelectronics.X-CUBE-AZRTOS-F7.1.1.0
2024-05-28 22:39:12,668 [WARN] PackLoader:238 - Cannot read IP mode file for STMicroelectronics.FP-SNS-FLIGHT1.5.0.2
2024-05-28 22:39:12,683 [WARN] PackLoader:238 - Cannot read IP mode file for STMicroelectronics.X-CUBE-DISPLAY.3.0.0
2024-05-28 22:39:12,705 [WARN] PackLoader:238 - Cannot read IP mode file for STMicroelectronics.X-CUBE-BLE1.7.0.0
2024-05-28 22:39:12,721 [WARN] PackLoader:238 - Cannot read IP mode file for emotas.I-CUBE-CANOPEN.1.3.0
2024-05-28 22:39:12,737 [WARN] PackLoader:238 - Cannot read IP mode file for STMicroelectronics.X-CUBE-BLEMGR.3.1.0
2024-05-28 22:39:12,747 [WARN] PackLoader:238 - Cannot read IP mode file for STMicroelectronics.FP-SNS-SMARTAG2.1.2.0
2024-05-28 22:39:12,769 [INFO] LogOutputStream:76 - [STDOUT_REDIRECT] 1 : Invalid condition id : UX_CORESTACK_Condition cause : null
2024-05-28 22:39:12,772 [INFO] LogOutputStream:76 - [STDOUT_REDIRECT] 1 : Invalid condition id : UX_CORESTACK_Condition cause : null
2024-05-28 22:39:12,772 [INFO] LogOutputStream:76 - [STDOUT_REDIRECT] 1 : Invalid condition id : UX_CORESTACK_Condition cause : null
2024-05-28 22:39:12,772 [INFO] LogOutputStream:76 - [STDOUT_REDIRECT] 1 : Invalid condition id : UX_CORESTACK_Condition cause : null
2024-05-28 22:39:12,775 [INFO] LogOutputStream:76 - [STDOUT_REDIRECT] 1 : Invalid condition id : UX_CORESTACK_Condition cause : null
2024-05-28 22:39:12,780 [WARN] PackLoader:238 - Cannot read IP mode file for STMicroelectronics.X-CUBE-AZRTOS-WL.2.0.0
2024-05-28 22:39:12,790 [WARN] PackLoader:238 - Cannot read IP mode file for STMicroelectronics.FP-SNS-MOTENV1.5.0.0
2024-05-28 22:39:12,805 [WARN] PackLoader:238 - Cannot read IP mode file for WES.I-CUBE-Cesium.1.3.0
2024-05-28 22:39:12,814 [WARN] PackLoader:238 - Cannot read IP mode file for STMicroelectronics.X-CUBE-BLE2.3.3.0
2024-05-28 22:39:12,838 [WARN] PackLoader:238 - Cannot read IP mode file for STMicroelectronics.X-CUBE-TCPP.4.1.0
2024-05-28 22:39:12,869 [WARN] PackLoader:238 - Cannot read IP mode file for STMicroelectronics.X-CUBE-ALGOBUILD.1.3.0
2024-05-28 22:39:12,939 [WARN] PackLoader:238 - Cannot read IP mode file for STMicroelectronics.X-CUBE-AZRTOS-G0.1.1.0
2024-05-28 22:39:12,970 [WARN] PackLoader:238 - Cannot read IP mode file for STMicroelectronics.X-CUBE-SAFEA1.1.2.2
2024-05-28 22:39:12,996 [WARN] PackLoader:238 - Cannot read IP mode file for STMicroelectronics.X-CUBE-NFC4.3.0.0
2024-05-28 22:39:13,014 [WARN] PackLoader:238 - Cannot read IP mode file for wolfSSL.I-CUBE-wolfSSL.5.7.0
2024-05-28 22:39:13,024 [WARN] PackLoader:238 - Cannot read IP mode file for STMicroelectronics.FP-ATR-SIGFOX1.3.2.0
2024-05-28 22:39:13,045 [WARN] PackLoader:238 - Cannot read IP mode file for STMicroelectronics.X-CUBE-EEPRMA1.5.1.0
2024-05-28 22:39:13,069 [WARN] PackLoader:238 - Cannot read IP mode file for ITTIA_DB.I-CUBE-ITTIADB.8.9.0
2024-05-28 22:39:13,161 [WARN] PackLoader:238 - Cannot read IP mode file for SEGGER.I-CUBE-embOS.1.3.1
2024-05-28 22:39:13,257 [WARN] PackLoader:238 - Cannot read IP mode file for STMicroelectronics.X-CUBE-ALGOBUILD.1.4.0
2024-05-28 22:39:13,274 [WARN] PackLoader:238 - Cannot read IP mode file for STMicroelectronics.X-CUBE-GNSS1.6.0.0
2024-05-28 22:39:13,307 [WARN] PackLoader:238 - Cannot read IP mode file for STMicroelectronics.X-CUBE-AZRTOS-F4.1.1.0
2024-05-28 22:39:13,323 [WARN] PackLoader:238 - Cannot read IP mode file for STMicroelectronics.X-CUBE-FREERTOS.1.2.0
2024-05-28 22:39:13,353 [WARN] PackLoader:238 - Cannot read IP mode file for STMicroelectronics.X-CUBE-AZRTOS-L5.2.0.0
2024-05-28 22:39:13,371 [WARN] PackLoader:238 - Cannot read IP mode file for STMicroelectronics.X-CUBE-NFC6.3.1.0
2024-05-28 22:39:13,392 [WARN] PackLoader:238 - Cannot read IP mode file for STMicroelectronics.X-CUBE-AI.9.0.0
2024-05-28 22:39:13,419 [WARN] PackLoader:238 - Cannot read IP mode file for STMicroelectronics.X-CUBE-NFC7.1.0.1
2024-05-28 22:39:13,456 [WARN] ConditionMgr:437 - getConditionDescription Invalid condition id : LAN8742 Phy interface Condition cause : null
2024-05-28 22:39:13,456 [WARN] PackLoader:238 - Cannot read IP mode file for STMicroelectronics.X-CUBE-AZRTOS-L4.2.0.0
2024-05-28 22:39:13,458 [WARN] ConditionMgr:1038 - genDependencies : Invalid condition id : LAN8742 Phy interface Condition cause : null
2024-05-28 22:39:13,461 [WARN] ConditionMgr:1038 - genDependencies : Invalid condition id : LAN8742 Phy interface Condition cause : null
2024-05-28 22:39:13,461 [WARN] ConditionMgr:1038 - genDependencies : Invalid condition id : LAN8742 Phy interface Condition cause : null
2024-05-28 22:39:13,476 [WARN] PackLoader:238 - Cannot read IP mode file for STMicroelectronics.X-CUBE-SFXS2LP1.4.0.0
2024-05-28 22:39:13,499 [WARN] ConditionMgr:437 - getConditionDescription Invalid condition id : UX DEVICE CLASS RTOS Condition cause : null
2024-05-28 22:39:13,499 [WARN] ConditionMgr:437 - getConditionDescription Invalid condition id : UX DEVICE CLASS RTOS Condition cause : null
2024-05-28 22:39:13,502 [WARN] PackLoader:238 - Cannot read IP mode file for STMicroelectronics.X-CUBE-AZRTOS-WB.2.0.0
2024-05-28 22:39:13,504 [WARN] ConditionMgr:1038 - genDependencies : Invalid condition id : UX DEVICE CLASS RTOS Condition cause : null
2024-05-28 22:39:13,504 [WARN] ConditionMgr:1038 - genDependencies : Invalid condition id : UX DEVICE CLASS RTOS Condition cause : null
2024-05-28 22:39:13,504 [WARN] ConditionMgr:1038 - genDependencies : Invalid condition id : UX DEVICE CLASS RTOS Condition cause : null
2024-05-28 22:39:13,504 [WARN] ConditionMgr:1038 - genDependencies : Invalid condition id : UX DEVICE CLASS RTOS Condition cause : null
2024-05-28 22:39:13,504 [WARN] ConditionMgr:1038 - genDependencies : Invalid condition id : UX DEVICE CLASS RTOS Condition cause : null
2024-05-28 22:39:13,525 [WARN] PackLoader:238 - Cannot read IP mode file for STMicroelectronics.X-CUBE-SUBG2.5.0.0
2024-05-28 22:39:13,561 [WARN] PackLoader:238 - Cannot read IP mode file for STMicroelectronics.X-CUBE-AZRTOS-G4.2.0.0
2024-05-28 22:39:13,572 [WARN] PackLoader:238 - Cannot read IP mode file for STMicroelectronics.X-CUBE-ISPU.2.0.0
2024-05-28 22:39:13,581 [WARN] PackLoader:238 - Cannot read IP mode file for STMicroelectronics.X-CUBE-ALS.1.0.2
2024-05-28 22:39:13,658 [WARN] PackLoader:238 - Cannot read IP mode file for STMicroelectronics.X-CUBE-MEMS1.10.0.0
2024-05-28 22:39:13,878 [WARN] PackLoader:238 - Cannot read IP mode file for portGmbH.I-Cube-SoM-uGOAL.1.1.0
2024-05-28 22:39:13,886 [WARN] PackLoader:238 - Cannot read IP mode file for STMicroelectronics.X-CUBE-ALS.1.0.1
2024-05-28 22:39:13,914 [WARN] PackLoader:238 - Cannot read IP mode file for STMicroelectronics.X-CUBE-AZRTOS-H7RS.1.0.0
2024-05-28 22:39:13,926 [WARN] PackLoader:238 - Cannot read IP mode file for STMicroelectronics.FP-ATR-ASTRA1.2.0.0
2024-05-28 22:39:13,948 [WARN] PackLoader:238 - Cannot read IP mode file for STMicroelectronics.X-CUBE-TOF1.3.4.1
2024-05-28 22:39:14,008 [WARN] PackLoader:238 - Cannot read IP mode file for STMicroelectronics.X-CUBE-AZRTOS-H7.3.2.0
2024-05-28 22:39:14,033 [WARN] PackLoader:238 - Cannot read IP mode file for Infineon.AIROC-Wi-Fi-Bluetooth-STM32.1.6.0
2024-05-28 22:39:14,038 [INFO] ThirdParty:925 - Integrity check success = true
2024-05-28 22:39:14,038 [INFO] IntegrityCheckThread:94 - exiting critical section [integrity check]
2024-05-28 22:39:14,041 [INFO] IntegrityCheckThread:97 - End integrity checks thread
2024-05-28 22:39:14,363 [INFO] Mcu:1893 - Initializing MCU STM32F103C8Tx STM32F103C8Tx 
2024-05-28 22:39:14,363 [INFO] Mcu:1906 - No CPN specified => set CPN to STM32F103C8T6
2024-05-28 22:39:17,686 [INFO] Context:599 - Trying to add GPIOservice into a context  which must be forbidden
2024-05-28 22:39:20,425 [INFO] ImportTextPane:183 - (OptionalMessage_ERROR) Unable to find key (Mcu.ThirdPartyNb) in loaded IOC file
2024-05-28 22:39:20,425 [INFO] ImportTextPane:183 - (OptionalMessage_ERROR) Unable to find key (Mcu.PinsNb) in loaded IOC file
2024-05-28 22:39:20,425 [INFO] ImportTextPane:183 - (OptionalMessage_ERROR) Unable to find key (Mcu.IPNb) in loaded IOC file
2024-05-28 22:39:20,527 [WARN] ApiManager:304 - Cannot register API 'Board Extension:GNSS1A1' from pack STMicroelectronics.X-CUBE-GNSS1.6.0.0: no header file found
2024-05-28 22:39:20,527 [WARN] ApiManager:304 - Cannot register API 'Board Support:Custom' from pack STMicroelectronics.X-CUBE-GNSS1.6.0.0: no header file found
2024-05-28 22:39:20,527 [WARN] ApiManager:304 - Cannot register API 'Data Exchange:lib_gnss' from pack STMicroelectronics.X-CUBE-GNSS1.6.0.0: no header file found
2024-05-28 22:39:20,561 [WARN] ApiManager:304 - Cannot register API 'Board Extension:NFC06A1' from pack STMicroelectronics.X-CUBE-NFC6.3.1.0: no header file found
2024-05-28 22:39:20,564 [WARN] ApiManager:304 - Cannot register API 'Board Extension:NFC08A1' from pack STMicroelectronics.X-CUBE-NFC6.3.1.0: no header file found
2024-05-28 22:39:20,566 [INFO] RtosManager:484 - Registered RTOS mode: class=CMSIS, group=RTOS, mode=CMSIS_V1, owner=FREERTOS
2024-05-28 22:39:20,566 [INFO] RtosManager:484 - Registered RTOS mode: class=CMSIS, group=RTOS2, mode=CMSIS_V2, owner=FREERTOS
2024-05-28 22:39:20,569 [INFO] RtosManager:484 - Registered RTOS mode: class=RTOS, group=Core, mode=CMSIS_V1, owner=FREERTOS
2024-05-28 22:39:20,569 [INFO] RtosManager:484 - Registered RTOS mode: class=RTOS, group=Core, mode=CMSIS_V2, owner=FREERTOS
2024-05-28 22:39:20,569 [WARN] ModelIntegratedComponent:181 - Missing modes for component STMicroelectronics:FreeRTOS:0.0.1:STMicroelectronics:RTOS:FreeRTOS:Core:::10.2.0:
2024-05-28 22:39:20,574 [WARN] ApiManager:304 - Cannot register API 'Board Extension:STSAFEA1' from pack STMicroelectronics.X-CUBE-SAFEA1.1.2.2: no header file found
2024-05-28 22:39:20,574 [WARN] ApiManager:304 - Cannot register API 'Board Part:STSAFEA110' from pack STMicroelectronics.X-CUBE-SAFEA1.1.2.2: no header file found
2024-05-28 22:39:20,574 [WARN] ApiManager:304 - Cannot register API 'Security:ST_Cryptolib' from pack STMicroelectronics.X-CUBE-SAFEA1.1.2.2: no header file found
2024-05-28 22:39:20,574 [WARN] ApiManager:304 - Cannot register API 'Security:MbedTLS' from pack STMicroelectronics.X-CUBE-SAFEA1.1.2.2: no header file found
2024-05-28 22:39:20,577 [WARN] ApiManager:304 - Cannot register API 'Board Extension:NFC04A1' from pack STMicroelectronics.X-CUBE-NFC4.3.0.0: no header file found
2024-05-28 22:39:20,585 [WARN] ApiManager:304 - Cannot register API 'Board Extension:S2868A1' from pack STMicroelectronics.X-CUBE-SUBG2.5.0.0: no header file found
2024-05-28 22:39:20,585 [WARN] ApiManager:304 - Cannot register API 'Board Extension:S2868A2' from pack STMicroelectronics.X-CUBE-SUBG2.5.0.0: no header file found
2024-05-28 22:39:20,585 [WARN] ApiManager:304 - Cannot register API 'Board Extension:S2915A1' from pack STMicroelectronics.X-CUBE-SUBG2.5.0.0: no header file found
2024-05-28 22:39:20,597 [WARN] ApiManager:304 - Cannot register API 'Wireless:BlueNRG-MS' from pack STMicroelectronics.X-CUBE-BLE1.7.0.0: no header file found
2024-05-28 22:39:20,600 [WARN] ApiManager:304 - Cannot register API 'Board Extension:EEPRMA2' from pack STMicroelectronics.X-CUBE-EEPRMA1.5.1.0: no header file found
2024-05-28 22:39:20,601 [WARN] ApiManager:304 - Cannot register API 'Board Extension:PGEEZ1' from pack STMicroelectronics.X-CUBE-EEPRMA1.5.1.0: no header file found
2024-05-28 22:39:20,601 [WARN] ApiManager:304 - Cannot register API 'Board Extension:EEICA1' from pack STMicroelectronics.X-CUBE-EEPRMA1.5.1.0: no header file found
2024-05-28 22:39:20,601 [WARN] ApiManager:304 - Cannot register API 'Board Part:M24' from pack STMicroelectronics.X-CUBE-EEPRMA1.5.1.0: no header file found
2024-05-28 22:39:20,601 [WARN] ApiManager:304 - Cannot register API 'Board Part:M95' from pack STMicroelectronics.X-CUBE-EEPRMA1.5.1.0: no header file found
2024-05-28 22:39:20,601 [WARN] ApiManager:304 - Cannot register API 'Board Part:M95P32' from pack STMicroelectronics.X-CUBE-EEPRMA1.5.1.0: no header file found
2024-05-28 22:39:20,601 [WARN] ApiManager:304 - Cannot register API 'Board Part:M24256E-F' from pack STMicroelectronics.X-CUBE-EEPRMA1.5.1.0: no header file found
2024-05-28 22:39:20,601 [WARN] ApiManager:304 - Cannot register API 'Board Part:M24M01E-F' from pack STMicroelectronics.X-CUBE-EEPRMA1.5.1.0: no header file found
2024-05-28 22:39:20,601 [WARN] ApiManager:304 - Cannot register API 'PGEEZ1:SPI' from pack STMicroelectronics.X-CUBE-EEPRMA1.5.1.0: no header file found
2024-05-28 22:39:20,602 [WARN] ApiManager:304 - Cannot register API 'PGEEZ1:QDSPI' from pack STMicroelectronics.X-CUBE-EEPRMA1.5.1.0: no header file found
2024-05-28 22:39:20,602 [WARN] ModelIntegratedComponent:60 - No mode defined for component null
2024-05-28 22:39:20,602 [WARN] ModelIntegratedComponent:60 - No mode defined for component null
2024-05-28 22:39:20,602 [WARN] ModelIntegratedComponent:60 - No mode defined for component null
2024-05-28 22:39:20,605 [WARN] ModelIntegratedComponent:60 - No mode defined for component null
2024-05-28 22:39:20,605 [WARN] ModelIntegratedComponent:60 - No mode defined for component null
2024-05-28 22:39:20,605 [WARN] ModelIntegratedComponent:60 - No mode defined for component null
2024-05-28 22:39:20,605 [WARN] ModelIntegratedComponent:60 - No mode defined for component null
2024-05-28 22:39:20,605 [WARN] ModelIntegratedComponent:60 - No mode defined for component null
2024-05-28 22:39:20,605 [WARN] ModelIntegratedComponent:60 - No mode defined for component null
2024-05-28 22:39:20,605 [WARN] ModelIntegratedComponent:60 - No mode defined for component null
2024-05-28 22:39:20,605 [WARN] ModelIntegratedComponent:60 - No mode defined for component null
2024-05-28 22:39:20,605 [WARN] ModelIntegratedComponent:60 - No mode defined for component null
2024-05-28 22:39:20,605 [WARN] ModelIntegratedComponent:60 - No mode defined for component null
2024-05-28 22:39:20,605 [WARN] ModelIntegratedComponent:60 - No mode defined for component null
2024-05-28 22:39:20,605 [WARN] ModelIntegratedComponent:60 - No mode defined for component null
2024-05-28 22:39:20,605 [WARN] ModelIntegratedComponent:60 - No mode defined for component null
2024-05-28 22:39:20,605 [WARN] ModelIntegratedComponent:60 - No mode defined for component null
2024-05-28 22:39:20,605 [WARN] ModelIntegratedComponent:60 - No mode defined for component null
2024-05-28 22:39:20,605 [WARN] ModelIntegratedComponent:60 - No mode defined for component null
2024-05-28 22:39:20,605 [WARN] ModelIntegratedComponent:60 - No mode defined for component null
2024-05-28 22:39:20,605 [WARN] ModelIntegratedComponent:60 - No mode defined for component null
2024-05-28 22:39:20,605 [WARN] ModelIntegratedComponent:60 - No mode defined for component null
2024-05-28 22:39:20,605 [WARN] ModelIntegratedComponent:60 - No mode defined for component null
2024-05-28 22:39:20,605 [WARN] ModelIntegratedComponent:60 - No mode defined for component null
2024-05-28 22:39:20,605 [WARN] ModelIntegratedComponent:60 - No mode defined for component null
2024-05-28 22:39:20,607 [WARN] ModelIntegratedComponent:60 - No mode defined for component null
2024-05-28 22:39:20,607 [WARN] ModelIntegratedComponent:60 - No mode defined for component null
2024-05-28 22:39:20,607 [WARN] ModelIntegratedComponent:60 - No mode defined for component null
2024-05-28 22:39:20,607 [WARN] ModelIntegratedComponent:60 - No mode defined for component null
2024-05-28 22:39:20,607 [WARN] ModelIntegratedComponent:60 - No mode defined for component null
2024-05-28 22:39:20,607 [WARN] ModelIntegratedComponent:60 - No mode defined for component null
2024-05-28 22:39:20,607 [WARN] ModelIntegratedComponent:60 - No mode defined for component null
2024-05-28 22:39:20,607 [WARN] ModelIntegratedComponent:60 - No mode defined for component null
2024-05-28 22:39:20,921 [WARN] ApiManager:304 - Cannot register API 'Board Extension:IKS01A3' from pack STMicroelectronics.X-CUBE-MEMS1.10.0.0: no header file found
2024-05-28 22:39:20,923 [WARN] ApiManager:304 - Cannot register API 'Board Extension:IKS02A1' from pack STMicroelectronics.X-CUBE-MEMS1.10.0.0: no header file found
2024-05-28 22:39:20,923 [WARN] ApiManager:304 - Cannot register API 'Board Extension:IKS4A1' from pack STMicroelectronics.X-CUBE-MEMS1.10.0.0: no header file found
2024-05-28 22:39:20,935 [WARN] ApiManager:304 - Cannot register API 'Board Extension:NFC07A1' from pack STMicroelectronics.X-CUBE-NFC7.1.0.1: no header file found
2024-05-28 22:39:20,958 [WARN] ApiManager:304 - Cannot register API 'Board Extension:S2868A1' from pack STMicroelectronics.X-CUBE-SFXS2LP1.4.0.0: no header file found
2024-05-28 22:39:20,958 [WARN] ApiManager:304 - Cannot register API 'Board Extension:S2868A2' from pack STMicroelectronics.X-CUBE-SFXS2LP1.4.0.0: no header file found
2024-05-28 22:39:20,958 [WARN] ApiManager:304 - Cannot register API 'Board Extension:S2915A1' from pack STMicroelectronics.X-CUBE-SFXS2LP1.4.0.0: no header file found
2024-05-28 22:39:20,958 [WARN] ApiManager:304 - Cannot register API 'Wireless:BlueNRG-2' from pack STMicroelectronics.X-CUBE-BLE2.3.3.0: no header file found
2024-05-28 22:39:21,022 [INFO] ThirdPartyModel:282 - Start build external matchings
2024-05-28 22:39:21,719 [INFO] ThirdPartyModel:295 - End build external matchings
2024-05-28 22:39:22,171 [INFO] UtilMem:74 - End LoadConfig() Used Memory: 527220232 Bytes (665845760)
2024-05-28 22:39:22,217 [WARN] ThirdParty:785 - waiting for thirdparty lock release [change project]
2024-05-28 22:39:22,219 [INFO] ThirdParty:787 - entering critical section [change project]
2024-05-28 22:39:22,219 [INFO] ThirdParty:977 - CMSIS Pack Vendor :STMicroelectronics X-CUBE-GNSS1 6.0.0
2024-05-28 22:39:22,219 [INFO] ThirdParty:977 - CMSIS Pack Vendor :STMicroelectronics USB_HOST 2.0.0
2024-05-28 22:39:22,219 [INFO] ThirdParty:977 - CMSIS Pack Vendor :STMicroelectronics FP-SNS-MOTENVWB1 1.4.0
2024-05-28 22:39:22,219 [INFO] ThirdParty:977 - CMSIS Pack Vendor :STMicroelectronics X-CUBE-AZRTOS-F4 1.1.0
2024-05-28 22:39:22,219 [INFO] ThirdParty:977 - CMSIS Pack Vendor :STMicroelectronics LIBJPEG 8.0.0
2024-05-28 22:39:22,219 [INFO] ThirdParty:977 - CMSIS Pack Vendor :STMicroelectronics X-CUBE-SMBUS 2.1.0
2024-05-28 22:39:22,219 [INFO] ThirdParty:977 - CMSIS Pack Vendor :STMicroelectronics USB_DEVICE 3.0.0
2024-05-28 22:39:22,219 [INFO] ThirdParty:977 - CMSIS Pack Vendor :STMicroelectronics X-CUBE-TCPP 4.1.0
2024-05-28 22:39:22,219 [INFO] ThirdParty:977 - CMSIS Pack Vendor :STMicroelectronics X-CUBE-FREERTOS 1.2.0
2024-05-28 22:39:22,219 [INFO] ThirdParty:977 - CMSIS Pack Vendor :STMicroelectronics X-CUBE-AZRTOS-WB 2.0.0
2024-05-28 22:39:22,219 [INFO] ThirdParty:977 - CMSIS Pack Vendor :STMicroelectronics X-CUBE-TOUCHGFX 4.23.2
2024-05-28 22:39:22,219 [INFO] ThirdParty:977 - CMSIS Pack Vendor :STMicroelectronics X-CUBE-AZRTOS-F7 1.1.0
2024-05-28 22:39:22,219 [INFO] ThirdParty:977 - CMSIS Pack Vendor :STMicroelectronics X-CUBE-AZRTOS-L5 2.0.0
2024-05-28 22:39:22,219 [INFO] ThirdParty:977 - CMSIS Pack Vendor :STMicroelectronics USB_DEVICE 2.0.0
2024-05-28 22:39:22,219 [INFO] ThirdParty:977 - CMSIS Pack Vendor :STMicroelectronics X-CUBE-NFC6 3.1.0
2024-05-28 22:39:22,219 [INFO] ThirdParty:977 - CMSIS Pack Vendor :STMicroelectronics X-CUBE-ALGOBUILD 1.3.0
2024-05-28 22:39:22,219 [INFO] ThirdParty:977 - CMSIS Pack Vendor :STMicroelectronics FreeRTOS 0.0.1
2024-05-28 22:39:22,219 [INFO] ThirdParty:977 - CMSIS Pack Vendor :STMicroelectronics X-CUBE-AZRTOS-G0 1.1.0
2024-05-28 22:39:22,219 [INFO] ThirdParty:977 - CMSIS Pack Vendor :STMicroelectronics X-CUBE-SAFEA1 1.2.2
2024-05-28 22:39:22,219 [INFO] ThirdParty:977 - CMSIS Pack Vendor :STMicroelectronics X-CUBE-NFC4 3.0.0
2024-05-28 22:39:22,219 [INFO] ThirdParty:977 - CMSIS Pack Vendor :STMicroelectronics X-CUBE-SUBG2 5.0.0
2024-05-28 22:39:22,222 [INFO] ThirdParty:977 - CMSIS Pack Vendor :STMicroelectronics STM32_WPAN 1.0.0
2024-05-28 22:39:22,222 [INFO] ThirdParty:977 - CMSIS Pack Vendor :STMicroelectronics lwIP 2.0.3
2024-05-28 22:39:22,222 [INFO] ThirdParty:977 - CMSIS Pack Vendor :STMicroelectronics FP-SNS-FLIGHT1 5.0.2
2024-05-28 22:39:22,222 [INFO] ThirdParty:977 - CMSIS Pack Vendor :STMicroelectronics USB_HOST 1.0.0
2024-05-28 22:39:22,222 [INFO] ThirdParty:977 - CMSIS Pack Vendor :STMicroelectronics X-CUBE-AI 9.0.0
2024-05-28 22:39:22,222 [INFO] ThirdParty:977 - CMSIS Pack Vendor :STMicroelectronics X-CUBE-AZRTOS-G4 2.0.0
2024-05-28 22:39:22,222 [INFO] ThirdParty:977 - CMSIS Pack Vendor :STMicroelectronics PDM2PCM 3.1.0
2024-05-28 22:39:22,222 [INFO] ThirdParty:977 - CMSIS Pack Vendor :STMicroelectronics PDM2PCM 3.3.0
2024-05-28 22:39:22,222 [INFO] ThirdParty:977 - CMSIS Pack Vendor :STMicroelectronics X-CUBE-DISPLAY 3.0.0
2024-05-28 22:39:22,222 [INFO] ThirdParty:977 - CMSIS Pack Vendor :wolfSSL I-CUBE-wolfSSL 5.7.0
2024-05-28 22:39:22,222 [INFO] ThirdParty:977 - CMSIS Pack Vendor :STMicroelectronics X-CUBE-BLE1 7.0.0
2024-05-28 22:39:22,222 [INFO] ThirdParty:977 - CMSIS Pack Vendor :STMicroelectronics FP-ATR-SIGFOX1 3.2.0
2024-05-28 22:39:22,222 [INFO] ThirdParty:977 - CMSIS Pack Vendor :STMicroelectronics X-CUBE-ISPU 2.0.0
2024-05-28 22:39:22,222 [INFO] ThirdParty:977 - CMSIS Pack Vendor :STMicroelectronics X-CUBE-EEPRMA1 5.1.0
2024-05-28 22:39:22,222 [INFO] ThirdParty:977 - CMSIS Pack Vendor :STMicroelectronics HAL Drivers 0.0.0
2024-05-28 22:39:22,222 [INFO] ThirdParty:977 - CMSIS Pack Vendor :STMicroelectronics MBEDTLS 2.16.2
2024-05-28 22:39:22,222 [INFO] ThirdParty:977 - CMSIS Pack Vendor :STMicroelectronics X-CUBE-ALS 1.0.2
2024-05-28 22:39:22,222 [INFO] ThirdParty:977 - CMSIS Pack Vendor :emotas I-CUBE-CANOPEN 1.3.0
2024-05-28 22:39:22,222 [INFO] ThirdParty:977 - CMSIS Pack Vendor :STMicroelectronics X-CUBE-MEMS1 10.0.0
2024-05-28 22:39:22,222 [INFO] ThirdParty:977 - CMSIS Pack Vendor :STMicroelectronics X-CUBE-NFC7 1.0.1
2024-05-28 22:39:22,225 [INFO] ThirdParty:977 - CMSIS Pack Vendor :STMicroelectronics MBEDTLS 2.14.1
2024-05-28 22:39:22,225 [INFO] ThirdParty:977 - CMSIS Pack Vendor :ITTIA_DB I-CUBE-ITTIADB 8.9.0
2024-05-28 22:39:22,225 [INFO] ThirdParty:977 - CMSIS Pack Vendor :portGmbH I-Cube-SoM-uGOAL 1.1.0
2024-05-28 22:39:22,225 [INFO] ThirdParty:977 - CMSIS Pack Vendor :STMicroelectronics X-CUBE-ALS 1.0.1
2024-05-28 22:39:22,225 [INFO] ThirdParty:977 - CMSIS Pack Vendor :STMicroelectronics X-CUBE-BLEMGR 3.1.0
2024-05-28 22:39:22,228 [INFO] ThirdParty:977 - CMSIS Pack Vendor :STMicroelectronics ThreadX 1.0.0
2024-05-28 22:39:22,228 [INFO] ThirdParty:977 - CMSIS Pack Vendor :STMicroelectronics FP-SNS-SMARTAG2 1.2.0
2024-05-28 22:39:22,228 [INFO] ThirdParty:977 - CMSIS Pack Vendor :STMicroelectronics X-CUBE-AZRTOS-WL 2.0.0
2024-05-28 22:39:22,228 [INFO] ThirdParty:977 - CMSIS Pack Vendor :SEGGER I-CUBE-embOS 1.3.1
2024-05-28 22:39:22,228 [INFO] ThirdParty:977 - CMSIS Pack Vendor :STMicroelectronics X-CUBE-ALGOBUILD 1.4.0
2024-05-28 22:39:22,228 [INFO] ThirdParty:977 - CMSIS Pack Vendor :STMicroelectronics FP-SNS-MOTENV1 5.0.0
2024-05-28 22:39:22,228 [INFO] ThirdParty:977 - CMSIS Pack Vendor :STMicroelectronics USB_DEVICE 1.0.0
2024-05-28 22:39:22,228 [INFO] ThirdParty:977 - CMSIS Pack Vendor :STMicroelectronics X-CUBE-AZRTOS-H7RS 1.0.0
2024-05-28 22:39:22,228 [INFO] ThirdParty:977 - CMSIS Pack Vendor :STMicroelectronics X-CUBE-AZRTOS-L4 2.0.0
2024-05-28 22:39:22,228 [INFO] ThirdParty:977 - CMSIS Pack Vendor :STMicroelectronics ThreadX 0.0.2
2024-05-28 22:39:22,228 [INFO] ThirdParty:977 - CMSIS Pack Vendor :WES I-CUBE-Cesium 1.3.0
2024-05-28 22:39:22,228 [INFO] ThirdParty:977 - CMSIS Pack Vendor :STMicroelectronics FP-ATR-ASTRA1 2.0.0
2024-05-28 22:39:22,228 [INFO] ThirdParty:977 - CMSIS Pack Vendor :STMicroelectronics lwIP 2.1.2
2024-05-28 22:39:22,228 [INFO] ThirdParty:977 - CMSIS Pack Vendor :STMicroelectronics X-CUBE-SFXS2LP1 4.0.0
2024-05-28 22:39:22,228 [INFO] ThirdParty:977 - CMSIS Pack Vendor :STMicroelectronics X-CUBE-BLE2 3.3.0
2024-05-28 22:39:22,228 [INFO] ThirdParty:977 - CMSIS Pack Vendor :STMicroelectronics X-CUBE-TOF1 3.4.1
2024-05-28 22:39:22,228 [INFO] ThirdParty:977 - CMSIS Pack Vendor :STMicroelectronics X-CUBE-AZRTOS-H7 3.2.0
2024-05-28 22:39:22,228 [INFO] ThirdParty:977 - CMSIS Pack Vendor :Infineon AIROC-Wi-Fi-Bluetooth-STM32 1.6.0
2024-05-28 22:39:22,228 [INFO] ThirdParty:977 - CMSIS Pack Vendor :STMicroelectronics PDM2PCM 3.2.0
2024-05-28 22:39:22,228 [INFO] ThirdParty:793 - exiting critical section [change project]
2024-05-28 22:39:22,643 [INFO] PinOutPanel:1465 - setPackage(No Configuration,No Configuration)
2024-05-28 22:39:22,648 [INFO] PinOutPanel:1465 - setPackage(STM32F103C8Tx,LQFP48)
2024-05-28 22:39:23,926 [INFO] UtilMem:74 - Before build in PCC Used Memory: 557805808 Bytes (665845760)
2024-05-28 22:39:28,857 [INFO] UtilMem:74 - After build in PCC Used Memory: 567485192 Bytes (665845760)
2024-05-28 22:39:28,888 [INFO] IPUIPlugin:75 - create IPUIPlugin
2024-05-28 22:39:28,888 [INFO] IPUIPlugin:75 - create IPUIPlugin
2024-05-28 22:39:28,889 [INFO] IPUIPlugin:75 - create IPUIPlugin
2024-05-28 22:39:28,889 [INFO] IPUIPlugin:75 - create IPUIPlugin
2024-05-28 22:39:28,889 [INFO] IPUIPlugin:75 - create IPUIPlugin
2024-05-28 22:39:28,891 [INFO] IPUIPlugin:75 - create IPUIPlugin
2024-05-28 22:39:28,891 [INFO] IPUIPlugin:75 - create IPUIPlugin
2024-05-28 22:39:28,891 [INFO] IPUIPlugin:75 - create IPUIPlugin
2024-05-28 22:39:28,891 [INFO] IPUIPlugin:75 - create IPUIPlugin
2024-05-28 22:39:28,891 [INFO] IPUIPlugin:75 - create IPUIPlugin
2024-05-28 22:39:28,891 [INFO] IPUIPlugin:75 - create IPUIPlugin
2024-05-28 22:39:28,893 [INFO] IPUIPlugin:75 - create IPUIPlugin
2024-05-28 22:39:28,893 [INFO] IPUIPlugin:75 - create IPUIPlugin
2024-05-28 22:39:28,893 [INFO] IPUIPlugin:75 - create IPUIPlugin
2024-05-28 22:39:28,893 [INFO] IPUIPlugin:75 - create IPUIPlugin
2024-05-28 22:39:28,893 [INFO] IPUIPlugin:75 - create IPUIPlugin
2024-05-28 22:39:28,893 [INFO] IPUIPlugin:75 - create IPUIPlugin
2024-05-28 22:39:28,893 [INFO] IPUIPlugin:75 - create IPUIPlugin
2024-05-28 22:39:28,893 [INFO] IPUIPlugin:75 - create IPUIPlugin
2024-05-28 22:39:28,893 [INFO] IPUIPlugin:75 - create IPUIPlugin
2024-05-28 22:39:28,896 [INFO] IPUIPlugin:75 - create IPUIPlugin
2024-05-28 22:39:28,896 [INFO] IPUIPlugin:75 - create IPUIPlugin
2024-05-28 22:39:28,896 [INFO] IPUIPlugin:75 - create IPUIPlugin
2024-05-28 22:39:28,896 [INFO] IPUIPlugin:75 - create IPUIPlugin
2024-05-28 22:39:28,896 [INFO] IPUIPlugin:75 - create IPUIPlugin
2024-05-28 22:39:28,896 [INFO] IPUIPlugin:75 - create IPUIPlugin
2024-05-28 22:39:28,898 [INFO] IPUIPlugin:75 - create IPUIPlugin
2024-05-28 22:39:29,191 [INFO] OpenFileManager:323 - Restore cursor
2024-05-28 22:39:31,142 [INFO] UtilMem:74 - End SaveConfig() Used Memory: 532995048 Bytes (665845760)
2024-05-28 22:39:31,249 [INFO] UtilMem:74 - End SaveConfig() Used Memory: 544071304 Bytes (665845760)
2024-05-28 22:39:32,068 [INFO] BlockDiagram:2740 - set Specific Code input for plugin: NVIC
2024-05-28 22:39:32,068 [INFO] BlockDiagram:2740 - set Specific Code input for plugin: SYS
2024-05-28 22:39:32,068 [INFO] BlockDiagram:2740 - set Specific Code input for plugin: RCC
2024-05-28 22:39:32,070 [INFO] CodeGenerator:681 - code generatio: config db path: C:\ST\STM32CubeIDE_1.9.0\STM32CubeIDE\plugins\com.st.stm32cube.common.mx_6.5.0.202202251913\\db\
2024-05-28 22:39:32,619 [INFO] CodeEngine:237 - oldGeneratedFile, C:\Users\hoatt\STM32CubeIDE\workspace_1.9.0\SPI\SPI\MXTmpFiles\license.tmp_save
2024-05-28 22:39:33,310 [INFO] CodeEngine:261 - Generated code: C:\Users\hoatt\STM32CubeIDE\workspace_1.9.0\SPI\SPI\MXTmpFiles\license.tmp
2024-05-28 22:39:34,201 [INFO] CodeEngine:237 - oldGeneratedFile, C:\Users\hoatt\STM32CubeIDE\workspace_1.9.0\SPI\SPI\Core\Src\stm32f1xx_it.c_save
2024-05-28 22:39:36,137 [INFO] CodeEngine:261 - Generated code: C:\Users\hoatt\STM32CubeIDE\workspace_1.9.0\SPI\SPI\Core\Src\stm32f1xx_it.c
2024-05-28 22:39:36,212 [INFO] CodeEngine:237 - oldGeneratedFile, C:\Users\hoatt\STM32CubeIDE\workspace_1.9.0\SPI\SPI\Core\Inc\stm32f1xx_it.h_save
2024-05-28 22:39:37,426 [INFO] CodeEngine:261 - Generated code: C:\Users\hoatt\STM32CubeIDE\workspace_1.9.0\SPI\SPI\Core\Inc\stm32f1xx_it.h
2024-05-28 22:39:37,625 [INFO] CodeEngine:237 - oldGeneratedFile, C:\Users\hoatt\STM32CubeIDE\workspace_1.9.0\SPI\SPI\Core\Src\stm32f1xx_hal_msp.c_save
2024-05-28 22:39:38,513 [INFO] CodeEngine:261 - Generated code: C:\Users\hoatt\STM32CubeIDE\workspace_1.9.0\SPI\SPI\Core\Src\stm32f1xx_hal_msp.c
2024-05-28 22:39:38,521 [INFO] CodeEngine:237 - oldGeneratedFile, C:\Users\hoatt\STM32CubeIDE\workspace_1.9.0\SPI\SPI\MXTmpFiles\system.tmp_save
2024-05-28 22:39:38,635 [INFO] CodeEngine:261 - Generated code: C:\Users\hoatt\STM32CubeIDE\workspace_1.9.0\SPI\SPI\MXTmpFiles\system.tmp
2024-05-28 22:39:38,660 [INFO] CodeEngine:237 - oldGeneratedFile, C:\Users\hoatt\STM32CubeIDE\workspace_1.9.0\SPI\SPI\Core\Inc\stm32f1xx_hal_conf.h_save
2024-05-28 22:39:38,817 [INFO] CodeEngine:261 - Generated code: C:\Users\hoatt\STM32CubeIDE\workspace_1.9.0\SPI\SPI\Core\Inc\stm32f1xx_hal_conf.h
2024-05-28 22:39:38,876 [INFO] CodeEngine:237 - oldGeneratedFile, C:\Users\hoatt\STM32CubeIDE\workspace_1.9.0\SPI\SPI\Core\Inc\main.h_save
2024-05-28 22:39:39,001 [INFO] CodeEngine:261 - Generated code: C:\Users\hoatt\STM32CubeIDE\workspace_1.9.0\SPI\SPI\Core\Inc\main.h
2024-05-28 22:39:39,009 [INFO] CodeEngine:237 - oldGeneratedFile, C:\Users\hoatt\STM32CubeIDE\workspace_1.9.0\SPI\SPI\Core\Src\main.c_save
2024-05-28 22:39:39,226 [INFO] CodeEngine:261 - Generated code: C:\Users\hoatt\STM32CubeIDE\workspace_1.9.0\SPI\SPI\Core\Src\main.c
2024-05-28 22:39:40,521 [INFO] ProjectBuilder:2913 - Time for Copy HAL[1] : 379mS.
2024-05-28 22:39:40,589 [INFO] ProjectBuilder:4015 - Project Generator version: 3.16.0
2024-05-28 22:39:41,337 [INFO] ConfigFileManager:1287 - The Die is : DIE410
2024-05-28 22:39:41,521 [INFO] ApiDbMcu:488 - Load IP Config File for FATFS
2024-05-28 22:39:42,063 [INFO] ApiDbMcu:488 - Load IP Config File for FREERTOS
2024-05-28 22:39:42,446 [INFO] ApiDbMcu:488 - Load IP Config File for USB_DEVICE
2024-05-28 22:39:57,369 [INFO] ProjectBuilder:4183 - Time for Generating toolchain IDE Files: 16777mS.
2024-05-28 22:39:57,374 [INFO] ProjectBuilder:2785 - Time for Copy CMSIS : 5mS.
2024-05-28 22:39:57,382 [INFO] ProjectBuilder:2785 - Time for Copy CMSIS : 0mS.
2024-05-28 22:39:59,305 [INFO] McuFinderGlobals:52 - Set McuFinderConnectedMode to true
2024-05-28 22:39:59,307 [INFO] ApiDb:432 - Save user favorites file C:\Users\hoatt/.stm32cubeide/favorites.mcus.txt: 1 item(s)
2024-05-28 22:39:59,310 [INFO] ApiDb:436 - User favorites MCUs=[STM32F103C8T6]
2024-05-28 22:40:01,604 [ERROR] ConfigurationRetriever:139 - IOException on connection: Read timed out
2024-05-28 22:40:47,092 [INFO] UtilMem:74 - End SaveConfig() Used Memory: 673021256 Bytes (914358272)
2024-05-28 22:40:48,746 [INFO] UtilMem:74 - End SaveConfig() Used Memory: 692650064 Bytes (914358272)
2024-05-28 22:41:19,143 [INFO] UtilMem:74 - End SaveConfig() Used Memory: 599644264 Bytes (914358272)
2024-05-28 22:41:19,588 [INFO] BlockDiagram:2740 - set Specific Code input for plugin: NVIC
2024-05-28 22:41:19,588 [INFO] BlockDiagram:2740 - set Specific Code input for plugin: SYS
2024-05-28 22:41:19,588 [INFO] BlockDiagram:2740 - set Specific Code input for plugin: GPIO
2024-05-28 22:41:19,588 [INFO] BlockDiagram:2740 - set Specific Code input for plugin: RCC
2024-05-28 22:41:19,590 [INFO] CodeGenerator:681 - code generatio: config db path: C:\ST\STM32CubeIDE_1.9.0\STM32CubeIDE\plugins\com.st.stm32cube.common.mx_6.5.0.202202251913\\db\
2024-05-28 22:41:19,994 [INFO] CodeEngine:237 - oldGeneratedFile, C:\Users\hoatt\STM32CubeIDE\workspace_1.9.0\SPI\SPI\MXTmpFiles\license.tmp_save
2024-05-28 22:41:20,153 [INFO] CodeEngine:261 - Generated code: C:\Users\hoatt\STM32CubeIDE\workspace_1.9.0\SPI\SPI\MXTmpFiles\license.tmp
2024-05-28 22:41:20,197 [INFO] CodeEngine:237 - oldGeneratedFile, C:\Users\hoatt\STM32CubeIDE\workspace_1.9.0\SPI\SPI\MXTmpFiles\gpio.tmp_save
2024-05-28 22:41:20,353 [INFO] CodeEngine:261 - Generated code: C:\Users\hoatt\STM32CubeIDE\workspace_1.9.0\SPI\SPI\MXTmpFiles\gpio.tmp
2024-05-28 22:41:20,395 [INFO] CodeEngine:237 - oldGeneratedFile, C:\Users\hoatt\STM32CubeIDE\workspace_1.9.0\SPI\SPI\Core\Src\stm32f1xx_it.c_save
2024-05-28 22:41:22,004 [INFO] CodeEngine:261 - Generated code: C:\Users\hoatt\STM32CubeIDE\workspace_1.9.0\SPI\SPI\Core\Src\stm32f1xx_it.c
2024-05-28 22:41:22,238 [INFO] CodeEngine:237 - oldGeneratedFile, C:\Users\hoatt\STM32CubeIDE\workspace_1.9.0\SPI\SPI\Core\Inc\stm32f1xx_it.h_save
2024-05-28 22:41:23,477 [INFO] CodeEngine:261 - Generated code: C:\Users\hoatt\STM32CubeIDE\workspace_1.9.0\SPI\SPI\Core\Inc\stm32f1xx_it.h
2024-05-28 22:41:23,692 [INFO] CodeEngine:237 - oldGeneratedFile, C:\Users\hoatt\STM32CubeIDE\workspace_1.9.0\SPI\SPI\Core\Src\stm32f1xx_hal_msp.c_save
2024-05-28 22:41:25,304 [INFO] CodeEngine:261 - Generated code: C:\Users\hoatt\STM32CubeIDE\workspace_1.9.0\SPI\SPI\Core\Src\stm32f1xx_hal_msp.c
2024-05-28 22:41:25,393 [INFO] CodeEngine:237 - oldGeneratedFile, C:\Users\hoatt\STM32CubeIDE\workspace_1.9.0\SPI\SPI\MXTmpFiles\system.tmp_save
2024-05-28 22:41:25,516 [INFO] CodeEngine:261 - Generated code: C:\Users\hoatt\STM32CubeIDE\workspace_1.9.0\SPI\SPI\MXTmpFiles\system.tmp
2024-05-28 22:41:25,534 [INFO] CodeEngine:237 - oldGeneratedFile, C:\Users\hoatt\STM32CubeIDE\workspace_1.9.0\SPI\SPI\Core\Inc\stm32f1xx_hal_conf.h_save
2024-05-28 22:41:25,628 [INFO] CodeEngine:261 - Generated code: C:\Users\hoatt\STM32CubeIDE\workspace_1.9.0\SPI\SPI\Core\Inc\stm32f1xx_hal_conf.h
2024-05-28 22:41:25,673 [INFO] CodeEngine:237 - oldGeneratedFile, C:\Users\hoatt\STM32CubeIDE\workspace_1.9.0\SPI\SPI\Core\Inc\main.h_save
2024-05-28 22:41:25,765 [INFO] CodeEngine:261 - Generated code: C:\Users\hoatt\STM32CubeIDE\workspace_1.9.0\SPI\SPI\Core\Inc\main.h
2024-05-28 22:41:25,785 [INFO] CodeEngine:237 - oldGeneratedFile, C:\Users\hoatt\STM32CubeIDE\workspace_1.9.0\SPI\SPI\Core\Src\main.c_save
2024-05-28 22:41:26,035 [INFO] CodeEngine:261 - Generated code: C:\Users\hoatt\STM32CubeIDE\workspace_1.9.0\SPI\SPI\Core\Src\main.c
2024-05-28 22:41:27,159 [INFO] ProjectBuilder:2913 - Time for Copy HAL[1] : 370mS.
2024-05-28 22:41:27,169 [INFO] ProjectBuilder:4015 - Project Generator version: 3.16.0
2024-05-28 22:41:27,718 [INFO] ConfigFileManager:1287 - The Die is : DIE410
2024-05-28 22:41:29,779 [INFO] ProjectBuilder:4183 - Time for Generating toolchain IDE Files: 2610mS.
2024-05-28 22:41:29,782 [INFO] ProjectBuilder:2785 - Time for Copy CMSIS : 3mS.
2024-05-28 22:41:29,787 [INFO] ProjectBuilder:2785 - Time for Copy CMSIS : 0mS.
2024-06-12 15:29:15,716 [INFO] Activator:177 - 


2024-06-12 15:29:15,721 [INFO] Activator:178 - !SESSION log4j initialized
2024-06-12 15:29:25,982 [ERROR] AnalyticsContext:980 - The ST intranet updater server is unknown: mcucrossselector.codex.cro.st.com
2024-06-12 15:56:21,811 [INFO] McuFinderGlobals:39 - Set McuFinder mode to 2 (CubeIDE integrated)
2024-06-12 15:56:22,501 [INFO] ApplicationProperties:181 - Using Application install path: C:\ST\STM32CubeIDE_1.9.0\STM32CubeIDE\plugins\com.st.stm32cube.common.mx_6.5.0.202202251913
2024-06-12 15:56:22,532 [INFO] DbMcusXml:72 - Set database path to: C:\ST\STM32CubeIDE_1.9.0\STM32CubeIDE\plugins\com.st.stm32cube.common.mx_6.5.0.202202251913\\db\/mcu/
2024-06-12 15:56:22,532 [INFO] ApiDb:260 - Set plugin database path to: C:\ST\STM32CubeIDE_1.9.0\STM32CubeIDE\plugins\com.st.stm32cube.common.mx_6.5.0.202202251913\\db\/plugins/boardmanager/
2024-06-12 15:56:22,532 [WARN] ApiDb:245 - Overriding images path with different value:  => C:\ST\STM32CubeIDE_1.9.0\STM32CubeIDE\plugins\com.st.stm32cube.common.mx_6.5.0.202202251913\\db\/plugins/mcufinder/images/
2024-06-12 15:56:22,564 [INFO] ApiDb:226 - Set database path to: C:\Users\hoatt\.stmcufinder\plugins\mcufinder//mcu/
2024-06-12 15:56:22,564 [INFO] DbMcusAds:119 - Set database path to: C:\Users\hoatt\.stmcufinder\plugins\mcufinder//mcu/
2024-06-12 15:56:22,611 [INFO] CrossReferenceDbSqlite:196 - Set database path to: C:\Users\hoatt\.stmcufinder\plugins\mcufinder//mcu/cs/
2024-06-12 15:56:22,752 [INFO] RulesReader:57 - Compatibility file has been processed (281 Rules)
2024-06-12 15:56:22,940 [INFO] DbMcusXml:72 - Set database path to: C:\ST\STM32CubeIDE_1.9.0\STM32CubeIDE\plugins\com.st.stm32cube.common.mx_6.5.0.202202251913\\db\/mcu/
2024-06-12 15:56:22,940 [INFO] ApiDb:260 - Set plugin database path to: C:\ST\STM32CubeIDE_1.9.0\STM32CubeIDE\plugins\com.st.stm32cube.common.mx_6.5.0.202202251913\\db\/plugins/boardmanager/
2024-06-12 15:56:22,940 [INFO] ApiDb:247 - Set plugin images path to: C:\ST\STM32CubeIDE_1.9.0\STM32CubeIDE\plugins\com.st.stm32cube.common.mx_6.5.0.202202251913\\db\/plugins/mcufinder/images/
2024-06-12 15:56:22,940 [WARN] DbFile:35 - Overriding database path with different value: C:\Users\hoatt\.stmcufinder\plugins\mcufinder/ => C:\Users\hoatt\.stmcufinder\plugins\mcufinder
2024-06-12 15:56:22,940 [INFO] ApiDb:226 - Set database path to: C:\Users\hoatt\.stmcufinder\plugins\mcufinder//mcu/
2024-06-12 15:56:22,940 [WARN] DbFile:35 - Overriding database path with different value: C:\Users\hoatt\.stmcufinder\plugins\mcufinder/ => C:\Users\hoatt\.stmcufinder\plugins\mcufinder
2024-06-12 15:56:22,940 [INFO] DbMcusAds:119 - Set database path to: C:\Users\hoatt\.stmcufinder\plugins\mcufinder//mcu/
2024-06-12 15:56:22,940 [WARN] DbFile:35 - Overriding database path with different value: C:\Users\hoatt\.stmcufinder\plugins\mcufinder/ => C:\Users\hoatt\.stmcufinder\plugins\mcufinder
2024-06-12 15:56:22,940 [WARN] DbFile:35 - Overriding database path with different value: C:\Users\hoatt\.stmcufinder\plugins\mcufinder/ => C:\Users\hoatt\.stmcufinder\plugins\mcufinder
2024-06-12 15:56:22,940 [INFO] CrossReferenceDbSqlite:196 - Set database path to: C:\Users\hoatt\.stmcufinder\plugins\mcufinder//mcu/cs/
2024-06-12 15:56:23,097 [INFO] MainPanel:230 - HeapMemory: 596639744
2024-06-12 15:56:23,254 [INFO] DbMcusXml:72 - Set database path to: C:\ST\STM32CubeIDE_1.9.0\STM32CubeIDE\plugins\com.st.stm32cube.common.mx_6.5.0.202202251913\\db\/mcu/
2024-06-12 15:56:23,254 [INFO] ApiDb:260 - Set plugin database path to: C:\ST\STM32CubeIDE_1.9.0\STM32CubeIDE\plugins\com.st.stm32cube.common.mx_6.5.0.202202251913\\db\/plugins/boardmanager/
2024-06-12 15:56:23,254 [INFO] ApiDb:247 - Set plugin images path to: C:\ST\STM32CubeIDE_1.9.0\STM32CubeIDE\plugins\com.st.stm32cube.common.mx_6.5.0.202202251913\\db\/plugins/mcufinder/images/
2024-06-12 15:56:23,254 [WARN] DbFile:35 - Overriding database path with different value: C:\Users\hoatt\.stmcufinder\plugins\mcufinder/ => C:\Users\hoatt\.stmcufinder\plugins\mcufinder
2024-06-12 15:56:23,254 [INFO] ApiDb:226 - Set database path to: C:\Users\hoatt\.stmcufinder\plugins\mcufinder//mcu/
2024-06-12 15:56:23,254 [WARN] DbFile:35 - Overriding database path with different value: C:\Users\hoatt\.stmcufinder\plugins\mcufinder/ => C:\Users\hoatt\.stmcufinder\plugins\mcufinder
2024-06-12 15:56:23,254 [INFO] DbMcusAds:119 - Set database path to: C:\Users\hoatt\.stmcufinder\plugins\mcufinder//mcu/
2024-06-12 15:56:23,254 [WARN] DbFile:35 - Overriding database path with different value: C:\Users\hoatt\.stmcufinder\plugins\mcufinder/ => C:\Users\hoatt\.stmcufinder\plugins\mcufinder
2024-06-12 15:56:23,254 [WARN] DbFile:35 - Overriding database path with different value: C:\Users\hoatt\.stmcufinder\plugins\mcufinder/ => C:\Users\hoatt\.stmcufinder\plugins\mcufinder
2024-06-12 15:56:23,254 [INFO] CrossReferenceDbSqlite:196 - Set database path to: C:\Users\hoatt\.stmcufinder\plugins\mcufinder//mcu/cs/
2024-06-12 15:56:23,285 [INFO] ApplicationProperties:181 - Using Application install path: C:\ST\STM32CubeIDE_1.9.0\STM32CubeIDE\plugins\com.st.stm32cube.common.mx_6.5.0.202202251913
2024-06-12 15:56:23,285 [INFO] PluginManage:188 - Search for loadable plugins [exclusion list=, ]
2024-06-12 15:56:23,285 [INFO] PluginManage:302 - Check plugin analytics
2024-06-12 15:56:23,442 [ERROR] AnalyticsContext:980 - The ST intranet updater server is unknown: mcucrossselector.codex.cro.st.com
2024-06-12 15:56:23,701 [INFO] AnalyticsPlugin:257 - Accepted Software Licenses: 
2024-06-12 15:56:23,709 [INFO] AnalyticsPlugin:259 - Accepted CMSIS Pack Licenses: 
2024-06-12 15:56:23,709 [INFO] AnalyticsPlugin:261 - Accepted Firmware Licenses: 
2024-06-12 15:56:23,709 [INFO] PluginManage:352 - Loaded plugin analytics (category:tool,tabindex:-1)
2024-06-12 15:56:23,709 [INFO] PluginManage:302 - Check plugin clock
2024-06-12 15:56:23,740 [INFO] PluginManage:352 - Loaded plugin clock (category:base,tabindex:2)
2024-06-12 15:56:23,740 [INFO] PluginManage:302 - Check plugin ddr
2024-06-12 15:56:23,740 [INFO] PluginManage:352 - Loaded plugin ddr (category:tool,tabindex:6)
2024-06-12 15:56:23,740 [INFO] PluginManage:302 - Check plugin filemanager
2024-06-12 15:56:23,975 [INFO] PluginManage:352 - Loaded plugin filemanager (category:base,tabindex:10)
2024-06-12 15:56:23,975 [INFO] PluginManage:302 - Check plugin ipmanager
2024-06-12 15:56:23,991 [INFO] PluginManage:352 - Loaded plugin ipmanager (category:base,tabindex:5)
2024-06-12 15:56:23,991 [INFO] PluginManage:302 - Check plugin lpbam
2024-06-12 15:56:24,007 [INFO] PluginManage:352 - Loaded plugin lpbam (category:base,tabindex:0)
2024-06-12 15:56:24,007 [INFO] PluginManage:302 - Check plugin pinoutandconfiguration
2024-06-12 15:56:24,007 [INFO] PluginManage:352 - Loaded plugin pinoutandconfiguration (category:base,tabindex:1)
2024-06-12 15:56:24,023 [INFO] PluginManage:302 - Check plugin pinoutconfig
2024-06-12 15:56:24,085 [INFO] PluginManage:352 - Loaded plugin pinoutconfig (category:base,tabindex:0)
2024-06-12 15:56:24,085 [INFO] PluginManage:302 - Check plugin power
2024-06-12 15:56:24,102 [INFO] PluginManage:352 - Loaded plugin power (category:power,tabindex:4)
2024-06-12 15:56:24,102 [INFO] PluginManage:302 - Check plugin projectmanager
2024-06-12 15:56:24,117 [INFO] PluginManage:352 - Loaded plugin projectmanager (category:projectmanager,tabindex:3)
2024-06-12 15:56:24,117 [INFO] PluginManage:302 - Check plugin thirdparty
2024-06-12 15:56:24,336 [WARN] IntegrityCheckThread:78 - waiting for thirdparty lock release [integrity check]
2024-06-12 15:56:24,336 [INFO] PluginManage:352 - Loaded plugin thirdparty (category:base,tabindex:-1)
2024-06-12 15:56:24,336 [INFO] IntegrityCheckThread:80 - entering critical section [integrity check]
2024-06-12 15:56:24,336 [INFO] PluginManage:302 - Check plugin tools
2024-06-12 15:56:24,336 [INFO] ThirdPartyUpdaterWithRetryManager:66 - Updater plugin not ready yet. [1/15]
2024-06-12 15:56:24,336 [INFO] PluginManage:352 - Loaded plugin tools (category:base,tabindex:7)
2024-06-12 15:56:24,336 [INFO] PluginManage:302 - Check plugin tutovideos
2024-06-12 15:56:24,603 [INFO] PluginManage:352 - Loaded plugin tutovideos (category:base,tabindex:-1)
2024-06-12 15:56:24,603 [INFO] PluginManage:302 - Check plugin updater
2024-06-12 15:56:24,618 [INFO] PluginManage:352 - Loaded plugin updater (category:base,tabindex:12)
2024-06-12 15:56:24,634 [INFO] PluginManage:275 - PluginManage : Loaded plugins [14]
2024-06-12 15:56:25,089 [INFO] PinOutPanel:1465 - setPackage(No Configuration,No Configuration)
2024-06-12 15:56:25,262 [INFO] IPUIPlugin:75 - create IPUIPlugin
2024-06-12 15:56:25,262 [INFO] PluginManager:213 - loadIPPluginJar : add adc
2024-06-12 15:56:25,262 [INFO] IPUIPlugin:75 - create IPUIPlugin
2024-06-12 15:56:25,262 [INFO] PluginManager:213 - loadIPPluginJar : add aes
2024-06-12 15:56:25,277 [INFO] IPUIPlugin:75 - create IPUIPlugin
2024-06-12 15:56:25,277 [INFO] PluginManager:213 - loadIPPluginJar : add can
2024-06-12 15:56:25,277 [INFO] IPUIPlugin:75 - create IPUIPlugin
2024-06-12 15:56:25,277 [INFO] PluginManager:213 - loadIPPluginJar : add comp
2024-06-12 15:56:25,277 [INFO] IPUIPlugin:75 - create IPUIPlugin
2024-06-12 15:56:25,277 [INFO] PluginManager:213 - loadIPPluginJar : add cryp
2024-06-12 15:56:25,293 [INFO] IPUIPlugin:75 - create IPUIPlugin
2024-06-12 15:56:25,293 [INFO] PluginManager:213 - loadIPPluginJar : add dfsdm
2024-06-12 15:56:25,304 [INFO] IPUIPlugin:75 - create IPUIPlugin
2024-06-12 15:56:25,304 [INFO] PluginManager:213 - loadIPPluginJar : add dma
2024-06-12 15:56:25,309 [INFO] IPUIPlugin:75 - create IPUIPlugin
2024-06-12 15:56:25,309 [INFO] PluginManager:213 - loadIPPluginJar : add dma3
2024-06-12 15:56:25,309 [INFO] IPUIPlugin:75 - create IPUIPlugin
2024-06-12 15:56:25,309 [INFO] PluginManager:213 - loadIPPluginJar : add fatfs
2024-06-12 15:56:25,325 [INFO] IPUIPlugin:75 - create IPUIPlugin
2024-06-12 15:56:25,325 [INFO] PluginManager:213 - loadIPPluginJar : add fmc
2024-06-12 15:56:25,325 [INFO] IPUIPlugin:75 - create IPUIPlugin
2024-06-12 15:56:25,325 [INFO] PluginManager:213 - loadIPPluginJar : add freertos
2024-06-12 15:56:25,340 [INFO] IPUIPlugin:75 - create IPUIPlugin
2024-06-12 15:56:25,340 [INFO] PluginManager:213 - loadIPPluginJar : add genericplugin
2024-06-12 15:56:25,340 [INFO] IPUIPlugin:75 - create IPUIPlugin
2024-06-12 15:56:25,340 [INFO] PluginManager:213 - loadIPPluginJar : add gfxmmu
2024-06-12 15:56:25,340 [INFO] IPUIPlugin:75 - create IPUIPlugin
2024-06-12 15:56:25,356 [INFO] PluginManager:213 - loadIPPluginJar : add gic
2024-06-12 15:56:25,356 [INFO] IPUIPlugin:75 - create IPUIPlugin
2024-06-12 15:56:25,356 [INFO] PluginManager:213 - loadIPPluginJar : add gpio
2024-06-12 15:56:25,356 [INFO] IPUIPlugin:75 - create IPUIPlugin
2024-06-12 15:56:25,356 [INFO] PluginManager:213 - loadIPPluginJar : add gtzc
2024-06-12 15:56:25,387 [INFO] IPUIPlugin:75 - create IPUIPlugin
2024-06-12 15:56:25,387 [INFO] PluginManager:213 - loadIPPluginJar : add hash
2024-06-12 15:56:25,387 [INFO] IPUIPlugin:75 - create IPUIPlugin
2024-06-12 15:56:25,387 [INFO] PluginManager:213 - loadIPPluginJar : add i2c
2024-06-12 15:56:25,403 [INFO] IPUIPlugin:75 - create IPUIPlugin
2024-06-12 15:56:25,403 [INFO] PluginManager:213 - loadIPPluginJar : add i2s
2024-06-12 15:56:25,405 [INFO] IPUIPlugin:75 - create IPUIPlugin
2024-06-12 15:56:25,405 [INFO] PluginManager:213 - loadIPPluginJar : add ipddr
2024-06-12 15:56:25,419 [INFO] IPUIPlugin:75 - create IPUIPlugin
2024-06-12 15:56:25,419 [INFO] PluginManager:213 - loadIPPluginJar : add linkedlist
2024-06-12 15:56:25,419 [INFO] IPUIPlugin:75 - create IPUIPlugin
2024-06-12 15:56:25,419 [INFO] PluginManager:213 - loadIPPluginJar : add lorawan
2024-06-12 15:56:25,419 [INFO] IPUIPlugin:75 - create IPUIPlugin
2024-06-12 15:56:25,419 [INFO] PluginManager:213 - loadIPPluginJar : add ltdc
2024-06-12 15:56:25,434 [INFO] IPUIPlugin:75 - create IPUIPlugin
2024-06-12 15:56:25,434 [INFO] PluginManager:213 - loadIPPluginJar : add mdma
2024-06-12 15:56:25,434 [INFO] IPUIPlugin:75 - create IPUIPlugin
2024-06-12 15:56:25,434 [INFO] PluginManager:213 - loadIPPluginJar : add nvic
2024-06-12 15:56:25,450 [INFO] IPUIPlugin:75 - create IPUIPlugin
2024-06-12 15:56:25,450 [INFO] PluginManager:213 - loadIPPluginJar : add opamp
2024-06-12 15:56:25,450 [INFO] IPUIPlugin:75 - create IPUIPlugin
2024-06-12 15:56:25,450 [INFO] PluginManager:213 - loadIPPluginJar : add openamp
2024-06-12 15:56:25,466 [INFO] IPUIPlugin:75 - create IPUIPlugin
2024-06-12 15:56:25,466 [INFO] PluginManager:213 - loadIPPluginJar : add pdm2pcm
2024-06-12 15:56:25,466 [INFO] IPUIPlugin:75 - create IPUIPlugin
2024-06-12 15:56:25,481 [INFO] PluginManager:213 - loadIPPluginJar : add plateformsettings
2024-06-12 15:56:25,481 [INFO] IPUIPlugin:75 - create IPUIPlugin
2024-06-12 15:56:25,481 [INFO] PluginManager:213 - loadIPPluginJar : add quadspi
2024-06-12 15:56:25,481 [INFO] IPUIPlugin:75 - create IPUIPlugin
2024-06-12 15:56:25,481 [INFO] PluginManager:213 - loadIPPluginJar : add resmgrutility
2024-06-12 15:56:25,497 [INFO] IPUIPlugin:75 - create IPUIPlugin
2024-06-12 15:56:25,497 [INFO] PluginManager:213 - loadIPPluginJar : add sai
2024-06-12 15:56:25,505 [INFO] IPUIPlugin:75 - create IPUIPlugin
2024-06-12 15:56:25,505 [INFO] PluginManager:213 - loadIPPluginJar : add spi
2024-06-12 15:56:25,513 [INFO] IPUIPlugin:75 - create IPUIPlugin
2024-06-12 15:56:25,513 [INFO] PluginManager:213 - loadIPPluginJar : add stm32_wpan
2024-06-12 15:56:25,513 [INFO] IPUIPlugin:75 - create IPUIPlugin
2024-06-12 15:56:25,513 [INFO] PluginManager:213 - loadIPPluginJar : add tim
2024-06-12 15:56:25,513 [INFO] IPUIPlugin:75 - create IPUIPlugin
2024-06-12 15:56:25,513 [INFO] PluginManager:213 - loadIPPluginJar : add touchsensing
2024-06-12 15:56:25,529 [INFO] IPUIPlugin:75 - create IPUIPlugin
2024-06-12 15:56:25,529 [INFO] PluginManager:213 - loadIPPluginJar : add tracer_emb
2024-06-12 15:56:25,529 [INFO] IPUIPlugin:75 - create IPUIPlugin
2024-06-12 15:56:25,529 [INFO] PluginManager:213 - loadIPPluginJar : add ts
2024-06-12 15:56:25,529 [INFO] IPUIPlugin:75 - create IPUIPlugin
2024-06-12 15:56:25,529 [INFO] PluginManager:213 - loadIPPluginJar : add tsc
2024-06-12 15:56:25,544 [INFO] IPUIPlugin:75 - create IPUIPlugin
2024-06-12 15:56:25,544 [INFO] PluginManager:213 - loadIPPluginJar : add ucpd
2024-06-12 15:56:25,544 [INFO] IPUIPlugin:75 - create IPUIPlugin
2024-06-12 15:56:25,544 [INFO] PluginManager:213 - loadIPPluginJar : add usart
2024-06-12 15:56:25,544 [INFO] IPUIPlugin:75 - create IPUIPlugin
2024-06-12 15:56:25,560 [INFO] PluginManager:213 - loadIPPluginJar : add usbx
2024-06-12 15:56:26,005 [FATAL] Updater:297 - Updater called before beeing initialized
2024-06-12 15:56:26,206 [FATAL] Updater:297 - Updater called before beeing initialized
2024-06-12 15:56:26,221 [INFO] DbMcusAds:47 - JSON generation date=Thu May 16 16:22:00 ICT 2024 (1715851320852)
2024-06-12 15:56:26,221 [FATAL] Updater:297 - Updater called before beeing initialized
2024-06-12 15:56:26,316 [WARN] DetailPanel:320 - Failed to get advertising image, set to default
2024-06-12 15:56:26,504 [FATAL] Updater:297 - Updater called before beeing initialized
2024-06-12 15:56:26,507 [FATAL] Updater:297 - Updater called before beeing initialized
2024-06-12 15:56:26,507 [FATAL] Updater:297 - Updater called before beeing initialized
2024-06-12 15:56:26,507 [WARN] DetailPanel:320 - Failed to get advertising image, set to default
2024-06-12 15:56:26,507 [FATAL] Updater:297 - Updater called before beeing initialized
2024-06-12 15:56:26,566 [INFO] Updater:1026 - Updater Version found : 6.5.0
2024-06-12 15:56:26,598 [INFO] ApplicationProperties:181 - Using Application install path: C:\ST\STM32CubeIDE_1.9.0\STM32CubeIDE\plugins\com.st.stm32cube.common.mx_6.5.0.202202251913
2024-06-12 15:56:27,147 [INFO] MainUpdater:2729 - connection check result : 10
2024-06-12 15:56:27,163 [INFO] MainUpdater:3414 - Updater definition file requires update
2024-06-12 15:56:27,163 [INFO] MainUpdater:276 - Updater Check For Update Now.
2024-06-12 15:56:27,163 [INFO] MicroXplorer:477 - Change Database Version : DB.6.0.50
2024-06-12 15:56:27,308 [INFO] ServerAccessManage:359 - Download File updaters.zip
2024-06-12 15:56:27,351 [WARN] MainUpdater:1180 - Updater busy. Cannot search thirdparties
2024-06-12 15:56:27,351 [INFO] ThirdPartyUpdaterWithRetryManager:92 - Updater plugin is busy. [1/15]
2024-06-12 15:56:27,869 [INFO] FileExtend:235 - Unzip File : updaters.zip
2024-06-12 15:56:27,869 [INFO] FileExtend:250 - Standard Zip Deflate
2024-06-12 15:56:29,626 [INFO] ServerAccessManage:359 - Download File PacksControlFlags.xml
2024-06-12 15:56:29,783 [INFO] ServerAccessManage:359 - Download File cubemx.pidx
2024-06-12 15:56:30,363 [WARN] MainUpdater:1180 - Updater busy. Cannot search thirdparties
2024-06-12 15:56:30,363 [INFO] ThirdPartyUpdaterWithRetryManager:92 - Updater plugin is busy. [2/15]
2024-06-12 15:56:33,062 [INFO] ServerAccessManage:359 - Download File wolfSSL.I-CUBE-wolfMQTT.pdsc
2024-06-12 15:56:33,376 [WARN] MainUpdater:1180 - Updater busy. Cannot search thirdparties
2024-06-12 15:56:33,376 [INFO] ThirdPartyUpdaterWithRetryManager:92 - Updater plugin is busy. [3/15]
2024-06-12 15:56:36,382 [ERROR] ServerAccessManage:975 - Problem, file not found on Server
2024-06-12 15:56:36,388 [WARN] MainUpdater:1180 - Updater busy. Cannot search thirdparties
2024-06-12 15:56:36,388 [INFO] ThirdPartyUpdaterWithRetryManager:92 - Updater plugin is busy. [4/15]
2024-06-12 15:56:36,627 [WARN] PackLoader:238 - Cannot read IP mode file for wolfSSL.I-CUBE-wolfMQTT.1.19.0
2024-06-12 15:56:36,627 [INFO] PopulateThirdPartyThread:60 - Ending populate Thread
2024-06-12 15:56:36,627 [INFO] ThirdParty:977 - CMSIS Pack Vendor :wolfSSL I-CUBE-wolfMQTT 1.19.0
2024-06-12 15:56:36,627 [INFO] LoadServerUpdatesThread:362 - End of LoadServerUpdate Thread
2024-06-12 15:56:36,764 [INFO] CheckServerUpdateThread:115 - End of CheckServer Thread
2024-06-12 15:56:36,874 [INFO] MainUpdater:2729 - connection check result : 10
2024-06-12 15:56:36,874 [INFO] McuFinderGlobals:52 - Set McuFinderConnectedMode to true
2024-06-12 15:56:37,816 [INFO] ServerAccessManage:359 - Download File mcusAds.json._tmp_
2024-06-12 15:56:37,930 [INFO] LoadUrlFilesThread:146 - End of LoadUrlFiles Thread
2024-06-12 15:56:38,616 [INFO] ServerAccessManage:359 - Download File cube-finder-db.zip
2024-06-12 15:56:39,400 [WARN] MainUpdater:1180 - Updater busy. Cannot search thirdparties
2024-06-12 15:56:39,400 [INFO] ThirdPartyUpdaterWithRetryManager:92 - Updater plugin is busy. [5/15]
2024-06-12 15:56:42,413 [WARN] MainUpdater:1180 - Updater busy. Cannot search thirdparties
2024-06-12 15:56:42,413 [INFO] ThirdPartyUpdaterWithRetryManager:92 - Updater plugin is busy. [6/15]
2024-06-12 15:56:45,414 [WARN] MainUpdater:1180 - Updater busy. Cannot search thirdparties
2024-06-12 15:56:45,414 [INFO] ThirdPartyUpdaterWithRetryManager:92 - Updater plugin is busy. [7/15]
2024-06-12 15:56:48,428 [WARN] MainUpdater:1180 - Updater busy. Cannot search thirdparties
2024-06-12 15:56:48,428 [INFO] ThirdPartyUpdaterWithRetryManager:92 - Updater plugin is busy. [8/15]
2024-06-12 15:56:51,443 [WARN] MainUpdater:1180 - Updater busy. Cannot search thirdparties
2024-06-12 15:56:51,443 [INFO] ThirdPartyUpdaterWithRetryManager:92 - Updater plugin is busy. [9/15]
2024-06-12 15:56:54,457 [WARN] MainUpdater:1180 - Updater busy. Cannot search thirdparties
2024-06-12 15:56:54,457 [INFO] ThirdPartyUpdaterWithRetryManager:92 - Updater plugin is busy. [10/15]
2024-06-12 15:56:57,470 [WARN] MainUpdater:1180 - Updater busy. Cannot search thirdparties
2024-06-12 15:56:57,470 [INFO] ThirdPartyUpdaterWithRetryManager:92 - Updater plugin is busy. [11/15]
2024-06-12 15:57:00,481 [WARN] MainUpdater:1180 - Updater busy. Cannot search thirdparties
2024-06-12 15:57:00,481 [INFO] ThirdPartyUpdaterWithRetryManager:92 - Updater plugin is busy. [12/15]
2024-06-12 15:57:03,497 [WARN] MainUpdater:1180 - Updater busy. Cannot search thirdparties
2024-06-12 15:57:03,497 [INFO] ThirdPartyUpdaterWithRetryManager:92 - Updater plugin is busy. [13/15]
2024-06-12 15:57:06,498 [WARN] MainUpdater:1180 - Updater busy. Cannot search thirdparties
2024-06-12 15:57:06,498 [INFO] ThirdPartyUpdaterWithRetryManager:92 - Updater plugin is busy. [14/15]
2024-06-12 15:57:09,501 [WARN] MainUpdater:1180 - Updater busy. Cannot search thirdparties
2024-06-12 15:57:09,501 [INFO] ThirdPartyUpdaterWithRetryManager:92 - Updater plugin is busy. [15/15]
2024-06-12 15:57:09,501 [ERROR] IntegrityCheckThread:124 - Cannot retrieve database content from updater: error -1
2024-06-12 15:57:09,501 [INFO] ThirdParty:925 - Integrity check success = false
2024-06-12 15:57:09,501 [INFO] IntegrityCheckThread:94 - exiting critical section [integrity check]
2024-06-12 15:57:09,501 [INFO] IntegrityCheckThread:97 - End integrity checks thread
2024-06-12 15:58:20,034 [INFO] FileExtend:235 - Unzip File : cube-finder-db.zip
2024-06-12 15:58:20,050 [INFO] FileExtend:250 - Standard Zip Deflate
2024-06-12 15:58:22,230 [INFO] LoadUrlFilesThread:146 - End of LoadUrlFiles Thread
2024-06-12 15:58:23,831 [INFO] ServerAccessManage:359 - Download File crdb.zip
2024-06-12 15:58:26,373 [INFO] FileExtend:235 - Unzip File : crdb.zip
2024-06-12 15:58:26,373 [INFO] FileExtend:250 - Standard Zip Deflate
2024-06-12 15:58:26,514 [INFO] LoadUrlFilesThread:146 - End of LoadUrlFiles Thread
2024-06-12 15:58:27,095 [INFO] ServerAccessManage:359 - Download File tutoVideoDB.zip
2024-06-12 15:58:27,189 [INFO] FileExtend:235 - Unzip File : tutoVideoDB.zip
2024-06-12 15:58:27,189 [INFO] FileExtend:250 - Standard Zip Deflate
2024-06-12 15:58:27,315 [INFO] LoadUrlFilesThread:146 - End of LoadUrlFiles Thread
2024-06-12 15:58:27,330 [INFO] DbMcusAds:47 - JSON generation date=Thu May 16 16:22:00 ICT 2024 (1715851320667)
2024-06-12 15:58:27,378 [INFO] LoadUrlFilesThread:173 - End of LoadServerUrlFiles without Thread
2024-06-12 15:58:27,378 [INFO] TargetSelectorAdapter:228 - Refresh data is successful
2024-06-12 15:58:27,895 [INFO] ApiDb:567 - Connected to CubeFinder SQLite database (C:\Users\hoatt\.stmcufinder\plugins\mcufinder\mcu\cube-finder-db.db)
2024-06-12 15:58:27,990 [INFO] ApiDb:654 - CubeFinder database Data Model version=2.1
2024-06-12 15:58:27,990 [INFO] ApiDb:655 - CubeFinder database Configuration version=3.0.39
2024-06-12 15:58:27,990 [INFO] ApiDb:656 - CubeFinder database generation date=2024-05-16 (1715872938)
2024-06-12 15:58:27,990 [INFO] ApiDb:657 - CubeFinder database FW Pack versions=[FP-ATR-ASTRA1_V2.0.0, FP-SNS-FLIGHT1_V5.0.1, FP-SNS-FLIGHT1_V5.0.2, FP-SNS-MOTENV1_V4.3.1, FP-SNS-MOTENV1_V4.3.2, FP-SNS-MOTENV1_V5.0.0, FP-SNS-MOTENVWB1_V1.4.0, FP-SNS-SMARTAG2_V1.2.0, STM32Cube_FW_C0_V1.1.0, STM32Cube_FW_F4_V1.28.0, STM32Cube_FW_F7_V1.17.0, STM32Cube_FW_G0_V1.6.2, STM32Cube_FW_G4_V1.5.2, STM32Cube_FW_H5_V0.5.1, STM32Cube_FW_H5_V1.1.1, STM32Cube_FW_H5_V1.2.0, STM32Cube_FW_H5_V1.2.0RC4, STM32Cube_FW_H7RS_V1.0.0, STM32Cube_FW_H7RS_V1.0.0RC4, STM32Cube_FW_H7_V1.11.0, STM32Cube_FW_L0_V1.12.2, STM32Cube_FW_L5_V1.5.1, STM32Cube_FW_U0_V1.0.0, STM32Cube_FW_U0_V1.0.0RC1, STM32Cube_FW_U5_V1.3.0RC4, STM32Cube_FW_U5_V1.5.0, STM32Cube_FW_U5_V1.5.0RC1, STM32Cube_FW_WBA_V1.0.0RC1, STM32Cube_FW_WBA_V1.2.0, STM32Cube_FW_WBA_V1.2.0RC2, STM32Cube_FW_WBA_V1.3.0, STM32Cube_FW_WBA_V1.3.0RC1, STM32Cube_FW_WB_V1.15.0RC1, STM32Cube_FW_WB_V1.16.0, STM32Cube_FW_WB_V1.16.0RC2, STM32Cube_FW_WB_V1.18.0, STM32Cube_FW_WB_V1.19.0, STM32Cube_FW_WL_V1.3.0, X-CUBE-ALGOBUILD_V1.4.0, X-CUBE-ALS_V1.0.1, X-CUBE-AZRTOS-F4_V1.1.0, X-CUBE-AZRTOS-F7_V1.1.0, X-CUBE-AZRTOS-G0_V1.1.0, X-CUBE-AZRTOS-G4_V2.0.0, X-CUBE-AZRTOS-H7_V3.2.0, X-CUBE-AZRTOS-L4_V1.0.0, X-CUBE-AZRTOS-L4_V2.0.0, X-CUBE-AZRTOS-L5_V1.1.0, X-CUBE-AZRTOS-WB_V2.0.0, X-CUBE-AZRTOS-WL_V2.0.0, X-CUBE-BLE1_V7.0.0, X-CUBE-BLE2_V3.3.0, X-CUBE-BLEMGR_V3.1.0, X-CUBE-EEPRMA1_V4.1.0, X-CUBE-EEPRMA1_V5.1.0, X-CUBE-FREERTOS_V1.1.0, X-CUBE-GNSS1_V6.0.0, X-CUBE-MEMS1_V10.0.0, X-CUBE-MEMS1_V9.1.0, X-CUBE-MEMS1_V9.4.0, X-CUBE-MEMS1_V9.6.0, X-CUBE-NFC4_V3.0.0, X-CUBE-NFC7_V1.0.1, X-CUBE-SFXS2LP1_V4.0.0, X-CUBE-SUBG2_V5.0.0, X-CUBE-TOF1_V3.4.0]
2024-06-12 15:58:30,155 [INFO] ApiDb:212 - Found 97 in-development CPN: [NUCLEO-C031C6, STM32C0116-DK, STM32C011D6Y3TR, STM32C011D6Y6TR, STM32C011F4P3, STM32C011F4P6, STM32C011F4U3, STM32C011F4U6TR, STM32C011F6P3, STM32C011F6P6, STM32C011F6U3, STM32C011F6U6TR, STM32C011J4M3, STM32C011J4M6, STM32C011J6M3, STM32C011J6M6, STM32C0316-DK, STM32C031C4T3, STM32C031C4T6, STM32C031C4U3, STM32C031C4U6, STM32C031C6T3, STM32C031C6T6, STM32C031C6U3, STM32C031C6U6, STM32C031F4P3, STM32C031F4P6, STM32C031F6P3, STM32C031F6P6, STM32C031G4U3, STM32C031G4U6, STM32C031G6U3, STM32C031G6U6, STM32C031K4T3, STM32C031K4T6, STM32C031K4U3, STM32C031K4U6, STM32C031K6T3, STM32C031K6T6, STM32C031K6U3, STM32C031K6U6, STM32G071K8TXN, STM32G071K8UXN, STM32G081GBU6N, STM32G081KBT6N, STM32G081KBUXN, STM32G0B1CCT6N, STM32G0B1KCT6, STM32G0B1NEY6, STM32G0B1NEY6TR, STM32G0B1RCT6N, STM32G0C1CCT6, STM32G0C1CCT6N, STM32G0C1CCU6N, STM32G0C1CET6N, STM32G0C1CEU6N, STM32G0C1KCT6, STM32G0C1NEY6TR, STM32G0C1RCI6N, STM32G0C1RCT6N, STM32G0C1REI6N, STM32G0C1RET6N, STM32G0C1VCI6, STM32G0C1VEI6, STM32G471CCT6, STM32G471CCU6, STM32G471CET3, STM32G471CET6, STM32G471CEU3, STM32G471CEU6, STM32G471MCT6, STM32G471MET3, STM32G471MET6, STM32G471MEY6TR, STM32G471QCT6, STM32G471QET3, STM32G471RCT6, STM32G471RET3, STM32G471RET6, STM32G471VCH6, STM32G471VCI6, STM32G471VCT6, STM32G471VEH3, STM32G471VEH6, STM32G471VEI3, STM32G471VEI6, STM32G471VET3, STM32G471VET6, STM32G474CCT6, STM32L4R5QGI6STR, STM32U595ZJT6Q, STM32U599BJY6QTR, STM32U599NIH6Q, STM32U599NJH6Q, STM32U5A5ZJT6Q, STM32U5A9BJY6QTR, STM32U5A9NJH6Q]
2024-06-12 15:58:30,170 [INFO] DbMcus:201 - Found 4063 MCUs, 4063 are supported
2024-06-12 15:58:30,177 [INFO] ApiDb:407 - Load user favorites file C:\Users\hoatt/.stm32cubeide/favorites.mcus.txt: 1 item(s)
2024-06-12 15:58:30,177 [INFO] ApiDb:411 - User favorites MCUs=[STM32F103C8T6]
2024-06-12 15:58:30,177 [INFO] DbMcus:207 - Set 1 / 1 favorites MCUs
2024-06-12 15:58:30,186 [INFO] ApiDb:654 - CubeFinder database Data Model version=2.1
2024-06-12 15:58:30,186 [INFO] ApiDb:655 - CubeFinder database Configuration version=3.0.39
2024-06-12 15:58:30,186 [INFO] ApiDb:656 - CubeFinder database generation date=2024-05-16 (1715872938)
2024-06-12 15:58:30,186 [INFO] ApiDb:657 - CubeFinder database FW Pack versions=[FP-ATR-ASTRA1_V2.0.0, FP-SNS-FLIGHT1_V5.0.1, FP-SNS-FLIGHT1_V5.0.2, FP-SNS-MOTENV1_V4.3.1, FP-SNS-MOTENV1_V4.3.2, FP-SNS-MOTENV1_V5.0.0, FP-SNS-MOTENVWB1_V1.4.0, FP-SNS-SMARTAG2_V1.2.0, STM32Cube_FW_C0_V1.1.0, STM32Cube_FW_F4_V1.28.0, STM32Cube_FW_F7_V1.17.0, STM32Cube_FW_G0_V1.6.2, STM32Cube_FW_G4_V1.5.2, STM32Cube_FW_H5_V0.5.1, STM32Cube_FW_H5_V1.1.1, STM32Cube_FW_H5_V1.2.0, STM32Cube_FW_H5_V1.2.0RC4, STM32Cube_FW_H7RS_V1.0.0, STM32Cube_FW_H7RS_V1.0.0RC4, STM32Cube_FW_H7_V1.11.0, STM32Cube_FW_L0_V1.12.2, STM32Cube_FW_L5_V1.5.1, STM32Cube_FW_U0_V1.0.0, STM32Cube_FW_U0_V1.0.0RC1, STM32Cube_FW_U5_V1.3.0RC4, STM32Cube_FW_U5_V1.5.0, STM32Cube_FW_U5_V1.5.0RC1, STM32Cube_FW_WBA_V1.0.0RC1, STM32Cube_FW_WBA_V1.2.0, STM32Cube_FW_WBA_V1.2.0RC2, STM32Cube_FW_WBA_V1.3.0, STM32Cube_FW_WBA_V1.3.0RC1, STM32Cube_FW_WB_V1.15.0RC1, STM32Cube_FW_WB_V1.16.0, STM32Cube_FW_WB_V1.16.0RC2, STM32Cube_FW_WB_V1.18.0, STM32Cube_FW_WB_V1.19.0, STM32Cube_FW_WL_V1.3.0, X-CUBE-ALGOBUILD_V1.4.0, X-CUBE-ALS_V1.0.1, X-CUBE-AZRTOS-F4_V1.1.0, X-CUBE-AZRTOS-F7_V1.1.0, X-CUBE-AZRTOS-G0_V1.1.0, X-CUBE-AZRTOS-G4_V2.0.0, X-CUBE-AZRTOS-H7_V3.2.0, X-CUBE-AZRTOS-L4_V1.0.0, X-CUBE-AZRTOS-L4_V2.0.0, X-CUBE-AZRTOS-L5_V1.1.0, X-CUBE-AZRTOS-WB_V2.0.0, X-CUBE-AZRTOS-WL_V2.0.0, X-CUBE-BLE1_V7.0.0, X-CUBE-BLE2_V3.3.0, X-CUBE-BLEMGR_V3.1.0, X-CUBE-EEPRMA1_V4.1.0, X-CUBE-EEPRMA1_V5.1.0, X-CUBE-FREERTOS_V1.1.0, X-CUBE-GNSS1_V6.0.0, X-CUBE-MEMS1_V10.0.0, X-CUBE-MEMS1_V9.1.0, X-CUBE-MEMS1_V9.4.0, X-CUBE-MEMS1_V9.6.0, X-CUBE-NFC4_V3.0.0, X-CUBE-NFC7_V1.0.1, X-CUBE-SFXS2LP1_V4.0.0, X-CUBE-SUBG2_V5.0.0, X-CUBE-TOF1_V3.4.0]
2024-06-12 15:58:30,264 [INFO] DbBoardsSqlite:220 - include board P-NUCLEO-WB55-NUCLEO as a kit item of type 'Nucleo-64'
2024-06-12 15:58:30,264 [INFO] DbBoardsSqlite:220 - include board P-NUCLEO-WB55-USBDONGLE as a kit item of type 'Nucleo USB Dongle'
2024-06-12 15:58:30,264 [INFO] DbBoardsSqlite:220 - include board STEVAL-IDP005V1 as a kit item of type 'Evaluation Board'
2024-06-12 15:58:30,264 [INFO] DbBoardsSqlite:220 - include board STEVAL-IDP005V2 as a kit item of type 'Evaluation Board'
2024-06-12 15:58:30,343 [INFO] ApiDb:212 - Found 97 in-development CPN: [NUCLEO-C031C6, STM32C0116-DK, STM32C011D6Y3TR, STM32C011D6Y6TR, STM32C011F4P3, STM32C011F4P6, STM32C011F4U3, STM32C011F4U6TR, STM32C011F6P3, STM32C011F6P6, STM32C011F6U3, STM32C011F6U6TR, STM32C011J4M3, STM32C011J4M6, STM32C011J6M3, STM32C011J6M6, STM32C0316-DK, STM32C031C4T3, STM32C031C4T6, STM32C031C4U3, STM32C031C4U6, STM32C031C6T3, STM32C031C6T6, STM32C031C6U3, STM32C031C6U6, STM32C031F4P3, STM32C031F4P6, STM32C031F6P3, STM32C031F6P6, STM32C031G4U3, STM32C031G4U6, STM32C031G6U3, STM32C031G6U6, STM32C031K4T3, STM32C031K4T6, STM32C031K4U3, STM32C031K4U6, STM32C031K6T3, STM32C031K6T6, STM32C031K6U3, STM32C031K6U6, STM32G071K8TXN, STM32G071K8UXN, STM32G081GBU6N, STM32G081KBT6N, STM32G081KBUXN, STM32G0B1CCT6N, STM32G0B1KCT6, STM32G0B1NEY6, STM32G0B1NEY6TR, STM32G0B1RCT6N, STM32G0C1CCT6, STM32G0C1CCT6N, STM32G0C1CCU6N, STM32G0C1CET6N, STM32G0C1CEU6N, STM32G0C1KCT6, STM32G0C1NEY6TR, STM32G0C1RCI6N, STM32G0C1RCT6N, STM32G0C1REI6N, STM32G0C1RET6N, STM32G0C1VCI6, STM32G0C1VEI6, STM32G471CCT6, STM32G471CCU6, STM32G471CET3, STM32G471CET6, STM32G471CEU3, STM32G471CEU6, STM32G471MCT6, STM32G471MET3, STM32G471MET6, STM32G471MEY6TR, STM32G471QCT6, STM32G471QET3, STM32G471RCT6, STM32G471RET3, STM32G471RET6, STM32G471VCH6, STM32G471VCI6, STM32G471VCT6, STM32G471VEH3, STM32G471VEH6, STM32G471VEI3, STM32G471VEI6, STM32G471VET3, STM32G471VET6, STM32G474CCT6, STM32L4R5QGI6STR, STM32U595ZJT6Q, STM32U599BJY6QTR, STM32U599NIH6Q, STM32U599NJH6Q, STM32U5A5ZJT6Q, STM32U5A9BJY6QTR, STM32U5A9NJH6Q]
2024-06-12 15:58:30,378 [INFO] BoardInfo:872 - No configuration file found for board B-G473E-ZEST1S
2024-06-12 15:58:30,378 [INFO] DbBoards:144 - Board is not supported: B-G473E-ZEST1S
2024-06-12 15:58:30,390 [INFO] BoardInfo:872 - No configuration file found for board B-WB1M-WPAN1
2024-06-12 15:58:30,390 [INFO] DbBoards:144 - Board is not supported: B-WB1M-WPAN1
2024-06-12 15:58:30,390 [INFO] BoardInfo:872 - No configuration file found for board B-WL5M-SUBG1
2024-06-12 15:58:30,390 [INFO] DbBoards:144 - Board is not supported: B-WL5M-SUBG1
2024-06-12 15:58:30,468 [INFO] BoardInfo:872 - No configuration file found for board NUCLEO-H503RB
2024-06-12 15:58:30,468 [INFO] DbBoards:144 - Board is not supported: NUCLEO-H503RB
2024-06-12 15:58:30,468 [INFO] BoardInfo:872 - No configuration file found for board NUCLEO-H533RE
2024-06-12 15:58:30,468 [INFO] DbBoards:144 - Board is not supported: NUCLEO-H533RE
2024-06-12 15:58:30,468 [INFO] BoardInfo:872 - No configuration file found for board NUCLEO-H563ZI
2024-06-12 15:58:30,468 [INFO] DbBoards:144 - Board is not supported: NUCLEO-H563ZI
2024-06-12 15:58:30,484 [INFO] BoardInfo:872 - No configuration file found for board NUCLEO-H7S3L8
2024-06-12 15:58:30,484 [INFO] DbBoards:144 - Board is not supported: NUCLEO-H7S3L8
2024-06-12 15:58:30,531 [INFO] BoardInfo:872 - No configuration file found for board NUCLEO-U031R8
2024-06-12 15:58:30,531 [INFO] DbBoards:144 - Board is not supported: NUCLEO-U031R8
2024-06-12 15:58:30,531 [INFO] BoardInfo:872 - No configuration file found for board NUCLEO-U083RC
2024-06-12 15:58:30,531 [INFO] DbBoards:144 - Board is not supported: NUCLEO-U083RC
2024-06-12 15:58:30,531 [INFO] BoardInfo:872 - No configuration file found for board NUCLEO-U545RE-Q
2024-06-12 15:58:30,531 [INFO] DbBoards:144 - Board is not supported: NUCLEO-U545RE-Q
2024-06-12 15:58:30,547 [INFO] BoardInfo:872 - No configuration file found for board NUCLEO-U5A5ZJ-Q
2024-06-12 15:58:30,547 [INFO] DbBoards:144 - Board is not supported: NUCLEO-U5A5ZJ-Q
2024-06-12 15:58:30,547 [INFO] BoardInfo:872 - No configuration file found for board NUCLEO-WBA52CG
2024-06-12 15:58:30,547 [INFO] DbBoards:144 - Board is not supported: NUCLEO-WBA52CG
2024-06-12 15:58:30,547 [INFO] BoardInfo:872 - No configuration file found for board NUCLEO-WBA55CG
2024-06-12 15:58:30,547 [INFO] DbBoards:144 - Board is not supported: NUCLEO-WBA55CG
2024-06-12 15:58:30,547 [INFO] BoardInfo:872 - No configuration file found for board P-NUCLEO-WB55
2024-06-12 15:58:30,547 [INFO] DbBoards:144 - Kit is not supported: P-NUCLEO-WB55
2024-06-12 15:58:30,563 [INFO] BoardInfo:872 - No configuration file found for board STEVAL-ASTRA1B
2024-06-12 15:58:30,563 [INFO] DbBoards:144 - Board is not supported: STEVAL-ASTRA1B
2024-06-12 15:58:30,563 [INFO] BoardInfo:872 - No configuration file found for board STEVAL-BFA001V1B
2024-06-12 15:58:30,563 [INFO] DbBoards:144 - Kit is not supported: STEVAL-BFA001V1B
2024-06-12 15:58:30,563 [INFO] BoardInfo:872 - No configuration file found for board STEVAL-BFA001V2B
2024-06-12 15:58:30,563 [INFO] DbBoards:144 - Kit is not supported: STEVAL-BFA001V2B
2024-06-12 15:58:30,563 [INFO] BoardInfo:872 - No configuration file found for board STEVAL-MKBOXPRO
2024-06-12 15:58:30,563 [INFO] DbBoards:144 - Board is not supported: STEVAL-MKBOXPRO
2024-06-12 15:58:30,563 [INFO] BoardInfo:872 - No configuration file found for board STEVAL-PROTEUS1
2024-06-12 15:58:30,563 [INFO] DbBoards:144 - Board is not supported: STEVAL-PROTEUS1
2024-06-12 15:58:30,578 [INFO] BoardInfo:872 - No configuration file found for board STEVAL-SMARTAG2
2024-06-12 15:58:30,578 [INFO] DbBoards:144 - Board is not supported: STEVAL-SMARTAG2
2024-06-12 15:58:30,578 [INFO] BoardInfo:872 - No configuration file found for board STEVAL-STWINBX1
2024-06-12 15:58:30,578 [INFO] DbBoards:144 - Board is not supported: STEVAL-STWINBX1
2024-06-12 15:58:30,578 [INFO] BoardInfo:872 - No configuration file found for board STM320518-EVAL
2024-06-12 15:58:30,578 [INFO] DbBoards:144 - Board is not supported: STM320518-EVAL
2024-06-12 15:58:30,641 [INFO] BoardInfo:872 - No configuration file found for board STM32H573I-DK
2024-06-12 15:58:30,641 [INFO] DbBoards:144 - Board is not supported: STM32H573I-DK
2024-06-12 15:58:30,672 [INFO] BoardInfo:872 - No configuration file found for board STM32H7S78-DK
2024-06-12 15:58:30,672 [INFO] DbBoards:144 - Board is not supported: STM32H7S78-DK
2024-06-12 15:58:30,688 [INFO] BoardInfo:872 - No configuration file found for board STM32MP135F-DK
2024-06-12 15:58:30,688 [INFO] DbBoards:144 - Board is not supported: STM32MP135F-DK
2024-06-12 15:58:30,703 [INFO] BoardInfo:872 - No configuration file found for board STM32U083C-DK
2024-06-12 15:58:30,703 [INFO] DbBoards:144 - Board is not supported: STM32U083C-DK
2024-06-12 15:58:30,703 [INFO] BoardInfo:872 - No configuration file found for board STM32U5A9J-DK
2024-06-12 15:58:30,703 [INFO] DbBoards:144 - Board is not supported: STM32U5A9J-DK
2024-06-12 15:58:30,703 [INFO] BoardInfo:872 - No configuration file found for board STM32U5G9J-DK1
2024-06-12 15:58:30,703 [INFO] DbBoards:144 - Board is not supported: STM32U5G9J-DK1
2024-06-12 15:58:30,703 [INFO] BoardInfo:872 - No configuration file found for board STM32U5G9J-DK2
2024-06-12 15:58:30,703 [INFO] DbBoards:144 - Board is not supported: STM32U5G9J-DK2
2024-06-12 15:58:30,703 [INFO] BoardInfo:872 - No configuration file found for board STM32WBA55G-DK1
2024-06-12 15:58:30,703 [INFO] DbBoards:144 - Board is not supported: STM32WBA55G-DK1
2024-06-12 15:58:30,703 [INFO] DbBoards:148 - Found 199 boards, 169 are supported
2024-06-12 15:58:30,719 [INFO] ApiDb:407 - Load user favorites file C:\Users\hoatt/.stm32cubeide/favorites.boards.txt: 0 item(s)
2024-06-12 15:58:30,719 [INFO] ApiDb:411 - User favorites Boards=[]
2024-06-12 15:58:30,719 [INFO] DbBoards:174 - Set 0 / 0 favorites Boards
2024-06-12 15:58:30,719 [INFO] ApiDb:654 - CubeFinder database Data Model version=2.1
2024-06-12 15:58:30,719 [INFO] ApiDb:655 - CubeFinder database Configuration version=3.0.39
2024-06-12 15:58:30,719 [INFO] ApiDb:656 - CubeFinder database generation date=2024-05-16 (1715872938)
2024-06-12 15:58:30,719 [INFO] ApiDb:657 - CubeFinder database FW Pack versions=[FP-ATR-ASTRA1_V2.0.0, FP-SNS-FLIGHT1_V5.0.1, FP-SNS-FLIGHT1_V5.0.2, FP-SNS-MOTENV1_V4.3.1, FP-SNS-MOTENV1_V4.3.2, FP-SNS-MOTENV1_V5.0.0, FP-SNS-MOTENVWB1_V1.4.0, FP-SNS-SMARTAG2_V1.2.0, STM32Cube_FW_C0_V1.1.0, STM32Cube_FW_F4_V1.28.0, STM32Cube_FW_F7_V1.17.0, STM32Cube_FW_G0_V1.6.2, STM32Cube_FW_G4_V1.5.2, STM32Cube_FW_H5_V0.5.1, STM32Cube_FW_H5_V1.1.1, STM32Cube_FW_H5_V1.2.0, STM32Cube_FW_H5_V1.2.0RC4, STM32Cube_FW_H7RS_V1.0.0, STM32Cube_FW_H7RS_V1.0.0RC4, STM32Cube_FW_H7_V1.11.0, STM32Cube_FW_L0_V1.12.2, STM32Cube_FW_L5_V1.5.1, STM32Cube_FW_U0_V1.0.0, STM32Cube_FW_U0_V1.0.0RC1, STM32Cube_FW_U5_V1.3.0RC4, STM32Cube_FW_U5_V1.5.0, STM32Cube_FW_U5_V1.5.0RC1, STM32Cube_FW_WBA_V1.0.0RC1, STM32Cube_FW_WBA_V1.2.0, STM32Cube_FW_WBA_V1.2.0RC2, STM32Cube_FW_WBA_V1.3.0, STM32Cube_FW_WBA_V1.3.0RC1, STM32Cube_FW_WB_V1.15.0RC1, STM32Cube_FW_WB_V1.16.0, STM32Cube_FW_WB_V1.16.0RC2, STM32Cube_FW_WB_V1.18.0, STM32Cube_FW_WB_V1.19.0, STM32Cube_FW_WL_V1.3.0, X-CUBE-ALGOBUILD_V1.4.0, X-CUBE-ALS_V1.0.1, X-CUBE-AZRTOS-F4_V1.1.0, X-CUBE-AZRTOS-F7_V1.1.0, X-CUBE-AZRTOS-G0_V1.1.0, X-CUBE-AZRTOS-G4_V2.0.0, X-CUBE-AZRTOS-H7_V3.2.0, X-CUBE-AZRTOS-L4_V1.0.0, X-CUBE-AZRTOS-L4_V2.0.0, X-CUBE-AZRTOS-L5_V1.1.0, X-CUBE-AZRTOS-WB_V2.0.0, X-CUBE-AZRTOS-WL_V2.0.0, X-CUBE-BLE1_V7.0.0, X-CUBE-BLE2_V3.3.0, X-CUBE-BLEMGR_V3.1.0, X-CUBE-EEPRMA1_V4.1.0, X-CUBE-EEPRMA1_V5.1.0, X-CUBE-FREERTOS_V1.1.0, X-CUBE-GNSS1_V6.0.0, X-CUBE-MEMS1_V10.0.0, X-CUBE-MEMS1_V9.1.0, X-CUBE-MEMS1_V9.4.0, X-CUBE-MEMS1_V9.6.0, X-CUBE-NFC4_V3.0.0, X-CUBE-NFC7_V1.0.1, X-CUBE-SFXS2LP1_V4.0.0, X-CUBE-SUBG2_V5.0.0, X-CUBE-TOF1_V3.4.0]
2024-06-12 15:58:31,818 [ERROR] DbExamplesSqlite:409 - Missing JSON key: board_cpn
2024-06-12 15:58:31,818 [ERROR] DbExamplesSqlite:409 - Missing JSON key: board_cpn
2024-06-12 15:58:31,818 [ERROR] DbExamplesSqlite:409 - Missing JSON key: board_cpn
2024-06-12 15:58:31,818 [ERROR] DbExamplesSqlite:409 - Missing JSON key: board_cpn
2024-06-12 15:58:31,943 [INFO] DbExamplesSqlite:367 - Ignored 60 examples not supported by CubeIDE
2024-06-12 15:58:31,943 [INFO] DbExamplesSqlite:368 - Found 8158 examples active
2024-06-12 15:58:31,943 [INFO] DbExamplesSqlite:369 - Found 874 examples obsolete
2024-06-12 15:58:31,943 [INFO] DbExamplesSqlite:370 - Found 0 examples under development
2024-06-12 15:58:31,943 [INFO] DbExamplesSqlite:371 - Found 10 examples not building
2024-06-12 15:58:31,943 [INFO] DbExamples:124 - Found 8108 examples
2024-06-12 15:58:31,981 [ERROR] DbExamples:207 - Found 11 examples with invalid data (board or MCU)
2024-06-12 15:58:31,981 [INFO] DbExamples:221 - Found 101 boards with related examples
2024-06-12 15:58:31,981 [INFO] DbExamples:234 - Found 85 MCUs with related examples
2024-06-12 15:58:32,006 [INFO] ApiDb:398 - User favorites file not found: C:\Users\hoatt/.stm32cubeide/favorites.examples.txt
2024-06-12 15:58:32,006 [INFO] DbExamples:249 - Set 0 / 0 favorites Examples
2024-06-12 15:58:32,361 [INFO] McuFinderGlobals:52 - Set McuFinderConnectedMode to true
2024-06-12 15:58:32,382 [INFO] MultiScanPanel:195 - Auto-refresh data requested => check proxy status ongoing
2024-06-12 15:58:32,382 [INFO] FinderPluginLoader:87 - Searching for filters in installed packs
2024-06-12 15:58:34,276 [INFO] LoadUrlFilesThread:173 - End of LoadServerUrlFiles without Thread
2024-06-12 15:58:34,354 [INFO] DetailPanel:315 - Set advertising image to C:/Users/hoatt/STM32Cube/Repository/\en.prom-stm32h7rs-mcu-finder.jpg
2024-06-12 16:05:32,994 [INFO] McuFinderGlobals:52 - Set McuFinderConnectedMode to true
2024-06-12 16:05:34,045 [INFO] ApiDb:432 - Save user favorites file C:\Users\hoatt/.stm32cubeide/favorites.mcus.txt: 1 item(s)
2024-06-12 16:05:34,045 [INFO] ApiDb:436 - User favorites MCUs=[STM32F103C8T6]
2024-06-12 21:44:01,721 [ERROR] ConfigurationRetriever:139 - IOException on connection: Read timed out
2024-06-12 21:44:05,975 [ERROR] ConfigurationRetriever:139 - IOException on connection: Read timed out
2024-06-12 21:49:13,407 [ERROR] ConfigurationRetriever:139 - IOException on connection: Read timed out
2024-06-12 21:54:37,715 [INFO] MainUpdater:2729 - connection check result : 10
2024-06-12 21:54:37,943 [INFO] McuFinderGlobals:52 - Set McuFinderConnectedMode to true
2024-06-12 21:54:37,959 [INFO] MultiScanPanel:195 - Auto-refresh data requested => check proxy status ongoing
2024-06-12 21:54:37,974 [INFO] FinderPluginLoader:87 - Searching for filters in installed packs
2024-06-12 21:54:39,669 [INFO] LoadUrlFilesThread:173 - End of LoadServerUrlFiles without Thread
2024-06-12 21:54:39,669 [INFO] DetailPanel:315 - Set advertising image to C:/Users/hoatt/STM32Cube/Repository/\en.prom-stm32h7rs-mcu-finder.jpg
2024-06-12 21:54:40,971 [INFO] ApiDb:567 - Connected to CubeFinder SQLite database (C:\Users\hoatt\.stmcufinder\plugins\mcufinder\mcu\cube-finder-db.db)
2024-06-12 21:54:42,133 [INFO] ApiDb:654 - CubeFinder database Data Model version=2.1
2024-06-12 21:54:42,149 [INFO] ApiDb:655 - CubeFinder database Configuration version=3.0.39
2024-06-12 21:54:42,180 [INFO] ApiDb:656 - CubeFinder database generation date=2024-05-16 (1715872938)
2024-06-12 21:54:42,180 [INFO] ApiDb:657 - CubeFinder database FW Pack versions=[FP-ATR-ASTRA1_V2.0.0, FP-SNS-FLIGHT1_V5.0.1, FP-SNS-FLIGHT1_V5.0.2, FP-SNS-MOTENV1_V4.3.1, FP-SNS-MOTENV1_V4.3.2, FP-SNS-MOTENV1_V5.0.0, FP-SNS-MOTENVWB1_V1.4.0, FP-SNS-SMARTAG2_V1.2.0, STM32Cube_FW_C0_V1.1.0, STM32Cube_FW_F4_V1.28.0, STM32Cube_FW_F7_V1.17.0, STM32Cube_FW_G0_V1.6.2, STM32Cube_FW_G4_V1.5.2, STM32Cube_FW_H5_V0.5.1, STM32Cube_FW_H5_V1.1.1, STM32Cube_FW_H5_V1.2.0, STM32Cube_FW_H5_V1.2.0RC4, STM32Cube_FW_H7RS_V1.0.0, STM32Cube_FW_H7RS_V1.0.0RC4, STM32Cube_FW_H7_V1.11.0, STM32Cube_FW_L0_V1.12.2, STM32Cube_FW_L5_V1.5.1, STM32Cube_FW_U0_V1.0.0, STM32Cube_FW_U0_V1.0.0RC1, STM32Cube_FW_U5_V1.3.0RC4, STM32Cube_FW_U5_V1.5.0, STM32Cube_FW_U5_V1.5.0RC1, STM32Cube_FW_WBA_V1.0.0RC1, STM32Cube_FW_WBA_V1.2.0, STM32Cube_FW_WBA_V1.2.0RC2, STM32Cube_FW_WBA_V1.3.0, STM32Cube_FW_WBA_V1.3.0RC1, STM32Cube_FW_WB_V1.15.0RC1, STM32Cube_FW_WB_V1.16.0, STM32Cube_FW_WB_V1.16.0RC2, STM32Cube_FW_WB_V1.18.0, STM32Cube_FW_WB_V1.19.0, STM32Cube_FW_WL_V1.3.0, X-CUBE-ALGOBUILD_V1.4.0, X-CUBE-ALS_V1.0.1, X-CUBE-AZRTOS-F4_V1.1.0, X-CUBE-AZRTOS-F7_V1.1.0, X-CUBE-AZRTOS-G0_V1.1.0, X-CUBE-AZRTOS-G4_V2.0.0, X-CUBE-AZRTOS-H7_V3.2.0, X-CUBE-AZRTOS-L4_V1.0.0, X-CUBE-AZRTOS-L4_V2.0.0, X-CUBE-AZRTOS-L5_V1.1.0, X-CUBE-AZRTOS-WB_V2.0.0, X-CUBE-AZRTOS-WL_V2.0.0, X-CUBE-BLE1_V7.0.0, X-CUBE-BLE2_V3.3.0, X-CUBE-BLEMGR_V3.1.0, X-CUBE-EEPRMA1_V4.1.0, X-CUBE-EEPRMA1_V5.1.0, X-CUBE-FREERTOS_V1.1.0, X-CUBE-GNSS1_V6.0.0, X-CUBE-MEMS1_V10.0.0, X-CUBE-MEMS1_V9.1.0, X-CUBE-MEMS1_V9.4.0, X-CUBE-MEMS1_V9.6.0, X-CUBE-NFC4_V3.0.0, X-CUBE-NFC7_V1.0.1, X-CUBE-SFXS2LP1_V4.0.0, X-CUBE-SUBG2_V5.0.0, X-CUBE-TOF1_V3.4.0]
2024-06-12 21:54:55,664 [ERROR] DbExamplesSqlite:409 - Missing JSON key: board_cpn
2024-06-12 21:54:55,664 [ERROR] DbExamplesSqlite:409 - Missing JSON key: board_cpn
2024-06-12 21:54:55,664 [ERROR] DbExamplesSqlite:409 - Missing JSON key: board_cpn
2024-06-12 21:54:55,664 [ERROR] DbExamplesSqlite:409 - Missing JSON key: board_cpn
2024-06-12 21:54:56,040 [INFO] DbExamplesSqlite:367 - Ignored 60 examples not supported by CubeIDE
2024-06-12 21:54:56,040 [INFO] DbExamplesSqlite:368 - Found 8158 examples active
2024-06-12 21:54:56,040 [INFO] DbExamplesSqlite:369 - Found 874 examples obsolete
2024-06-12 21:54:56,040 [INFO] DbExamplesSqlite:370 - Found 0 examples under development
2024-06-12 21:54:56,040 [INFO] DbExamplesSqlite:371 - Found 10 examples not building
2024-06-12 21:54:56,040 [INFO] DbExamples:124 - Found 8108 examples
2024-06-12 21:54:56,102 [ERROR] DbExamples:207 - Found 11 examples with invalid data (board or MCU)
2024-06-12 21:54:56,102 [INFO] DbExamples:221 - Found 101 boards with related examples
2024-06-12 21:54:56,102 [INFO] DbExamples:234 - Found 85 MCUs with related examples
2024-06-12 21:54:56,231 [INFO] ApiDb:398 - User favorites file not found: C:\Users\hoatt/.stm32cubeide/favorites.examples.txt
2024-06-12 21:54:56,231 [INFO] DbExamples:249 - Set 0 / 0 favorites Examples
2024-06-12 21:55:01,965 [INFO] MultiScanPanel:787 - Auto Refresh Data is not needed
2024-06-12 21:55:30,875 [INFO] MainUpdater:2729 - connection check result : 10
2024-06-12 21:55:30,875 [INFO] MainUpdater:2729 - connection check result : 10
2024-06-12 21:55:31,063 [INFO] MicroXplorer:447 - Change Database Path : 
2024-06-12 21:55:31,063 [INFO] MicroXplorer:477 - Change Database Version : DB.6.0.50
2024-06-12 21:55:31,063 [WARN] ThirdParty:823 - waiting for thirdparty lock release [close project]
2024-06-12 21:55:31,063 [INFO] ThirdParty:825 - entering critical section [close project]
2024-06-12 21:55:31,079 [INFO] ThirdParty:835 - exiting critical section [close project]
2024-06-12 21:55:31,157 [INFO] PinOutPanel:1465 - setPackage(No Configuration,No Configuration)
2024-06-12 21:55:31,173 [INFO] UtilMem:74 - Begin LoadConfig() Used Memory: 630793280 Bytes (853540864)
2024-06-12 21:55:31,173 [INFO] MicroXplorer:447 - Change Database Path : 
2024-06-12 21:55:31,173 [INFO] MicroXplorer:477 - Change Database Version : DB.6.0.50
2024-06-12 21:55:31,173 [INFO] OpenFileManager:303 - Change cursor
2024-06-12 21:55:31,424 [WARN] IntegrityCheckThread:78 - waiting for thirdparty lock release [integrity check]
2024-06-12 21:55:31,424 [INFO] IntegrityCheckThread:80 - entering critical section [integrity check]
2024-06-12 21:55:31,832 [WARN] PackLoader:238 - Cannot read IP mode file for STMicroelectronics.FP-SNS-MOTENVWB1.1.4.0
2024-06-12 21:55:31,864 [WARN] PackLoader:238 - Cannot read IP mode file for STMicroelectronics.X-CUBE-SMBUS.2.1.0
2024-06-12 21:55:31,864 [WARN] PackLoader:238 - Cannot read IP mode file for STMicroelectronics.X-CUBE-TOUCHGFX.4.23.2
2024-06-12 21:55:31,926 [WARN] PackLoader:238 - Cannot read IP mode file for STMicroelectronics.X-CUBE-AZRTOS-F7.1.1.0
2024-06-12 21:55:31,926 [WARN] PackLoader:238 - Cannot read IP mode file for STMicroelectronics.FP-SNS-FLIGHT1.5.0.2
2024-06-12 21:55:31,942 [WARN] PackLoader:238 - Cannot read IP mode file for STMicroelectronics.X-CUBE-DISPLAY.3.0.0
2024-06-12 21:55:31,958 [WARN] PackLoader:238 - Cannot read IP mode file for STMicroelectronics.X-CUBE-BLE1.7.0.0
2024-06-12 21:55:31,973 [WARN] PackLoader:238 - Cannot read IP mode file for emotas.I-CUBE-CANOPEN.1.3.0
2024-06-12 21:55:31,989 [WARN] PackLoader:238 - Cannot read IP mode file for STMicroelectronics.X-CUBE-BLEMGR.3.1.0
2024-06-12 21:55:32,011 [WARN] PackLoader:238 - Cannot read IP mode file for STMicroelectronics.FP-SNS-SMARTAG2.1.2.0
2024-06-12 21:55:32,036 [INFO] LogOutputStream:76 - [STDOUT_REDIRECT] 1 : Invalid condition id : UX_CORESTACK_Condition cause : null
2024-06-12 21:55:32,036 [INFO] LogOutputStream:76 - [STDOUT_REDIRECT] 1 : Invalid condition id : UX_CORESTACK_Condition cause : null
2024-06-12 21:55:32,036 [INFO] LogOutputStream:76 - [STDOUT_REDIRECT] 1 : Invalid condition id : UX_CORESTACK_Condition cause : null
2024-06-12 21:55:32,036 [INFO] LogOutputStream:76 - [STDOUT_REDIRECT] 1 : Invalid condition id : UX_CORESTACK_Condition cause : null
2024-06-12 21:55:32,036 [INFO] LogOutputStream:76 - [STDOUT_REDIRECT] 1 : Invalid condition id : UX_CORESTACK_Condition cause : null
2024-06-12 21:55:32,036 [WARN] PackLoader:238 - Cannot read IP mode file for STMicroelectronics.X-CUBE-AZRTOS-WL.2.0.0
2024-06-12 21:55:32,052 [WARN] PackLoader:238 - Cannot read IP mode file for STMicroelectronics.FP-SNS-MOTENV1.5.0.0
2024-06-12 21:55:32,068 [WARN] PackLoader:238 - Cannot read IP mode file for wolfSSL.I-CUBE-wolfMQTT.1.19.0
2024-06-12 21:55:32,068 [WARN] PackLoader:238 - Cannot read IP mode file for WES.I-CUBE-Cesium.1.3.0
2024-06-12 21:55:32,083 [WARN] PackLoader:238 - Cannot read IP mode file for STMicroelectronics.X-CUBE-BLE2.3.3.0
2024-06-12 21:55:32,099 [WARN] PackLoader:238 - Cannot read IP mode file for STMicroelectronics.X-CUBE-TCPP.4.1.0
2024-06-12 21:55:32,115 [WARN] PackLoader:238 - Cannot read IP mode file for STMicroelectronics.X-CUBE-ALGOBUILD.1.3.0
2024-06-12 21:55:32,177 [WARN] PackLoader:238 - Cannot read IP mode file for STMicroelectronics.X-CUBE-AZRTOS-G0.1.1.0
2024-06-12 21:55:32,193 [WARN] PackLoader:238 - Cannot read IP mode file for STMicroelectronics.X-CUBE-SAFEA1.1.2.2
2024-06-12 21:55:32,209 [WARN] PackLoader:238 - Cannot read IP mode file for STMicroelectronics.X-CUBE-NFC4.3.0.0
2024-06-12 21:55:32,212 [WARN] PackLoader:238 - Cannot read IP mode file for wolfSSL.I-CUBE-wolfSSL.5.7.0
2024-06-12 21:55:32,225 [WARN] PackLoader:238 - Cannot read IP mode file for STMicroelectronics.FP-ATR-SIGFOX1.3.2.0
2024-06-12 21:55:32,240 [WARN] PackLoader:238 - Cannot read IP mode file for STMicroelectronics.X-CUBE-EEPRMA1.5.1.0
2024-06-12 21:55:32,256 [WARN] PackLoader:238 - Cannot read IP mode file for ITTIA_DB.I-CUBE-ITTIADB.8.9.0
2024-06-12 21:55:32,312 [WARN] PackLoader:238 - Cannot read IP mode file for SEGGER.I-CUBE-embOS.1.3.1
2024-06-12 21:55:32,381 [WARN] PackLoader:238 - Cannot read IP mode file for STMicroelectronics.X-CUBE-ALGOBUILD.1.4.0
2024-06-12 21:55:32,397 [WARN] PackLoader:238 - Cannot read IP mode file for STMicroelectronics.X-CUBE-GNSS1.6.0.0
2024-06-12 21:55:32,429 [WARN] PackLoader:238 - Cannot read IP mode file for STMicroelectronics.X-CUBE-AZRTOS-F4.1.1.0
2024-06-12 21:55:32,444 [WARN] PackLoader:238 - Cannot read IP mode file for STMicroelectronics.X-CUBE-FREERTOS.1.2.0
2024-06-12 21:55:32,491 [WARN] PackLoader:238 - Cannot read IP mode file for STMicroelectronics.X-CUBE-AZRTOS-L5.2.0.0
2024-06-12 21:55:32,538 [WARN] PackLoader:238 - Cannot read IP mode file for STMicroelectronics.X-CUBE-NFC6.3.1.0
2024-06-12 21:55:32,538 [WARN] PackLoader:238 - Cannot read IP mode file for STMicroelectronics.X-CUBE-AI.9.0.0
2024-06-12 21:55:32,554 [WARN] PackLoader:238 - Cannot read IP mode file for STMicroelectronics.X-CUBE-NFC7.1.0.1
2024-06-12 21:55:32,585 [WARN] ConditionMgr:437 - getConditionDescription Invalid condition id : LAN8742 Phy interface Condition cause : null
2024-06-12 21:55:32,585 [WARN] PackLoader:238 - Cannot read IP mode file for STMicroelectronics.X-CUBE-AZRTOS-L4.2.0.0
2024-06-12 21:55:32,601 [WARN] ConditionMgr:1038 - genDependencies : Invalid condition id : LAN8742 Phy interface Condition cause : null
2024-06-12 21:55:32,601 [WARN] ConditionMgr:1038 - genDependencies : Invalid condition id : LAN8742 Phy interface Condition cause : null
2024-06-12 21:55:32,601 [WARN] ConditionMgr:1038 - genDependencies : Invalid condition id : LAN8742 Phy interface Condition cause : null
2024-06-12 21:55:32,617 [WARN] PackLoader:238 - Cannot read IP mode file for STMicroelectronics.X-CUBE-SFXS2LP1.4.0.0
2024-06-12 21:55:32,633 [WARN] ConditionMgr:437 - getConditionDescription Invalid condition id : UX DEVICE CLASS RTOS Condition cause : null
2024-06-12 21:55:32,633 [WARN] ConditionMgr:437 - getConditionDescription Invalid condition id : UX DEVICE CLASS RTOS Condition cause : null
2024-06-12 21:55:32,648 [WARN] PackLoader:238 - Cannot read IP mode file for STMicroelectronics.X-CUBE-AZRTOS-WB.2.0.0
2024-06-12 21:55:32,648 [WARN] ConditionMgr:1038 - genDependencies : Invalid condition id : UX DEVICE CLASS RTOS Condition cause : null
2024-06-12 21:55:32,648 [WARN] ConditionMgr:1038 - genDependencies : Invalid condition id : UX DEVICE CLASS RTOS Condition cause : null
2024-06-12 21:55:32,648 [WARN] ConditionMgr:1038 - genDependencies : Invalid condition id : UX DEVICE CLASS RTOS Condition cause : null
2024-06-12 21:55:32,648 [WARN] ConditionMgr:1038 - genDependencies : Invalid condition id : UX DEVICE CLASS RTOS Condition cause : null
2024-06-12 21:55:32,648 [WARN] ConditionMgr:1038 - genDependencies : Invalid condition id : UX DEVICE CLASS RTOS Condition cause : null
2024-06-12 21:55:32,664 [WARN] PackLoader:238 - Cannot read IP mode file for STMicroelectronics.X-CUBE-SUBG2.5.0.0
2024-06-12 21:55:32,695 [WARN] PackLoader:238 - Cannot read IP mode file for STMicroelectronics.X-CUBE-AZRTOS-G4.2.0.0
2024-06-12 21:55:32,713 [WARN] PackLoader:238 - Cannot read IP mode file for STMicroelectronics.X-CUBE-ISPU.2.0.0
2024-06-12 21:55:32,727 [WARN] PackLoader:238 - Cannot read IP mode file for STMicroelectronics.X-CUBE-ALS.1.0.2
2024-06-12 21:55:32,789 [WARN] PackLoader:238 - Cannot read IP mode file for STMicroelectronics.X-CUBE-MEMS1.10.0.0
2024-06-12 21:55:33,025 [WARN] PackLoader:238 - Cannot read IP mode file for portGmbH.I-Cube-SoM-uGOAL.1.1.0
2024-06-12 21:55:33,025 [WARN] PackLoader:238 - Cannot read IP mode file for STMicroelectronics.X-CUBE-ALS.1.0.1
2024-06-12 21:55:33,088 [WARN] PackLoader:238 - Cannot read IP mode file for STMicroelectronics.X-CUBE-AZRTOS-H7RS.1.0.0
2024-06-12 21:55:33,088 [WARN] PackLoader:238 - Cannot read IP mode file for STMicroelectronics.FP-ATR-ASTRA1.2.0.0
2024-06-12 21:55:33,114 [WARN] PackLoader:238 - Cannot read IP mode file for STMicroelectronics.X-CUBE-TOF1.3.4.1
2024-06-12 21:55:33,150 [WARN] PackLoader:238 - Cannot read IP mode file for STMicroelectronics.X-CUBE-AZRTOS-H7.3.2.0
2024-06-12 21:55:33,166 [WARN] PackLoader:238 - Cannot read IP mode file for Infineon.AIROC-Wi-Fi-Bluetooth-STM32.1.6.0
2024-06-12 21:55:33,182 [INFO] ThirdParty:925 - Integrity check success = true
2024-06-12 21:55:33,182 [INFO] IntegrityCheckThread:94 - exiting critical section [integrity check]
2024-06-12 21:55:33,182 [INFO] IntegrityCheckThread:97 - End integrity checks thread
2024-06-12 21:55:33,477 [INFO] Mcu:1893 - Initializing MCU STM32F103C8Tx STM32F103C8Tx 
2024-06-12 21:55:33,477 [INFO] Mcu:1906 - No CPN specified => set CPN to STM32F103C8T6
2024-06-12 21:55:39,129 [INFO] Context:599 - Trying to add GPIOservice into a context  which must be forbidden
2024-06-12 21:55:39,517 [INFO] ImportTextPane:183 - (OptionalMessage_ERROR) Unable to find key (Mcu.ThirdPartyNb) in loaded IOC file
2024-06-12 21:55:39,517 [INFO] ImportTextPane:183 - (OptionalMessage_ERROR) Unable to find key (Mcu.PinsNb) in loaded IOC file
2024-06-12 21:55:39,517 [INFO] ImportTextPane:183 - (OptionalMessage_ERROR) Unable to find key (Mcu.IPNb) in loaded IOC file
2024-06-12 21:55:39,612 [WARN] ApiManager:304 - Cannot register API 'Board Extension:GNSS1A1' from pack STMicroelectronics.X-CUBE-GNSS1.6.0.0: no header file found
2024-06-12 21:55:39,612 [WARN] ApiManager:304 - Cannot register API 'Board Support:Custom' from pack STMicroelectronics.X-CUBE-GNSS1.6.0.0: no header file found
2024-06-12 21:55:39,612 [WARN] ApiManager:304 - Cannot register API 'Data Exchange:lib_gnss' from pack STMicroelectronics.X-CUBE-GNSS1.6.0.0: no header file found
2024-06-12 21:55:39,675 [WARN] ApiManager:304 - Cannot register API 'Board Extension:NFC06A1' from pack STMicroelectronics.X-CUBE-NFC6.3.1.0: no header file found
2024-06-12 21:55:39,675 [WARN] ApiManager:304 - Cannot register API 'Board Extension:NFC08A1' from pack STMicroelectronics.X-CUBE-NFC6.3.1.0: no header file found
2024-06-12 21:55:39,675 [INFO] RtosManager:484 - Registered RTOS mode: class=CMSIS, group=RTOS, mode=CMSIS_V1, owner=FREERTOS
2024-06-12 21:55:39,675 [INFO] RtosManager:484 - Registered RTOS mode: class=CMSIS, group=RTOS2, mode=CMSIS_V2, owner=FREERTOS
2024-06-12 21:55:39,675 [INFO] RtosManager:484 - Registered RTOS mode: class=RTOS, group=Core, mode=CMSIS_V1, owner=FREERTOS
2024-06-12 21:55:39,675 [INFO] RtosManager:484 - Registered RTOS mode: class=RTOS, group=Core, mode=CMSIS_V2, owner=FREERTOS
2024-06-12 21:55:39,675 [WARN] ModelIntegratedComponent:181 - Missing modes for component STMicroelectronics:FreeRTOS:0.0.1:STMicroelectronics:RTOS:FreeRTOS:Core:::10.2.0:
2024-06-12 21:55:39,690 [WARN] ApiManager:304 - Cannot register API 'Board Extension:STSAFEA1' from pack STMicroelectronics.X-CUBE-SAFEA1.1.2.2: no header file found
2024-06-12 21:55:39,690 [WARN] ApiManager:304 - Cannot register API 'Board Part:STSAFEA110' from pack STMicroelectronics.X-CUBE-SAFEA1.1.2.2: no header file found
2024-06-12 21:55:39,690 [WARN] ApiManager:304 - Cannot register API 'Security:ST_Cryptolib' from pack STMicroelectronics.X-CUBE-SAFEA1.1.2.2: no header file found
2024-06-12 21:55:39,690 [WARN] ApiManager:304 - Cannot register API 'Security:MbedTLS' from pack STMicroelectronics.X-CUBE-SAFEA1.1.2.2: no header file found
2024-06-12 21:55:39,690 [WARN] ApiManager:304 - Cannot register API 'Board Extension:NFC04A1' from pack STMicroelectronics.X-CUBE-NFC4.3.0.0: no header file found
2024-06-12 21:55:39,690 [WARN] ApiManager:304 - Cannot register API 'Board Extension:S2868A1' from pack STMicroelectronics.X-CUBE-SUBG2.5.0.0: no header file found
2024-06-12 21:55:39,690 [WARN] ApiManager:304 - Cannot register API 'Board Extension:S2868A2' from pack STMicroelectronics.X-CUBE-SUBG2.5.0.0: no header file found
2024-06-12 21:55:39,690 [WARN] ApiManager:304 - Cannot register API 'Board Extension:S2915A1' from pack STMicroelectronics.X-CUBE-SUBG2.5.0.0: no header file found
2024-06-12 21:55:39,706 [WARN] ApiManager:304 - Cannot register API 'Wireless:BlueNRG-MS' from pack STMicroelectronics.X-CUBE-BLE1.7.0.0: no header file found
2024-06-12 21:55:39,706 [WARN] ApiManager:304 - Cannot register API 'Board Extension:EEPRMA2' from pack STMicroelectronics.X-CUBE-EEPRMA1.5.1.0: no header file found
2024-06-12 21:55:39,706 [WARN] ApiManager:304 - Cannot register API 'Board Extension:PGEEZ1' from pack STMicroelectronics.X-CUBE-EEPRMA1.5.1.0: no header file found
2024-06-12 21:55:39,706 [WARN] ApiManager:304 - Cannot register API 'Board Extension:EEICA1' from pack STMicroelectronics.X-CUBE-EEPRMA1.5.1.0: no header file found
2024-06-12 21:55:39,706 [WARN] ApiManager:304 - Cannot register API 'Board Part:M24' from pack STMicroelectronics.X-CUBE-EEPRMA1.5.1.0: no header file found
2024-06-12 21:55:39,706 [WARN] ApiManager:304 - Cannot register API 'Board Part:M95' from pack STMicroelectronics.X-CUBE-EEPRMA1.5.1.0: no header file found
2024-06-12 21:55:39,706 [WARN] ApiManager:304 - Cannot register API 'Board Part:M95P32' from pack STMicroelectronics.X-CUBE-EEPRMA1.5.1.0: no header file found
2024-06-12 21:55:39,706 [WARN] ApiManager:304 - Cannot register API 'Board Part:M24256E-F' from pack STMicroelectronics.X-CUBE-EEPRMA1.5.1.0: no header file found
2024-06-12 21:55:39,706 [WARN] ApiManager:304 - Cannot register API 'Board Part:M24M01E-F' from pack STMicroelectronics.X-CUBE-EEPRMA1.5.1.0: no header file found
2024-06-12 21:55:39,706 [WARN] ApiManager:304 - Cannot register API 'PGEEZ1:SPI' from pack STMicroelectronics.X-CUBE-EEPRMA1.5.1.0: no header file found
2024-06-12 21:55:39,706 [WARN] ApiManager:304 - Cannot register API 'PGEEZ1:QDSPI' from pack STMicroelectronics.X-CUBE-EEPRMA1.5.1.0: no header file found
2024-06-12 21:55:39,706 [WARN] ModelIntegratedComponent:60 - No mode defined for component null
2024-06-12 21:55:39,721 [WARN] ModelIntegratedComponent:60 - No mode defined for component null
2024-06-12 21:55:39,721 [WARN] ModelIntegratedComponent:60 - No mode defined for component null
2024-06-12 21:55:39,721 [WARN] ModelIntegratedComponent:60 - No mode defined for component null
2024-06-12 21:55:39,721 [WARN] ModelIntegratedComponent:60 - No mode defined for component null
2024-06-12 21:55:39,721 [WARN] ModelIntegratedComponent:60 - No mode defined for component null
2024-06-12 21:55:39,721 [WARN] ModelIntegratedComponent:60 - No mode defined for component null
2024-06-12 21:55:39,721 [WARN] ModelIntegratedComponent:60 - No mode defined for component null
2024-06-12 21:55:39,721 [WARN] ModelIntegratedComponent:60 - No mode defined for component null
2024-06-12 21:55:39,721 [WARN] ModelIntegratedComponent:60 - No mode defined for component null
2024-06-12 21:55:39,721 [WARN] ModelIntegratedComponent:60 - No mode defined for component null
2024-06-12 21:55:39,721 [WARN] ModelIntegratedComponent:60 - No mode defined for component null
2024-06-12 21:55:39,721 [WARN] ModelIntegratedComponent:60 - No mode defined for component null
2024-06-12 21:55:39,721 [WARN] ModelIntegratedComponent:60 - No mode defined for component null
2024-06-12 21:55:39,721 [WARN] ModelIntegratedComponent:60 - No mode defined for component null
2024-06-12 21:55:39,721 [WARN] ModelIntegratedComponent:60 - No mode defined for component null
2024-06-12 21:55:39,721 [WARN] ModelIntegratedComponent:60 - No mode defined for component null
2024-06-12 21:55:39,721 [WARN] ModelIntegratedComponent:60 - No mode defined for component null
2024-06-12 21:55:39,721 [WARN] ModelIntegratedComponent:60 - No mode defined for component null
2024-06-12 21:55:39,721 [WARN] ModelIntegratedComponent:60 - No mode defined for component null
2024-06-12 21:55:39,721 [WARN] ModelIntegratedComponent:60 - No mode defined for component null
2024-06-12 21:55:39,721 [WARN] ModelIntegratedComponent:60 - No mode defined for component null
2024-06-12 21:55:39,721 [WARN] ModelIntegratedComponent:60 - No mode defined for component null
2024-06-12 21:55:39,721 [WARN] ModelIntegratedComponent:60 - No mode defined for component null
2024-06-12 21:55:39,721 [WARN] ModelIntegratedComponent:60 - No mode defined for component null
2024-06-12 21:55:39,721 [WARN] ModelIntegratedComponent:60 - No mode defined for component null
2024-06-12 21:55:39,721 [WARN] ModelIntegratedComponent:60 - No mode defined for component null
2024-06-12 21:55:39,721 [WARN] ModelIntegratedComponent:60 - No mode defined for component null
2024-06-12 21:55:39,721 [WARN] ModelIntegratedComponent:60 - No mode defined for component null
2024-06-12 21:55:39,721 [WARN] ModelIntegratedComponent:60 - No mode defined for component null
2024-06-12 21:55:39,721 [WARN] ModelIntegratedComponent:60 - No mode defined for component null
2024-06-12 21:55:39,721 [WARN] ModelIntegratedComponent:60 - No mode defined for component null
2024-06-12 21:55:39,721 [WARN] ModelIntegratedComponent:60 - No mode defined for component null
2024-06-12 21:55:40,052 [WARN] ApiManager:304 - Cannot register API 'Board Extension:IKS01A3' from pack STMicroelectronics.X-CUBE-MEMS1.10.0.0: no header file found
2024-06-12 21:55:40,052 [WARN] ApiManager:304 - Cannot register API 'Board Extension:IKS02A1' from pack STMicroelectronics.X-CUBE-MEMS1.10.0.0: no header file found
2024-06-12 21:55:40,052 [WARN] ApiManager:304 - Cannot register API 'Board Extension:IKS4A1' from pack STMicroelectronics.X-CUBE-MEMS1.10.0.0: no header file found
2024-06-12 21:55:40,067 [WARN] ApiManager:304 - Cannot register API 'Board Extension:NFC07A1' from pack STMicroelectronics.X-CUBE-NFC7.1.0.1: no header file found
2024-06-12 21:55:40,099 [WARN] ApiManager:304 - Cannot register API 'Board Extension:S2868A1' from pack STMicroelectronics.X-CUBE-SFXS2LP1.4.0.0: no header file found
2024-06-12 21:55:40,099 [WARN] ApiManager:304 - Cannot register API 'Board Extension:S2868A2' from pack STMicroelectronics.X-CUBE-SFXS2LP1.4.0.0: no header file found
2024-06-12 21:55:40,099 [WARN] ApiManager:304 - Cannot register API 'Board Extension:S2915A1' from pack STMicroelectronics.X-CUBE-SFXS2LP1.4.0.0: no header file found
2024-06-12 21:55:40,099 [WARN] ApiManager:304 - Cannot register API 'Wireless:BlueNRG-2' from pack STMicroelectronics.X-CUBE-BLE2.3.3.0: no header file found
2024-06-12 21:55:40,146 [INFO] ThirdPartyModel:282 - Start build external matchings
2024-06-12 21:55:40,962 [INFO] ThirdPartyModel:295 - End build external matchings
2024-06-12 21:55:42,065 [INFO] UtilMem:74 - End LoadConfig() Used Memory: 600737112 Bytes (853540864)
2024-06-12 21:55:42,316 [WARN] ThirdParty:785 - waiting for thirdparty lock release [change project]
2024-06-12 21:55:42,316 [INFO] ThirdParty:787 - entering critical section [change project]
2024-06-12 21:55:42,316 [INFO] ThirdParty:977 - CMSIS Pack Vendor :STMicroelectronics X-CUBE-GNSS1 6.0.0
2024-06-12 21:55:42,324 [INFO] ThirdParty:977 - CMSIS Pack Vendor :STMicroelectronics USB_HOST 2.0.0
2024-06-12 21:55:42,324 [INFO] ThirdParty:977 - CMSIS Pack Vendor :STMicroelectronics FP-SNS-MOTENVWB1 1.4.0
2024-06-12 21:55:42,324 [INFO] ThirdParty:977 - CMSIS Pack Vendor :STMicroelectronics X-CUBE-AZRTOS-F4 1.1.0
2024-06-12 21:55:42,324 [INFO] ThirdParty:977 - CMSIS Pack Vendor :STMicroelectronics LIBJPEG 8.0.0
2024-06-12 21:55:42,332 [INFO] ThirdParty:977 - CMSIS Pack Vendor :STMicroelectronics X-CUBE-SMBUS 2.1.0
2024-06-12 21:55:42,335 [INFO] ThirdParty:977 - CMSIS Pack Vendor :STMicroelectronics USB_DEVICE 3.0.0
2024-06-12 21:55:42,335 [INFO] ThirdParty:977 - CMSIS Pack Vendor :STMicroelectronics X-CUBE-TCPP 4.1.0
2024-06-12 21:55:42,335 [INFO] ThirdParty:977 - CMSIS Pack Vendor :STMicroelectronics X-CUBE-FREERTOS 1.2.0
2024-06-12 21:55:42,340 [INFO] ThirdParty:977 - CMSIS Pack Vendor :STMicroelectronics X-CUBE-AZRTOS-WB 2.0.0
2024-06-12 21:55:42,340 [INFO] ThirdParty:977 - CMSIS Pack Vendor :STMicroelectronics X-CUBE-TOUCHGFX 4.23.2
2024-06-12 21:55:42,340 [INFO] ThirdParty:977 - CMSIS Pack Vendor :STMicroelectronics X-CUBE-AZRTOS-F7 1.1.0
2024-06-12 21:55:42,340 [INFO] ThirdParty:977 - CMSIS Pack Vendor :STMicroelectronics X-CUBE-AZRTOS-L5 2.0.0
2024-06-12 21:55:42,340 [INFO] ThirdParty:977 - CMSIS Pack Vendor :STMicroelectronics USB_DEVICE 2.0.0
2024-06-12 21:55:42,340 [INFO] ThirdParty:977 - CMSIS Pack Vendor :STMicroelectronics X-CUBE-NFC6 3.1.0
2024-06-12 21:55:42,340 [INFO] ThirdParty:977 - CMSIS Pack Vendor :STMicroelectronics X-CUBE-ALGOBUILD 1.3.0
2024-06-12 21:55:42,340 [INFO] ThirdParty:977 - CMSIS Pack Vendor :STMicroelectronics FreeRTOS 0.0.1
2024-06-12 21:55:42,340 [INFO] ThirdParty:977 - CMSIS Pack Vendor :STMicroelectronics X-CUBE-AZRTOS-G0 1.1.0
2024-06-12 21:55:42,340 [INFO] ThirdParty:977 - CMSIS Pack Vendor :STMicroelectronics X-CUBE-SAFEA1 1.2.2
2024-06-12 21:55:42,348 [INFO] ThirdParty:977 - CMSIS Pack Vendor :STMicroelectronics X-CUBE-NFC4 3.0.0
2024-06-12 21:55:42,348 [INFO] ThirdParty:977 - CMSIS Pack Vendor :STMicroelectronics X-CUBE-SUBG2 5.0.0
2024-06-12 21:55:42,348 [INFO] ThirdParty:977 - CMSIS Pack Vendor :STMicroelectronics STM32_WPAN 1.0.0
2024-06-12 21:55:42,348 [INFO] ThirdParty:977 - CMSIS Pack Vendor :STMicroelectronics lwIP 2.0.3
2024-06-12 21:55:42,348 [INFO] ThirdParty:977 - CMSIS Pack Vendor :STMicroelectronics FP-SNS-FLIGHT1 5.0.2
2024-06-12 21:55:42,348 [INFO] ThirdParty:977 - CMSIS Pack Vendor :STMicroelectronics USB_HOST 1.0.0
2024-06-12 21:55:42,348 [INFO] ThirdParty:977 - CMSIS Pack Vendor :STMicroelectronics X-CUBE-AI 9.0.0
2024-06-12 21:55:42,348 [INFO] ThirdParty:977 - CMSIS Pack Vendor :STMicroelectronics X-CUBE-AZRTOS-G4 2.0.0
2024-06-12 21:55:42,356 [INFO] ThirdParty:977 - CMSIS Pack Vendor :STMicroelectronics PDM2PCM 3.1.0
2024-06-12 21:55:42,356 [INFO] ThirdParty:977 - CMSIS Pack Vendor :STMicroelectronics PDM2PCM 3.3.0
2024-06-12 21:55:42,356 [INFO] ThirdParty:977 - CMSIS Pack Vendor :STMicroelectronics X-CUBE-DISPLAY 3.0.0
2024-06-12 21:55:42,356 [INFO] ThirdParty:977 - CMSIS Pack Vendor :wolfSSL I-CUBE-wolfSSL 5.7.0
2024-06-12 21:55:42,356 [INFO] ThirdParty:977 - CMSIS Pack Vendor :STMicroelectronics X-CUBE-BLE1 7.0.0
2024-06-12 21:55:42,356 [INFO] ThirdParty:977 - CMSIS Pack Vendor :STMicroelectronics FP-ATR-SIGFOX1 3.2.0
2024-06-12 21:55:42,356 [INFO] ThirdParty:977 - CMSIS Pack Vendor :STMicroelectronics X-CUBE-ISPU 2.0.0
2024-06-12 21:55:42,364 [INFO] ThirdParty:977 - CMSIS Pack Vendor :STMicroelectronics X-CUBE-EEPRMA1 5.1.0
2024-06-12 21:55:42,364 [INFO] ThirdParty:977 - CMSIS Pack Vendor :STMicroelectronics HAL Drivers 0.0.0
2024-06-12 21:55:42,364 [INFO] ThirdParty:977 - CMSIS Pack Vendor :STMicroelectronics MBEDTLS 2.16.2
2024-06-12 21:55:42,364 [INFO] ThirdParty:977 - CMSIS Pack Vendor :STMicroelectronics X-CUBE-ALS 1.0.2
2024-06-12 21:55:42,364 [INFO] ThirdParty:977 - CMSIS Pack Vendor :emotas I-CUBE-CANOPEN 1.3.0
2024-06-12 21:55:42,364 [INFO] ThirdParty:977 - CMSIS Pack Vendor :STMicroelectronics X-CUBE-MEMS1 10.0.0
2024-06-12 21:55:42,364 [INFO] ThirdParty:977 - CMSIS Pack Vendor :STMicroelectronics X-CUBE-NFC7 1.0.1
2024-06-12 21:55:42,364 [INFO] ThirdParty:977 - CMSIS Pack Vendor :STMicroelectronics MBEDTLS 2.14.1
2024-06-12 21:55:42,364 [INFO] ThirdParty:977 - CMSIS Pack Vendor :ITTIA_DB I-CUBE-ITTIADB 8.9.0
2024-06-12 21:55:42,372 [INFO] ThirdParty:977 - CMSIS Pack Vendor :portGmbH I-Cube-SoM-uGOAL 1.1.0
2024-06-12 21:55:42,372 [INFO] ThirdParty:977 - CMSIS Pack Vendor :STMicroelectronics X-CUBE-ALS 1.0.1
2024-06-12 21:55:42,372 [INFO] ThirdParty:977 - CMSIS Pack Vendor :STMicroelectronics X-CUBE-BLEMGR 3.1.0
2024-06-12 21:55:42,372 [INFO] ThirdParty:977 - CMSIS Pack Vendor :STMicroelectronics ThreadX 1.0.0
2024-06-12 21:55:42,372 [INFO] ThirdParty:977 - CMSIS Pack Vendor :STMicroelectronics FP-SNS-SMARTAG2 1.2.0
2024-06-12 21:55:42,372 [INFO] ThirdParty:977 - CMSIS Pack Vendor :STMicroelectronics X-CUBE-AZRTOS-WL 2.0.0
2024-06-12 21:55:42,372 [INFO] ThirdParty:977 - CMSIS Pack Vendor :SEGGER I-CUBE-embOS 1.3.1
2024-06-12 21:55:42,372 [INFO] ThirdParty:977 - CMSIS Pack Vendor :STMicroelectronics X-CUBE-ALGOBUILD 1.4.0
2024-06-12 21:55:42,372 [INFO] ThirdParty:977 - CMSIS Pack Vendor :STMicroelectronics FP-SNS-MOTENV1 5.0.0
2024-06-12 21:55:42,380 [INFO] ThirdParty:977 - CMSIS Pack Vendor :STMicroelectronics USB_DEVICE 1.0.0
2024-06-12 21:55:42,380 [INFO] ThirdParty:977 - CMSIS Pack Vendor :STMicroelectronics X-CUBE-AZRTOS-H7RS 1.0.0
2024-06-12 21:55:42,380 [INFO] ThirdParty:977 - CMSIS Pack Vendor :wolfSSL I-CUBE-wolfMQTT 1.19.0
2024-06-12 21:55:42,380 [INFO] ThirdParty:977 - CMSIS Pack Vendor :STMicroelectronics X-CUBE-AZRTOS-L4 2.0.0
2024-06-12 21:55:42,380 [INFO] ThirdParty:977 - CMSIS Pack Vendor :STMicroelectronics ThreadX 0.0.2
2024-06-12 21:55:42,380 [INFO] ThirdParty:977 - CMSIS Pack Vendor :WES I-CUBE-Cesium 1.3.0
2024-06-12 21:55:42,380 [INFO] ThirdParty:977 - CMSIS Pack Vendor :STMicroelectronics FP-ATR-ASTRA1 2.0.0
2024-06-12 21:55:42,380 [INFO] ThirdParty:977 - CMSIS Pack Vendor :STMicroelectronics lwIP 2.1.2
2024-06-12 21:55:42,380 [INFO] ThirdParty:977 - CMSIS Pack Vendor :STMicroelectronics X-CUBE-SFXS2LP1 4.0.0
2024-06-12 21:55:42,380 [INFO] ThirdParty:977 - CMSIS Pack Vendor :STMicroelectronics X-CUBE-BLE2 3.3.0
2024-06-12 21:55:42,380 [INFO] ThirdParty:977 - CMSIS Pack Vendor :STMicroelectronics X-CUBE-TOF1 3.4.1
2024-06-12 21:55:42,380 [INFO] ThirdParty:977 - CMSIS Pack Vendor :STMicroelectronics X-CUBE-AZRTOS-H7 3.2.0
2024-06-12 21:55:42,380 [INFO] ThirdParty:977 - CMSIS Pack Vendor :Infineon AIROC-Wi-Fi-Bluetooth-STM32 1.6.0
2024-06-12 21:55:42,388 [INFO] ThirdParty:977 - CMSIS Pack Vendor :STMicroelectronics PDM2PCM 3.2.0
2024-06-12 21:55:42,388 [INFO] ThirdParty:793 - exiting critical section [change project]
2024-06-12 21:55:46,278 [INFO] PinOutPanel:1465 - setPackage(No Configuration,No Configuration)
2024-06-12 21:55:46,278 [INFO] PinOutPanel:1465 - setPackage(STM32F103C8Tx,LQFP48)
2024-06-12 21:55:47,000 [INFO] UtilMem:74 - Before build in PCC Used Memory: 612417816 Bytes (853540864)
2024-06-12 21:55:48,146 [INFO] UtilMem:74 - After build in PCC Used Memory: 612509792 Bytes (853540864)
2024-06-12 21:55:48,187 [INFO] IPUIPlugin:75 - create IPUIPlugin
2024-06-12 21:55:48,187 [INFO] IPUIPlugin:75 - create IPUIPlugin
2024-06-12 21:55:48,187 [INFO] IPUIPlugin:75 - create IPUIPlugin
2024-06-12 21:55:48,195 [INFO] IPUIPlugin:75 - create IPUIPlugin
2024-06-12 21:55:48,195 [INFO] IPUIPlugin:75 - create IPUIPlugin
2024-06-12 21:55:48,195 [INFO] IPUIPlugin:75 - create IPUIPlugin
2024-06-12 21:55:48,195 [INFO] IPUIPlugin:75 - create IPUIPlugin
2024-06-12 21:55:48,195 [INFO] IPUIPlugin:75 - create IPUIPlugin
2024-06-12 21:55:48,195 [INFO] IPUIPlugin:75 - create IPUIPlugin
2024-06-12 21:55:48,195 [INFO] IPUIPlugin:75 - create IPUIPlugin
2024-06-12 21:55:48,195 [INFO] IPUIPlugin:75 - create IPUIPlugin
2024-06-12 21:55:48,195 [INFO] IPUIPlugin:75 - create IPUIPlugin
2024-06-12 21:55:48,195 [INFO] IPUIPlugin:75 - create IPUIPlugin
2024-06-12 21:55:48,195 [INFO] IPUIPlugin:75 - create IPUIPlugin
2024-06-12 21:55:48,195 [INFO] IPUIPlugin:75 - create IPUIPlugin
2024-06-12 21:55:48,203 [INFO] IPUIPlugin:75 - create IPUIPlugin
2024-06-12 21:55:48,203 [INFO] IPUIPlugin:75 - create IPUIPlugin
2024-06-12 21:55:48,203 [INFO] IPUIPlugin:75 - create IPUIPlugin
2024-06-12 21:55:48,203 [INFO] IPUIPlugin:75 - create IPUIPlugin
2024-06-12 21:55:48,203 [INFO] IPUIPlugin:75 - create IPUIPlugin
2024-06-12 21:55:48,203 [INFO] IPUIPlugin:75 - create IPUIPlugin
2024-06-12 21:55:48,203 [INFO] IPUIPlugin:75 - create IPUIPlugin
2024-06-12 21:55:48,203 [INFO] IPUIPlugin:75 - create IPUIPlugin
2024-06-12 21:55:48,203 [INFO] IPUIPlugin:75 - create IPUIPlugin
2024-06-12 21:55:48,203 [INFO] IPUIPlugin:75 - create IPUIPlugin
2024-06-12 21:55:48,203 [INFO] IPUIPlugin:75 - create IPUIPlugin
2024-06-12 21:55:48,203 [INFO] IPUIPlugin:75 - create IPUIPlugin
2024-06-12 21:55:48,559 [INFO] OpenFileManager:323 - Restore cursor
2024-06-12 21:55:55,210 [INFO] UtilMem:74 - End SaveConfig() Used Memory: 709505120 Bytes (853540864)
2024-06-12 21:55:55,351 [INFO] UtilMem:74 - End SaveConfig() Used Memory: 721042104 Bytes (853540864)
2024-06-12 21:55:56,193 [INFO] BlockDiagram:2740 - set Specific Code input for plugin: NVIC
2024-06-12 21:55:56,193 [INFO] BlockDiagram:2740 - set Specific Code input for plugin: SYS
2024-06-12 21:55:56,193 [INFO] BlockDiagram:2740 - set Specific Code input for plugin: RCC
2024-06-12 21:55:56,193 [INFO] CodeGenerator:681 - code generatio: config db path: C:\ST\STM32CubeIDE_1.9.0\STM32CubeIDE\plugins\com.st.stm32cube.common.mx_6.5.0.202202251913\\db\
2024-06-12 21:55:56,777 [INFO] CodeEngine:237 - oldGeneratedFile, C:\Users\hoatt\STM32CubeIDE\workspace_1.9.0\SPI\SPI_slave\MXTmpFiles\license.tmp_save
2024-06-12 21:55:59,270 [INFO] CodeEngine:261 - Generated code: C:\Users\hoatt\STM32CubeIDE\workspace_1.9.0\SPI\SPI_slave\MXTmpFiles\license.tmp
2024-06-12 21:56:00,605 [INFO] CodeEngine:237 - oldGeneratedFile, C:\Users\hoatt\STM32CubeIDE\workspace_1.9.0\SPI\SPI_slave\Core\Src\stm32f1xx_it.c_save
2024-06-12 21:56:02,271 [INFO] CodeEngine:261 - Generated code: C:\Users\hoatt\STM32CubeIDE\workspace_1.9.0\SPI\SPI_slave\Core\Src\stm32f1xx_it.c
2024-06-12 21:56:02,287 [INFO] CodeEngine:237 - oldGeneratedFile, C:\Users\hoatt\STM32CubeIDE\workspace_1.9.0\SPI\SPI_slave\Core\Inc\stm32f1xx_it.h_save
2024-06-12 21:56:02,459 [INFO] CodeEngine:261 - Generated code: C:\Users\hoatt\STM32CubeIDE\workspace_1.9.0\SPI\SPI_slave\Core\Inc\stm32f1xx_it.h
2024-06-12 21:56:02,471 [INFO] CodeEngine:237 - oldGeneratedFile, C:\Users\hoatt\STM32CubeIDE\workspace_1.9.0\SPI\SPI_slave\Core\Src\stm32f1xx_hal_msp.c_save
2024-06-12 21:56:02,650 [INFO] CodeEngine:261 - Generated code: C:\Users\hoatt\STM32CubeIDE\workspace_1.9.0\SPI\SPI_slave\Core\Src\stm32f1xx_hal_msp.c
2024-06-12 21:56:02,650 [INFO] CodeEngine:237 - oldGeneratedFile, C:\Users\hoatt\STM32CubeIDE\workspace_1.9.0\SPI\SPI_slave\MXTmpFiles\system.tmp_save
2024-06-12 21:56:02,771 [INFO] CodeEngine:261 - Generated code: C:\Users\hoatt\STM32CubeIDE\workspace_1.9.0\SPI\SPI_slave\MXTmpFiles\system.tmp
2024-06-12 21:56:02,785 [INFO] CodeEngine:237 - oldGeneratedFile, C:\Users\hoatt\STM32CubeIDE\workspace_1.9.0\SPI\SPI_slave\Core\Inc\stm32f1xx_hal_conf.h_save
2024-06-12 21:56:02,960 [INFO] CodeEngine:261 - Generated code: C:\Users\hoatt\STM32CubeIDE\workspace_1.9.0\SPI\SPI_slave\Core\Inc\stm32f1xx_hal_conf.h
2024-06-12 21:56:03,007 [INFO] CodeEngine:237 - oldGeneratedFile, C:\Users\hoatt\STM32CubeIDE\workspace_1.9.0\SPI\SPI_slave\Core\Inc\main.h_save
2024-06-12 21:56:03,195 [INFO] CodeEngine:261 - Generated code: C:\Users\hoatt\STM32CubeIDE\workspace_1.9.0\SPI\SPI_slave\Core\Inc\main.h
2024-06-12 21:56:03,209 [INFO] CodeEngine:237 - oldGeneratedFile, C:\Users\hoatt\STM32CubeIDE\workspace_1.9.0\SPI\SPI_slave\Core\Src\main.c_save
2024-06-12 21:56:03,456 [INFO] CodeEngine:261 - Generated code: C:\Users\hoatt\STM32CubeIDE\workspace_1.9.0\SPI\SPI_slave\Core\Src\main.c
2024-06-12 21:56:04,961 [INFO] ProjectBuilder:2913 - Time for Copy HAL[1] : 314mS.
2024-06-12 21:56:05,008 [INFO] ProjectBuilder:4015 - Project Generator version: 3.16.0
2024-06-12 21:56:08,954 [INFO] ConfigFileManager:1287 - The Die is : DIE410
2024-06-12 21:56:09,068 [INFO] ApiDbMcu:488 - Load IP Config File for FATFS
2024-06-12 21:56:09,155 [INFO] ApiDbMcu:488 - Load IP Config File for FREERTOS
2024-06-12 21:56:09,291 [INFO] ApiDbMcu:488 - Load IP Config File for USB_DEVICE
2024-06-12 21:56:18,436 [INFO] ProjectBuilder:4183 - Time for Generating toolchain IDE Files: 13428mS.
2024-06-12 21:56:18,436 [INFO] ProjectBuilder:2785 - Time for Copy CMSIS : 0mS.
2024-06-12 21:56:18,436 [INFO] ProjectBuilder:2785 - Time for Copy CMSIS : 0mS.
2024-06-12 21:56:23,777 [INFO] McuFinderGlobals:52 - Set McuFinderConnectedMode to true
2024-06-12 21:56:23,801 [INFO] ApiDb:432 - Save user favorites file C:\Users\hoatt/.stm32cubeide/favorites.mcus.txt: 1 item(s)
2024-06-12 21:56:23,801 [INFO] ApiDb:436 - User favorites MCUs=[STM32F103C8T6]
2024-06-12 21:56:25,280 [ERROR] ConfigurationRetriever:139 - IOException on connection: Read timed out
2024-06-12 21:56:53,001 [INFO] UtilMem:74 - End SaveConfig() Used Memory: 619174384 Bytes (985661440)
2024-06-12 21:56:54,563 [INFO] UtilMem:74 - End SaveConfig() Used Memory: 634421704 Bytes (985661440)
2024-06-12 21:56:59,647 [INFO] UtilMem:74 - End SaveConfig() Used Memory: 715661360 Bytes (985661440)
2024-06-12 21:57:00,175 [INFO] BlockDiagram:2740 - set Specific Code input for plugin: NVIC
2024-06-12 21:57:00,175 [INFO] BlockDiagram:2740 - set Specific Code input for plugin: SYS
2024-06-12 21:57:00,175 [INFO] BlockDiagram:2740 - set Specific Code input for plugin: GPIO
2024-06-12 21:57:00,175 [INFO] BlockDiagram:2740 - set Specific Code input for plugin: RCC
2024-06-12 21:57:00,175 [INFO] CodeGenerator:681 - code generatio: config db path: C:\ST\STM32CubeIDE_1.9.0\STM32CubeIDE\plugins\com.st.stm32cube.common.mx_6.5.0.202202251913\\db\
2024-06-12 21:57:00,426 [INFO] CodeEngine:237 - oldGeneratedFile, C:\Users\hoatt\STM32CubeIDE\workspace_1.9.0\SPI\SPI_slave\MXTmpFiles\license.tmp_save
2024-06-12 21:57:00,576 [INFO] CodeEngine:261 - Generated code: C:\Users\hoatt\STM32CubeIDE\workspace_1.9.0\SPI\SPI_slave\MXTmpFiles\license.tmp
2024-06-12 21:57:00,607 [INFO] CodeEngine:237 - oldGeneratedFile, C:\Users\hoatt\STM32CubeIDE\workspace_1.9.0\SPI\SPI_slave\MXTmpFiles\gpio.tmp_save
2024-06-12 21:57:00,796 [INFO] CodeEngine:261 - Generated code: C:\Users\hoatt\STM32CubeIDE\workspace_1.9.0\SPI\SPI_slave\MXTmpFiles\gpio.tmp
2024-06-12 21:57:00,827 [INFO] CodeEngine:237 - oldGeneratedFile, C:\Users\hoatt\STM32CubeIDE\workspace_1.9.0\SPI\SPI_slave\Core\Src\stm32f1xx_it.c_save
2024-06-12 21:57:00,969 [INFO] CodeEngine:261 - Generated code: C:\Users\hoatt\STM32CubeIDE\workspace_1.9.0\SPI\SPI_slave\Core\Src\stm32f1xx_it.c
2024-06-12 21:57:00,969 [INFO] CodeEngine:237 - oldGeneratedFile, C:\Users\hoatt\STM32CubeIDE\workspace_1.9.0\SPI\SPI_slave\Core\Inc\stm32f1xx_it.h_save
2024-06-12 21:57:01,096 [INFO] CodeEngine:261 - Generated code: C:\Users\hoatt\STM32CubeIDE\workspace_1.9.0\SPI\SPI_slave\Core\Inc\stm32f1xx_it.h
2024-06-12 21:57:01,112 [INFO] CodeEngine:237 - oldGeneratedFile, C:\Users\hoatt\STM32CubeIDE\workspace_1.9.0\SPI\SPI_slave\Core\Src\stm32f1xx_hal_msp.c_save
2024-06-12 21:57:01,284 [INFO] CodeEngine:261 - Generated code: C:\Users\hoatt\STM32CubeIDE\workspace_1.9.0\SPI\SPI_slave\Core\Src\stm32f1xx_hal_msp.c
2024-06-12 21:57:01,284 [INFO] CodeEngine:237 - oldGeneratedFile, C:\Users\hoatt\STM32CubeIDE\workspace_1.9.0\SPI\SPI_slave\MXTmpFiles\system.tmp_save
2024-06-12 21:57:01,387 [INFO] CodeEngine:261 - Generated code: C:\Users\hoatt\STM32CubeIDE\workspace_1.9.0\SPI\SPI_slave\MXTmpFiles\system.tmp
2024-06-12 21:57:01,395 [INFO] CodeEngine:237 - oldGeneratedFile, C:\Users\hoatt\STM32CubeIDE\workspace_1.9.0\SPI\SPI_slave\Core\Inc\stm32f1xx_hal_conf.h_save
2024-06-12 21:57:01,530 [INFO] CodeEngine:261 - Generated code: C:\Users\hoatt\STM32CubeIDE\workspace_1.9.0\SPI\SPI_slave\Core\Inc\stm32f1xx_hal_conf.h
2024-06-12 21:57:01,615 [INFO] CodeEngine:237 - oldGeneratedFile, C:\Users\hoatt\STM32CubeIDE\workspace_1.9.0\SPI\SPI_slave\Core\Inc\main.h_save
2024-06-12 21:57:01,821 [INFO] CodeEngine:261 - Generated code: C:\Users\hoatt\STM32CubeIDE\workspace_1.9.0\SPI\SPI_slave\Core\Inc\main.h
2024-06-12 21:57:01,829 [INFO] CodeEngine:237 - oldGeneratedFile, C:\Users\hoatt\STM32CubeIDE\workspace_1.9.0\SPI\SPI_slave\Core\Src\main.c_save
2024-06-12 21:57:02,006 [INFO] CodeEngine:261 - Generated code: C:\Users\hoatt\STM32CubeIDE\workspace_1.9.0\SPI\SPI_slave\Core\Src\main.c
2024-06-12 21:57:07,905 [INFO] ProjectBuilder:2913 - Time for Copy HAL[1] : 340mS.
2024-06-12 21:57:07,905 [INFO] ProjectBuilder:4015 - Project Generator version: 3.16.0
2024-06-12 21:57:08,333 [INFO] ConfigFileManager:1287 - The Die is : DIE410
2024-06-12 21:57:11,254 [INFO] ProjectBuilder:4183 - Time for Generating toolchain IDE Files: 3349mS.
2024-06-12 21:57:11,270 [INFO] ProjectBuilder:2785 - Time for Copy CMSIS : 0mS.
2024-06-12 21:57:11,333 [INFO] ProjectBuilder:2785 - Time for Copy CMSIS : 16mS.
2024-06-12 21:57:17,827 [ERROR] ConfigurationRetriever:139 - IOException on connection: Read timed out
